name,severity
Vlad Volkov,4
Gaukhar Zhunusov,4
Nurzhan Kaya,3
Murat Ualiyev,4
Alisa Gabdullin,1
Gulnaz Tleubek,1
Balzhan Demir,2
Nurlybek Serikbay,1
Aigerim Kara,3
Balzhan Jumabek,1
Kerem Koc,4
Miras Karimov,5
Anna Turgenev,1
Aigul Zhumabek,2
Miras Zhunusov,3
Hasan Kurt,1
Andrey Zhunusov,5
Miras Ibrayev,4
Aisha Yilmaz,1
Vadim Zhaksylyk,3
Meruyert Serikbay,3
Aigul Morozov,2
Vera Arslan,2
Serik Omarov,2
Vadim Iskakov,2
Kerem Temirov,4
Symbat Celik,2
Nazerke Lebedev,3
Aizhan Abdirov,2
Azamat Ualiyev,1
Baris Yerzhanov,1
Anel Iskakov,3
Kirill Demir,4
Ruslan Yilmaz,2
Meruyert Assanov,1
Talgat Ivanov,2
Dana Zhaksylyk,1
Olzhas Bekov,1
Aigerim Dogan,1
Zeynep Ualiyev,3
Andrey Aliyev,3
Rasul Esenov,3
Aruzhan Sagyndyk,2
Symbat Serikbay,3
Symbat Koc,4
Denis Temirov,5
Sultan Konysbay,1
Kairat Abenov,2
Elena Esenov,3
Dias Celik,4
Talgat Smirnov,5
Zhanar Omarov,3
Hasan Yilmaz,2
Balzhan Ibrayev,5
Dias Kassym,3
Artem Morozov,3
Damir Akhmetov,3
Selin Mukanov,4
Sanzhar Kaliyev,4
Ilyas Kara,1
Azamat Makhmud,4
Kairat Esenov,3
Ilyas Kilic,1
Yulia Baitursyn,3
Milana Dauletov,2
Omar Omarov,1
Kirill Zhunusov,3
Selin Kurmanov,5
Miras Sadykov,2
Rasul Kudaibergen,2
Selin Akhmetov,5
Elena Dauletov,5
Laura Omarov,2
Kairat Turgenev,3
Madina Sahin,4
Kuanysh Bolat,3
Kirill Akhmetov,1
Zhanel Kaya,2
Ruslan Lebedev,3
Vlad Mukanov,3
Denis Sokolov,2
Symbat Volkov,5
Dinara Kara,3
Arman Turgenev,2
Anton Zhaksylyk,1
Askar Serikbay,4
Yerbol Cetin,5
Oleg Koc,4
Kairat Sadykov,2
Ksenia Aliyev,4
Ilyas Temirov,1
Adil Jumabek,1
Dana Demir,3
Tatiana Zhaksylyk,3
Azamat Gabdullin,3
Symbat Popov,1
Zhanar Kassym,1
Madina Esenov,4
Vlad Baitursyn,3
Hasan Celik,3
Pavel Kara,3
Aknur Baiseitov,1
Alibek Zhumabek,3
Rauan Serikbay,5
Maria Nurgaliyev,1
Aknur Smirnov,2
Damir Kassym,5
Dmitry Kurt,1
Temirlan Daulet,5
Hasan Kurt,2
Sergey Assanov,4
Daniyar Shakenov,4
Madina Gabdullin,2
Alisa Yilmaz,3
Saltanat Sagyndyk,2
Aizhan Iskakov,4
Yerbol Baiseitov,5
Aigul Sokolov,4
Nikita Shakenov,1
Vera Dogan,5
Dana Zhaksylyk,1
Dmitry Zhumabek,4
Roman Orazov,1
Aliya Kilic,1
Milana Tashkenov,2
Nikita Alpysbay,2
Vadim Sadykov,2
Tatiana Ualiyev,2
Nurlybek Yilmaz,4
Sergey Baitursyn,3
Tatiana Mikhailov,3
Sultan Shakenov,2
Damir Kaya,3
Rauan Sahin,4
Zhanar Musin,3
Serik Baitursyn,2
Artem Dauletov,1
Artem Dauletov,3
Zhanar Cetin,3
Polina Kudaibergen,5
Symbat Iskakov,3
Olga Sahin,3
Ruslan Zhunusov,4
Zhanar Orazov,1
Temirlan Amangeldy,3
Kairat Serikbay,1
Ekaterina Gabdullin,1
Nurlybek Kaliyev,5
Sergey Cetin,1
Karina Popov,1
Dinara Baiseitov,2
Anton Mikhailov,4
Nazerke Cetin,4
Arman Smirnov,1
Zhandos Serikbay,2
Selin Kilic,3
Aruzhan Makhmud,1
Dias Popov,2
Zhansaya Amangeldy,2
Sanzhar Suleimenov,2
Bekzat Zhaksylyk,4
Zeynep Tleubek,2
Sabina Baitursyn,5
Damir Smirnov,1
Arman Ivanov,4
Sofia Abdirov,2
Olga Zhumabek,3
Damir Aliyev,1
Sabina Morozov,1
Anna Smirnov,1
Daria Morozov,2
Meruyert Abenov,3
Pavel Dogan,1
Nikita Dogan,4
Roman Kurmanov,2
Kirill Ibrayev,4
Ekaterina Amangeldy,1
Milana Ibrayev,1
Alibek Koc,4
Ruslan Turgenev,2
Vera Smirnov,3
Serik Jumabek,1
Omar Orazov,4
Kerem Temirov,5
Zhanel Suleimenov,2
Nazym Amangeldy,1
Zhansaya Ivanov,2
Zhansaya Yerzhanov,3
Symbat Turgenev,5
Zhanar Celik,3
Akbota Baitursyn,4
Nurlan Alpysbay,1
Aigul Novikov,1
Ersultan Cetin,3
Ilyas Jumabek,5
Yerlan Iskakov,2
Yerlan Abenov,1
Tomiris Popov,3
Murat Kaya,1
Dmitry Kudaibergen,3
Tomiris Novikov,2
Igor Arslan,3
Ilyas Volkov,1
Ekaterina Serikbay,5
Asel Smirnov,1
Selin Sagyndyk,1
Zeynep Aliyev,1
Arman Abenov,2
Derya Kilic,4
Bekzat Musin,1
Sofia Zhaksylyk,4
Olzhas Aslan,2
Zarina Orazov,2
Zhansaya Bekov,3
Vlad Aliyev,1
Kairat Dauletov,1
Ksenia Zhaksylyk,2
Sabina Kurt,1
Aizhan Serikbay,2
Emre Suleimenov,3
Kerem Zhunusov,2
Nazerke Yilmaz,2
Dias Kaliyev,5
Roman Zhunusov,1
Talgat Tashkenov,5
Aliya Ibrayev,4
Sofia Temirov,2
Aigul Akhmetov,1
Yerbol Rakhimov,2
Olzhas Kurmanov,2
Kairat Volkov,3
Hasan Turgenev,3
Zarina Iskakov,3
Ersultan Gabdullin,2
Kerem Suleimenov,3
Dana Akhmetov,4
Alisa Omarov,2
Selin Abenov,4
Zarina Baiseitov,3
Artem Sokolov,3
Ainur Yilmaz,4
Denis Shakenov,2
Azamat Amangeldy,2
Anna Kaliyev,2
Murat Kurt,3
Nazym Ivanov,3
Yerbol Iskakov,1
Oleg Shakenov,4
Yerlan Kuznetsov,2
Madina Esenov,4
Madina Popov,1
Kerem Baitursyn,2
Zhanel Shakenov,1
Dmitry Kurmanov,2
Tomiris Esenov,3
Roman Yerzhanov,3
Selin Musin,5
Vadim Celik,3
Aknur Bolat,2
Tatiana Tleubek,5
Gulnaz Suleimenov,2
Gaukhar Tleubek,2
Yerbol Aliyev,1
Kirill Popov,3
Zhandos Esenov,3
Kairat Nurgaliyev,2
Igor Mukanov,3
Nikita Demir,4
Baris Sokolov,4
Saltanat Temirov,2
Anton Alpysbay,2
Laura Turgenev,2
Nurlybek Konysbay,2
Nurzhan Demir,3
Meruyert Suleimenov,4
Yerbol Bekov,4
Baris Orazov,4
Alibek Makhmud,1
Nur Ermek,3
Daniyar Kudaibergen,1
Elnur Iskakov,5
Laura Baiseitov,1
Ekaterina Karimov,1
Vera Konysbay,1
Omar Volkov,5
Nazym Baitursyn,1
Yulia Mikhailov,1
Aisha Zhumabek,3
Baris Orazov,3
Nikita Suleimenov,1
Serik Popov,5
Sofia Amangeldy,3
Daniyar Ualiyev,4
Miras Kudaibergen,5
Selin Zhumabek,5
Damir Temirov,5
Vera Orazov,1
Olzhas Ivanov,5
Damir Kurmanov,3
Olzhas Rakhimov,2
Zarina Konysbay,5
Daniyar Kaya,5
Ersultan Yilmaz,4
Daniyar Nurgaliyev,3
Ece Yerzhanov,2
Zhanel Kaliyev,4
Alisa Sadykov,2
Baris Kassym,4
Sofia Temirov,1
Andrey Temirov,4
Anel Ermek,2
Aizhan Alpysbay,4
Yernar Sadykov,5
Elena Shakenov,4
Temirlan Novikov,2
Zhanar Aslan,2
Timur Ibrayev,1
Asel Sagyndyk,3
Derya Ozturk,2
Oleg Temirov,5
Nazerke Aliyev,2
Maria Abenov,5
Balzhan Daulet,2
Elena Assanov,3
Ainur Amangeldy,2
Ersultan Daulet,3
Askar Serikbay,1
Andrey Kudaibergen,1
Madina Kuznetsov,3
Askar Baiseitov,2
Vlad Dauletov,3
Baris Zhaksylyk,2
Bekzat Popov,1
Elif Bolat,5
Aknur Dogan,3
Irina Amangeldy,2
Emre Musin,3
Elena Sadykov,2
Maria Makhmud,1
Alina Sadykov,1
Serik Kaliyev,2
Alisa Popov,2
Ruslan Morozov,4
Dinara Yilmaz,2
Amir Dauletov,1
Tomiris Lebedev,3
Dinara Akhmetov,1
Amir Musin,4
Hasan Demir,4
Kamila Omarov,3
Anel Morozov,2
Dana Sahin,3
Irina Kudaibergen,4
Derya Kurmanov,2
Dmitry Iskakov,1
Talgat Aliyev,2
Rasul Kurt,4
Polina Daulet,1
Irina Ualiyev,3
Igor Petrov,1
Tomiris Tleubek,4
Symbat Suleimenov,1
Saltanat Iskakov,2
Dinara Baiseitov,2
Yerbol Koc,1
Daniyar Makhmud,3
Olzhas Kassym,4
Irina Bekov,2
Talgat Sahin,4
Kairat Petrov,2
Irina Yilmaz,2
Kairat Abenov,1
Tatiana Kilic,1
Sergey Kassym,2
Islam Volkov,4
Aruzhan Abdirov,5
Baris Gabdullin,2
Gaukhar Sadykov,1
Zeynep Kurt,1
Marat Sagyndyk,2
Alisa Koc,4
Marat Assanov,1
Emre Yilmaz,5
Arman Esenov,1
Akbota Shakenov,5
Zhanel Esenov,1
Rauan Shakenov,5
Denis Celik,3
Elnur Omarov,3
Zhanar Sahin,1
Aisha Koc,3
Baris Shakenov,4
Laura Temirov,1
Asel Suleimenov,3
Anna Celik,2
Nur Sagyndyk,1
Madina Turgenev,2
Oleg Sokolov,4
Aliya Ualiyev,1
Alina Baitursyn,4
Anna Mukanov,3
Alina Koc,2
Kirill Ibrayev,2
Sanzhar Kaya,3
Askar Fedorov,3
Dmitry Baiseitov,3
Ainur Tashkenov,4
Dana Konysbay,1
Sergey Sadykov,3
Vlad Sahin,5
Roman Zhunusov,3
Nazerke Rakhimov,1
Dias Abenov,3
Hasan Kaliyev,3
Ksenia Makhmud,2
Kerem Sagyndyk,1
Pavel Esenov,1
Andrey Ermek,3
Sultan Mikhailov,2
Anel Tleubek,1
Temirlan Petrov,1
Zhanar Sokolov,3
Yerbol Karimov,2
Amir Yilmaz,3
Gulnaz Baitursyn,1
Adil Amangeldy,2
Karina Baiseitov,5
Madina Temirov,1
Gulnaz Ermek,2
Elif Ozturk,1
Sultan Jumabek,3
Ksenia Zhaksylyk,3
Bauyrzhan Assanov,1
Miras Abenov,1
Alisa Tleubek,4
Akbota Abenov,3
Adil Yerzhanov,1
Serik Aliyev,5
Rasul Kaliyev,3
Symbat Arslan,1
Tolga Sadykov,1
Sultan Assanov,5
Saltanat Akhmetov,3
Elnur Akhmetov,2
Zhandos Bekov,3
Sultan Koc,3
Maxim Lebedev,1
Ekaterina Kaliyev,3
Zhanna Petrov,2
Nurlan Yilmaz,2
Denis Turgenev,3
Damir Bekov,1
Maria Sagyndyk,5
Alisa Zhunusov,5
Yulia Celik,1
Sabina Ibrayev,1
Dinara Abdirov,4
Dmitry Alpysbay,2
Igor Ozturk,2
Dmitry Arslan,1
Selin Smirnov,2
Saltanat Mikhailov,4
Damir Kudaibergen,1
Selin Arslan,2
Rasul Sahin,1
Aknur Celik,3
Miras Kara,2
Ekaterina Kilic,4
Oleg Jumabek,1
Zhanar Celik,1
Zhanel Kaya,3
Balzhan Orazov,5
Baris Kuznetsov,2
Yerlan Kurmanov,1
Ece Ivanov,3
Azamat Akhmetov,5
Pavel Abenov,3
Sultan Abdirov,3
Alibek Akhmetov,2
Kuanysh Tashkenov,1
Igor Mukanov,1
Selin Yerzhanov,3
Adil Nurgaliyev,2
Aliya Serikbay,3
Zhansaya Demir,3
Yulia Makhmud,4
Artem Musin,1
Aruzhan Morozov,1
Layla Assanov,5
Olga Popov,2
Amir Abenov,5
Timur Sadykov,1
Rasul Serikbay,1
Miras Ualiyev,3
Aigerim Kurt,2
Azamat Orazov,1
Zhanna Aliyev,2
Sofia Daulet,5
Kuanysh Kaya,3
Temirlan Sahin,4
Elnur Kilic,4
Anel Arslan,1
Alisa Dauletov,3
Nurlan Gabdullin,4
Nikita Zhaksylyk,1
Irina Ozturk,3
Kuanysh Ibrayev,1
Nikita Alpysbay,4
Emre Nurgaliyev,4
Kairat Kaya,1
Olga Abenov,3
Tatiana Ermek,1
Pavel Omarov,3
Yulia Serikbay,3
Kirill Sadykov,3
Alisa Sagyndyk,1
Laura Smirnov,3
Aigerim Assanov,5
Daniyar Yerzhanov,4
Daniyar Dauletov,5
Yerbol Iskakov,3
Ilyas Ualiyev,1
Amir Nurgaliyev,3
Balzhan Alpysbay,1
Alibek Kurmanov,1
Bauyrzhan Volkov,3
Nurlan Ermek,1
Maxim Assanov,4
Roman Kurmanov,2
Serik Baiseitov,4
Dmitry Morozov,1
Zeynep Celik,1
Sergey Koc,3
Zhanar Popov,1
Ersultan Zhumabek,1
Zeynep Sadykov,3
Vadim Petrov,4
Alina Koc,2
Sofia Shakenov,1
Bekzat Tleubek,3
Karina Arslan,2
Adil Karimov,5
Alina Ibrayev,1
Daria Mikhailov,1
Nur Musin,3
Akbota Petrov,2
Olzhas Novikov,3
Sabina Baiseitov,5
Murat Ozturk,3
Nurzhan Abenov,4
Zhanar Baitursyn,2
Zhandos Ualiyev,1
Derya Suleimenov,2
Dana Musin,2
Aliya Amangeldy,3
Rauan Morozov,5
Nazym Ivanov,2
Zeynep Esenov,5
Sofia Kaliyev,3
Aliya Suleimenov,1
Anel Volkov,3
Maxim Volkov,3
Aizhan Dogan,2
Kairat Kaya,3
Yulia Tashkenov,2
Aigul Orazov,3
Aliya Kudaibergen,4
Anna Yilmaz,1
Igor Baitursyn,3
Arman Kurt,5
Asel Serikbay,3
Balzhan Turgenev,3
Maxim Kudaibergen,3
Gulnaz Kassym,1
Yerlan Kuznetsov,2
Laura Sokolov,4
Marat Tashkenov,2
Ekaterina Baitursyn,3
Irina Alpysbay,3
Vera Kurt,4
Olzhas Ibrayev,1
Amir Kuznetsov,3
Meruyert Kaliyev,1
Adil Kurmanov,4
Bekzat Fedorov,5
Damir Baiseitov,3
Karina Petrov,3
Serik Smirnov,3
Hasan Novikov,5
Vlad Amangeldy,3
Laura Karimov,3
Ruslan Temirov,2
Vera Assanov,1
Roman Shakenov,3
Nazerke Smirnov,4
Ainur Temirov,2
Kamila Sahin,2
Alibek Demir,2
Islam Bekov,3
Elnur Kassym,1
Miras Assanov,2
Murat Bolat,1
Zhansaya Ivanov,3
Ksenia Tleubek,2
Ilyas Konysbay,4
Derya Zhunusov,2
Anel Kara,5
Elif Cetin,2
Zhanel Amangeldy,2
Asel Kurt,2
Nazerke Novikov,5
Rauan Morozov,3
Sultan Rakhimov,4
Ruslan Baitursyn,3
Yerlan Bekov,2
Laura Kaliyev,1
Askar Amangeldy,1
Kairat Musin,3
Miras Iskakov,4
Vadim Orazov,3
Nazerke Serikbay,1
Nurzhan Zhunusov,2
Yerlan Dogan,4
Aizhan Demir,1
Alibek Arslan,3
Nazerke Yerzhanov,3
Marat Sadykov,1
Yernar Tleubek,5
Dias Smirnov,1
Baris Jumabek,3
Vadim Aliyev,2
Sabina Ermek,1
Zhuldyz Assanov,5
Olga Abenov,2
Ainur Baiseitov,5
Saltanat Abdirov,3
Hasan Kurt,4
Rauan Yerzhanov,2
Alisa Daulet,1
Timur Kuznetsov,1
Aigul Alpysbay,5
Ilyas Konysbay,4
Irina Ozturk,4
Elnur Lebedev,2
Rauan Fedorov,3
Meruyert Celik,3
Elena Esenov,4
Zhuldyz Abenov,2
Murat Iskakov,3
Ksenia Celik,3
Olga Ivanov,5
Zhuldyz Aslan,3
Ekaterina Tleubek,3
Alisa Ivanov,4
Madina Orazov,2
Zarina Shakenov,1
Balzhan Ualiyev,1
Zhansaya Aliyev,5
Adil Novikov,1
Zhanar Lebedev,3
Gulnaz Zhunusov,4
Zhansaya Makhmud,2
Akbota Kuznetsov,5
Anna Bolat,2
Tolga Baiseitov,2
Derya Akhmetov,3
Madina Ualiyev,1
Roman Zhumabek,3
Islam Konysbay,5
Zhanna Aliyev,2
Murat Makhmud,3
Aigul Novikov,2
Ilyas Kassym,1
Anel Musin,2
Irina Dauletov,2
Ece Karimov,3
Nazerke Rakhimov,1
Elnur Bolat,1
Nazym Mikhailov,3
Nur Tashkenov,3
Emre Arslan,3
Arman Morozov,3
Murat Nurgaliyev,2
Ece Abdirov,3
Baris Orazov,3
Maria Ibrayev,1
Bauyrzhan Temirov,1
Kerem Morozov,5
Meruyert Temirov,4
Azamat Bekov,2
Maria Zhaksylyk,3
Emre Mikhailov,2
Aknur Amangeldy,3
Milana Kaya,2
Dmitry Kurt,1
Aigerim Sahin,1
Aizhan Ozturk,2
Asel Celik,4
Islam Yerzhanov,3
Dias Temirov,1
Bauyrzhan Lebedev,2
Elnur Demir,2
Yulia Daulet,3
Yernar Amangeldy,2
Bekzat Cetin,3
Zhansaya Aslan,5
Derya Zhumabek,5
Tolga Fedorov,5
Sanzhar Abenov,2
Ksenia Cetin,3
Tolga Daulet,1
Nikita Daulet,3
Ruslan Kurt,2
Nazym Kudaibergen,2
Sergey Kuznetsov,2
Baris Dauletov,1
Nurlan Temirov,1
Vera Sagyndyk,4
Sultan Sahin,2
Sanzhar Cetin,3
Igor Iskakov,2
Yerbol Sahin,1
Askar Jumabek,4
Aigerim Tashkenov,3
Symbat Omarov,3
Sabina Turgenev,3
Dinara Kaliyev,1
Ilyas Akhmetov,2
Zhandos Popov,1
Elnur Yerzhanov,3
Tomiris Sadykov,5
Dinara Yilmaz,2
Yernar Kurmanov,5
Murat Baiseitov,3
Vadim Suleimenov,2
Vera Zhumabek,1
Igor Zhaksylyk,2
Nurlybek Kara,5
Hasan Sagyndyk,2
Sabina Konysbay,2
Nazym Turgenev,3
Maria Makhmud,2
Akbota Kaya,3
Nurlan Nurgaliyev,2
Zeynep Gabdullin,1
Zhandos Fedorov,2
Asel Jumabek,3
Alisa Konysbay,1
Olga Dogan,1
Tomiris Ermek,1
Irina Kaliyev,1
Emre Fedorov,1
Layla Mikhailov,4
Elnur Bolat,1
Alisa Celik,1
Elnur Abdirov,1
Aizhan Smirnov,1
Zhanna Yerzhanov,4
Rauan Kilic,4
Aknur Tleubek,3
Daria Gabdullin,3
Zarina Konysbay,5
Anton Morozov,4
Elena Yilmaz,2
Alina Bekov,1
Denis Morozov,2
Akbota Iskakov,3
Aruzhan Kara,3
Selin Aliyev,1
Gaukhar Yerzhanov,3
Kirill Konysbay,2
Tomiris Temirov,5
Ekaterina Bekov,2
Polina Arslan,3
Ksenia Celik,3
Derya Novikov,4
Arman Popov,2
Miras Akhmetov,2
Vlad Cetin,1
Alibek Aliyev,2
Sofia Zhaksylyk,2
Zhansaya Aliyev,1
Laura Bolat,3
Nurzhan Celik,1
Yerlan Shakenov,3
Adil Gabdullin,1
Olzhas Kilic,4
Kairat Arslan,2
Maxim Zhaksylyk,1
Karina Dogan,5
Polina Kurmanov,1
Vadim Alpysbay,3
Ekaterina Kurmanov,5
Islam Demir,1
Polina Mikhailov,2
Ilyas Omarov,1
Emre Baitursyn,4
Zhanna Rakhimov,2
Nurzhan Akhmetov,3
Karina Kassym,1
Marat Nurgaliyev,2
Aknur Mukanov,4
Yulia Amangeldy,2
Daniyar Jumabek,2
Nazym Daulet,2
Yernar Karimov,4
Zhandos Celik,2
Denis Gabdullin,1
Ekaterina Ozturk,3
Igor Ibrayev,2
Yerbol Sagyndyk,4
Aizhan Kurt,2
Aknur Akhmetov,2
Temirlan Bolat,5
Yulia Orazov,3
Sabina Tleubek,3
Zhandos Musin,5
Kamila Yilmaz,3
Nazym Akhmetov,1
Anel Aslan,2
Ruslan Kara,1
Elena Alpysbay,1
Saltanat Serikbay,1
Nazerke Popov,1
Serik Ibrayev,4
Sanzhar Serikbay,3
Zhuldyz Ozturk,1
Maxim Kudaibergen,2
Kamila Popov,3
Maxim Cetin,5
Olga Turgenev,4
Adil Petrov,2
Yerlan Amangeldy,4
Dana Aliyev,2
Ekaterina Kassym,1
Aruzhan Tleubek,3
Ilyas Bekov,4
Timur Dauletov,3
Ilyas Sadykov,1
Ilyas Shakenov,3
Nur Kurmanov,3
Madina Ibrayev,4
Gulnaz Kassym,5
Olga Nurgaliyev,3
Dinara Abenov,4
Yerbol Musin,3
Tatiana Baitursyn,4
Nurlybek Alpysbay,3
Kamila Ermek,3
Daria Arslan,4
Nazerke Ivanov,1
Karina Mikhailov,3
Elena Tleubek,1
Zhansaya Gabdullin,5
Zhanar Kuznetsov,2
Nurzhan Daulet,1
Layla Yerzhanov,2
Nazerke Yilmaz,2
Aigul Arslan,2
Ilyas Zhumabek,2
Madina Gabdullin,1
Temirlan Popov,2
Pavel Serikbay,2
Ainur Sadykov,3
Daria Sahin,1
Oleg Amangeldy,1
Zhansaya Koc,3
Ece Turgenev,2
Emre Musin,5
Ilyas Abenov,1
Tomiris Celik,2
Daria Makhmud,4
Olga Morozov,1
Nikita Konysbay,3
Vadim Daulet,2
Maria Bolat,3
Omar Assanov,1
Karina Nurgaliyev,2
Sergey Bolat,1
Symbat Popov,4
Oleg Cetin,4
Derya Assanov,2
Hasan Daulet,2
Olga Kurmanov,3
Sultan Jumabek,2
Kairat Fedorov,2
Sergey Yerzhanov,3
Nazerke Zhaksylyk,1
Bauyrzhan Zhaksylyk,3
Elnur Novikov,2
Baris Kudaibergen,1
Daniyar Sagyndyk,4
Aigul Turgenev,2
Dmitry Zhunusov,2
Pavel Yerzhanov,4
Madina Mikhailov,3
Emre Cetin,2
Arman Jumabek,2
Akbota Ualiyev,3
Maxim Popov,2
Anel Smirnov,3
Dana Abenov,5
Karina Kilic,4
Pavel Tashkenov,1
Zhanar Koc,3
Tolga Serikbay,3
Serik Kudaibergen,4
Pavel Morozov,3
Ruslan Karimov,4
Kuanysh Kilic,2
Akbota Tleubek,3
Zhansaya Omarov,2
Oleg Amangeldy,3
Selin Smirnov,2
Kairat Mikhailov,2
Sultan Tashkenov,3
Talgat Ermek,1
Alibek Sadykov,1
Zhandos Zhumabek,1
Alisa Popov,2
Vlad Shakenov,1
Islam Novikov,2
Tomiris Zhumabek,2
Dias Abenov,4
Sanzhar Zhumabek,1
Akbota Zhaksylyk,3
Meruyert Morozov,3
Daria Popov,2
Derya Demir,3
Yernar Kilic,3
Laura Celik,2
Adil Shakenov,4
Anna Mikhailov,4
Askar Popov,2
Zhansaya Zhumabek,1
Aisha Dauletov,2
Ersultan Bekov,2
Talgat Amangeldy,1
Tomiris Ermek,2
Vadim Abenov,3
Artem Jumabek,2
Andrey Cetin,2
Daniyar Lebedev,1
Tolga Celik,3
Laura Iskakov,1
Igor Smirnov,3
Kamila Lebedev,3
Ekaterina Sagyndyk,4
Daria Ozturk,5
Anton Akhmetov,1
Andrey Aliyev,1
Maria Abdirov,3
Zhanna Alpysbay,4
Elena Kuznetsov,3
Symbat Zhunusov,1
Elif Konysbay,1
Asel Kurt,1
Murat Kaya,2
Yerlan Musin,1
Ainur Ualiyev,4
Murat Smirnov,1
Nazerke Orazov,1
Sanzhar Abdirov,2
Baris Tashkenov,2
Irina Aslan,4
Alina Abenov,3
Yerbol Konysbay,3
Bauyrzhan Mukanov,2
Artem Mukanov,2
Saltanat Ibrayev,3
Polina Akhmetov,1
Serik Kilic,4
Baris Lebedev,1
Daniyar Orazov,2
Hasan Bolat,1
Adil Aliyev,5
Oleg Aslan,3
Artem Baitursyn,4
Zhanna Arslan,4
Nurlybek Akhmetov,5
Symbat Demir,3
Maxim Gabdullin,2
Anna Ibrayev,4
Aigerim Assanov,2
Nurlybek Baitursyn,1
Daniyar Aslan,3
Rasul Ualiyev,3
Emre Tashkenov,1
Dinara Ozturk,1
Vadim Sadykov,2
Aliya Musin,2
Ksenia Aslan,3
Gulnaz Kassym,3
Baris Omarov,5
Zhansaya Kilic,3
Andrey Yerzhanov,3
Vadim Nurgaliyev,5
Yulia Morozov,4
Balzhan Petrov,2
Zhanna Mukanov,4
Andrey Mukanov,1
Kamila Kara,4
Murat Dauletov,1
Dmitry Yilmaz,2
Anel Kurt,2
Rauan Orazov,1
Tolga Bolat,5
Asel Ualiyev,5
Irina Kassym,1
Rauan Cetin,1
Asel Popov,3
Olzhas Dogan,3
Elnur Daulet,2
Karina Rakhimov,5
Ece Dogan,5
Anton Ibrayev,3
Bekzat Iskakov,4
Madina Abenov,3
Alisa Morozov,1
Murat Iskakov,2
Meruyert Petrov,2
Yerlan Bekov,5
Adil Morozov,4
Yerbol Yilmaz,3
Anna Kurmanov,2
Akbota Gabdullin,1
Timur Koc,5
Dmitry Tleubek,2
Nurzhan Tleubek,3
Pavel Karimov,3
Zhanna Esenov,3
Nazerke Amangeldy,2
Tomiris Ermek,2
Sultan Mukanov,4
Meruyert Kilic,5
Nur Aslan,2
Yulia Sahin,2
Rasul Turgenev,1
Andrey Kilic,1
Daria Abdirov,5
Alisa Assanov,1
Kerem Mikhailov,3
Talgat Zhunusov,1
Balzhan Assanov,1
Tolga Konysbay,2
Dias Omarov,4
Asel Kudaibergen,2
Alibek Temirov,2
Roman Assanov,1
Nazerke Tashkenov,2
Nurlybek Kurt,3
Sultan Jumabek,3
Elena Abenov,1
Anel Bolat,3
Meruyert Tleubek,1
Dinara Kuznetsov,1
Vadim Dogan,1
Aruzhan Karimov,1
Amir Alpysbay,3
Tomiris Bolat,2
Alina Mukanov,1
Tolga Sahin,4
Yulia Orazov,4
Dias Sokolov,2
Zhanel Dogan,1
Dias Assanov,2
Ekaterina Daulet,3
Asel Suleimenov,2
Timur Mikhailov,1
Madina Ibrayev,4
Andrey Baiseitov,1
Ainur Akhmetov,3
Elnur Konysbay,5
Aliya Kara,1
Anna Yerzhanov,3
Maria Fedorov,2
Karina Orazov,4
Vera Smirnov,2
Alina Gabdullin,2
Askar Lebedev,1
Anton Sokolov,2
Vadim Popov,3
Gulnaz Alpysbay,3
Sofia Makhmud,3
Adil Kaya,4
Rasul Nurgaliyev,3
Olzhas Bekov,3
Alisa Cetin,3
Zeynep Tleubek,5
Yerbol Novikov,1
Rasul Sahin,5
Anna Makhmud,3
Daria Abdirov,3
Omar Kilic,4
Temirlan Arslan,2
Meruyert Koc,2
Nur Amangeldy,1
Yulia Assanov,5
Kerem Mikhailov,1
Omar Bekov,5
Rasul Smirnov,2
Aliya Kaya,1
Aigerim Nurgaliyev,4
Symbat Daulet,3
Irina Aliyev,3
Zhanar Kaliyev,5
Balzhan Arslan,2
Dinara Kara,2
Nazerke Novikov,4
Sabina Esenov,2
Askar Alpysbay,3
Alisa Turgenev,4
Emre Temirov,4
Daria Bolat,3
Zhanel Demir,1
Elif Yilmaz,5
Pavel Musin,2
Aigerim Nurgaliyev,2
Dana Kassym,1
Ksenia Iskakov,2
Akbota Aslan,3
Anna Esenov,1
Nazym Novikov,1
Asel Iskakov,3
Alibek Nurgaliyev,3
Asel Kurt,1
Aruzhan Kuznetsov,3
Laura Kilic,3
Vadim Dauletov,1
Daria Zhunusov,1
Olzhas Alpysbay,1
Akbota Zhunusov,5
Yerbol Abdirov,2
Zhanar Baitursyn,2
Aizhan Aslan,4
Kuanysh Morozov,2
Ainur Tleubek,1
Zeynep Abdirov,1
Igor Bolat,5
Kamila Abenov,3
Sultan Orazov,2
Zhanar Suleimenov,3
Murat Esenov,3
Yerlan Makhmud,2
Sabina Aslan,1
Dana Sagyndyk,4
Aruzhan Nurgaliyev,2
Tatiana Dauletov,1
Kairat Aliyev,2
Arman Fedorov,3
Meruyert Bekov,1
Olzhas Popov,3
Elif Suleimenov,3
Oleg Kaliyev,1
Zhandos Rakhimov,3
Dias Tleubek,2
Anton Zhaksylyk,1
Tolga Mikhailov,4
Sanzhar Amangeldy,4
Serik Smirnov,1
Baris Karimov,2
Hasan Ozturk,4
Azamat Kara,2
Vera Mukanov,3
Nurlybek Kudaibergen,4
Aizhan Rakhimov,3
Daria Celik,4
Elif Kaliyev,1
Zhuldyz Ozturk,1
Bekzat Musin,4
Aliya Smirnov,3
Irina Kuznetsov,1
Amir Volkov,3
Elena Bolat,3
Yernar Aliyev,3
Tatiana Kuznetsov,2
Elif Ibrayev,3
Baris Morozov,1
Timur Aliyev,4
Elif Sahin,1
Nur Mikhailov,2
Balzhan Orazov,2
Artem Ibrayev,4
Elif Amangeldy,2
Yulia Dauletov,1
Daria Zhumabek,1
Gaukhar Abenov,2
Gulnaz Kaliyev,3
Tolga Kudaibergen,2
Pavel Fedorov,1
Tatiana Bekov,2
Nazerke Zhumabek,2
Akbota Aliyev,1
Laura Mukanov,5
Milana Petrov,5
Anel Tleubek,3
Elnur Cetin,1
Aliya Aslan,4
Vera Yilmaz,3
Adil Fedorov,2
Tomiris Jumabek,1
Igor Novikov,1
Vadim Aliyev,4
Nurlan Tleubek,2
Aisha Kaya,1
Ainur Jumabek,1
Yerbol Fedorov,4
Aigerim Iskakov,2
Aigul Cetin,1
Omar Popov,3
Layla Amangeldy,1
Nurzhan Sagyndyk,4
Arman Morozov,3
Amir Arslan,2
Saltanat Baitursyn,5
Nikita Kurt,2
Ruslan Konysbay,5
Yerbol Popov,1
Ainur Novikov,3
Oleg Kudaibergen,2
Symbat Ermek,2
Olga Omarov,2
Sabina Zhunusov,3
Aigerim Dogan,2
Artem Baiseitov,1
Aisha Morozov,1
Tolga Amangeldy,3
Tatiana Koc,4
Artem Mikhailov,4
Laura Kurt,1
Sergey Suleimenov,2
Aisha Jumabek,3
Aigul Assanov,2
Andrey Serikbay,1
Pavel Koc,3
Ece Temirov,2
Dana Kurmanov,3
Yulia Abenov,2
Talgat Kaliyev,4
Serik Musin,3
Anna Temirov,2
Murat Koc,3
Ilyas Popov,2
Aigerim Sadykov,1
Marat Omarov,5
Anton Abenov,4
Nurlan Koc,1
Elnur Cetin,1
Temirlan Bolat,5
Irina Amangeldy,4
Zhandos Makhmud,1
Nikita Kassym,1
Kairat Daulet,2
Zeynep Zhumabek,3
Ece Sagyndyk,5
Vadim Konysbay,2
Nazerke Baiseitov,2
Olzhas Jumabek,1
Hasan Volkov,3
Nurlan Baitursyn,2
Rasul Amangeldy,2
Omar Kilic,4
Andrey Petrov,5
Bauyrzhan Demir,1
Asel Sagyndyk,4
Oleg Petrov,5
Kerem Karimov,4
Aisha Demir,5
Miras Lebedev,2
Alisa Shakenov,5
Azamat Daulet,2
Selin Sahin,3
Irina Baiseitov,3
Kerem Musin,2
Dana Bekov,2
Balzhan Celik,2
Madina Sadykov,1
Zhanna Sahin,3
Aigerim Sokolov,1
Laura Kara,3
Daniyar Ivanov,3
Zarina Iskakov,3
Selin Ozturk,4
Vadim Rakhimov,1
Tolga Suleimenov,2
Selin Serikbay,2
Zhuldyz Turgenev,4
Dmitry Arslan,3
Zhansaya Smirnov,2
Aruzhan Makhmud,3
Miras Volkov,5
Vlad Sahin,3
Talgat Zhumabek,4
Bekzat Demir,3
Miras Ermek,2
Elena Bekov,1
Vadim Morozov,4
Ilyas Volkov,4
Sofia Sokolov,3
Alibek Nurgaliyev,4
Amir Dauletov,4
Anna Amangeldy,3
Rasul Gabdullin,3
Rauan Ermek,1
Dinara Turgenev,2
Zhanna Kurmanov,1
Emre Makhmud,2
Igor Temirov,3
Marat Baitursyn,3
Temirlan Musin,4
Vadim Kaya,2
Derya Aliyev,2
Symbat Iskakov,2
Meruyert Omarov,1
Ersultan Ibrayev,1
Zhandos Turgenev,2
Zeynep Smirnov,3
Yerbol Aslan,4
Omar Suleimenov,3
Bekzat Mukanov,1
Alibek Celik,1
Saltanat Cetin,5
Tomiris Shakenov,3
Maria Baiseitov,2
Andrey Sadykov,2
Ksenia Karimov,4
Zarina Yilmaz,4
Balzhan Mukanov,2
Kairat Temirov,3
Meruyert Volkov,4
Pavel Kurt,1
Kuanysh Mukanov,2
Temirlan Arslan,2
Aliya Orazov,3
Bauyrzhan Ermek,1
Artem Alpysbay,4
Ruslan Kudaibergen,1
Rasul Orazov,3
Alisa Serikbay,3
Sergey Fedorov,3
Aknur Konysbay,3
Ekaterina Iskakov,2
Arman Jumabek,2
Timur Demir,1
Pavel Rakhimov,3
Talgat Bolat,2
Nurzhan Fedorov,1
Selin Kaliyev,2
Talgat Tashkenov,2
Nazym Mukanov,1
Baris Konysbay,1
Denis Novikov,1
Sofia Aliyev,2
Nurlybek Smirnov,3
Igor Novikov,2
Maria Jumabek,2
Madina Baiseitov,3
Bauyrzhan Assanov,3
Asel Sagyndyk,3
Aisha Yerzhanov,3
Alisa Ualiyev,5
Aruzhan Tashkenov,3
Adil Musin,5
Kamila Musin,3
Asel Musin,3
Olzhas Petrov,3
Sabina Kurmanov,2
Kirill Turgenev,1
Yerbol Jumabek,4
Aruzhan Tleubek,2
Bekzat Fedorov,2
Marat Mukanov,3
Pavel Esenov,1
Nazerke Sahin,2
Emre Demir,4
Akbota Omarov,1
Miras Morozov,3
Aruzhan Kaya,1
Kuanysh Tleubek,2
Zhuldyz Bolat,1
Nur Ozturk,4
Sanzhar Jumabek,3
Pavel Kurmanov,2
Tomiris Kudaibergen,2
Layla Novikov,2
Vera Dauletov,3
Alisa Zhaksylyk,2
Aruzhan Omarov,1
Zhuldyz Makhmud,3
Nikita Kilic,1
Kamila Koc,4
Aigerim Sagyndyk,1
Nur Kilic,3
Daniyar Celik,4
Timur Ibrayev,3
Nikita Bekov,1
Ilyas Serikbay,3
Elena Sahin,4
Balzhan Karimov,5
Aisha Cetin,4
Gulnaz Zhaksylyk,3
Ainur Ermek,1
Hasan Abenov,3
Temirlan Sadykov,1
Ruslan Abenov,2
Rauan Baitursyn,1
Yulia Zhumabek,1
Elif Kaya,2
Timur Kilic,4
Elif Baiseitov,1
Aisha Sokolov,4
Zhanel Musin,4
Amir Popov,3
Elnur Novikov,2
Amir Tleubek,2
Alisa Turgenev,1
Ilyas Dauletov,2
Rauan Tashkenov,1
Anel Novikov,3
Karina Kurt,2
Nurlybek Kara,4
Dinara Amangeldy,2
Maria Baitursyn,3
Milana Konysbay,5
Irina Esenov,2
Tolga Gabdullin,1
Polina Yilmaz,2
Olzhas Novikov,5
Laura Popov,5
Aknur Kudaibergen,5
Ainur Abdirov,4
Artem Kassym,3
Talgat Kassym,3
Anna Yilmaz,5
Ainur Kaya,5
Sabina Konysbay,2
Elnur Esenov,2
Amir Popov,2
Tatiana Makhmud,2
Olzhas Esenov,2
Aknur Smirnov,4
Marat Ozturk,5
Serik Karimov,2
Sabina Dauletov,3
Roman Sadykov,3
Kairat Shakenov,3
Dmitry Tleubek,3
Elnur Baiseitov,5
Yernar Tleubek,4
Olga Baitursyn,1
Dmitry Smirnov,3
Laura Aliyev,2
Artem Tleubek,5
Ece Mikhailov,3
Yerlan Morozov,3
Aknur Sahin,5
Yerbol Kara,5
Nazym Yerzhanov,1
Timur Volkov,3
Miras Rakhimov,1
Sanzhar Alpysbay,1
Tatiana Esenov,5
Artem Smirnov,4
Ekaterina Jumabek,2
Kuanysh Abenov,5
Murat Kassym,4
Miras Konysbay,4
Amir Baitursyn,2
Olga Kudaibergen,3
Karina Gabdullin,3
Alisa Zhaksylyk,1
Zhansaya Gabdullin,3
Yernar Bolat,4
Oleg Popov,2
Gaukhar Arslan,4
Aruzhan Esenov,3
Meruyert Temirov,1
Sofia Serikbay,5
Ainur Fedorov,2
Pavel Abdirov,5
Emre Lebedev,5
Madina Petrov,2
Milana Nurgaliyev,5
Baris Nurgaliyev,5
Temirlan Turgenev,1
Dinara Sokolov,1
Andrey Temirov,3
Alibek Kaliyev,3
Madina Bolat,3
Tolga Konysbay,2
Hasan Sokolov,5
Yerlan Amangeldy,5
Vera Abdirov,5
Aliya Assanov,1
Adil Celik,3
Layla Rakhimov,3
Daria Cetin,5
Polina Iskakov,3
Derya Koc,2
Igor Mikhailov,1
Vera Celik,3
Denis Fedorov,1
Saltanat Suleimenov,1
Polina Mikhailov,1
Amir Sagyndyk,3
Nazym Zhaksylyk,5
Oleg Morozov,4
Elnur Orazov,2
Askar Orazov,4
Alibek Dauletov,1
Ilyas Kaliyev,3
Dias Omarov,4
Sanzhar Omarov,1
Kirill Orazov,1
Kirill Smirnov,3
Aigul Popov,4
Bekzat Jumabek,1
Elnur Volkov,3
Olzhas Bekov,2
Miras Jumabek,5
Kuanysh Abenov,5
Nikita Suleimenov,2
Aruzhan Bekov,3
Kirill Nurgaliyev,3
Bauyrzhan Aslan,2
Baris Iskakov,3
Bekzat Abenov,2
Yernar Smirnov,4
Vera Celik,2
Sabina Kassym,3
Olga Rakhimov,1
Ksenia Omarov,1
Sultan Kuznetsov,4
Aizhan Kurt,1
Zhandos Tleubek,1
Oleg Omarov,2
Nur Gabdullin,2
Nikita Assanov,2
Irina Zhaksylyk,3
Zhuldyz Orazov,5
Dias Shakenov,1
Derya Yilmaz,3
Ruslan Omarov,2
Nazerke Kurmanov,2
Anna Dauletov,1
Timur Celik,2
Irina Tashkenov,2
Talgat Bekov,2
Laura Kaliyev,3
Ersultan Turgenev,2
Zarina Ibrayev,4
Aisha Sagyndyk,5
Serik Dauletov,4
Yerbol Mikhailov,2
Alina Jumabek,1
Rasul Fedorov,2
Ekaterina Kassym,3
Ece Lebedev,1
Sofia Kaya,1
Amir Sagyndyk,5
Laura Shakenov,2
Ece Nurgaliyev,5
Olzhas Sahin,5
Igor Temirov,2
Bauyrzhan Sahin,5
Zhandos Sokolov,2
Milana Aslan,3
Nur Rakhimov,2
Omar Mukanov,5
Ece Morozov,3
Aliya Dauletov,1
Ksenia Ualiyev,4
Yernar Aslan,2
Laura Baitursyn,4
Ekaterina Ibrayev,3
Balzhan Amangeldy,3
Hasan Kurt,2
Oleg Volkov,3
Sabina Sokolov,2
Alisa Kassym,1
Timur Daulet,4
Yerlan Zhumabek,2
Dias Akhmetov,3
Symbat Kaya,4
Dana Fedorov,3
Milana Orazov,1
Milana Turgenev,2
Ksenia Baitursyn,1
Nikita Alpysbay,1
Emre Sadykov,1
Anna Tleubek,4
Aliya Kaya,3
Gaukhar Kurmanov,5
Kirill Ibrayev,3
Nazerke Baitursyn,2
Bekzat Cetin,4
Anna Dogan,2
Adil Akhmetov,3
Anel Alpysbay,4
Balzhan Baitursyn,2
Gulnaz Alpysbay,2
Dinara Mikhailov,1
Kairat Celik,1
Sultan Volkov,3
Aigerim Petrov,4
Layla Aslan,3
Anel Serikbay,2
Rauan Dauletov,1
Alina Kaliyev,2
Murat Kudaibergen,3
Murat Esenov,3
Ekaterina Karimov,3
Zhanel Omarov,1
Artem Cetin,3
Olzhas Petrov,5
Nurlan Kassym,4
Kamila Mikhailov,4
Karina Lebedev,3
Aisha Zhunusov,2
Daria Mikhailov,2
Sanzhar Shakenov,3
Yerlan Dauletov,2
Nurlybek Daulet,1
Laura Mukanov,1
Gaukhar Yerzhanov,2
Nurlybek Assanov,3
Nurlybek Yilmaz,3
Meruyert Omarov,4
Zhansaya Koc,3
Sanzhar Kilic,4
Daniyar Zhunusov,1
Irina Mikhailov,1
Alibek Tleubek,1
Andrey Baiseitov,1
Kuanysh Aliyev,2
Bauyrzhan Kara,3
Zhanel Kaya,4
Dinara Petrov,2
Zarina Abdirov,4
Artem Morozov,2
Aisha Smirnov,2
Vadim Demir,4
Ilyas Makhmud,1
Nazym Novikov,1
Amir Zhumabek,3
Anna Bekov,2
Omar Mukanov,1
Kuanysh Alpysbay,2
Aruzhan Jumabek,3
Zeynep Gabdullin,1
Damir Kurt,3
Yulia Sokolov,2
Oleg Dogan,1
Sofia Petrov,2
Zhanar Amangeldy,2
Dmitry Ivanov,4
Akbota Kara,3
Vlad Sadykov,1
Aisha Kaya,4
Sanzhar Demir,2
Ece Baitursyn,5
Tolga Aslan,2
Ksenia Kuznetsov,3
Meruyert Sahin,2
Dinara Suleimenov,3
Roman Zhumabek,2
Hasan Sokolov,3
Ilyas Dauletov,2
Elnur Tleubek,4
Elif Karimov,3
Ainur Dauletov,2
Madina Alpysbay,1
Yerlan Koc,1
Aisha Petrov,4
Serik Mukanov,1
Asel Makhmud,4
Igor Makhmud,4
Symbat Nurgaliyev,2
Karina Serikbay,2
Ksenia Ozturk,2
Symbat Karimov,4
Murat Ibrayev,1
Dinara Smirnov,1
Selin Dauletov,3
Ilyas Makhmud,4
Sabina Baiseitov,2
Meruyert Dauletov,2
Bekzat Omarov,2
Nikita Aslan,3
Ksenia Volkov,4
Zhanna Kaya,1
Zhanna Petrov,1
Rauan Makhmud,3
Maria Tashkenov,3
Nazerke Alpysbay,3
Elena Serikbay,1
Dana Baiseitov,5
Denis Jumabek,1
Ekaterina Makhmud,4
Ersultan Sagyndyk,5
Kerem Mukanov,2
Pavel Smirnov,3
Aknur Bolat,1
Dana Konysbay,3
Aisha Smirnov,1
Vlad Abenov,2
Yernar Gabdullin,2
Bekzat Kara,4
Ainur Ualiyev,2
Talgat Assanov,1
Baris Dogan,3
Tomiris Aslan,2
Vadim Tleubek,2
Akbota Bekov,5
Sergey Ermek,2
Kuanysh Kudaibergen,1
Kuanysh Alpysbay,2
Zhanel Alpysbay,1
Zeynep Popov,1
Aknur Kurt,1
Nazerke Dogan,3
Zhanar Yerzhanov,4
Dmitry Esenov,5
Olga Konysbay,3
Tatiana Esenov,4
Karina Fedorov,3
Nurlan Rakhimov,2
Aigerim Kudaibergen,3
Ksenia Smirnov,1
Tolga Ualiyev,4
Yerbol Popov,3
Askar Baiseitov,1
Pavel Konysbay,1
Aknur Cetin,2
Zhanel Bekov,1
Ekaterina Cetin,3
Murat Sahin,4
Bekzat Amangeldy,3
Arman Tashkenov,1
Omar Omarov,3
Dana Shakenov,4
Aizhan Iskakov,5
Damir Kurmanov,5
Yernar Zhumabek,4
Nazym Kaliyev,1
Elif Turgenev,1
Ilyas Yerzhanov,1
Anton Abenov,1
Kirill Sahin,3
Miras Lebedev,3
Yerbol Temirov,4
Yerbol Ozturk,3
Igor Lebedev,2
Dmitry Serikbay,5
Roman Ibrayev,3
Kirill Aliyev,2
Ersultan Kassym,3
Saltanat Iskakov,1
Zhanel Novikov,2
Sabina Novikov,1
Bekzat Koc,3
Dana Amangeldy,2
Ainur Novikov,3
Tatiana Suleimenov,1
Bekzat Shakenov,1
Bauyrzhan Gabdullin,1
Omar Dauletov,1
Islam Esenov,1
Ksenia Tashkenov,3
Dias Ozturk,1
Daria Smirnov,3
Andrey Rakhimov,1
Daniyar Esenov,4
Elena Sadykov,5
Azamat Zhumabek,3
Anel Musin,5
Nazerke Mikhailov,1
Gulnaz Temirov,3
Symbat Karimov,5
Tatiana Kassym,2
Oleg Kaliyev,3
Kuanysh Abenov,4
Polina Mukanov,3
Zeynep Jumabek,2
Marat Ivanov,1
Talgat Dogan,1
Maxim Sokolov,3
Ersultan Kurt,3
Ainur Zhaksylyk,2
Timur Gabdullin,3
Nurlan Smirnov,3
Baris Orazov,2
Tatiana Iskakov,2
Daniyar Akhmetov,1
Kuanysh Bolat,1
Artem Konysbay,5
Akbota Smirnov,3
Elena Volkov,2
Amir Kaya,1
Pavel Ozturk,1
Pavel Suleimenov,2
Gulnaz Konysbay,4
Aknur Sagyndyk,2
Polina Koc,3
Zhanna Novikov,1
Sanzhar Novikov,2
Symbat Kurmanov,2
Pavel Kurt,3
Aruzhan Suleimenov,3
Nurlan Baiseitov,4
Kamila Mikhailov,4
Zhuldyz Dogan,3
Tatiana Popov,5
Milana Musin,2
Askar Kudaibergen,4
Yerlan Sadykov,2
Elnur Kuznetsov,3
Saltanat Ualiyev,1
Andrey Turgenev,5
Ekaterina Morozov,3
Layla Fedorov,4
Sergey Alpysbay,1
Rasul Novikov,4
Zeynep Zhunusov,4
Dmitry Omarov,1
Temirlan Fedorov,3
Daria Musin,2
Nurzhan Aslan,4
Kuanysh Sokolov,4
Olzhas Karimov,1
Elena Zhumabek,5
Kamila Ualiyev,2
Zhanna Sokolov,3
Dana Demir,3
Layla Kaya,5
Layla Serikbay,4
Ksenia Cetin,4
Islam Amangeldy,4
Ilyas Yilmaz,2
Bekzat Fedorov,2
Miras Kudaibergen,2
Irina Gabdullin,5
Gulnaz Morozov,3
Olga Smirnov,3
Vlad Cetin,3
Nazym Assanov,1
Ruslan Alpysbay,3
Arman Morozov,2
Tomiris Baitursyn,4
Ainur Sagyndyk,2
Timur Ivanov,3
Daniyar Turgenev,3
Nurlybek Popov,2
Denis Ibrayev,1
Roman Orazov,2
Nazerke Kuznetsov,2
Gulnaz Dogan,2
Olzhas Zhaksylyk,5
Rasul Tashkenov,1
Elena Tashkenov,1
Olzhas Serikbay,1
Dias Daulet,4
Alibek Kudaibergen,1
Karina Omarov,1
Yerbol Kaya,1
Nazym Sagyndyk,3
Zhansaya Suleimenov,1
Aigerim Bekov,1
Talgat Omarov,3
Ainur Morozov,2
Yerlan Karimov,1
Alisa Kurmanov,4
Ekaterina Abenov,3
Talgat Ualiyev,2
Sofia Gabdullin,4
Meruyert Koc,3
Kairat Sokolov,3
Gulnaz Koc,4
Elnur Volkov,4
Zhanel Iskakov,1
Nurzhan Omarov,3
Bauyrzhan Kilic,2
Asel Kilic,3
Elnur Kurt,2
Vera Shakenov,1
Irina Demir,1
Igor Fedorov,5
Adil Abdirov,2
Nurlybek Demir,3
Zhanar Musin,1
Madina Temirov,4
Rasul Zhaksylyk,1
Layla Tashkenov,5
Maxim Ermek,1
Adil Shakenov,1
Aisha Aliyev,1
Daniyar Aliyev,3
Murat Baitursyn,1
Dinara Ibrayev,2
Daria Serikbay,2
Polina Koc,1
Derya Kuznetsov,5
Dias Gabdullin,4
Akbota Yilmaz,2
Laura Sadykov,3
Roman Kaliyev,3
Aknur Temirov,5
Ilyas Kaya,4
Nikita Alpysbay,3
Aigul Sahin,1
Denis Arslan,1
Nur Bolat,3
Zeynep Celik,2
Talgat Gabdullin,3
Miras Sagyndyk,5
Zhansaya Suleimenov,2
Sofia Ermek,3
Ekaterina Kara,1
Anel Kurt,3
Sergey Zhumabek,2
Karina Sagyndyk,4
Aisha Kudaibergen,3
Derya Karimov,1
Sofia Dogan,1
Zhansaya Koc,1
Ilyas Turgenev,1
Balzhan Tashkenov,5
Madina Assanov,1
Maxim Abenov,4
Maria Makhmud,2
Gaukhar Bolat,3
Zhanel Mukanov,2
Ksenia Tleubek,3
Nurlan Zhunusov,4
Meruyert Yilmaz,4
Timur Kaliyev,4
Yernar Ermek,5
Meruyert Makhmud,3
Ksenia Karimov,2
Gulnaz Tashkenov,5
Nikita Amangeldy,5
Baris Smirnov,5
Nazerke Rakhimov,4
Irina Karimov,3
Milana Musin,3
Timur Kaya,2
Rauan Abdirov,4
Zhanel Lebedev,2
Nur Turgenev,1
Vlad Turgenev,1
Yulia Turgenev,4
Ruslan Suleimenov,5
Elif Zhumabek,1
Ksenia Aslan,2
Serik Akhmetov,3
Nazerke Rakhimov,1
Ece Bolat,1
Marat Tashkenov,3
Zarina Dauletov,1
Hasan Novikov,4
Akbota Zhunusov,1
Anel Zhunusov,1
Nikita Volkov,3
Dana Kurmanov,4
Serik Abenov,1
Tolga Jumabek,3
Saltanat Lebedev,2
Amir Dauletov,2
Ksenia Kurt,3
Nur Kudaibergen,3
Nikita Morozov,5
Yerlan Kurt,2
Zhanel Rakhimov,1
Denis Kilic,3
Anel Orazov,1
Tolga Sahin,5
Serik Sagyndyk,4
Baris Amangeldy,2
Irina Kurmanov,1
Temirlan Sadykov,5
Nur Bolat,4
Sofia Rakhimov,2
Oleg Makhmud,2
Zhanar Kudaibergen,3
Sultan Popov,2
Anton Lebedev,4
Ersultan Baitursyn,2
Kerem Ibrayev,2
Zarina Kassym,1
Ece Yilmaz,1
Dinara Yilmaz,4
Balzhan Kuznetsov,3
Askar Karimov,1
Ilyas Sadykov,1
Zhandos Cetin,4
Dias Ozturk,1
Baris Kudaibergen,3
Olzhas Kuznetsov,3
Nazerke Fedorov,4
Askar Makhmud,3
Nur Aliyev,5
Nikita Bekov,4
Elena Ibrayev,2
Nur Daulet,1
Aigul Petrov,3
Aruzhan Sokolov,1
Igor Esenov,1
Sanzhar Dauletov,2
Roman Konysbay,2
Baris Abenov,3
Omar Volkov,1
Vera Zhaksylyk,1
Elena Ivanov,3
Baris Dauletov,3
Maria Nurgaliyev,3
Sergey Demir,3
Hasan Kudaibergen,1
Zhuldyz Ozturk,1
Adil Assanov,4
Symbat Tleubek,3
Daria Makhmud,5
Anton Sadykov,2
Ksenia Koc,2
Olzhas Kilic,1
Meruyert Rakhimov,3
Daria Konysbay,1
Ersultan Sagyndyk,4
Olzhas Lebedev,4
Laura Popov,2
Aisha Ivanov,5
Gaukhar Demir,1
Aknur Assanov,2
Olzhas Demir,5
Nurlan Ozturk,2
Selin Kilic,1
Emre Novikov,1
Yulia Kara,2
Maria Smirnov,1
Vera Orazov,1
Ruslan Ibrayev,2
Daria Novikov,2
Aruzhan Omarov,5
Islam Alpysbay,3
Damir Karimov,2
Kirill Ivanov,4
Olga Arslan,1
Emre Konysbay,2
Oleg Baitursyn,2
Vera Kaliyev,4
Dana Zhumabek,1
Ece Zhunusov,4
Karina Sokolov,2
Bauyrzhan Cetin,4
Bekzat Zhunusov,3
Akbota Omarov,3
Baris Ivanov,2
Polina Bolat,2
Kirill Novikov,1
Sergey Yilmaz,3
Gulnaz Mukanov,3
Saltanat Celik,5
Denis Ualiyev,1
Tolga Shakenov,3
Bauyrzhan Tashkenov,2
Gulnaz Kudaibergen,3
Zhanel Mukanov,2
Denis Kudaibergen,1
Omar Mukanov,1
Selin Morozov,1
Sofia Mukanov,3
Laura Sagyndyk,2
Denis Amangeldy,3
Yernar Demir,2
Dinara Iskakov,1
Kirill Lebedev,1
Yernar Daulet,4
Damir Rakhimov,1
Aigul Novikov,4
Sanzhar Musin,1
Elena Ivanov,5
Laura Kudaibergen,5
Nurzhan Bekov,2
Polina Nurgaliyev,3
Yerbol Baiseitov,3
Derya Cetin,3
Kairat Mukanov,3
Tatiana Karimov,3
Zarina Makhmud,3
Dana Daulet,1
Aruzhan Omarov,2
Serik Morozov,5
Polina Yerzhanov,4
Selin Bolat,4
Yerlan Kudaibergen,5
Asel Akhmetov,5
Dana Arslan,2
Islam Iskakov,2
Zarina Lebedev,1
Tatiana Nurgaliyev,3
Amir Makhmud,3
Miras Mukanov,2
Tatiana Smirnov,2
Daniyar Smirnov,1
Oleg Gabdullin,3
Kairat Orazov,5
Artem Kaya,4
Nikita Kara,1
Elena Yerzhanov,2
Sultan Ualiyev,1
Zeynep Kassym,5
Baris Tleubek,4
Ksenia Amangeldy,2
Ainur Baiseitov,4
Irina Sagyndyk,2
Andrey Demir,3
Yulia Petrov,4
Nazerke Ibrayev,1
Zhanel Mukanov,1
Zhanel Tashkenov,2
Irina Zhunusov,1
Nazerke Ozturk,3
Aigul Ozturk,3
Bauyrzhan Nurgaliyev,1
Aliya Kurt,1
Layla Musin,5
Yerbol Popov,4
Zhanar Bolat,5
Nazym Nurgaliyev,4
Yerlan Mikhailov,3
Zeynep Alpysbay,4
Islam Baiseitov,3
Kirill Assanov,4
Miras Morozov,1
Olga Orazov,3
Dinara Kassym,4
Ekaterina Mikhailov,3
Anton Musin,5
Karina Baiseitov,3
Aigerim Kara,3
Tolga Zhumabek,4
Adil Iskakov,4
Aigerim Assanov,5
Ainur Kara,2
Pavel Petrov,1
Kirill Akhmetov,2
Damir Abenov,1
Tolga Musin,3
Yerbol Akhmetov,4
Balzhan Karimov,4
Elena Sagyndyk,3
Aknur Kara,2
Roman Ivanov,1
Nazym Alpysbay,1
Akbota Celik,5
Bauyrzhan Kaliyev,3
Sergey Sokolov,1
Omar Sokolov,2
Andrey Makhmud,2
Sultan Zhaksylyk,1
Alibek Musin,3
Rauan Kilic,4
Anel Suleimenov,2
Ersultan Karimov,5
Nurlybek Iskakov,1
Damir Makhmud,1
Hasan Zhunusov,3
Nurzhan Aslan,2
Tolga Iskakov,3
Yerlan Suleimenov,5
Serik Petrov,4
Damir Konysbay,5
Meruyert Sokolov,3
Bekzat Zhumabek,5
Arman Rakhimov,1
Timur Sahin,2
Vadim Gabdullin,3
Arman Baiseitov,1
Anna Kurmanov,1
Kirill Tleubek,5
Ersultan Gabdullin,1
Arman Makhmud,1
Baris Ozturk,1
Bekzat Yilmaz,2
Gaukhar Yerzhanov,4
Denis Zhunusov,1
Emre Aliyev,3
Rauan Zhaksylyk,2
Zarina Yerzhanov,2
Anna Amangeldy,3
Selin Ibrayev,1
Anton Shakenov,2
Alibek Bekov,2
Islam Baiseitov,3
Aigul Shakenov,2
Selin Musin,2
Rauan Kassym,2
Kuanysh Serikbay,3
Nur Ibrayev,5
Kairat Sahin,3
Anel Zhaksylyk,4
Ekaterina Kara,1
Dinara Volkov,4
Ruslan Kassym,2
Kairat Daulet,2
Daniyar Aslan,2
Nazym Aslan,5
Aigerim Zhumabek,3
Tolga Suleimenov,4
Daniyar Nurgaliyev,2
Bekzat Celik,1
Pavel Popov,3
Zhanar Kassym,1
Kamila Yerzhanov,5
Nur Alpysbay,2
Sanzhar Temirov,2
Hasan Dauletov,3
Vlad Baiseitov,4
Rasul Sokolov,5
Islam Ibrayev,2
Zhansaya Sagyndyk,3
Nurzhan Demir,2
Aruzhan Dauletov,3
Sergey Abdirov,1
Aliya Nurgaliyev,4
Igor Iskakov,1
Ainur Kudaibergen,4
Yerbol Konysbay,1
Milana Aslan,2
Nikita Kaya,1
Adil Karimov,2
Layla Sokolov,2
Igor Daulet,2
Kirill Arslan,4
Vera Amangeldy,4
Pavel Celik,1
Timur Sadykov,4
Symbat Ibrayev,4
Askar Gabdullin,3
Bekzat Popov,3
Polina Musin,2
Balzhan Jumabek,3
Kirill Kurmanov,2
Vlad Ivanov,4
Aruzhan Kara,2
Zhansaya Zhumabek,5
Selin Dogan,1
Gaukhar Ibrayev,1
Zhansaya Zhumabek,1
Yerlan Lebedev,3
Zhuldyz Bekov,2
Alisa Dogan,3
Oleg Amangeldy,3
Ruslan Sagyndyk,3
Daria Ibrayev,2
Bauyrzhan Daulet,2
Kamila Musin,3
Nikita Jumabek,1
Talgat Karimov,4
Denis Orazov,3
Oleg Kassym,2
Alibek Fedorov,3
Saltanat Ozturk,4
Rasul Mukanov,1
Sultan Temirov,4
Olzhas Musin,2
Aigerim Ibrayev,2
Baris Kaya,1
Arman Musin,3
Nazerke Mukanov,1
Balzhan Kassym,1
Aisha Tleubek,4
Kairat Daulet,3
Olzhas Ivanov,4
Serik Ibrayev,3
Artem Abdirov,4
Sanzhar Amangeldy,4
Baris Baiseitov,5
Kamila Mikhailov,2
Nazerke Ualiyev,2
Ersultan Kaya,3
Denis Sokolov,1
Daniyar Sadykov,3
Tomiris Iskakov,4
Ersultan Zhaksylyk,1
Olga Alpysbay,1
Zhanar Kurt,4
Tolga Baitursyn,3
Tatiana Kassym,3
Zeynep Lebedev,1
Selin Akhmetov,4
Adil Shakenov,4
Olga Karimov,5
Elena Zhunusov,4
Gulnaz Tashkenov,3
Aruzhan Lebedev,3
Rasul Konysbay,3
Alibek Arslan,2
Vlad Nurgaliyev,4
Zarina Demir,2
Dias Konysbay,3
Olzhas Volkov,3
Ekaterina Makhmud,3
Elena Mukanov,3
Roman Kilic,3
Daria Daulet,3
Daniyar Popov,3
Hasan Shakenov,2
Zhansaya Fedorov,3
Saltanat Kuznetsov,1
Balzhan Kudaibergen,2
Ersultan Morozov,3
Azamat Cetin,3
Rasul Ualiyev,3
Dinara Volkov,4
Aigul Yilmaz,5
Elena Gabdullin,2
Igor Ibrayev,4
Aruzhan Ualiyev,1
Yerlan Morozov,1
Laura Baitursyn,2
Artem Kurt,3
Sergey Suleimenov,1
Bekzat Makhmud,4
Bauyrzhan Baitursyn,1
Meruyert Zhumabek,2
Yerbol Celik,3
Alibek Celik,4
Kerem Sagyndyk,3
Kerem Musin,3
Madina Zhumabek,4
Meruyert Bekov,3
Yerbol Zhaksylyk,3
Miras Akhmetov,3
Elena Aslan,2
Oleg Bolat,1
Polina Gabdullin,3
Nazym Iskakov,2
Vera Suleimenov,3
Igor Bekov,3
Serik Konysbay,4
Askar Abenov,4
Murat Shakenov,1
Sergey Bolat,4
Maria Rakhimov,3
Denis Kassym,4
Hasan Fedorov,2
Vadim Serikbay,5
Anna Kuznetsov,3
Rauan Konysbay,4
Akbota Novikov,4
Nurlan Arslan,2
Sultan Zhaksylyk,1
Derya Jumabek,3
Saltanat Karimov,3
Kuanysh Aliyev,1
Askar Kurt,1
Ruslan Aslan,1
Sanzhar Kurmanov,4
Murat Kassym,5
Nikita Novikov,2
Pavel Jumabek,5
Miras Turgenev,5
Zhanna Mukanov,4
Amir Shakenov,3
Selin Kaya,1
Ersultan Kara,3
Elena Ualiyev,2
Dinara Iskakov,2
Talgat Novikov,3
Ece Temirov,2
Sabina Koc,4
Saltanat Ivanov,5
Anton Tleubek,1
Sultan Bekov,5
Milana Serikbay,2
Madina Gabdullin,1
Kuanysh Amangeldy,3
Aigul Abdirov,1
Nazerke Sahin,1
Symbat Musin,4
Sergey Baitursyn,2
Andrey Amangeldy,3
Ekaterina Musin,5
Miras Demir,5
Murat Assanov,1
Zhanar Suleimenov,1
Kamila Karimov,3
Artem Bolat,4
Amir Shakenov,3
Azamat Arslan,3
Meruyert Turgenev,3
Asel Yerzhanov,1
Nurlybek Ualiyev,5
Olga Orazov,4
Artem Dogan,3
Vlad Konysbay,2
Baris Amangeldy,2
Ekaterina Gabdullin,3
Bekzat Aliyev,3
Yerlan Celik,1
Daria Kaya,1
Kerem Serikbay,4
Tolga Sadykov,2
Vadim Suleimenov,2
Vadim Smirnov,1
Gulnaz Kaya,3
Aisha Aliyev,2
Dias Yerzhanov,3
Zarina Tleubek,4
Kamila Novikov,3
Elnur Esenov,3
Alibek Abenov,3
Nazerke Sahin,3
Asel Dauletov,1
Sofia Zhumabek,3
Kirill Aliyev,4
Aruzhan Ozturk,4
Rasul Kurmanov,1
Ksenia Arslan,2
Nurlan Omarov,4
Olzhas Ualiyev,3
Milana Mikhailov,2
Nazym Kassym,4
Kairat Lebedev,1
Derya Ivanov,1
Andrey Baitursyn,1
Symbat Morozov,3
Tolga Yilmaz,1
Rasul Tashkenov,5
Sultan Suleimenov,2
Igor Alpysbay,4
Gaukhar Demir,3
Elena Yerzhanov,3
Rauan Kurmanov,3
Emre Bekov,4
Talgat Mukanov,3
Yulia Aslan,5
Tomiris Morozov,2
Arman Zhumabek,2
Layla Aslan,5
Kerem Fedorov,3
Artem Popov,2
Elnur Yerzhanov,1
Zhuldyz Zhunusov,2
Emre Karimov,5
Nazym Sadykov,1
Elnur Cetin,4
Tomiris Popov,1
Alina Nurgaliyev,1
Tolga Baitursyn,1
Bekzat Musin,1
Ruslan Smirnov,4
Talgat Demir,2
Yerbol Ozturk,1
Nazym Abenov,3
Sultan Turgenev,2
Roman Jumabek,3
Andrey Kaliyev,3
Ainur Sokolov,3
Nurzhan Celik,5
Ilyas Karimov,3
Amir Sagyndyk,2
Ksenia Popov,2
Maria Morozov,1
Vlad Bekov,2
Kairat Demir,1
Nikita Dauletov,2
Alina Kara,3
Daria Zhumabek,2
Tomiris Assanov,5
Dias Yerzhanov,3
Aigul Aliyev,3
Kirill Turgenev,1
Zarina Sadykov,2
Marat Kurt,4
Zhuldyz Celik,5
Emre Smirnov,2
Sofia Ivanov,2
Rauan Yerzhanov,4
Gaukhar Yerzhanov,1
Askar Zhumabek,2
Temirlan Tashkenov,1
Temirlan Kilic,2
Anel Jumabek,3
Temirlan Serikbay,3
Bekzat Suleimenov,2
Denis Demir,1
Ksenia Assanov,1
Sanzhar Sadykov,3
Temirlan Iskakov,4
Ainur Ibrayev,3
Selin Tleubek,1
Anel Konysbay,2
Olzhas Zhaksylyk,2
Azamat Ivanov,5
Baris Temirov,1
Talgat Sahin,1
Alisa Demir,3
Islam Lebedev,2
Akbota Fedorov,3
Madina Gabdullin,3
Olzhas Smirnov,4
Meruyert Yerzhanov,1
Nazerke Kurt,2
Igor Sahin,3
Polina Yilmaz,2
Alisa Dogan,3
Ilyas Kara,1
Akbota Gabdullin,4
Anton Ermek,4
Igor Petrov,3
Ksenia Nurgaliyev,1
Baris Lebedev,2
Tomiris Daulet,5
Sofia Daulet,1
Yernar Celik,3
Zhanel Jumabek,3
Miras Jumabek,5
Daniyar Kurmanov,1
Selin Nurgaliyev,1
Nazerke Smirnov,3
Baris Baiseitov,1
Elnur Akhmetov,2
Tatiana Aslan,3
Zhanel Makhmud,5
Meruyert Iskakov,1
Kairat Daulet,4
Zhanna Dauletov,2
Bekzat Baiseitov,2
Irina Petrov,3
Dias Dogan,3
Maxim Orazov,2
Islam Assanov,1
Timur Dauletov,1
Daniyar Sadykov,1
Yernar Karimov,3
Zhansaya Karimov,5
Nurlan Makhmud,1
Aigul Popov,3
Sabina Konysbay,1
Roman Tleubek,2
Hasan Bolat,4
Balzhan Cetin,4
Zhanel Ozturk,4
Talgat Akhmetov,1
Timur Ozturk,4
Zhandos Kurmanov,5
Gaukhar Novikov,3
Elena Koc,4
Zhandos Assanov,1
Maria Kassym,1
Nur Kuznetsov,1
Layla Jumabek,2
Zhandos Dogan,3
Aigul Akhmetov,2
Zhanar Ozturk,4
Temirlan Kilic,2
Dana Petrov,3
Dmitry Kuznetsov,2
Denis Gabdullin,5
Kuanysh Kassym,5
Omar Sokolov,1
Milana Popov,4
Olga Ozturk,3
Kuanysh Kassym,3
Aizhan Ibrayev,3
Olga Sadykov,1
Zhanel Omarov,4
Rasul Rakhimov,5
Yerbol Kaliyev,4
Olga Novikov,2
Ekaterina Daulet,4
Dias Tleubek,1
Timur Kassym,2
Temirlan Smirnov,5
Kairat Fedorov,2
Sergey Fedorov,2
Maxim Demir,2
Ekaterina Bekov,1
Vlad Suleimenov,2
Tolga Karimov,2
Roman Yilmaz,4
Elena Konysbay,1
Omar Kaya,3
Sabina Celik,1
Kirill Dauletov,1
Daria Lebedev,4
Kamila Ivanov,1
Vadim Dauletov,1
Zhuldyz Kaliyev,4
Vadim Musin,2
Milana Daulet,2
Selin Makhmud,3
Tomiris Musin,1
Anna Abdirov,3
Zhansaya Aliyev,2
Pavel Zhaksylyk,2
Artem Esenov,3
Vera Kara,1
Emre Popov,2
Amir Jumabek,1
Kerem Orazov,3
Denis Daulet,2
Ainur Konysbay,4
Zeynep Baiseitov,1
Sanzhar Zhaksylyk,4
Maxim Lebedev,5
Kerem Novikov,3
Amir Kuznetsov,5
Kerem Kudaibergen,3
Zhandos Zhaksylyk,2
Anton Yilmaz,3
Ruslan Ermek,2
Pavel Smirnov,3
Roman Serikbay,2
Ece Shakenov,1
Serik Sahin,3
Ersultan Baiseitov,3
Roman Bekov,4
Balzhan Amangeldy,1
Zhansaya Ozturk,5
Akbota Kaya,2
Anel Suleimenov,4
Sofia Orazov,3
Anna Jumabek,3
Nurlan Nurgaliyev,4
Rauan Petrov,2
Derya Serikbay,2
Zhansaya Sokolov,2
Sabina Volkov,1
Zhandos Bekov,3
Zhuldyz Kudaibergen,3
Miras Makhmud,1
Igor Demir,4
Andrey Kurmanov,3
Maria Musin,3
Zhanna Bekov,3
Asel Popov,1
Anton Suleimenov,1
Aliya Gabdullin,5
Milana Kurt,2
Gaukhar Lebedev,4
Askar Makhmud,3
Aisha Kaya,3
Kirill Smirnov,1
Artem Bolat,3
Arman Baiseitov,4
Kairat Novikov,2
Anton Smirnov,2
Rasul Nurgaliyev,2
Alisa Akhmetov,3
Yerlan Lebedev,3
Anel Ozturk,1
Serik Tashkenov,4
Oleg Arslan,3
Elnur Kurmanov,5
Balzhan Morozov,4
Balzhan Kuznetsov,5
Sabina Popov,5
Zhanar Kara,1
Daria Omarov,4
Nurlybek Smirnov,4
Maxim Ermek,3
Anton Abdirov,1
Vera Lebedev,1
Arman Rakhimov,4
Daria Konysbay,4
Bekzat Amangeldy,1
Elena Yerzhanov,5
Sanzhar Musin,1
Alina Karimov,4
Bekzat Omarov,5
Dias Kurt,1
Meruyert Ualiyev,1
Yernar Alpysbay,4
Irina Kuznetsov,1
Gaukhar Kara,1
Aruzhan Ibrayev,4
Hasan Amangeldy,4
Kuanysh Ermek,2
Dinara Tleubek,4
Zhansaya Kudaibergen,1
Marat Abenov,4
Ekaterina Bolat,2
Kamila Nurgaliyev,1
Aigul Serikbay,4
Anna Lebedev,5
Dias Mikhailov,2
Nikita Nurgaliyev,1
Balzhan Dauletov,3
Nazym Kudaibergen,4
Alisa Kuznetsov,2
Gaukhar Zhunusov,4
Aruzhan Esenov,1
Alibek Dogan,1
Dana Sahin,2
Timur Baitursyn,5
Milana Bekov,2
Zarina Morozov,4
Ksenia Koc,4
Dias Omarov,2
Yerlan Kaliyev,3
Anton Baiseitov,1
Damir Bolat,1
Irina Kara,3
Zhanna Abdirov,3
Meruyert Shakenov,3
Yerbol Aslan,2
Ilyas Gabdullin,4
Akbota Dogan,5
Rauan Baiseitov,4
Kuanysh Temirov,3
Artem Jumabek,3
Aigerim Aliyev,1
Bekzat Alpysbay,2
Denis Ibrayev,5
Irina Kudaibergen,1
Maria Makhmud,1
Nurzhan Cetin,4
Saltanat Ermek,5
Elena Akhmetov,1
Ilyas Bolat,1
Yernar Yilmaz,3
Nikita Arslan,4
Aizhan Morozov,1
Rauan Popov,3
Vera Sagyndyk,2
Elena Morozov,1
Zhuldyz Sahin,2
Elif Lebedev,3
Ekaterina Dogan,4
Yerlan Ualiyev,2
Kamila Aliyev,1
Vlad Kaya,3
Elif Mikhailov,2
Azamat Ibrayev,1
Amir Temirov,3
Ainur Tleubek,3
Alina Bekov,1
Nurlan Akhmetov,3
Anton Turgenev,2
Roman Sagyndyk,3
Alibek Suleimenov,1
Tomiris Akhmetov,4
Gulnaz Alpysbay,1
Timur Sokolov,1
Symbat Morozov,2
Alibek Fedorov,1
Nurzhan Nurgaliyev,3
Artem Abenov,3
Yernar Morozov,1
Sabina Tleubek,2
Denis Dauletov,2
Sabina Musin,2
Aizhan Daulet,1
Nikita Bekov,1
Kirill Celik,4
Dmitry Kurmanov,2
Daria Omarov,1
Bauyrzhan Aslan,3
Layla Kurt,1
Temirlan Gabdullin,3
Gulnaz Karimov,5
Zhanar Bekov,3
Balzhan Esenov,1
Temirlan Zhumabek,4
Selin Daulet,2
Dmitry Alpysbay,1
Dinara Shakenov,4
Kerem Morozov,2
Tomiris Shakenov,1
Sultan Zhaksylyk,2
Milana Yerzhanov,3
Elena Konysbay,4
Kerem Ozturk,2
Elif Makhmud,3
Nurzhan Aliyev,2
Sergey Makhmud,3
Nazym Ivanov,2
Milana Kurt,2
Selin Fedorov,4
Layla Kudaibergen,2
Zeynep Lebedev,1
Arman Abdirov,3
Askar Alpysbay,3
Aigerim Nurgaliyev,3
Artem Turgenev,3
Kamila Sagyndyk,1
Aizhan Sahin,1
Karina Baitursyn,2
Yerlan Suleimenov,4
Tomiris Dauletov,1
Elif Kudaibergen,5
Arman Sahin,1
Elif Alpysbay,3
Vadim Akhmetov,2
Ersultan Baitursyn,2
Rasul Mukanov,1
Roman Baitursyn,4
Aizhan Cetin,1
Vadim Koc,4
Tatiana Zhumabek,2
Yerbol Petrov,1
Dana Tleubek,3
Igor Yerzhanov,1
Nikita Volkov,3
Dmitry Nurgaliyev,2
Rauan Kaliyev,1
Zhanel Kilic,5
Damir Fedorov,3
Nikita Celik,2
Alisa Karimov,1
Vadim Kaya,5
Ersultan Turgenev,2
Milana Esenov,5
Milana Yilmaz,2
Baris Serikbay,2
Zhanar Sahin,4
Tatiana Kaliyev,1
Denis Dauletov,2
Askar Mikhailov,2
Bekzat Morozov,2
Nurlybek Fedorov,2
Nazym Musin,3
Kerem Suleimenov,2
Nurlan Amangeldy,5
Nazym Ivanov,3
Tolga Akhmetov,2
Marat Kuznetsov,4
Ersultan Baiseitov,3
Miras Zhunusov,3
Elena Kassym,3
Miras Temirov,2
Gulnaz Bekov,2
Temirlan Tleubek,2
Aliya Kurmanov,2
Dias Turgenev,1
Derya Mikhailov,5
Talgat Morozov,4
Aisha Zhaksylyk,1
Nurlybek Kara,2
Kuanysh Rakhimov,3
Aigul Bekov,2
Zhuldyz Daulet,2
Vlad Mikhailov,5
Kamila Baitursyn,2
Ksenia Musin,1
Arman Iskakov,2
Nazerke Bolat,2
Kairat Kaliyev,3
Nazerke Assanov,4
Timur Sadykov,1
Daria Karimov,2
Nurlybek Fedorov,5
Gulnaz Kara,4
Karina Suleimenov,2
Dana Daulet,1
Dias Kilic,1
Adil Novikov,1
Elnur Alpysbay,2
Maria Kudaibergen,1
Derya Gabdullin,2
Aizhan Ibrayev,5
Zhanar Dauletov,1
Baris Daulet,3
Alina Kaliyev,2
Derya Kurmanov,2
Dinara Kassym,5
Temirlan Suleimenov,1
Maxim Makhmud,2
Selin Smirnov,1
Aruzhan Koc,2
Dinara Morozov,2
Islam Tleubek,4
Anna Petrov,3
Nurzhan Kurmanov,5
Anel Mukanov,3
Vera Rakhimov,1
Anton Ivanov,3
Zhuldyz Sadykov,5
Temirlan Mukanov,1
Vadim Aslan,1
Balzhan Zhumabek,5
Islam Shakenov,2
Kairat Iskakov,2
Tolga Esenov,1
Arman Kudaibergen,2
Alina Demir,5
Laura Demir,2
Hasan Dogan,5
Ersultan Kudaibergen,3
Zhuldyz Mikhailov,4
Pavel Karimov,1
Gulnaz Lebedev,1
Dmitry Baiseitov,3
Kamila Makhmud,4
Tolga Suleimenov,1
Zeynep Suleimenov,4
Nikita Baitursyn,2
Vera Popov,1
Irina Kurmanov,3
Symbat Orazov,4
Azamat Smirnov,3
Amir Amangeldy,5
Nurlan Jumabek,3
Derya Esenov,4
Ece Kuznetsov,2
Kerem Fedorov,1
Alisa Kaya,4
Tatiana Novikov,1
Murat Kurmanov,2
Karina Kara,2
Zarina Yilmaz,1
Karina Orazov,1
Andrey Kaya,5
Kuanysh Novikov,2
Yulia Abenov,4
Aigul Aliyev,5
Yernar Akhmetov,3
Adil Yerzhanov,3
Ruslan Zhaksylyk,1
Sultan Yerzhanov,3
Timur Nurgaliyev,2
Sultan Yilmaz,2
Milana Kuznetsov,1
Daniyar Kurt,3
Tomiris Kudaibergen,4
Anna Petrov,3
Omar Suleimenov,1
Anton Kaya,1
Islam Abdirov,5
Amir Rakhimov,1
Maria Daulet,3
Anton Omarov,5
Rauan Ermek,1
Ece Sokolov,1
Karina Zhumabek,3
Serik Shakenov,2
Irina Akhmetov,3
Nikita Bolat,2
Sabina Aliyev,3
Sultan Celik,2
Alisa Ermek,5
Maria Sadykov,5
Damir Ualiyev,5
Selin Abdirov,3
Rauan Ualiyev,3
Kuanysh Volkov,3
Oleg Volkov,2
Daniyar Tleubek,3
Laura Tleubek,3
Elena Amangeldy,3
Aliya Jumabek,3
Alina Demir,3
Marat Kurt,3
Anel Jumabek,4
Maxim Turgenev,2
Nur Aslan,2
Symbat Musin,2
Kamila Demir,1
Nurzhan Yerzhanov,4
Tolga Tleubek,3
Nur Mikhailov,2
Omar Kurmanov,2
Anna Sagyndyk,4
Tomiris Petrov,1
Zeynep Yerzhanov,3
Yulia Ivanov,5
Layla Demir,1
Anton Sadykov,5
Roman Bekov,1
Aliya Lebedev,4
Maria Jumabek,3
Oleg Kilic,3
Kairat Kassym,1
Vera Konysbay,1
Kairat Abenov,2
Selin Karimov,2
Kerem Temirov,2
Zarina Morozov,1
Dias Alpysbay,3
Aigul Nurgaliyev,3
Maria Bekov,3
Sultan Ermek,1
Temirlan Gabdullin,2
Nazerke Mikhailov,4
Pavel Yerzhanov,4
Arman Amangeldy,2
Zhandos Omarov,5
Meruyert Jumabek,5
Kerem Sokolov,1
Aigul Daulet,3
Elena Ualiyev,5
Laura Bolat,4
Nur Smirnov,3
Kairat Novikov,4
Rasul Lebedev,5
Sofia Mikhailov,3
Sofia Volkov,4
Azamat Sahin,1
Aigul Ozturk,3
Derya Lebedev,4
Anna Tashkenov,1
Arman Turgenev,3
Gulnaz Shakenov,1
Aigul Gabdullin,1
Nikita Yilmaz,3
Azamat Gabdullin,1
Anton Esenov,3
Alina Gabdullin,3
Nikita Ermek,1
Timur Alpysbay,3
Nurlybek Baiseitov,4
Sultan Sagyndyk,5
Ekaterina Assanov,3
Kirill Baitursyn,2
Alina Aslan,2
Zhansaya Dogan,3
Zhanna Mukanov,3
Aliya Rakhimov,1
Asel Ozturk,3
Adil Baiseitov,4
Rasul Zhumabek,1
Vera Konysbay,3
Daniyar Smirnov,4
Irina Konysbay,2
Bekzat Sahin,4
Anel Karimov,1
Ersultan Abenov,5
Rasul Karimov,1
Askar Petrov,2
Maria Ozturk,3
Daria Dogan,1
Dinara Abdirov,3
Denis Baiseitov,2
Irina Musin,1
Emre Serikbay,1
Laura Aliyev,5
Kairat Turgenev,1
Sergey Arslan,3
Layla Daulet,3
Derya Temirov,3
Yerbol Gabdullin,1
Akbota Morozov,3
Dana Sagyndyk,3
Nur Bolat,1
Nurlan Kurmanov,3
Yerlan Serikbay,2
Zhanar Yerzhanov,2
Daniyar Koc,3
Ainur Gabdullin,1
Aigul Dogan,5
Nurlan Fedorov,3
Daria Popov,3
Zarina Assanov,2
Dias Cetin,1
Askar Demir,2
Miras Akhmetov,4
Dmitry Ibrayev,2
Nurlybek Novikov,2
Maria Omarov,2
Artem Jumabek,3
Rauan Zhunusov,2
Nur Demir,1
Ilyas Ermek,2
Nikita Temirov,1
Maria Kilic,5
Askar Alpysbay,4
Denis Karimov,1
Sultan Daulet,4
Kamila Popov,2
Aigerim Sokolov,4
Sofia Kara,3
Askar Gabdullin,2
Kairat Shakenov,5
Anna Abdirov,3
Azamat Kara,3
Vlad Mukanov,2
Alisa Daulet,1
Bauyrzhan Baitursyn,2
Irina Dogan,1
Nazym Shakenov,3
Derya Mukanov,4
Baris Kurt,2
Zarina Celik,3
Kamila Konysbay,5
Zhanna Zhunusov,5
Nur Kuznetsov,5
Dinara Kaya,3
Emre Gabdullin,2
Pavel Sokolov,5
Nazerke Morozov,3
Aizhan Kilic,1
Polina Zhumabek,2
Nur Ozturk,1
Derya Kuznetsov,4
Zhanar Zhunusov,3
Sanzhar Gabdullin,5
Olzhas Karimov,3
Aisha Assanov,2
Yulia Tleubek,4
Oleg Tashkenov,3
Sabina Yilmaz,2
Aliya Kaliyev,2
Elena Mikhailov,1
Azamat Kurmanov,2
Tomiris Lebedev,4
Kirill Suleimenov,3
Rasul Daulet,3
Islam Kaya,3
Zhanar Nurgaliyev,4
Artem Dauletov,2
Temirlan Smirnov,2
Nazerke Ibrayev,4
Adil Kilic,2
Emre Serikbay,5
Zhansaya Zhaksylyk,1
Kamila Kara,3
Zeynep Smirnov,1
Alina Novikov,1
Anel Volkov,3
Anton Omarov,4
Zhuldyz Omarov,1
Selin Turgenev,2
Marat Petrov,1
Ekaterina Iskakov,5
Asel Zhumabek,1
Aigerim Zhaksylyk,5
Maria Demir,2
Emre Demir,3
Yernar Temirov,5
Tatiana Baiseitov,2
Aizhan Kurt,2
Kirill Jumabek,5
Vlad Abdirov,1
Elnur Aliyev,1
Vera Yerzhanov,3
Dinara Jumabek,3
Zhanar Zhaksylyk,3
Islam Sagyndyk,2
Selin Shakenov,3
Polina Mukanov,1
Talgat Amangeldy,2
Islam Nurgaliyev,1
Yulia Tashkenov,3
Azamat Koc,1
Vera Dogan,4
Nurlan Orazov,2
Hasan Mikhailov,4
Askar Kurt,3
Vera Smirnov,5
Kairat Cetin,5
Roman Fedorov,5
Azamat Kurt,4
Symbat Iskakov,2
Oleg Baiseitov,3
Marat Arslan,2
Tatiana Yilmaz,1
Adil Nurgaliyev,1
Balzhan Jumabek,1
Nurlan Serikbay,2
Anna Fedorov,2
Roman Aslan,1
Rasul Makhmud,2
Vlad Arslan,4
Serik Ualiyev,2
Amir Gabdullin,4
Dias Kaya,1
Olga Sagyndyk,3
Sergey Yerzhanov,1
Daniyar Kurt,1
Anna Shakenov,3
Derya Temirov,2
Yulia Ozturk,3
Sanzhar Dauletov,2
Aruzhan Petrov,1
Rauan Turgenev,1
Aigerim Smirnov,3
Daniyar Zhumabek,3
Aigerim Ivanov,5
Kerem Sokolov,3
Irina Kurmanov,3
Baris Turgenev,2
Dana Novikov,1
Layla Kaya,5
Sanzhar Sagyndyk,4
Nazym Sokolov,5
Azamat Musin,2
Kirill Ualiyev,1
Asel Ualiyev,3
Talgat Zhunusov,1
Bauyrzhan Dauletov,5
Zhanar Cetin,3
Laura Ermek,1
Anel Kaliyev,2
Dana Abenov,4
Ece Zhunusov,2
Vlad Sagyndyk,2
Timur Celik,4
Miras Lebedev,1
Artem Yilmaz,5
Balzhan Dauletov,5
Aizhan Ermek,1
Yulia Sadykov,2
Yerlan Mikhailov,1
Ece Yilmaz,4
Islam Musin,3
Aliya Cetin,1
Yernar Ibrayev,3
Anna Kudaibergen,4
Omar Turgenev,2
Bekzat Konysbay,2
Nazym Volkov,1
Yulia Dauletov,1
Dias Kurmanov,2
Zarina Zhunusov,1
Maxim Sadykov,3
Artem Demir,1
Alisa Kuznetsov,1
Aruzhan Jumabek,1
Vlad Sadykov,4
Tolga Petrov,2
Zhansaya Kudaibergen,2
Artem Alpysbay,5
Kamila Aliyev,2
Sofia Amangeldy,4
Dias Ermek,5
Zhanel Assanov,1
Nurlan Makhmud,4
Gaukhar Fedorov,3
Baris Temirov,5
Aigerim Dogan,1
Zhanna Daulet,3
Derya Kaya,2
Tomiris Shakenov,1
Dmitry Mukanov,2
Ksenia Kurmanov,2
Zhanna Zhunusov,1
Olzhas Iskakov,4
Ainur Volkov,3
Temirlan Ibrayev,5
Selin Alpysbay,1
Arman Dauletov,1
Ersultan Dauletov,4
Kerem Koc,5
Elnur Musin,2
Vera Kilic,3
Yernar Kassym,1
Aruzhan Kara,5
Dinara Ivanov,1
Zeynep Mukanov,3
Derya Kurt,3
Yulia Novikov,3
Omar Mukanov,3
Serik Shakenov,3
Bekzat Nurgaliyev,4
Timur Tashkenov,2
Maria Sagyndyk,4
Irina Zhunusov,1
Maxim Ivanov,4
Timur Abenov,5
Ruslan Omarov,5
Vadim Amangeldy,4
Andrey Petrov,1
Dinara Arslan,2
Zarina Yerzhanov,1
Rauan Kaya,2
Pavel Sokolov,3
Madina Bolat,1
Rauan Musin,1
Ece Celik,2
Islam Kaliyev,2
Damir Orazov,1
Baris Kilic,3
Sanzhar Ozturk,1
Damir Kaya,2
Aruzhan Ualiyev,1
Zeynep Ualiyev,2
Sabina Assanov,1
Kairat Ivanov,2
Saltanat Dogan,1
Daria Kurmanov,1
Derya Temirov,3
Nurlan Kurmanov,4
Temirlan Petrov,3
Yerbol Arslan,3
Madina Popov,3
Sabina Arslan,2
Roman Konysbay,4
Yerbol Volkov,2
Ekaterina Zhaksylyk,3
Saltanat Zhunusov,3
Karina Kara,2
Murat Dogan,3
Timur Zhunusov,3
Rauan Demir,5
Yerbol Yilmaz,4
Zarina Serikbay,4
Nurlybek Novikov,5
Yerbol Novikov,1
Daria Ivanov,5
Serik Amangeldy,2
Elnur Demir,3
Tolga Serikbay,3
Omar Kudaibergen,3
Aizhan Volkov,3
Sergey Kudaibergen,1
Ece Volkov,1
Nazym Aliyev,4
Saltanat Ivanov,3
Ilyas Suleimenov,1
Aigul Baiseitov,3
Ece Orazov,4
Emre Mukanov,2
Kerem Kassym,2
Elif Arslan,3
Tomiris Cetin,5
Gulnaz Cetin,1
Alina Novikov,2
Ekaterina Kassym,1
Maxim Abdirov,1
Alina Abenov,4
Yerbol Dauletov,4
Nur Dogan,4
Selin Kaya,1
Ksenia Mukanov,4
Aliya Baitursyn,5
Elena Ibrayev,2
Tatiana Sahin,1
Elif Serikbay,5
Damir Aliyev,3
Olzhas Kilic,3
Aigul Kaya,2
Hasan Cetin,4
Derya Makhmud,2
Rasul Abenov,3
Zhandos Temirov,2
Zhuldyz Amangeldy,1
Karina Kurt,2
Sabina Yerzhanov,5
Layla Zhumabek,1
Kuanysh Alpysbay,4
Ilyas Serikbay,2
Zeynep Assanov,3
Dmitry Novikov,2
Amir Dauletov,2
Elnur Ozturk,1
Rauan Abenov,4
Artem Aliyev,3
Akbota Zhumabek,5
Selin Amangeldy,5
Nurlybek Popov,2
Anton Kilic,1
Bekzat Sahin,1
Alisa Iskakov,3
Madina Popov,2
Serik Tleubek,5
Dias Suleimenov,2
Balzhan Sagyndyk,3
Nazerke Popov,5
Aruzhan Konysbay,1
Roman Abenov,1
Zhansaya Abdirov,4
Maria Yilmaz,1
Zarina Volkov,4
Laura Ivanov,3
Vera Kaya,3
Vadim Alpysbay,3
Adil Bekov,2
Zhandos Ermek,1
Serik Nurgaliyev,5
Tomiris Rakhimov,4
Yulia Kurt,4
Nur Iskakov,1
Dias Kassym,1
Artem Zhunusov,4
Marat Assanov,5
Sanzhar Fedorov,3
Andrey Mikhailov,5
Sanzhar Amangeldy,2
Dmitry Dauletov,1
Milana Temirov,3
Amir Kassym,3
Emre Kurmanov,1
Nurlan Baiseitov,3
Damir Zhumabek,1
Olga Jumabek,5
Damir Ozturk,2
Polina Aliyev,4
Zhanna Zhumabek,2
Alibek Musin,2
Nurlan Kaya,3
Sabina Dauletov,1
Aizhan Abdirov,2
Zarina Yerzhanov,3
Ainur Bekov,1
Dana Orazov,1
Elif Kaliyev,3
Temirlan Volkov,4
Damir Rakhimov,1
Rauan Kara,3
Aizhan Karimov,1
Selin Lebedev,3
Timur Bolat,4
Alibek Baitursyn,5
Aigul Suleimenov,1
Kirill Gabdullin,2
Nazym Cetin,1
Hasan Mikhailov,3
Amir Lebedev,3
Alibek Karimov,3
Zhandos Dauletov,4
Sofia Jumabek,3
Yerlan Kilic,2
Milana Ivanov,3
Nur Fedorov,3
Nur Kara,1
Madina Kaya,2
Denis Kuznetsov,2
Irina Konysbay,2
Alisa Dauletov,2
Elena Kassym,3
Selin Volkov,4
Aruzhan Assanov,3
Anton Zhunusov,3
Ekaterina Morozov,1
Alisa Dogan,4
Aruzhan Iskakov,1
Tomiris Omarov,3
Aigerim Kurmanov,1
Aknur Kudaibergen,5
Zhanna Koc,3
Zeynep Tleubek,4
Zhanel Omarov,5
Vera Aslan,5
Murat Makhmud,4
Aigul Dauletov,1
Balzhan Kassym,2
Saltanat Fedorov,1
Dias Dogan,2
Aliya Serikbay,3
Askar Rakhimov,3
Nazym Bekov,3
Vadim Konysbay,1
Islam Popov,2
Ersultan Yilmaz,2
Denis Nurgaliyev,2
Baris Sagyndyk,3
Yernar Gabdullin,1
Bauyrzhan Temirov,2
Selin Lebedev,2
Maria Kilic,3
Denis Novikov,5
Alina Abenov,2
Aliya Iskakov,3
Amir Kilic,3
Kerem Ozturk,2
Roman Volkov,3
Olzhas Kaliyev,4
Igor Morozov,4
Sanzhar Yerzhanov,2
Talgat Sagyndyk,3
Zeynep Bekov,5
Laura Arslan,2
Ilyas Kurt,1
Aruzhan Iskakov,1
Kerem Ualiyev,3
Kamila Cetin,1
Baris Celik,1
Vera Serikbay,4
Polina Sadykov,3
Zhandos Kara,2
Aknur Mikhailov,2
Baris Orazov,5
Zeynep Novikov,1
Aliya Temirov,3
Vlad Aslan,5
Omar Demir,4
Arman Kuznetsov,3
Dmitry Kassym,1
Aigul Sagyndyk,4
Olga Nurgaliyev,1
Pavel Abenov,2
Olga Dauletov,1
Azamat Popov,1
Vera Fedorov,4
Marat Daulet,2
Anton Tashkenov,5
Kuanysh Yerzhanov,3
Nur Makhmud,1
Layla Kaya,2
Sanzhar Kurmanov,2
Dinara Cetin,1
Zhandos Abenov,3
Damir Ozturk,5
Maria Morozov,5
Meruyert Akhmetov,2
Irina Serikbay,1
Alisa Temirov,2
Polina Rakhimov,3
Laura Lebedev,1
Aizhan Sagyndyk,4
Layla Nurgaliyev,2
Denis Baitursyn,2
Yulia Popov,3
Ruslan Assanov,2
Dinara Aslan,2
Yulia Shakenov,4
Roman Novikov,3
Milana Kuznetsov,1
Daria Aliyev,1
Omar Demir,1
Alibek Dogan,1
Aigerim Kaya,2
Tomiris Bekov,4
Yulia Volkov,2
Timur Kaliyev,5
Yernar Gabdullin,2
Rasul Amangeldy,1
Timur Nurgaliyev,5
Aigul Assanov,1
Kamila Sagyndyk,4
Alina Shakenov,4
Ksenia Sahin,1
Sabina Tashkenov,5
Aizhan Volkov,5
Ilyas Demir,1
Olzhas Morozov,1
Aizhan Musin,4
Zhanar Omarov,4
Maria Serikbay,5
Olzhas Zhaksylyk,1
Damir Celik,5
Dana Rakhimov,1
Vadim Baitursyn,3
Aliya Demir,3
Rasul Zhumabek,3
Aliya Tashkenov,1
Zhuldyz Zhaksylyk,5
Yerlan Serikbay,3
Zhanar Sahin,5
Elena Daulet,2
Zeynep Nurgaliyev,3
Damir Ozturk,2
Sanzhar Makhmud,2
Maria Kara,3
Zeynep Celik,3
Zeynep Aliyev,2
Alibek Novikov,2
Bauyrzhan Novikov,1
Bauyrzhan Serikbay,5
Aizhan Ivanov,5
Alibek Temirov,1
Zhanel Kurmanov,2
Elena Tleubek,5
Daniyar Kudaibergen,2
Denis Kilic,5
Tatiana Zhunusov,5
Azamat Orazov,5
Ainur Kassym,4
Zhuldyz Mikhailov,1
Daniyar Amangeldy,3
Aisha Bolat,1
Akbota Yilmaz,2
Nikita Orazov,2
Roman Arslan,3
Saltanat Orazov,2
Zhanar Suleimenov,1
Olzhas Kuznetsov,3
Derya Aliyev,1
Rasul Sagyndyk,1
Vadim Lebedev,1
Gaukhar Rakhimov,3
Elnur Koc,1
Baris Tleubek,3
Zhansaya Baitursyn,3
Ersultan Esenov,4
Saltanat Ermek,2
Bauyrzhan Fedorov,1
Anton Serikbay,2
Karina Aslan,3
Baris Ualiyev,4
Nur Zhumabek,3
Kairat Akhmetov,1
Kerem Orazov,2
Nurlan Musin,5
Ainur Orazov,3
Aigul Aslan,1
Nikita Amangeldy,2
Oleg Zhunusov,3
Zhuldyz Mukanov,1
Kerem Abenov,1
Andrey Konysbay,1
Nurzhan Tashkenov,3
Emre Makhmud,1
Saltanat Kilic,1
Kerem Kudaibergen,2
Aigerim Zhunusov,4
Oleg Makhmud,3
Vera Temirov,2
Sultan Kassym,1
Vlad Alpysbay,2
Nurlan Smirnov,1
Aruzhan Fedorov,4
Saltanat Zhunusov,3
Alibek Akhmetov,2
Talgat Makhmud,2
Ece Kassym,2
Sabina Orazov,3
Nurlybek Temirov,4
Anel Ermek,2
Nurzhan Rakhimov,1
Kamila Temirov,3
Tomiris Sahin,2
Andrey Kurmanov,3
Igor Demir,2
Murat Temirov,2
Ruslan Gabdullin,4
Madina Fedorov,3
Azamat Tashkenov,2
Denis Dogan,3
Sanzhar Mukanov,2
Irina Kaya,1
Igor Gabdullin,5
Amir Serikbay,3
Ainur Nurgaliyev,1
Madina Abenov,4
Alisa Fedorov,5
Irina Rakhimov,5
Damir Koc,2
Sergey Kuznetsov,3
Ilyas Lebedev,2
Rasul Tleubek,3
Dias Ualiyev,3
Baris Mikhailov,3
Oleg Sahin,5
Murat Musin,5
Artem Yilmaz,4
Aruzhan Smirnov,3
Elena Demir,1
Anton Smirnov,1
Vera Konysbay,1
Gulnaz Ivanov,1
Hasan Kurt,3
Akbota Ozturk,1
Sultan Arslan,2
Olzhas Dauletov,1
Askar Sadykov,1
Ece Smirnov,1
Kamila Sagyndyk,1
Nikita Kudaibergen,5
Olga Kassym,2
Vlad Celik,4
Islam Lebedev,4
Alibek Dogan,5
Zhanar Ibrayev,2
Tolga Cetin,1
Ruslan Zhunusov,1
Nazym Baiseitov,1
Ruslan Abdirov,1
Milana Orazov,2
Zhanna Kurmanov,1
Hasan Dogan,2
Ainur Akhmetov,3
Marat Aliyev,3
Azamat Amangeldy,1
Murat Aliyev,2
Amir Kurt,2
Zhanar Celik,1
Baris Dauletov,1
Yernar Musin,1
Maxim Dogan,3
Sanzhar Gabdullin,2
Serik Kara,1
Sergey Kara,4
Aruzhan Kurmanov,2
Andrey Rakhimov,2
Tolga Ivanov,4
Dana Akhmetov,3
Ece Kaliyev,4
Alina Bolat,4
Gaukhar Kurt,2
Sergey Temirov,2
Ece Kilic,2
Kamila Cetin,5
Balzhan Celik,3
Aigul Daulet,3
Polina Musin,2
Zarina Suleimenov,4
Polina Sokolov,1
Zhanel Assanov,2
Balzhan Sadykov,1
Dias Daulet,1
Sultan Ozturk,3
Serik Ualiyev,2
Anton Zhaksylyk,1
Alina Sahin,3
Nurlan Abenov,2
Islam Alpysbay,1
Adil Ermek,1
Aigul Abenov,1
Meruyert Cetin,1
Kamila Kuznetsov,1
Olga Popov,4
Timur Zhunusov,3
Polina Celik,3
Ersultan Tleubek,4
Ekaterina Morozov,2
Yernar Kudaibergen,5
Anton Koc,4
Derya Akhmetov,3
Akbota Kassym,4
Sofia Mikhailov,1
Daniyar Serikbay,2
Serik Serikbay,5
Sofia Bolat,1
Yernar Alpysbay,4
Nurlybek Orazov,2
Damir Bolat,3
Zarina Kurmanov,2
Zhanel Sokolov,1
Askar Nurgaliyev,3
Daria Sokolov,3
Layla Dauletov,5
Aruzhan Ualiyev,4
Yulia Zhumabek,4
Sergey Novikov,3
Sabina Assanov,2
Maxim Smirnov,5
Tolga Koc,2
Nurlybek Dogan,2
Zeynep Omarov,2
Arman Orazov,2
Hasan Dauletov,2
Omar Konysbay,1
Timur Zhunusov,3
Sofia Lebedev,3
Aizhan Zhumabek,3
Islam Mukanov,1
Marat Smirnov,1
Balzhan Kilic,3
Tolga Kurt,1
Madina Demir,2
Alisa Kara,3
Kamila Koc,3
Layla Lebedev,5
Kamila Shakenov,1
Zhandos Aslan,4
Yerbol Kaliyev,2
Aigerim Kurt,1
Balzhan Kudaibergen,3
Elnur Kurmanov,1
Ersultan Akhmetov,5
Aizhan Novikov,2
Aizhan Abdirov,3
Alisa Baiseitov,3
Madina Ermek,4
Kamila Kaliyev,2
Vadim Esenov,5
Vlad Kudaibergen,4
Talgat Kudaibergen,2
Pavel Musin,1
Dana Kuznetsov,3
Ruslan Petrov,2
Dana Kilic,5
Rasul Koc,3
Aizhan Celik,2
Ilyas Daulet,3
Alisa Petrov,1
Daria Demir,1
Sultan Bekov,2
Anel Koc,2
Bauyrzhan Alpysbay,2
Sanzhar Celik,2
Sanzhar Assanov,3
Kairat Sahin,1
Yerlan Smirnov,3
Nurlybek Sagyndyk,3
Anel Assanov,3
Artem Dogan,1
Timur Dogan,2
Murat Rakhimov,1
Vera Yerzhanov,1
Yerbol Baiseitov,2
Ersultan Nurgaliyev,1
Azamat Baiseitov,1
Rasul Kara,1
Marat Petrov,3
Aruzhan Dogan,1
Roman Novikov,2
Kairat Sokolov,3
Dias Tleubek,4
Zhanar Smirnov,2
Nurlybek Orazov,3
Maria Kara,4
Maria Musin,1
Damir Ibrayev,2
Baris Ibrayev,3
Damir Kassym,3
Ruslan Sahin,2
Nur Turgenev,4
Artem Yilmaz,3
Kirill Smirnov,2
Aisha Kaya,3
Irina Gabdullin,5
Igor Kuznetsov,4
Olga Orazov,5
Daniyar Amangeldy,3
Zhandos Yilmaz,2
Sofia Daulet,3
Vera Rakhimov,2
Sergey Yilmaz,1
Sultan Karimov,3
Igor Kurt,4
Gaukhar Musin,1
Dias Konysbay,3
Symbat Kilic,1
Saltanat Makhmud,4
Zhansaya Tashkenov,3
Bekzat Abenov,5
Igor Ozturk,3
Alibek Rakhimov,2
Vera Kurmanov,4
Olzhas Konysbay,3
Aknur Nurgaliyev,2
Aknur Mikhailov,1
Artem Baiseitov,3
Damir Volkov,1
Derya Shakenov,5
Dana Novikov,4
Emre Ivanov,1
Zhanel Celik,3
Akbota Aslan,2
Tomiris Mukanov,3
Elena Gabdullin,1
Oleg Ualiyev,1
Alisa Zhaksylyk,5
Hasan Abenov,5
Sofia Lebedev,2
Ekaterina Dogan,2
Saltanat Nurgaliyev,4
Saltanat Kurt,1
Elif Kaliyev,1
Anna Yerzhanov,3
Balzhan Orazov,2
Yerlan Amangeldy,1
Aisha Demir,2
Balzhan Lebedev,2
Milana Lebedev,1
Maria Temirov,1
Kuanysh Assanov,1
Islam Rakhimov,3
Zhuldyz Mukanov,3
Omar Temirov,3
Nur Sahin,1
Kirill Petrov,3
Tatiana Fedorov,2
Temirlan Orazov,2
Marat Demir,2
Layla Zhaksylyk,3
Damir Zhunusov,1
Vadim Musin,4
Askar Zhunusov,3
Nurlan Sagyndyk,4
Asel Lebedev,1
Yerbol Kuznetsov,1
Azamat Mukanov,3
Zhuldyz Orazov,2
Yerlan Sadykov,3
Olzhas Tashkenov,3
Anel Esenov,2
Anna Rakhimov,1
Ilyas Sokolov,3
Zhandos Kurt,1
Zhanna Assanov,2
Zhanel Jumabek,1
Ersultan Kilic,2
Yerlan Akhmetov,1
Zeynep Abdirov,2
Sergey Zhaksylyk,2
Talgat Jumabek,1
Talgat Aslan,1
Anton Aliyev,5
Daniyar Konysbay,1
Gaukhar Morozov,2
Zarina Kaliyev,3
Nurlan Morozov,2
Elif Gabdullin,3
Murat Koc,4
Elif Baitursyn,4
Nazerke Cetin,2
Yerlan Turgenev,4
Alina Bekov,2
Gaukhar Mikhailov,1
Karina Bolat,1
Timur Demir,4
Maria Kurt,1
Selin Bekov,4
Dias Sadykov,3
Nazerke Kaliyev,3
Ruslan Rakhimov,3
Zhansaya Ualiyev,3
Derya Shakenov,2
Anna Omarov,3
Dias Akhmetov,3
Yerbol Lebedev,2
Ece Cetin,3
Laura Alpysbay,2
Vlad Abdirov,2
Symbat Ivanov,4
Ersultan Dauletov,5
Zhandos Dauletov,3
Rasul Akhmetov,3
Saltanat Bolat,2
Sultan Kudaibergen,1
Ece Arslan,4
Ruslan Konysbay,4
Timur Tashkenov,2
Alibek Orazov,3
Nurlan Suleimenov,2
Nurzhan Amangeldy,5
Balzhan Gabdullin,5
Igor Ermek,4
Ece Bekov,2
Miras Ivanov,1
Marat Ermek,1
Kuanysh Kurmanov,1
Marat Petrov,2
Baris Dauletov,5
Zeynep Zhaksylyk,3
Rasul Baiseitov,1
Serik Petrov,3
Anel Temirov,3
Rauan Celik,3
Zeynep Ibrayev,2
Roman Ivanov,2
Marat Aslan,3
Aknur Aslan,4
Zhuldyz Suleimenov,2
Andrey Abdirov,5
Amir Temirov,3
Anel Fedorov,2
Olzhas Lebedev,2
Zhanar Kuznetsov,1
Derya Gabdullin,5
Nur Morozov,1
Pavel Sadykov,2
Zeynep Kuznetsov,1
Olzhas Amangeldy,1
Maxim Temirov,2
Gaukhar Konysbay,3
Zarina Zhaksylyk,2
Serik Tleubek,2
Aigul Aslan,5
Tatiana Lebedev,3
Temirlan Yerzhanov,1
Akbota Kurt,4
Pavel Kaya,2
Maria Abdirov,3
Sergey Ivanov,5
Timur Arslan,2
Aliya Bolat,1
Kairat Mukanov,4
Timur Kilic,5
Maxim Cetin,2
Olga Alpysbay,2
Akbota Kurt,1
Zhanel Zhaksylyk,3
Polina Ivanov,4
Aigul Omarov,2
Ersultan Zhumabek,1
Irina Arslan,2
Sanzhar Assanov,2
Alina Lebedev,2
Murat Sagyndyk,2
Alina Volkov,3
Kairat Ozturk,1
Zeynep Serikbay,1
Balzhan Zhunusov,4
Olzhas Bolat,1
Islam Karimov,1
Irina Iskakov,1
Daniyar Serikbay,2
Olga Tleubek,3
Yernar Aliyev,1
Nurlan Baitursyn,2
Daniyar Aliyev,1
Zarina Zhunusov,1
Kuanysh Esenov,5
Vadim Serikbay,3
Sultan Kara,1
Yulia Esenov,1
Ekaterina Novikov,1
Daria Dogan,1
Murat Sokolov,4
Hasan Bolat,5
Askar Serikbay,3
Tomiris Ermek,5
Adil Baitursyn,1
Igor Kara,1
Asel Sahin,5
Yulia Ermek,1
Aizhan Mukanov,1
Anel Tashkenov,1
Aizhan Karimov,2
Ruslan Suleimenov,3
Yulia Tashkenov,3
Hasan Sadykov,2
Nikita Ozturk,4
Sergey Amangeldy,1
Zhandos Aliyev,3
Nurlybek Gabdullin,1
Amir Alpysbay,4
Sabina Daulet,4
Anel Omarov,1
Rasul Smirnov,4
Ksenia Abenov,2
Zhanel Konysbay,3
Polina Kurt,1
Polina Zhunusov,2
Yulia Turgenev,5
Emre Dogan,1
Dmitry Zhaksylyk,1
Aknur Kilic,3
Kuanysh Karimov,2
Ruslan Ozturk,4
Kirill Ualiyev,3
Zhandos Yerzhanov,2
Marat Fedorov,4
Dana Turgenev,2
Nazym Suleimenov,2
Oleg Alpysbay,2
Ersultan Smirnov,2
Hasan Bolat,3
Bauyrzhan Daulet,1
Gulnaz Sadykov,3
Elena Celik,2
Miras Kurt,3
Daria Kassym,2
Nurzhan Dogan,1
Ece Aliyev,5
Sanzhar Celik,3
Aknur Tashkenov,2
Oleg Aliyev,2
Dana Daulet,1
Maria Suleimenov,1
Sabina Kassym,3
Emre Aslan,1
Akbota Aliyev,2
Sanzhar Zhaksylyk,2
Laura Sagyndyk,3
Maxim Ibrayev,1
Laura Arslan,5
Ersultan Kuznetsov,1
Alina Kassym,1
Gaukhar Sagyndyk,2
Olzhas Karimov,3
Yulia Kara,1
Sanzhar Lebedev,2
Symbat Dogan,3
Laura Bolat,2
Derya Turgenev,2
Islam Abenov,1
Kairat Petrov,4
Karina Kassym,2
Nazerke Sahin,3
Yerbol Yilmaz,2
Arman Petrov,3
Serik Kara,1
Amir Baitursyn,2
Nazerke Yerzhanov,4
Kamila Orazov,5
Temirlan Zhunusov,2
Sofia Demir,2
Alibek Yerzhanov,2
Irina Zhaksylyk,5
Tatiana Gabdullin,5
Igor Yerzhanov,3
Ruslan Nurgaliyev,1
Sergey Kudaibergen,3
Elif Assanov,1
Sofia Volkov,5
Yerlan Volkov,1
Roman Sagyndyk,2
Talgat Turgenev,1
Ersultan Tashkenov,2
Aizhan Amangeldy,2
Nurlan Yilmaz,4
Elif Kudaibergen,3
Vadim Alpysbay,3
Serik Lebedev,2
Miras Zhumabek,4
Maria Alpysbay,5
Aliya Esenov,3
Kerem Kara,2
Ainur Abdirov,4
Maria Rakhimov,1
Meruyert Celik,3
Anel Dogan,1
Denis Cetin,1
Olga Popov,2
Kairat Popov,1
Hasan Konysbay,2
Gaukhar Makhmud,1
Yerbol Dogan,4
Serik Kuznetsov,2
Emre Dauletov,3
Zarina Aliyev,1
Aisha Ermek,4
Islam Petrov,2
Baris Sokolov,2
Polina Celik,2
Timur Gabdullin,2
Talgat Assanov,4
Maxim Cetin,1
Symbat Kara,3
Roman Volkov,1
Zhandos Abenov,2
Elnur Bekov,1
Rauan Aslan,2
Layla Karimov,1
Daria Ermek,2
Artem Musin,4
Balzhan Akhmetov,2
Alina Kaliyev,3
Ksenia Akhmetov,2
Omar Ivanov,4
Igor Temirov,2
Anna Ibrayev,5
Sofia Ermek,3
Adil Baiseitov,1
Emre Kilic,4
Dmitry Kudaibergen,2
Zeynep Kaya,2
Hasan Bolat,4
Dinara Tleubek,1
Elnur Musin,4
Denis Konysbay,1
Azamat Iskakov,2
Arman Arslan,1
Zhanar Jumabek,5
Ekaterina Ualiyev,4
Nazym Nurgaliyev,1
Adil Tleubek,3
Zhanar Sahin,4
Timur Aliyev,2
Nazym Ivanov,2
Madina Ibrayev,2
Tolga Shakenov,1
Olzhas Arslan,4
Maxim Bolat,2
Aigul Petrov,1
Kirill Dauletov,1
Madina Gabdullin,2
Rasul Temirov,1
Nikita Ualiyev,4
Anna Musin,4
Zhanar Lebedev,5
Islam Orazov,2
Zhanel Suleimenov,1
Omar Abenov,1
Zhansaya Karimov,5
Ainur Popov,4
Alisa Daulet,2
Ruslan Kurmanov,4
Serik Arslan,2
Azamat Volkov,1
Yerbol Yilmaz,3
Maxim Mikhailov,2
Bekzat Makhmud,5
Emre Zhumabek,1
Dana Yerzhanov,4
Maria Kudaibergen,3
Zarina Ozturk,1
Elena Petrov,2
Irina Volkov,1
Rauan Dauletov,2
Serik Popov,4
Derya Ibrayev,1
Amir Demir,3
Askar Fedorov,3
Anel Arslan,2
Yerbol Popov,1
Zarina Shakenov,1
Vlad Kaliyev,3
Maxim Makhmud,3
Sergey Orazov,2
Yulia Yilmaz,2
Anna Morozov,1
Alina Kara,1
Laura Mukanov,3
Aliya Mukanov,3
Kuanysh Tashkenov,4
Asel Mikhailov,5
Kamila Sahin,5
Bekzat Baitursyn,4
Gulnaz Abdirov,2
Omar Baiseitov,1
Olzhas Yerzhanov,1
Andrey Amangeldy,1
Olzhas Jumabek,4
Yernar Esenov,2
Laura Baitursyn,3
Madina Ivanov,1
Aigerim Lebedev,3
Zhanar Volkov,3
Dinara Dauletov,3
Kuanysh Ualiyev,3
Karina Popov,1
Selin Sahin,5
Zeynep Ivanov,5
Selin Popov,2
Balzhan Aliyev,3
Zhanar Baiseitov,5
Aknur Abenov,3
Amir Popov,4
Yulia Assanov,5
Serik Lebedev,3
Zhanel Mukanov,4
Ruslan Celik,1
Tatiana Alpysbay,5
Islam Petrov,3
Polina Baitursyn,4
Tomiris Popov,2
Zhanar Dogan,3
Asel Amangeldy,2
Layla Omarov,4
Nazerke Ivanov,4
Dinara Serikbay,5
Hasan Rakhimov,2
Kerem Kassym,3
Nurlybek Nurgaliyev,1
Talgat Mikhailov,1
Bauyrzhan Fedorov,4
Zhansaya Jumabek,1
Bauyrzhan Cetin,4
Zhansaya Bekov,3
Sergey Kurmanov,4
Zhanel Gabdullin,1
Nur Kilic,5
Andrey Sahin,4
Zhuldyz Assanov,1
Pavel Makhmud,4
Maria Mikhailov,4
Anton Kara,1
Denis Demir,1
Baris Suleimenov,2
Zhanar Abdirov,1
Elif Karimov,1
Zhanna Novikov,2
Meruyert Ualiyev,1
Andrey Yilmaz,3
Nurlybek Kassym,3
Anton Ozturk,2
Murat Jumabek,3
Ilyas Musin,2
Alibek Ermek,1
Bauyrzhan Kuznetsov,3
Serik Gabdullin,2
Alina Daulet,2
Talgat Turgenev,3
Serik Amangeldy,4
Olzhas Sagyndyk,3
Zarina Sokolov,3
Aliya Assanov,1
Aknur Sagyndyk,2
Maria Kuznetsov,2
Zeynep Amangeldy,3
Nurzhan Akhmetov,2
Madina Serikbay,3
Madina Ivanov,3
Alibek Morozov,1
Aisha Musin,4
Symbat Orazov,2
Anel Kara,1
Sultan Lebedev,4
Rasul Bolat,3
Gaukhar Aslan,5
Timur Abenov,4
Timur Yerzhanov,1
Nurlybek Bekov,2
Nur Nurgaliyev,4
Bekzat Jumabek,1
Anna Sadykov,3
Rauan Yilmaz,3
Tolga Yilmaz,2
Kairat Omarov,2
Aigul Musin,1
Ruslan Kaya,1
Vera Arslan,3
Asel Shakenov,1
Murat Fedorov,1
Talgat Kara,3
Elif Akhmetov,4
Daria Zhunusov,3
Yulia Bolat,4
Miras Karimov,1
Sofia Bolat,5
Nurzhan Shakenov,5
Nazerke Novikov,2
Vera Tleubek,2
Daria Nurgaliyev,2
Asel Cetin,2
Madina Kassym,2
Laura Iskakov,2
Ainur Rakhimov,3
Aruzhan Musin,4
Polina Bolat,2
Meruyert Amangeldy,2
Madina Tashkenov,3
Sultan Daulet,3
Asel Novikov,3
Zhanel Baitursyn,4
Aliya Mikhailov,1
Elnur Kuznetsov,1
Balzhan Jumabek,5
Zarina Rakhimov,1
Tomiris Ualiyev,1
Adil Celik,2
Dmitry Musin,5
Aigul Kurt,3
Milana Kudaibergen,1
Dias Kilic,5
Sanzhar Celik,1
Zhanar Kilic,2
Gaukhar Karimov,2
Denis Popov,3
Alina Kilic,2
Vlad Yilmaz,2
Ece Gabdullin,5
Nurlan Mikhailov,4
Bauyrzhan Dauletov,1
Nur Volkov,1
Olga Ozturk,2
Rasul Kuznetsov,1
Roman Kilic,2
Askar Omarov,1
Emre Abenov,4
Kirill Ozturk,4
Islam Volkov,3
Anel Shakenov,3
Kuanysh Sadykov,3
Askar Nurgaliyev,5
Layla Musin,1
Yernar Abenov,3
Zhandos Kurt,4
Dias Aliyev,3
Dinara Koc,3
Rasul Yilmaz,4
Aigul Suleimenov,2
Sergey Mikhailov,2
Timur Nurgaliyev,3
Yerlan Sokolov,3
Aknur Zhunusov,2
Kamila Suleimenov,4
Nikita Cetin,2
Pavel Kurmanov,5
Ksenia Celik,1
Meruyert Volkov,1
Vera Iskakov,2
Rasul Tashkenov,1
Elif Tleubek,2
Selin Serikbay,3
Oleg Morozov,2
Adil Zhumabek,1
Maxim Aliyev,3
Zhanel Abdirov,4
Denis Temirov,1
Meruyert Baitursyn,5
Aknur Zhunusov,1
Daniyar Baiseitov,1
Arman Kurmanov,3
Aknur Konysbay,3
Nazym Nurgaliyev,2
Nurlan Ermek,1
Laura Gabdullin,2
Balzhan Makhmud,5
Baris Tashkenov,3
Asel Sagyndyk,2
Madina Tashkenov,1
Aruzhan Assanov,2
Selin Sokolov,1
Hasan Ozturk,2
Aizhan Abenov,1
Selin Smirnov,1
Emre Ozturk,5
Yerbol Zhunusov,3
Asel Volkov,1
Alibek Akhmetov,1
Temirlan Aslan,5
Vera Abdirov,2
Zhansaya Abdirov,3
Kamila Aliyev,3
Elif Dauletov,1
Bekzat Kassym,1
Gulnaz Sadykov,3
Timur Bekov,4
Artem Rakhimov,5
Aizhan Nurgaliyev,5
Dias Kaliyev,1
Tolga Baiseitov,3
Yerbol Kara,4
Dinara Iskakov,4
Vlad Arslan,4
Meruyert Kaliyev,2
Ekaterina Baiseitov,5
Serik Makhmud,5
Damir Assanov,4
Irina Popov,4
Ksenia Ozturk,5
Madina Ermek,1
Bekzat Celik,3
Aizhan Assanov,2
Nazym Sagyndyk,2
Aigerim Ibrayev,1
Daria Zhumabek,3
Vlad Tleubek,4
Karina Volkov,4
Maria Sagyndyk,2
Meruyert Musin,5
Aliya Demir,5
Laura Abdirov,3
Islam Zhunusov,1
Igor Cetin,2
Irina Jumabek,2
Olga Ermek,2
Elif Amangeldy,1
Timur Ivanov,4
Dinara Shakenov,2
Ilyas Sokolov,2
Milana Koc,2
Ece Karimov,1
Temirlan Esenov,4
Zhanna Baiseitov,5
Olzhas Ualiyev,3
Vadim Turgenev,3
Vlad Turgenev,4
Elnur Popov,1
Amir Assanov,3
Kairat Mukanov,2
Sofia Morozov,4
Oleg Zhumabek,4
Arman Zhumabek,4
Sergey Esenov,3
Adil Cetin,2
Karina Bolat,2
Kamila Mukanov,1
Yerbol Ualiyev,3
Amir Orazov,1
Nikita Mikhailov,1
Ersultan Abenov,2
Gulnaz Omarov,2
Nikita Jumabek,5
Laura Suleimenov,2
Dana Daulet,4
Gulnaz Yerzhanov,3
Denis Kaliyev,1
Balzhan Konysbay,1
Balzhan Ualiyev,3
Olga Shakenov,5
Aruzhan Celik,4
Dinara Zhunusov,2
Milana Kurt,5
Bauyrzhan Morozov,2
Gulnaz Esenov,2
Adil Kuznetsov,4
Dinara Zhunusov,2
Zeynep Ibrayev,5
Milana Amangeldy,3
Islam Kudaibergen,3
Kuanysh Esenov,4
Ekaterina Karimov,2
Azamat Assanov,5
Elena Abdirov,2
Ksenia Kaya,3
Aisha Abenov,3
Zhansaya Kurmanov,5
Vadim Kaliyev,3
Zhanel Kara,5
Nurlan Mukanov,3
Murat Kassym,1
Yerbol Yerzhanov,5
Madina Akhmetov,3
Meruyert Mukanov,1
Nikita Sadykov,1
Talgat Zhunusov,2
Aruzhan Tleubek,5
Emre Abdirov,3
Kairat Kudaibergen,1
Oleg Tashkenov,3
Timur Kuznetsov,4
Nurlan Ualiyev,1
Yernar Zhunusov,5
Polina Karimov,3
Alina Smirnov,3
Aruzhan Koc,1
Gaukhar Fedorov,3
Nurzhan Lebedev,4
Zeynep Aslan,5
Amir Abdirov,1
Baris Sagyndyk,5
Zhanna Mikhailov,4
Madina Serikbay,1
Marat Ermek,4
Olga Zhunusov,1
Aigul Sahin,3
Roman Baitursyn,1
Nazym Ibrayev,3
Akbota Baiseitov,4
Vadim Mukanov,5
Aisha Bolat,3
Aigerim Akhmetov,3
Artem Bekov,3
Nazym Kuznetsov,2
Yerlan Tleubek,2
Bekzat Musin,1
Aigerim Popov,4
Artem Kassym,3
Ilyas Demir,1
Timur Makhmud,2
Sabina Kurt,4
Selin Alpysbay,2
Madina Kassym,1
Alisa Akhmetov,1
Ekaterina Sagyndyk,4
Gaukhar Ermek,1
Ruslan Baitursyn,2
Vlad Kilic,1
Saltanat Musin,1
Zhanar Mikhailov,1
Amir Temirov,3
Denis Bekov,2
Yulia Abdirov,5
Tomiris Karimov,1
Akbota Bekov,1
Alina Novikov,4
Ainur Musin,3
Anel Ermek,2
Damir Tleubek,4
Sergey Abenov,2
Zhuldyz Karimov,1
Maria Tleubek,1
Aliya Makhmud,3
Kerem Aliyev,1
Gaukhar Esenov,3
Amir Yerzhanov,2
Daria Daulet,3
Yerlan Jumabek,2
Kairat Fedorov,3
Kirill Mukanov,5
Aigerim Bolat,3
Zhanel Zhaksylyk,3
Nurzhan Kurmanov,1
Rauan Petrov,1
Nikita Makhmud,1
Balzhan Abdirov,1
Elnur Rakhimov,3
Zhansaya Ozturk,2
Irina Bolat,1
Olzhas Aliyev,1
Saltanat Ozturk,1
Daria Baitursyn,1
Pavel Fedorov,3
Nikita Ivanov,2
Azamat Suleimenov,1
Elena Zhaksylyk,3
Dana Baitursyn,5
Polina Volkov,3
Omar Omarov,1
Symbat Cetin,3
Tolga Baiseitov,5
Yernar Baiseitov,2
Symbat Tleubek,2
Denis Kilic,1
Sergey Petrov,3
Nazym Ibrayev,2
Baris Iskakov,1
Bauyrzhan Bolat,1
Emre Bolat,1
Rasul Ozturk,3
Baris Amangeldy,1
Vlad Baiseitov,2
Azamat Daulet,1
Dinara Kurt,2
Olzhas Zhaksylyk,1
Maria Konysbay,4
Alibek Morozov,3
Aizhan Baiseitov,4
Bauyrzhan Amangeldy,5
Andrey Kara,2
Elnur Kassym,3
Ksenia Suleimenov,1
Zhandos Zhaksylyk,4
Alina Suleimenov,2
Olga Shakenov,5
Omar Orazov,5
Zhanel Suleimenov,1
Tatiana Turgenev,3
Yernar Kurmanov,1
Sofia Arslan,4
Aruzhan Alpysbay,2
Adil Esenov,1
Amir Volkov,4
Denis Zhaksylyk,2
Nikita Novikov,1
Alina Kurmanov,3
Andrey Dogan,1
Nazerke Nurgaliyev,3
Emre Turgenev,2
Zhuldyz Esenov,5
Tomiris Kurt,4
Temirlan Novikov,2
Irina Omarov,1
Ersultan Volkov,1
Baris Mukanov,1
Alina Shakenov,2
Yernar Akhmetov,1
Yulia Daulet,2
Serik Baiseitov,2
Daria Celik,1
Anel Demir,3
Bekzat Mikhailov,3
Amir Tleubek,1
Saltanat Kaliyev,2
Tolga Amangeldy,5
Zhuldyz Demir,3
Aliya Sagyndyk,2
Pavel Sahin,2
Temirlan Ualiyev,4
Zhandos Kaya,3
Ece Popov,1
Maxim Iskakov,2
Vera Tleubek,4
Nazym Zhunusov,2
Vlad Ozturk,1
Maxim Morozov,4
Milana Akhmetov,2
Daria Zhaksylyk,1
Olga Assanov,5
Laura Tleubek,1
Islam Amangeldy,1
Daria Tleubek,1
Maria Gabdullin,5
Omar Karimov,4
Zhuldyz Suleimenov,1
Bauyrzhan Alpysbay,5
Roman Makhmud,4
Anna Sokolov,2
Saltanat Shakenov,4
Elena Alpysbay,3
Kirill Morozov,1
Polina Iskakov,4
Sabina Abdirov,1
Rasul Kaliyev,1
Polina Baiseitov,1
Yulia Ivanov,2
Bekzat Kaya,2
Temirlan Esenov,4
Asel Yilmaz,2
Kerem Assanov,2
Bekzat Kudaibergen,3
Derya Shakenov,1
Yernar Daulet,4
Adil Tleubek,3
Sergey Nurgaliyev,3
Tatiana Daulet,1
Ece Yerzhanov,2
Zhanar Aliyev,1
Symbat Kaya,4
Arman Lebedev,2
Kerem Sadykov,1
Rauan Yerzhanov,2
Laura Alpysbay,2
Milana Kudaibergen,3
Tatiana Fedorov,3
Zeynep Mikhailov,5
Rasul Nurgaliyev,2
Ece Kurmanov,3
Vera Jumabek,3
Olzhas Sahin,1
Ainur Zhunusov,1
Murat Rakhimov,2
Karina Mukanov,4
Zarina Morozov,1
Adil Musin,1
Sanzhar Alpysbay,2
Temirlan Kuznetsov,4
Ece Ualiyev,1
Tatiana Assanov,4
Nikita Amangeldy,3
Sergey Esenov,3
Adil Konysbay,4
Aruzhan Akhmetov,3
Zhanel Demir,4
Milana Aliyev,1
Gulnaz Cetin,3
Ersultan Kara,2
Ilyas Kassym,2
Temirlan Esenov,2
Azamat Arslan,4
Zeynep Kaliyev,1
Nur Kara,4
Damir Dauletov,3
Vlad Volkov,1
Rasul Kurt,2
Gaukhar Yilmaz,4
Aisha Omarov,1
Nur Baiseitov,2
Kerem Orazov,3
Olga Sadykov,3
Yernar Abdirov,5
Daniyar Volkov,1
Marat Kudaibergen,2
Layla Sagyndyk,1
Dmitry Akhmetov,3
Denis Kudaibergen,2
Anna Celik,4
Yulia Mukanov,2
Madina Serikbay,1
Yerlan Bekov,1
Layla Ibrayev,1
Temirlan Popov,3
Derya Musin,3
Anton Kaya,5
Maria Omarov,5
Omar Lebedev,2
Nurlan Aliyev,3
Elena Bekov,1
Maria Morozov,1
Arman Amangeldy,3
Sabina Yilmaz,2
Zhanna Makhmud,3
Temirlan Temirov,1
Igor Yerzhanov,3
Bauyrzhan Volkov,3
Laura Assanov,3
Murat Musin,2
Aisha Kurt,3
Zeynep Kuznetsov,5
Elena Zhaksylyk,2
Zhansaya Ermek,5
Zhanar Ualiyev,1
Laura Karimov,1
Asel Aslan,3
Tomiris Kilic,5
Tomiris Kurt,3
Layla Lebedev,2
Zeynep Alpysbay,5
Yernar Lebedev,1
Derya Tashkenov,4
Artem Assanov,2
Ksenia Turgenev,3
Alina Dogan,5
Anton Yerzhanov,1
Yerlan Sahin,2
Roman Smirnov,4
Nikita Kudaibergen,3
Serik Kuznetsov,2
Akbota Smirnov,4
Elif Sahin,2
Zhanar Mikhailov,2
Bekzat Akhmetov,2
Murat Popov,1
Denis Turgenev,4
Rasul Demir,2
Daria Kudaibergen,4
Aruzhan Demir,3
Maxim Temirov,1
Hasan Baitursyn,3
Vera Kudaibergen,1
Tolga Demir,4
Ruslan Iskakov,1
Rauan Zhumabek,1
Kirill Akhmetov,5
Ersultan Novikov,4
Kuanysh Baitursyn,3
Aigul Popov,2
Aigul Kuznetsov,4
Sanzhar Volkov,1
Elif Alpysbay,1
Marat Shakenov,3
Igor Ualiyev,3
Igor Suleimenov,1
Gulnaz Yerzhanov,2
Sofia Abenov,1
Zhanna Sagyndyk,3
Dinara Daulet,4
Meruyert Zhunusov,1
Alina Popov,3
Aigerim Zhumabek,1
Ruslan Tleubek,5
Daria Arslan,3
Azamat Cetin,3
Ekaterina Kuznetsov,4
Elif Alpysbay,4
Askar Kilic,3
Serik Alpysbay,1
Irina Nurgaliyev,2
Serik Bolat,3
Gaukhar Abenov,1
Elena Novikov,5
Milana Kara,3
Ece Orazov,2
Madina Kara,3
Miras Mikhailov,2
Tolga Sadykov,2
Miras Shakenov,3
Milana Makhmud,3
Timur Akhmetov,5
Balzhan Makhmud,5
Artem Kudaibergen,1
Aigul Kassym,1
Milana Morozov,2
Gaukhar Novikov,1
Layla Turgenev,3
Adil Kaya,1
Yerlan Suleimenov,1
Sabina Rakhimov,3
Layla Celik,2
Daniyar Makhmud,1
Sanzhar Abenov,3
Karina Smirnov,3
Oleg Jumabek,1
Amir Tashkenov,3
Elena Suleimenov,2
Nazym Mikhailov,3
Sultan Assanov,3
Vlad Daulet,5
Kairat Musin,3
Kamila Kaliyev,1
Madina Makhmud,1
Aigerim Abdirov,4
Yerlan Rakhimov,4
Tomiris Tleubek,4
Ekaterina Ualiyev,3
Arman Bekov,3
Akbota Suleimenov,1
Aruzhan Iskakov,3
Karina Zhunusov,1
Arman Akhmetov,1
Nazerke Yilmaz,3
Igor Tleubek,4
Aliya Yilmaz,3
Derya Jumabek,1
Miras Petrov,2
Rasul Ivanov,1
Oleg Yilmaz,1
Aizhan Zhumabek,1
Vera Zhunusov,2
Saltanat Popov,5
Yernar Kurt,1
Asel Mikhailov,3
Sanzhar Demir,1
Nazym Celik,3
Laura Kuznetsov,5
Yulia Novikov,2
Ekaterina Popov,1
Askar Yerzhanov,5
Kairat Aslan,2
Murat Yerzhanov,2
Aisha Karimov,3
Irina Morozov,3
Anton Zhumabek,1
Gulnaz Bekov,3
Ersultan Dogan,3
Amir Celik,3
Aizhan Kaliyev,5
Daniyar Sahin,3
Ksenia Popov,1
Maxim Petrov,2
Bauyrzhan Tashkenov,2
Bauyrzhan Kassym,1
Nurlybek Volkov,3
Nikita Akhmetov,1
Serik Omarov,5
Igor Volkov,1
Zhanar Akhmetov,4
Oleg Tleubek,2
Yerlan Iskakov,5
Yernar Akhmetov,3
Tolga Zhunusov,4
Nazerke Baitursyn,4
Askar Kara,2
Aizhan Ibrayev,3
Alina Tleubek,3
Meruyert Sahin,3
Zhandos Makhmud,4
Gaukhar Nurgaliyev,5
Dias Ozturk,1
Zhansaya Mikhailov,1
Nurlan Ualiyev,1
Sergey Ozturk,3
Madina Lebedev,3
Kirill Abdirov,3
Alibek Makhmud,1
Elif Ualiyev,2
Ksenia Lebedev,1
Daniyar Bolat,1
Yernar Esenov,2
Sabina Ualiyev,4
Arman Kilic,3
Kerem Ualiyev,5
Alisa Alpysbay,2
Nazerke Baiseitov,1
Nikita Akhmetov,2
Adil Daulet,2
Nazym Serikbay,3
Pavel Musin,3
Nurzhan Orazov,4
Tomiris Assanov,1
Talgat Morozov,3
Aliya Demir,4
Kairat Celik,2
Zeynep Zhunusov,2
Olga Omarov,3
Andrey Alpysbay,3
Akbota Novikov,4
Marat Mikhailov,1
Zhuldyz Serikbay,2
Madina Popov,1
Sofia Zhaksylyk,1
Bekzat Smirnov,1
Symbat Ualiyev,2
Murat Abenov,3
Nikita Kuznetsov,3
Emre Zhunusov,3
Alisa Kara,3
Talgat Ermek,2
Layla Assanov,2
Maxim Ibrayev,4
Oleg Cetin,3
Symbat Akhmetov,4
Aigerim Cetin,2
Marat Zhaksylyk,1
Olga Dauletov,1
Milana Ozturk,3
Nur Makhmud,5
Igor Zhaksylyk,4
Zhandos Novikov,5
Anna Kaliyev,5
Elena Zhaksylyk,3
Karina Demir,2
Temirlan Ualiyev,1
Sofia Volkov,2
Derya Ozturk,2
Vlad Konysbay,1
Ersultan Abdirov,2
Bauyrzhan Ivanov,1
Aigerim Tashkenov,2
Zhanar Ibrayev,1
Aruzhan Cetin,2
Zhansaya Kaliyev,3
Igor Kara,3
Alina Shakenov,4
Temirlan Kara,2
Polina Celik,3
Gaukhar Bekov,3
Hasan Assanov,4
Nurlan Dogan,1
Sultan Koc,4
Kerem Abdirov,3
Daniyar Yilmaz,3
Vadim Akhmetov,3
Bauyrzhan Kara,3
Arman Sagyndyk,4
Denis Morozov,2
Bauyrzhan Ualiyev,3
Zhandos Petrov,3
Islam Ozturk,2
Vera Omarov,3
Aizhan Bekov,3
Emre Gabdullin,5
Nikita Akhmetov,2
Nurlybek Cetin,2
Yulia Ivanov,4
Murat Abenov,2
Irina Jumabek,3
Maxim Koc,1
Zhanna Serikbay,5
Dias Assanov,1
Dinara Abdirov,4
Irina Tashkenov,4
Zhandos Rakhimov,3
Rauan Kaya,2
Zhandos Aliyev,2
Meruyert Yilmaz,1
Zhansaya Aslan,1
Zeynep Smirnov,5
Kuanysh Tleubek,5
Balzhan Novikov,4
Kuanysh Popov,5
Maxim Kaliyev,3
Azamat Kara,3
Kirill Daulet,5
Dias Abdirov,2
Nikita Novikov,2
Igor Assanov,3
Azamat Kassym,5
Asel Ozturk,5
Sofia Daulet,3
Ersultan Karimov,4
Zhanel Sahin,2
Dinara Kurmanov,2
Nazym Esenov,2
Temirlan Serikbay,3
Nazerke Iskakov,1
Kuanysh Aslan,1
Tatiana Makhmud,2
Anel Kilic,3
Saltanat Sagyndyk,3
Kuanysh Kaya,2
Olzhas Smirnov,2
Aigul Baiseitov,4
Zhanar Bolat,3
Daria Daulet,2
Aigerim Demir,3
Olga Shakenov,5
Kirill Aslan,4
Polina Nurgaliyev,1
Akbota Turgenev,4
Bekzat Sagyndyk,1
Sergey Akhmetov,3
Dmitry Amangeldy,3
Olzhas Tashkenov,3
Aigerim Amangeldy,5
Miras Zhumabek,3
Symbat Demir,1
Murat Arslan,5
Yulia Suleimenov,2
Kuanysh Karimov,3
Timur Kassym,2
Anel Sahin,3
Kerem Konysbay,4
Aliya Baiseitov,2
Nurlan Daulet,5
Kirill Yilmaz,2
Kuanysh Kurt,1
Rauan Sahin,3
Hasan Bolat,2
Dmitry Zhumabek,4
Anna Makhmud,4
Zhanar Kaliyev,2
Aruzhan Sokolov,1
Emre Kara,3
Oleg Serikbay,1
Damir Amangeldy,1
Aigerim Kaliyev,4
Selin Omarov,2
Bauyrzhan Smirnov,2
Baris Baiseitov,3
Ilyas Tashkenov,1
Omar Ozturk,2
Karina Serikbay,5
Aknur Arslan,1
Elena Morozov,4
Amir Yerzhanov,1
Marat Sokolov,1
Alisa Kuznetsov,3
Askar Volkov,3
Alisa Musin,2
Anna Kilic,3
Kuanysh Konysbay,5
Nazym Popov,4
Omar Arslan,1
Sanzhar Temirov,5
Asel Ozturk,1
Elena Petrov,3
Ainur Demir,1
Roman Mukanov,2
Islam Petrov,4
Zhansaya Novikov,1
Olzhas Baitursyn,2
Ekaterina Bolat,2
Aliya Demir,1
Elnur Smirnov,2
Alisa Karimov,3
Baris Kara,2
Artem Yilmaz,1
Nikita Kaya,2
Adil Omarov,2
Rauan Zhunusov,1
Zeynep Temirov,2
Pavel Kurmanov,4
Ekaterina Volkov,1
Sergey Yerzhanov,5
Daniyar Kurt,1
Oleg Omarov,3
Olga Kaliyev,1
Dana Turgenev,3
Murat Serikbay,2
Bauyrzhan Kuznetsov,1
Dmitry Kurt,3
Anel Kaya,2
Rasul Celik,1
Vera Kara,4
Zhuldyz Alpysbay,2
Vadim Iskakov,2
Nur Ibrayev,5
Baris Kurt,3
Roman Yerzhanov,4
Elif Aslan,2
Maria Serikbay,5
Gaukhar Daulet,5
Bauyrzhan Zhumabek,3
Bauyrzhan Kaliyev,3
Bauyrzhan Cetin,2
Sultan Kara,2
Elnur Morozov,4
Serik Makhmud,1
Dana Temirov,2
Damir Suleimenov,2
Gaukhar Kaliyev,1
Asel Popov,2
Anel Sahin,1
Baris Karimov,4
Selin Cetin,1
Yernar Arslan,3
Alisa Bolat,2
Aliya Yilmaz,2
Sultan Kaliyev,1
Roman Zhaksylyk,3
Elena Aslan,2
Nikita Bolat,3
Serik Baiseitov,4
Vadim Karimov,4
Damir Kara,5
Alina Mikhailov,3
Daniyar Sadykov,3
Adil Kurt,3
Elnur Sokolov,3
Olzhas Sadykov,4
Islam Arslan,2
Yerbol Temirov,1
Alisa Esenov,5
Sabina Zhaksylyk,1
Bekzat Shakenov,2
Layla Kurt,3
Alisa Demir,2
Omar Tleubek,3
Maria Arslan,4
Anna Aliyev,1
Nazym Ivanov,2
Timur Fedorov,3
Azamat Arslan,3
Rauan Kudaibergen,1
Zhansaya Tleubek,3
Zhansaya Morozov,2
Polina Musin,3
Balzhan Abdirov,2
Vera Ualiyev,2
Elif Daulet,1
Rasul Amangeldy,3
Kirill Volkov,1
Laura Dogan,4
Yulia Petrov,2
Omar Kara,5
Aigerim Zhunusov,4
Sabina Rakhimov,1
Ruslan Konysbay,5
Olzhas Yerzhanov,2
Olga Popov,2
Kamila Orazov,5
Yerbol Demir,4
Madina Gabdullin,3
Ersultan Kudaibergen,5
Zhansaya Orazov,2
Azamat Kurmanov,2
Kuanysh Bekov,1
Nazerke Kurmanov,3
Irina Ermek,2
Timur Aliyev,3
Arman Daulet,3
Pavel Kurmanov,1
Aigul Volkov,3
Tolga Tleubek,3
Vadim Lebedev,4
Olzhas Novikov,4
Roman Kudaibergen,1
Vlad Volkov,2
Dmitry Aslan,5
Alina Kuznetsov,1
Dmitry Dogan,3
Polina Karimov,1
Yernar Demir,3
Irina Esenov,3
Aisha Turgenev,3
Ksenia Sokolov,1
Alina Amangeldy,5
Omar Celik,3
Anna Ualiyev,1
Irina Sokolov,3
Rasul Sagyndyk,4
Timur Kurt,5
Derya Temirov,3
Baris Sagyndyk,3
Oleg Ermek,2
Daria Esenov,1
Balzhan Dauletov,2
Irina Kurt,4
Kairat Morozov,4
Maria Alpysbay,1
Maria Demir,1
Yulia Fedorov,2
Azamat Tleubek,1
Tomiris Ivanov,1
Anna Koc,3
Nurlan Musin,3
Rasul Cetin,1
Bekzat Ualiyev,4
Tolga Dogan,2
Serik Bolat,1
Oleg Ibrayev,2
Tomiris Musin,4
Anton Zhunusov,2
Elena Serikbay,5
Gaukhar Kurmanov,2
Alina Iskakov,4
Vadim Dauletov,1
Bauyrzhan Esenov,3
Gaukhar Akhmetov,3
Madina Daulet,2
Dinara Yilmaz,4
Selin Morozov,2
Zhanel Amangeldy,4
Sofia Makhmud,1
Aigul Dauletov,1
Layla Zhunusov,2
Pavel Zhaksylyk,3
Ece Zhumabek,1
Artem Arslan,1
Aruzhan Smirnov,3
Sanzhar Morozov,3
Kairat Popov,2
Islam Alpysbay,3
Temirlan Omarov,1
Zarina Makhmud,2
Alina Dauletov,1
Nurzhan Suleimenov,2
Layla Assanov,5
Maxim Demir,2
Aknur Petrov,5
Gulnaz Rakhimov,4
Tomiris Ivanov,3
Nurzhan Gabdullin,4
Selin Lebedev,5
Islam Kara,3
Azamat Koc,1
Emre Novikov,1
Sofia Kaliyev,3
Olzhas Gabdullin,1
Maxim Karimov,5
Alisa Volkov,3
Nikita Mukanov,3
Yerlan Arslan,4
Sergey Iskakov,3
Murat Baiseitov,1
Gaukhar Koc,1
Aigul Makhmud,4
Murat Musin,2
Nurlan Rakhimov,4
Vadim Cetin,1
Talgat Cetin,3
Zhanel Novikov,5
Derya Esenov,1
Nurlan Yerzhanov,5
Aruzhan Omarov,4
Vlad Ibrayev,1
Olzhas Ibrayev,2
Nurzhan Fedorov,3
Laura Karimov,2
Kairat Novikov,2
Sultan Kurt,1
Tatiana Zhumabek,4
Dana Koc,4
Meruyert Arslan,1
Zhanar Turgenev,3
Milana Zhaksylyk,1
Roman Sagyndyk,3
Marat Petrov,4
Anna Popov,2
Denis Orazov,3
Marat Bolat,2
Polina Iskakov,3
Islam Zhaksylyk,5
Zhandos Popov,1
Sabina Kara,1
Nazerke Sokolov,2
Yulia Kilic,2
Yernar Serikbay,3
Alibek Iskakov,3
Baris Abenov,4
Maria Sagyndyk,2
Akbota Kilic,1
Oleg Mikhailov,1
Sultan Lebedev,4
Aigerim Esenov,1
Daria Yerzhanov,1
Sabina Dauletov,2
Vadim Koc,3
Alina Morozov,4
Sergey Kurmanov,4
Anel Kurmanov,1
Meruyert Amangeldy,3
Igor Musin,2
Akbota Ibrayev,3
Zeynep Tleubek,3
Saltanat Lebedev,1
Kairat Ibrayev,3
Aliya Lebedev,3
Ksenia Serikbay,1
Nur Tashkenov,2
Zhanar Ozturk,5
Roman Abdirov,2
Zeynep Shakenov,3
Pavel Akhmetov,1
Ekaterina Akhmetov,1
Islam Shakenov,4
Arman Ualiyev,3
Sultan Baitursyn,3
Igor Aslan,1
Ece Sahin,3
Damir Baitursyn,1
Sofia Mikhailov,5
Zhanna Kilic,3
Nurlan Smirnov,1
Nurlan Dauletov,1
Arman Karimov,2
Damir Petrov,1
Aizhan Cetin,4
Karina Gabdullin,5
Aliya Yilmaz,2
Bekzat Sagyndyk,3
Amir Kurmanov,5
Temirlan Kudaibergen,2
Vadim Fedorov,1
Baris Nurgaliyev,3
Talgat Koc,2
Hasan Rakhimov,2
Roman Ermek,2
Zhanna Omarov,3
Yernar Ermek,4
Zhanna Sadykov,4
Islam Daulet,2
Azamat Mikhailov,3
Aigerim Petrov,3
Sabina Ibrayev,3
Ekaterina Dauletov,2
Zhanar Zhaksylyk,3
Maxim Mikhailov,2
Yerlan Akhmetov,1
Anna Musin,3
Yulia Fedorov,1
Laura Volkov,3
Zeynep Morozov,3
Pavel Iskakov,4
Amir Morozov,3
Akbota Daulet,5
Zhansaya Iskakov,4
Irina Mukanov,5
Denis Karimov,1
Marat Dogan,3
Zeynep Assanov,3
Aliya Iskakov,5
Elena Tashkenov,4
Tomiris Novikov,3
Emre Musin,3
Temirlan Ozturk,3
Olga Aslan,2
Denis Jumabek,1
Anna Kudaibergen,4
Asel Tashkenov,1
Meruyert Nurgaliyev,2
Temirlan Popov,2
Yerbol Kuznetsov,1
Kamila Sagyndyk,1
Yerlan Dogan,4
Vlad Esenov,2
Nikita Bolat,2
Igor Esenov,2
Islam Mukanov,2
Hasan Assanov,4
Bauyrzhan Amangeldy,1
Islam Shakenov,2
Elif Rakhimov,5
Talgat Esenov,1
Tomiris Rakhimov,2
Alisa Ivanov,3
Denis Ozturk,5
Gaukhar Sagyndyk,3
Alibek Yerzhanov,2
Olzhas Aliyev,4
Sultan Serikbay,2
Nur Jumabek,2
Vera Sokolov,1
Adil Sadykov,2
Serik Dogan,5
Nazym Makhmud,2
Dinara Koc,2
Yernar Serikbay,3
Ksenia Koc,4
Adil Tashkenov,1
Yernar Ualiyev,2
Vera Konysbay,2
Madina Baitursyn,1
Kamila Baiseitov,1
Denis Morozov,3
Bekzat Ualiyev,3
Daria Bolat,3
Sergey Tleubek,4
Rasul Sokolov,4
Tomiris Rakhimov,3
Talgat Abdirov,2
Gulnaz Kaliyev,1
Ersultan Sokolov,1
Pavel Gabdullin,2
Pavel Zhunusov,2
Islam Mikhailov,2
Aknur Morozov,3
Miras Baitursyn,2
Bekzat Kassym,2
Aknur Zhumabek,2
Ainur Kaliyev,5
Anna Dogan,1
Dinara Kurt,2
Denis Tleubek,2
Nazym Karimov,5
Bauyrzhan Smirnov,1
Elif Sagyndyk,2
Aliya Aliyev,5
Sabina Tleubek,1
Tatiana Iskakov,3
Emre Akhmetov,1
Karina Bolat,5
Nikita Aliyev,3
Alisa Akhmetov,3
Aruzhan Mikhailov,2
Rauan Daulet,1
Serik Kaya,3
Kirill Zhaksylyk,1
Talgat Zhunusov,1
Ruslan Petrov,1
Selin Ermek,2
Aknur Lebedev,1
Elnur Yerzhanov,3
Kairat Sadykov,3
Elif Ivanov,3
Maxim Celik,2
Daniyar Rakhimov,3
Nurzhan Sagyndyk,1
Omar Koc,3
Timur Baiseitov,5
Talgat Dogan,1
Nur Koc,2
Kairat Kilic,2
Madina Mikhailov,2
Tomiris Orazov,1
Emre Celik,4
Kairat Sokolov,1
Maxim Ualiyev,4
Yulia Koc,3
Nur Shakenov,1
Akbota Zhaksylyk,1
Denis Zhunusov,4
Karina Iskakov,1
Sultan Musin,1
Aruzhan Kilic,4
Zhuldyz Musin,4
Azamat Demir,5
Amir Kara,1
Zhandos Smirnov,1
Asel Fedorov,2
Derya Konysbay,5
Askar Ozturk,3
Denis Yerzhanov,3
Selin Ivanov,2
Tatiana Popov,5
Timur Ozturk,3
Aknur Nurgaliyev,3
Laura Kurt,1
Kamila Sagyndyk,2
Aknur Iskakov,3
Alisa Musin,1
Zhansaya Arslan,3
Layla Smirnov,5
Aruzhan Popov,3
Azamat Volkov,1
Anel Temirov,4
Ruslan Kuznetsov,3
Temirlan Iskakov,4
Yerbol Kilic,3
Olga Kaya,3
Selin Musin,1
Aigul Volkov,5
Anel Aliyev,5
Alina Zhaksylyk,3
Zeynep Volkov,3
Aliya Ozturk,5
Serik Yerzhanov,2
Tatiana Sokolov,3
Islam Kassym,1
Aizhan Iskakov,1
Timur Kurmanov,1
Askar Dauletov,3
Nurlybek Bekov,2
Nurzhan Morozov,5
Nurzhan Dauletov,1
Karina Dauletov,1
Yernar Popov,4
Andrey Dogan,2
Omar Bekov,4
Daria Volkov,3
Alina Kaliyev,2
Emre Akhmetov,1
Temirlan Kassym,2
Nur Jumabek,2
Dana Musin,1
Zarina Ozturk,1
Islam Abenov,1
Bekzat Kassym,2
Maxim Kilic,3
Kairat Orazov,2
Zhandos Suleimenov,2
Zhuldyz Ozturk,1
Roman Makhmud,3
Polina Tashkenov,5
Elif Musin,3
Alina Kurmanov,4
Oleg Celik,4
Andrey Mikhailov,1
Vera Musin,2
Selin Serikbay,3
Zhansaya Fedorov,5
Elnur Smirnov,2
Selin Zhumabek,5
Laura Popov,2
Laura Zhaksylyk,3
Rasul Aslan,1
Murat Dauletov,4
Damir Kassym,2
Balzhan Novikov,3
Islam Assanov,5
Omar Sahin,5
Baris Koc,3
Nazerke Musin,3
Kirill Zhumabek,3
Irina Tleubek,1
Aisha Akhmetov,1
Derya Kuznetsov,4
Nur Shakenov,3
Islam Orazov,1
Maxim Fedorov,1
Ksenia Turgenev,3
Omar Baiseitov,4
Symbat Kassym,1
Vlad Kara,1
Pavel Shakenov,1
Pavel Fedorov,2
Rauan Kurt,1
Polina Iskakov,5
Hasan Sadykov,2
Serik Ermek,5
Derya Turgenev,3
Olga Zhaksylyk,1
Miras Kurt,4
Zhanna Iskakov,1
Timur Morozov,2
Gaukhar Fedorov,5
Pavel Demir,3
Zhanna Zhumabek,3
Bekzat Konysbay,3
Dmitry Zhumabek,3
Vadim Kudaibergen,3
Derya Dogan,2
Saltanat Amangeldy,4
Aizhan Mikhailov,3
Anna Konysbay,3
Akbota Turgenev,2
Aigul Alpysbay,1
Dana Bekov,3
Laura Abenov,1
Selin Tleubek,2
Symbat Tleubek,5
Vera Iskakov,2
Saltanat Novikov,1
Daria Ozturk,1
Rauan Zhunusov,3
Elnur Zhaksylyk,1
Milana Alpysbay,2
Laura Mikhailov,1
Omar Arslan,3
Askar Bekov,2
Nurlybek Orazov,1
Roman Baitursyn,3
Sanzhar Turgenev,5
Derya Fedorov,4
Olzhas Aslan,3
Olga Rakhimov,2
Madina Zhumabek,3
Aigerim Popov,1
Polina Rakhimov,2
Karina Sadykov,1
Hasan Aslan,3
Baris Nurgaliyev,4
Kerem Aslan,5
Kamila Dauletov,1
Askar Bekov,2
Amir Popov,1
Ersultan Koc,1
Bekzat Esenov,2
Aigul Jumabek,5
Dmitry Yerzhanov,4
Nur Musin,5
Nurzhan Akhmetov,5
Azamat Konysbay,5
Alisa Abenov,5
Alibek Lebedev,4
Rasul Nurgaliyev,3
Nazerke Arslan,2
Ksenia Ermek,3
Damir Assanov,4
Madina Arslan,1
Emre Iskakov,2
Alisa Shakenov,1
Irina Lebedev,3
Kamila Kurt,1
Zhanel Makhmud,2
Zhanel Ozturk,1
Kairat Koc,3
Ilyas Kassym,4
Milana Zhaksylyk,3
Dana Tashkenov,4
Alisa Arslan,2
Nurzhan Petrov,1
Islam Popov,1
Saltanat Assanov,4
Ekaterina Sagyndyk,1
Ruslan Gabdullin,2
Saltanat Kilic,5
Kerem Dogan,2
Talgat Jumabek,2
Zhuldyz Smirnov,4
Bekzat Kaya,4
Tomiris Omarov,5
Aisha Bolat,5
Andrey Shakenov,2
Ekaterina Akhmetov,1
Sofia Omarov,3
Miras Daulet,1
Zeynep Mukanov,1
Sanzhar Tashkenov,2
Daria Zhaksylyk,2
Aruzhan Akhmetov,3
Zhanel Ivanov,5
Akbota Petrov,5
Bauyrzhan Mukanov,5
Ksenia Kuznetsov,2
Talgat Ozturk,4
Vlad Omarov,2
Balzhan Kurmanov,2
Askar Popov,2
Yerbol Daulet,2
Dinara Yilmaz,3
Aigerim Rakhimov,3
Nazerke Novikov,2
Roman Abdirov,2
Tolga Kilic,5
Igor Fedorov,1
Gulnaz Baiseitov,1
Madina Nurgaliyev,3
Nur Orazov,2
Miras Alpysbay,2
Nurlan Iskakov,2
Maxim Ibrayev,3
Rauan Jumabek,1
Zhanar Daulet,1
Bauyrzhan Alpysbay,1
Ersultan Makhmud,1
Miras Sadykov,5
Ainur Kurmanov,3
Zhandos Zhumabek,5
Vera Fedorov,3
Artem Tleubek,4
Serik Abenov,3
Temirlan Tleubek,5
Sofia Zhumabek,4
Kerem Assanov,2
Yerbol Abenov,1
Vlad Dogan,4
Layla Jumabek,4
Anel Ivanov,3
Laura Volkov,1
Serik Kilic,2
Oleg Kuznetsov,5
Vera Kudaibergen,4
Symbat Mukanov,1
Talgat Abenov,2
Ksenia Lebedev,1
Maria Morozov,3
Aigul Mukanov,2
Miras Ermek,3
Meruyert Mukanov,4
Yerlan Abenov,2
Zhansaya Mikhailov,3
Tomiris Zhunusov,1
Omar Dogan,1
Gulnaz Mikhailov,5
Bekzat Bekov,5
Ersultan Iskakov,2
Kuanysh Musin,1
Zhanar Nurgaliyev,5
Aruzhan Iskakov,3
Vera Volkov,2
Aliya Bolat,3
Ilyas Alpysbay,3
Artem Konysbay,1
Ruslan Arslan,4
Ece Ivanov,4
Polina Jumabek,1
Symbat Ermek,3
Pavel Amangeldy,4
Yernar Lebedev,5
Zhanar Kurt,3
Aknur Mikhailov,2
Murat Popov,4
Artem Sahin,1
Maxim Kudaibergen,4
Zhanar Aliyev,1
Olzhas Jumabek,3
Vera Fedorov,5
Ruslan Dauletov,2
Islam Tleubek,3
Yerbol Jumabek,2
Meruyert Sadykov,3
Maxim Sadykov,2
Pavel Kaya,1
Madina Aslan,3
Hasan Daulet,1
Maria Konysbay,3
Elif Sadykov,3
Daria Orazov,2
Baris Arslan,5
Aliya Turgenev,1
Yernar Konysbay,4
Elnur Baiseitov,1
Balzhan Sokolov,1
Anel Kuznetsov,5
Milana Akhmetov,4
Sanzhar Sadykov,2
Elnur Bekov,3
Zhuldyz Aslan,4
Tolga Turgenev,3
Meruyert Cetin,1
Bauyrzhan Sokolov,2
Zhansaya Ualiyev,3
Tolga Zhunusov,2
Adil Bolat,3
Daria Ermek,1
Ece Zhumabek,3
Maxim Amangeldy,2
Aigul Akhmetov,4
Zarina Aliyev,3
Madina Arslan,3
Kerem Ivanov,1
Dmitry Kudaibergen,1
Adil Ualiyev,3
Zhuldyz Ozturk,2
Sabina Kilic,1
Milana Suleimenov,3
Ersultan Sadykov,3
Anel Musin,2
Polina Makhmud,4
Irina Rakhimov,3
Islam Kurt,2
Zhansaya Assanov,3
Akbota Yilmaz,1
Alibek Jumabek,4
Kairat Turgenev,2
Anel Assanov,4
Azamat Kuznetsov,2
Adil Novikov,5
Yulia Esenov,1
Tatiana Demir,1
Zhanel Nurgaliyev,5
Olga Novikov,2
Marat Bolat,1
Karina Fedorov,3
Damir Kassym,2
Arman Konysbay,3
Daniyar Arslan,1
Balzhan Petrov,1
Bauyrzhan Bekov,1
Symbat Arslan,2
Amir Shakenov,3
Arman Suleimenov,3
Aigerim Petrov,2
Yernar Serikbay,2
Maria Demir,1
Elena Esenov,2
Ekaterina Dauletov,3
Daria Turgenev,1
Asel Sadykov,1
Denis Abenov,3
Ruslan Makhmud,2
Miras Celik,5
Askar Shakenov,3
Dias Sahin,3
Denis Kurt,3
Maria Turgenev,2
Rasul Morozov,3
Rauan Akhmetov,5
Omar Assanov,2
Symbat Daulet,2
Adil Kurmanov,2
Saltanat Konysbay,3
Kairat Konysbay,1
Nur Kara,1
Sultan Yilmaz,1
Bekzat Turgenev,3
Zarina Alpysbay,2
Selin Musin,4
Anel Yilmaz,3
Zarina Fedorov,3
Arman Makhmud,3
Zarina Aliyev,3
Aruzhan Morozov,2
Vadim Kurmanov,4
Ksenia Zhunusov,5
Adil Demir,4
Yulia Akhmetov,3
Irina Abenov,4
Sergey Suleimenov,4
Alisa Bekov,1
Elena Fedorov,5
Olzhas Zhumabek,3
Igor Ozturk,2
Milana Mikhailov,3
Temirlan Kara,1
Gaukhar Baitursyn,3
Elena Sokolov,1
Gaukhar Popov,4
Sofia Makhmud,5
Daria Morozov,4
Timur Petrov,2
Anton Akhmetov,3
Yernar Popov,1
Kairat Jumabek,4
Serik Aliyev,2
Daria Petrov,2
Zarina Sadykov,1
Meruyert Yilmaz,1
Nur Novikov,3
Karina Kudaibergen,2
Elnur Volkov,2
Aknur Mikhailov,3
Zeynep Yerzhanov,3
Tolga Abdirov,1
Sabina Sahin,5
Serik Mukanov,4
Maria Mukanov,2
Rauan Iskakov,1
Igor Abenov,2
Oleg Kaliyev,3
Sofia Suleimenov,4
Tomiris Kara,5
Dmitry Novikov,3
Yerbol Akhmetov,3
Timur Kassym,4
Serik Kassym,3
Azamat Fedorov,5
Elena Kassym,1
Madina Karimov,1
Murat Tashkenov,3
Balzhan Cetin,2
Yulia Kilic,2
Laura Assanov,4
Hasan Fedorov,3
Kerem Kaya,3
Elif Nurgaliyev,5
Arman Kurt,3
Artem Zhunusov,1
Anna Kaya,3
Damir Serikbay,4
Igor Bolat,4
Ilyas Novikov,2
Maxim Sadykov,1
Hasan Mikhailov,3
Arman Temirov,2
Balzhan Temirov,3
Aknur Alpysbay,1
Talgat Kara,3
Kerem Temirov,2
Tolga Demir,2
Anel Daulet,1
Kamila Makhmud,1
Sabina Alpysbay,4
Oleg Sahin,1
Sanzhar Kurmanov,3
Maxim Alpysbay,2
Olzhas Kara,3
Nur Kaya,3
Tatiana Tleubek,3
Bauyrzhan Popov,3
Vlad Orazov,2
Ekaterina Novikov,3
Irina Yerzhanov,5
Zhuldyz Sadykov,1
Nur Bolat,3
Igor Kaya,1
Elena Rakhimov,1
Elif Lebedev,4
Anna Serikbay,2
Nur Kaliyev,4
Zhanna Ermek,5
Zarina Esenov,3
Dana Rakhimov,1
Zhanar Zhunusov,1
Maxim Bekov,3
Amir Kurt,2
Yernar Kudaibergen,3
Irina Volkov,1
Saltanat Sadykov,1
Vadim Koc,2
Bauyrzhan Temirov,2
Dmitry Amangeldy,5
Nur Dogan,2
Aizhan Abenov,3
Askar Kurt,1
Zhanel Turgenev,2
Polina Turgenev,2
Nazym Omarov,3
Laura Cetin,1
Alisa Abenov,5
Temirlan Ivanov,3
Ekaterina Cetin,1
Dana Arslan,1
Balzhan Shakenov,1
Milana Petrov,3
Elif Turgenev,4
Karina Serikbay,5
Sofia Koc,2
Aigerim Assanov,5
Aruzhan Iskakov,5
Amir Abenov,2
Sabina Aslan,1
Selin Ivanov,2
Nurzhan Cetin,2
Adil Sadykov,4
Akbota Akhmetov,1
Balzhan Temirov,3
Alina Karimov,1
Aizhan Baiseitov,2
Tomiris Nurgaliyev,1
Kamila Nurgaliyev,2
Elena Orazov,3
Zhuldyz Shakenov,2
Elif Nurgaliyev,4
Aizhan Ozturk,2
Yernar Iskakov,3
Hasan Fedorov,3
Daria Serikbay,2
Maria Zhunusov,2
Damir Mikhailov,4
Irina Nurgaliyev,2
Meruyert Kudaibergen,1
Karina Demir,1
Emre Baitursyn,3
Ece Bekov,3
Hasan Turgenev,1
Yernar Baiseitov,2
Emre Amangeldy,2
Anna Celik,1
Dias Jumabek,2
Nurlybek Kara,2
Yulia Kudaibergen,1
Aisha Zhunusov,3
Miras Ozturk,3
Olzhas Lebedev,1
Islam Serikbay,1
Talgat Koc,3
Oleg Yerzhanov,1
Maxim Abdirov,4
Askar Zhunusov,2
Emre Akhmetov,1
Derya Sagyndyk,4
Aliya Baitursyn,2
Zhandos Yilmaz,1
Derya Sahin,5
Nurlybek Kilic,1
Meruyert Makhmud,5
Sultan Demir,2
Dmitry Amangeldy,5
Hasan Kassym,1
Nikita Volkov,4
Dmitry Kaliyev,2
Vadim Dogan,2
Olzhas Kaya,3
Sultan Kassym,3
Zhanna Omarov,2
Kirill Fedorov,3
Zeynep Novikov,1
Aliya Omarov,3
Roman Dauletov,5
Hasan Aslan,4
Dana Kudaibergen,4
Nurlan Kassym,3
Anton Ermek,2
Polina Kassym,2
Bauyrzhan Ibrayev,5
Sabina Musin,1
Tolga Kilic,2
Akbota Popov,1
Adil Fedorov,1
Alina Kudaibergen,2
Yernar Lebedev,1
Adil Ermek,2
Aigerim Ermek,2
Tomiris Zhumabek,3
Nazerke Sokolov,3
Nurlybek Zhumabek,1
Yulia Kara,2
Murat Akhmetov,3
Vadim Nurgaliyev,1
Roman Mukanov,2
Nurlybek Baiseitov,1
Elif Jumabek,2
Roman Novikov,1
Sofia Arslan,1
Gulnaz Mikhailov,1
Kamila Ivanov,5
Madina Demir,5
Ruslan Lebedev,4
Timur Ualiyev,1
Sergey Assanov,3
Marat Arslan,2
Talgat Popov,4
Omar Abenov,3
Symbat Jumabek,1
Ekaterina Dauletov,5
Anton Tashkenov,1
Roman Kassym,1
Elif Makhmud,2
Nurlybek Mukanov,1
Adil Kaliyev,3
Maxim Zhaksylyk,5
Maxim Shakenov,4
Islam Cetin,5
Anel Baitursyn,2
Denis Morozov,2
Askar Ozturk,3
Denis Baitursyn,1
Serik Sagyndyk,5
Arman Cetin,4
Zeynep Abdirov,3
Alina Serikbay,5
Yerbol Mikhailov,1
Symbat Iskakov,1
Yerbol Orazov,4
Kerem Konysbay,2
Ksenia Lebedev,1
Kamila Baiseitov,1
Adil Akhmetov,1
Nazerke Novikov,5
Kerem Yerzhanov,1
Arman Ualiyev,4
Polina Baitursyn,1
Timur Cetin,3
Zhandos Kassym,2
Sanzhar Karimov,1
Alisa Kassym,2
Emre Omarov,3
Kamila Sokolov,3
Selin Suleimenov,2
Sanzhar Makhmud,4
Nurlan Demir,1
Polina Akhmetov,1
Murat Sagyndyk,5
Ainur Kurt,3
Timur Mukanov,2
Oleg Koc,2
Marat Ibrayev,2
Tomiris Akhmetov,1
Nur Ualiyev,2
Sanzhar Akhmetov,3
Balzhan Sokolov,2
Ksenia Kaya,5
Ekaterina Aslan,1
Timur Arslan,1
Maria Assanov,1
Ksenia Turgenev,1
Olga Omarov,3
Nurzhan Zhumabek,5
Nurzhan Iskakov,3
Gaukhar Serikbay,4
Olzhas Ualiyev,2
Islam Gabdullin,5
Gaukhar Demir,2
Ersultan Serikbay,2
Kerem Petrov,1
Hasan Musin,2
Murat Yerzhanov,4
Balzhan Lebedev,2
Ekaterina Aslan,3
Tolga Dogan,3
Milana Serikbay,3
Roman Kudaibergen,3
Damir Fedorov,3
Bekzat Makhmud,2
Maxim Amangeldy,2
Gulnaz Amangeldy,1
Layla Celik,3
Kamila Arslan,1
Artem Kilic,1
Ksenia Lebedev,5
Nur Zhunusov,3
Kamila Kaya,4
Layla Popov,1
Ainur Zhunusov,3
Kerem Dauletov,1
Derya Abenov,5
Baris Yerzhanov,2
Sofia Amangeldy,2
Askar Ozturk,1
Aisha Rakhimov,1
Ainur Arslan,3
Zhuldyz Abdirov,1
Zeynep Bolat,4
Yernar Volkov,1
Dias Lebedev,1
Nurlybek Kurt,2
Daniyar Assanov,4
Symbat Kurt,5
Bauyrzhan Celik,5
Ece Baitursyn,4
Kairat Kurmanov,5
Aruzhan Kuznetsov,1
Meruyert Kaya,2
Elnur Nurgaliyev,1
Gulnaz Kurmanov,2
Alibek Tashkenov,2
Tolga Abenov,1
Ekaterina Omarov,2
Damir Novikov,5
Dmitry Nurgaliyev,3
Omar Kuznetsov,1
Tomiris Smirnov,4
Aizhan Zhaksylyk,1
Yulia Zhumabek,2
Nurlan Daulet,5
Ilyas Karimov,3
Aizhan Sokolov,1
Hasan Fedorov,1
Omar Morozov,3
Milana Suleimenov,3
Sergey Baiseitov,2
Damir Amangeldy,2
Zhanna Konysbay,3
Aigerim Celik,2
Aknur Sagyndyk,3
Artem Koc,1
Amir Arslan,4
Zhanar Ibrayev,1
Nurlybek Gabdullin,3
Yerlan Smirnov,2
Kirill Gabdullin,1
Nurzhan Demir,1
Rauan Shakenov,2
Ruslan Fedorov,2
Zhanel Yilmaz,1
Anel Abdirov,3
Dana Kudaibergen,4
Maxim Popov,2
Rauan Zhaksylyk,3
Olzhas Aslan,2
Arman Mikhailov,3
Kerem Kurmanov,1
Yernar Tashkenov,1
Zhuldyz Serikbay,3
Olga Ibrayev,2
Tatiana Popov,2
Baris Kuznetsov,1
Vadim Yerzhanov,4
Aigerim Mikhailov,1
Zeynep Omarov,2
Serik Ermek,3
Elif Akhmetov,4
Zhansaya Rakhimov,2
Laura Mikhailov,3
Gaukhar Sokolov,1
Islam Shakenov,4
Ersultan Mikhailov,1
Adil Jumabek,1
Tomiris Makhmud,1
Serik Fedorov,4
Aisha Konysbay,2
Olga Kuznetsov,2
Talgat Zhaksylyk,1
Bauyrzhan Iskakov,3
Alisa Demir,2
Anel Konysbay,4
Adil Kaliyev,1
Zarina Makhmud,3
Aknur Rakhimov,3
Sultan Morozov,1
Olga Petrov,2
Sabina Jumabek,1
Bauyrzhan Ibrayev,3
Damir Bolat,2
Yerlan Morozov,2
Zhansaya Konysbay,2
Sanzhar Assanov,5
Ruslan Zhaksylyk,2
Yerlan Kassym,2
Sabina Mukanov,4
Vlad Konysbay,5
Bekzat Zhumabek,2
Irina Smirnov,2
Zhuldyz Celik,3
Kamila Gabdullin,1
Zarina Arslan,5
Rasul Suleimenov,3
Adil Sahin,4
Nazerke Assanov,1
Symbat Volkov,4
Talgat Mukanov,3
Aigerim Sahin,2
Zhandos Cetin,3
Milana Ibrayev,2
Yulia Zhunusov,2
Azamat Iskakov,5
Sofia Esenov,5
Sergey Petrov,3
Alisa Kuznetsov,2
Daniyar Sokolov,3
Nazerke Gabdullin,3
Nurzhan Gabdullin,4
Karina Celik,1
Ksenia Sokolov,1
Zhandos Ibrayev,3
Nurlybek Cetin,1
Zhuldyz Temirov,3
Daniyar Ivanov,3
Asel Kassym,1
Adil Daulet,2
Artem Morozov,3
Madina Omarov,2
Ainur Ivanov,3
Olzhas Lebedev,2
Zhuldyz Ermek,1
Maria Ozturk,1
Aizhan Petrov,3
Timur Kurt,4
Dias Zhumabek,4
Ekaterina Kara,4
Marat Petrov,1
Vlad Yerzhanov,4
Saltanat Zhumabek,2
Dmitry Serikbay,4
Sabina Amangeldy,2
Kerem Kassym,1
Roman Demir,4
Ekaterina Jumabek,2
Emre Aslan,3
Nurlan Zhunusov,1
Alina Zhaksylyk,2
Zhansaya Zhumabek,3
Ksenia Mukanov,1
Omar Baitursyn,4
Ilyas Baiseitov,4
Aknur Omarov,2
Dmitry Rakhimov,3
Gulnaz Zhunusov,1
Maxim Kara,5
Bekzat Fedorov,3
Meruyert Yerzhanov,3
Askar Kassym,1
Tolga Zhaksylyk,1
Dmitry Kassym,3
Nazym Zhumabek,2
Yernar Kudaibergen,3
Zhansaya Serikbay,1
Aigul Bekov,4
Tolga Kara,1
Olga Konysbay,1
Rauan Kudaibergen,2
Talgat Jumabek,3
Aizhan Volkov,2
Anel Sahin,3
Selin Kassym,5
Sultan Zhunusov,1
Zhanna Zhaksylyk,1
Arman Bolat,3
Anel Esenov,1
Elena Zhumabek,2
Daria Akhmetov,2
Zeynep Morozov,2
Aliya Kuznetsov,4
Rasul Zhunusov,2
Ainur Sahin,2
Nazym Lebedev,4
Nur Fedorov,3
Alina Mikhailov,3
Bekzat Tashkenov,1
Daria Alpysbay,5
Nurzhan Novikov,4
Dinara Kaliyev,3
Elif Sagyndyk,3
Amir Mukanov,1
Nur Daulet,2
Elena Serikbay,1
Aisha Bolat,1
Andrey Sagyndyk,3
Balzhan Zhaksylyk,4
Vadim Kilic,4
Nazerke Temirov,3
Ece Ozturk,3
Anna Cetin,5
Bekzat Ozturk,5
Yulia Fedorov,2
Sanzhar Kilic,2
Sergey Karimov,5
Kerem Volkov,4
Tomiris Sadykov,5
Nazym Rakhimov,2
Karina Mukanov,2
Azamat Makhmud,3
Aizhan Turgenev,1
Akbota Musin,4
Ersultan Serikbay,5
Olzhas Zhumabek,1
Anna Zhumabek,3
Maxim Kurt,1
Derya Sahin,2
Ainur Serikbay,2
Anel Suleimenov,3
Nazym Musin,3
Ainur Kilic,3
Meruyert Kara,2
Nur Kurt,4
Yerbol Kuznetsov,3
Aliya Nurgaliyev,4
Aigerim Omarov,1
Kuanysh Koc,3
Daria Musin,1
Ersultan Musin,2
Aknur Sokolov,4
Kerem Abenov,5
Derya Fedorov,3
Zhanna Ualiyev,1
Nur Nurgaliyev,3
Zhansaya Zhaksylyk,3
Ersultan Turgenev,2
Sultan Suleimenov,1
Olga Zhumabek,1
Layla Turgenev,4
Temirlan Kassym,2
Laura Kassym,1
Aizhan Abdirov,1
Tatiana Alpysbay,2
Roman Esenov,1
Zhanel Volkov,3
Sofia Mukanov,5
Yernar Yerzhanov,3
Kamila Karimov,2
Zarina Yerzhanov,1
Daniyar Ualiyev,1
Yerlan Iskakov,4
Bauyrzhan Abenov,4
Zhansaya Smirnov,2
Tomiris Kudaibergen,5
Aigerim Aslan,4
Meruyert Sahin,3
Oleg Demir,5
Bauyrzhan Demir,2
Karina Aliyev,5
Kamila Jumabek,1
Rasul Aliyev,3
Zarina Kassym,1
Milana Novikov,5
Zhandos Novikov,1
Alina Temirov,3
Kuanysh Iskakov,1
Askar Kuznetsov,4
Temirlan Kuznetsov,3
Layla Orazov,5
Aruzhan Yilmaz,1
Vadim Esenov,1
Olga Musin,4
Talgat Amangeldy,4
Oleg Smirnov,1
Anna Kudaibergen,4
Sanzhar Gabdullin,4
Saltanat Nurgaliyev,2
Tolga Ualiyev,1
Zhanna Fedorov,2
Ece Bekov,3
Daria Kassym,2
Ruslan Kaliyev,1
Zhansaya Abenov,5
Elif Petrov,3
Daniyar Konysbay,2
Temirlan Zhaksylyk,2
Ekaterina Omarov,1
Nur Akhmetov,3
Alisa Temirov,2
Kerem Zhaksylyk,5
Vadim Lebedev,1
Adil Abdirov,5
Zhanar Lebedev,4
Rasul Turgenev,3
Vadim Dogan,2
Sergey Ermek,2
Zhanel Rakhimov,3
Gulnaz Dogan,2
Zhansaya Daulet,3
Akbota Amangeldy,1
Aizhan Turgenev,3
Andrey Ualiyev,2
Aliya Sahin,3
Hasan Ozturk,3
Ece Zhaksylyk,5
Kairat Aslan,3
Omar Suleimenov,3
Nazerke Kaya,4
Ruslan Tashkenov,2
Miras Kara,3
Nurlan Kuznetsov,3
Aliya Petrov,1
Bauyrzhan Kurt,4
Yerbol Kilic,4
Gulnaz Sadykov,1
Ruslan Bekov,2
Sanzhar Ivanov,2
Islam Alpysbay,1
Tatiana Zhumabek,2
Vadim Shakenov,4
Ekaterina Ozturk,2
Maria Mikhailov,1
Ece Sokolov,3
Nazym Fedorov,1
Amir Makhmud,2
Ksenia Aliyev,5
Ruslan Demir,4
Irina Gabdullin,2
Zarina Baitursyn,3
Karina Kara,3
Timur Volkov,1
Rauan Sahin,1
Elnur Karimov,1
Nazerke Petrov,1
Marat Demir,3
Ainur Demir,2
Baris Kassym,2
Maria Gabdullin,4
Nikita Yilmaz,1
Andrey Ivanov,2
Aigerim Kilic,2
Aisha Alpysbay,3
Vadim Akhmetov,3
Andrey Kassym,5
Dmitry Koc,2
Igor Lebedev,1
Aruzhan Daulet,3
Madina Rakhimov,2
Nazym Turgenev,4
Hasan Musin,3
Yerbol Daulet,5
Selin Musin,5
Omar Arslan,5
Aigerim Yilmaz,4
Elif Petrov,2
Ruslan Lebedev,4
Bauyrzhan Ivanov,3
Asel Sokolov,4
Murat Assanov,2
Symbat Kudaibergen,3
Layla Ualiyev,4
Arman Abenov,4
Akbota Amangeldy,5
Gulnaz Lebedev,2
Murat Akhmetov,3
Aigerim Bekov,5
Yulia Lebedev,2
Ekaterina Kaya,3
Marat Abdirov,2
Vadim Petrov,2
Saltanat Ozturk,1
Layla Kudaibergen,2
Daria Kurmanov,2
Derya Arslan,1
Alibek Iskakov,4
Elif Kilic,1
Nur Turgenev,1
Maxim Zhumabek,4
Elnur Kassym,2
Nur Sagyndyk,3
Akbota Ermek,3
Aigul Iskakov,3
Tomiris Assanov,3
Polina Assanov,3
Kirill Rakhimov,5
Anton Abenov,5
Omar Zhaksylyk,1
Aisha Baitursyn,3
Yerlan Yilmaz,1
Zeynep Orazov,2
Marat Gabdullin,2
Ainur Baitursyn,2
Timur Daulet,2
Polina Iskakov,4
Igor Smirnov,2
Sergey Akhmetov,2
Ruslan Makhmud,4
Zhanel Popov,3
Rauan Morozov,1
Artem Suleimenov,3
Ekaterina Musin,3
Irina Kurt,4
Milana Bolat,2
Nurzhan Dauletov,2
Zhuldyz Suleimenov,3
Baris Sadykov,2
Aizhan Assanov,1
Aigul Iskakov,5
Tatiana Dogan,1
Ksenia Abenov,2
Tomiris Yilmaz,5
Nur Alpysbay,2
Nurzhan Arslan,3
Polina Iskakov,1
Alina Abenov,1
Zarina Esenov,3
Temirlan Lebedev,2
Zarina Kurmanov,1
Balzhan Nurgaliyev,5
Alisa Tashkenov,3
Nurlybek Iskakov,1
Zeynep Kara,3
Nurzhan Mukanov,2
Milana Kara,4
Kamila Alpysbay,3
Layla Konysbay,5
Anna Kuznetsov,2
Asel Celik,5
Murat Petrov,2
Vera Lebedev,1
Kamila Kara,2
Milana Ibrayev,4
Selin Daulet,2
Maria Zhunusov,2
Tolga Morozov,3
Kirill Alpysbay,2
Zhandos Shakenov,3
Gulnaz Suleimenov,4
Symbat Sadykov,5
Asel Zhunusov,1
Meruyert Esenov,1
Bauyrzhan Popov,3
Sofia Ivanov,4
Aliya Kuznetsov,1
Irina Sokolov,3
Polina Temirov,1
Polina Temirov,3
Zeynep Alpysbay,2
Zhandos Rakhimov,1
Aruzhan Mukanov,3
Yulia Cetin,3
Alina Gabdullin,2
Miras Morozov,2
Aisha Gabdullin,1
Vera Kaliyev,3
Olga Kudaibergen,1
Balzhan Bolat,3
Igor Ivanov,3
Madina Sagyndyk,1
Selin Bolat,1
Elena Kaya,2
Aisha Serikbay,2
Zhanar Alpysbay,2
Ilyas Jumabek,5
Ece Tashkenov,5
Murat Kilic,4
Balzhan Ermek,3
Irina Alpysbay,3
Meruyert Dauletov,2
Maxim Petrov,4
Pavel Zhaksylyk,1
Arman Aliyev,4
Ersultan Daulet,1
Gaukhar Bolat,2
Timur Morozov,2
Amir Turgenev,2
Balzhan Iskakov,2
Ksenia Novikov,2
Ece Ivanov,3
Temirlan Turgenev,2
Sabina Omarov,1
Polina Serikbay,2
Kirill Sadykov,3
Kamila Zhumabek,2
Rasul Zhaksylyk,3
Nikita Celik,1
Anna Kaya,2
Denis Bekov,1
Ekaterina Dauletov,3
Aizhan Aslan,4
Dias Bolat,3
Polina Kudaibergen,4
Layla Sokolov,2
Sultan Sagyndyk,1
Selin Ermek,3
Sergey Lebedev,3
Tolga Tleubek,4
Yerlan Yilmaz,2
Anel Ermek,3
Adil Petrov,1
Nazym Abenov,3
Aknur Sadykov,4
Bekzat Celik,2
Balzhan Koc,1
Igor Yerzhanov,1
Selin Alpysbay,5
Olga Kassym,3
Arman Zhunusov,1
Bekzat Baiseitov,2
Nazym Arslan,1
Karina Serikbay,3
Ersultan Nurgaliyev,1
Azamat Aliyev,3
Elena Turgenev,5
Kerem Morozov,3
Omar Assanov,2
Igor Temirov,2
Nur Tleubek,4
Vlad Alpysbay,2
Gaukhar Turgenev,5
Adil Kaliyev,4
Saltanat Sadykov,1
Nurzhan Sadykov,3
Adil Mikhailov,3
Zeynep Serikbay,5
Nazym Orazov,1
Elif Jumabek,2
Rauan Sokolov,2
Azamat Cetin,1
Nurlan Dauletov,3
Yerbol Aliyev,2
Amir Konysbay,5
Anna Aslan,3
Zarina Assanov,5
Sofia Iskakov,1
Anna Temirov,4
Aigul Kurt,2
Selin Suleimenov,4
Roman Kurt,5
Aigul Gabdullin,4
Anton Sagyndyk,4
Vadim Popov,3
Layla Ermek,4
Temirlan Alpysbay,2
Yernar Bolat,3
Zarina Ermek,2
Artem Baitursyn,4
Laura Bolat,1
Igor Abenov,1
Meruyert Ivanov,2
Amir Shakenov,1
Yernar Suleimenov,4
Zhanel Tashkenov,3
Pavel Yilmaz,1
Denis Fedorov,1
Yerlan Musin,2
Anna Kurmanov,1
Ece Kassym,1
Irina Suleimenov,3
Dana Ermek,1
Zeynep Arslan,3
Temirlan Akhmetov,1
Sultan Karimov,4
Aruzhan Yerzhanov,4
Aizhan Aliyev,1
Anel Yerzhanov,4
Alibek Rakhimov,3
Miras Sadykov,3
Nur Cetin,3
Asel Tashkenov,3
Denis Kurmanov,3
Sergey Iskakov,2
Sultan Nurgaliyev,1
Zarina Nurgaliyev,5
Temirlan Ivanov,1
Tatiana Novikov,5
Sanzhar Lebedev,4
Zarina Amangeldy,4
Serik Aslan,2
Vera Kassym,3
Vlad Baiseitov,2
Elnur Zhaksylyk,3
Kuanysh Kilic,3
Azamat Sadykov,2
Aliya Serikbay,4
Sanzhar Shakenov,2
Yerlan Fedorov,3
Pavel Omarov,1
Sergey Zhumabek,4
Emre Kaya,2
Igor Tashkenov,2
Zhandos Koc,3
Daniyar Shakenov,2
Anton Kilic,3
Madina Demir,4
Symbat Kara,3
Gaukhar Nurgaliyev,2
Nikita Serikbay,3
Kirill Yerzhanov,3
Nikita Bolat,5
Serik Abdirov,5
Milana Morozov,3
Tatiana Abenov,3
Zarina Kurt,4
Balzhan Petrov,2
Nikita Kara,3
Yernar Orazov,4
Meruyert Kara,5
Temirlan Mikhailov,2
Kairat Smirnov,3
Daniyar Bekov,3
Zhandos Konysbay,1
Zhuldyz Novikov,3
Nurlybek Musin,4
Sanzhar Tashkenov,1
Aizhan Kilic,3
Askar Jumabek,4
Akbota Baiseitov,3
Timur Volkov,3
Aknur Bolat,2
Zhanna Kudaibergen,1
Elena Mikhailov,2
Igor Cetin,4
Hasan Tleubek,1
Aisha Abenov,2
Elnur Nurgaliyev,2
Zhanel Novikov,1
Aigul Sahin,2
Ersultan Amangeldy,3
Adil Sadykov,4
Kairat Omarov,2
Madina Makhmud,4
Ekaterina Musin,3
Damir Alpysbay,4
Sabina Abdirov,2
Igor Ivanov,1
Yerlan Kilic,3
Aigerim Serikbay,3
Zhanel Sagyndyk,4
Asel Karimov,5
Kamila Orazov,3
Aigul Temirov,3
Irina Karimov,2
Oleg Abdirov,1
Anel Orazov,1
Anel Petrov,3
Aruzhan Lebedev,4
Tomiris Lebedev,3
Zhandos Petrov,4
Serik Assanov,1
Andrey Demir,2
Karina Cetin,3
Nazym Cetin,1
Aruzhan Sahin,3
Yernar Shakenov,4
Gaukhar Karimov,1
Aliya Demir,2
Murat Sadykov,3
Zarina Ivanov,2
Damir Iskakov,5
Bekzat Makhmud,5
Asel Novikov,5
Aliya Ibrayev,1
Gulnaz Dogan,4
Miras Tleubek,2
Islam Amangeldy,2
Anton Kaliyev,2
Sofia Koc,2
Rauan Koc,3
Dana Mikhailov,1
Aliya Rakhimov,4
Nurlybek Kurmanov,2
Daniyar Jumabek,3
Kuanysh Ozturk,3
Laura Arslan,2
Elnur Kaya,4
Kirill Tleubek,3
Maxim Tleubek,1
Emre Karimov,1
Elif Suleimenov,1
Timur Kurmanov,2
Arman Tleubek,4
Elif Yerzhanov,3
Igor Gabdullin,4
Maxim Zhaksylyk,4
Alisa Kuznetsov,2
Zeynep Abenov,2
Arman Abdirov,5
Serik Ualiyev,1
Zhanna Ivanov,2
Yerbol Popov,1
Dana Kaya,5
Zarina Daulet,4
Anel Aliyev,2
Aigul Zhumabek,5
Asel Omarov,1
Meruyert Sokolov,4
Ece Alpysbay,5
Sergey Orazov,3
Irina Yilmaz,4
Nur Esenov,4
Nazym Aslan,1
Madina Tashkenov,2
Yulia Zhumabek,2
Igor Kilic,1
Asel Zhumabek,4
Anna Assanov,3
Alibek Cetin,4
Emre Bekov,4
Marat Volkov,5
Irina Popov,3
Ainur Ozturk,1
Anel Ualiyev,2
Murat Petrov,1
Polina Kaya,3
Dinara Kaliyev,1
Kirill Ivanov,1
Sultan Smirnov,5
Igor Smirnov,2
Vera Konysbay,4
Azamat Baiseitov,4
Baris Abdirov,1
Irina Tleubek,5
Dmitry Abdirov,2
Yerlan Nurgaliyev,1
Symbat Ivanov,3
Askar Kilic,1
Daria Kassym,1
Askar Temirov,4
Nazerke Rakhimov,1
Zhanel Karimov,3
Elena Akhmetov,1
Ilyas Zhunusov,5
Alina Yerzhanov,2
Aigul Kassym,1
Asel Amangeldy,3
Pavel Aliyev,1
Bauyrzhan Yilmaz,1
Dmitry Sokolov,5
Dias Baiseitov,3
Talgat Amangeldy,3
Askar Aslan,4
Yernar Shakenov,2
Nazym Akhmetov,1
Nazerke Amangeldy,5
Zeynep Nurgaliyev,3
Sultan Mukanov,3
Asel Kurmanov,2
Aisha Ibrayev,4
Bauyrzhan Kara,2
Yerlan Baitursyn,1
Aigul Bolat,2
Laura Kassym,3
Amir Novikov,4
Vlad Sagyndyk,4
Miras Sadykov,2
Sabina Yilmaz,3
Aliya Suleimenov,1
Oleg Fedorov,5
Ece Temirov,1
Kamila Bolat,3
Kirill Kaliyev,1
Tolga Kudaibergen,5
Elena Temirov,1
Nurzhan Jumabek,2
Zhanar Makhmud,2
Derya Sahin,2
Bauyrzhan Lebedev,3
Yerbol Sahin,1
Andrey Esenov,3
Zarina Aliyev,2
Aizhan Musin,3
Kerem Kurt,2
Symbat Petrov,1
Aigul Aslan,5
Igor Dogan,4
Selin Bekov,4
Nikita Shakenov,2
Daria Koc,1
Irina Mukanov,3
Nazym Serikbay,2
Maria Jumabek,4
Aigerim Tashkenov,3
Amir Makhmud,1
Zhanel Baitursyn,3
Selin Esenov,2
Elnur Cetin,2
Sabina Alpysbay,4
Aigerim Zhunusov,2
Irina Abdirov,4
Omar Alpysbay,1
Elif Jumabek,1
Laura Jumabek,5
Ece Karimov,1
Kairat Iskakov,3
Dinara Sadykov,3
Gulnaz Ivanov,3
Aruzhan Ibrayev,1
Daniyar Daulet,5
Kerem Bolat,2
Meruyert Kara,3
Zhandos Sadykov,2
Nurlybek Kurmanov,4
Elif Turgenev,1
Nurlybek Kaya,1
Gulnaz Yerzhanov,2
Zeynep Shakenov,3
Tomiris Bekov,2
Ece Rakhimov,5
Olga Kara,1
Marat Aliyev,4
Adil Fedorov,2
Pavel Zhunusov,5
Zhandos Jumabek,5
Anton Baiseitov,2
Andrey Assanov,2
Saltanat Iskakov,3
Ekaterina Baitursyn,3
Anton Esenov,4
Alina Dogan,3
Balzhan Akhmetov,3
Vera Kara,3
Andrey Zhaksylyk,2
Selin Zhaksylyk,3
Yerlan Sokolov,1
Sultan Ibrayev,1
Elena Ermek,3
Meruyert Petrov,1
Ece Sagyndyk,4
Yulia Musin,2
Milana Shakenov,1
Baris Kilic,1
Elnur Jumabek,3
Layla Demir,3
Alina Ermek,3
Denis Fedorov,3
Nazym Iskakov,3
Akbota Karimov,3
Dinara Kurt,4
Hasan Zhaksylyk,1
Nazym Ivanov,2
Symbat Ibrayev,5
Askar Koc,2
Aigerim Dogan,3
Alibek Baitursyn,2
Kairat Kassym,2
Ece Sahin,4
Balzhan Serikbay,4
Olzhas Mikhailov,4
Artem Fedorov,1
Hasan Novikov,1
Bauyrzhan Karimov,1
Symbat Turgenev,5
Sofia Daulet,2
Aruzhan Ermek,3
Alibek Dauletov,2
Tatiana Kaliyev,2
Nurzhan Kaliyev,1
Aigul Rakhimov,3
Timur Kilic,1
Elena Bolat,3
Pavel Novikov,2
Zhanna Bolat,2
Amir Demir,3
Tomiris Cetin,1
Daniyar Kilic,3
Askar Ozturk,1
Yerbol Suleimenov,3
Zhanar Kuznetsov,4
Zhuldyz Abdirov,1
Anel Kassym,4
Dinara Morozov,5
Kairat Alpysbay,3
Zhanna Kassym,1
Murat Rakhimov,1
Gulnaz Omarov,3
Zeynep Baitursyn,1
Amir Assanov,2
Ksenia Temirov,3
Saltanat Yerzhanov,3
Gulnaz Mukanov,3
Daniyar Cetin,2
Omar Assanov,2
Hasan Serikbay,1
Nurlybek Mikhailov,3
Gaukhar Volkov,4
Rasul Dauletov,3
Omar Temirov,5
Karina Kaya,2
Dias Yerzhanov,4
Pavel Alpysbay,2
Kuanysh Turgenev,3
Ersultan Temirov,3
Dana Zhumabek,3
Gaukhar Mikhailov,4
Temirlan Musin,1
Talgat Kuznetsov,4
Sanzhar Cetin,2
Polina Cetin,2
Madina Ualiyev,2
Ruslan Baitursyn,3
Sanzhar Konysbay,2
Aliya Akhmetov,3
Aizhan Amangeldy,1
Zarina Kilic,3
Saltanat Aliyev,3
Laura Aslan,2
Timur Celik,3
Elnur Zhaksylyk,1
Zarina Sagyndyk,3
Anel Shakenov,1
Arman Kurmanov,3
Zhansaya Serikbay,2
Dinara Popov,1
Alina Sagyndyk,3
Ruslan Aliyev,1
Pavel Zhunusov,2
Ilyas Kaya,5
Maxim Sahin,3
Kirill Popov,2
Selin Turgenev,5
Baris Koc,4
Nikita Sokolov,2
Anton Nurgaliyev,1
Nurzhan Orazov,1
Artem Turgenev,3
Serik Baiseitov,1
Alina Kuznetsov,2
Sabina Musin,2
Alina Ivanov,2
Zarina Sahin,2
Miras Aslan,2
Daria Akhmetov,2
Ksenia Temirov,1
Dmitry Omarov,3
Nazym Abenov,2
Alibek Bolat,3
Bauyrzhan Kaya,3
Layla Lebedev,5
Nurlan Bolat,2
Yulia Bekov,1
Elena Shakenov,3
Saltanat Rakhimov,2
Ksenia Makhmud,1
Ksenia Akhmetov,4
Dana Fedorov,2
Irina Assanov,5
Saltanat Aliyev,2
Hasan Iskakov,1
Aisha Shakenov,2
Elif Yilmaz,1
Kirill Omarov,2
Tolga Yilmaz,1
Nur Kurmanov,3
Amir Abenov,2
Hasan Shakenov,2
Balzhan Daulet,3
Milana Akhmetov,3
Nurzhan Petrov,1
Yerlan Kurt,3
Alina Gabdullin,4
Talgat Kuznetsov,2
Kairat Alpysbay,3
Aisha Baiseitov,5
Aisha Ozturk,3
Meruyert Daulet,4
Aisha Bekov,4
Anel Rakhimov,1
Kerem Ivanov,1
Nazerke Bekov,4
Daria Popov,2
Sultan Ivanov,1
Gulnaz Sadykov,1
Tomiris Zhaksylyk,2
Talgat Smirnov,3
Kuanysh Makhmud,3
Aigerim Cetin,1
Nurlybek Rakhimov,3
Murat Ermek,4
Andrey Amangeldy,1
Artem Baitursyn,3
Ilyas Ibrayev,1
Aknur Zhumabek,2
Olga Dauletov,3
Ilyas Kudaibergen,3
Meruyert Abenov,1
Islam Dogan,4
Yulia Sadykov,1
Sabina Ermek,3
Tolga Karimov,1
Dmitry Tashkenov,2
Elif Abenov,2
Dmitry Iskakov,2
Artem Ermek,1
Sergey Aliyev,3
Gaukhar Bekov,1
Zhuldyz Yerzhanov,1
Karina Assanov,3
Yulia Smirnov,1
Vera Zhunusov,4
Vlad Yilmaz,4
Layla Iskakov,3
Hasan Makhmud,2
Dmitry Kaliyev,3
Tomiris Fedorov,5
Serik Daulet,1
Elnur Ermek,1
Yulia Temirov,3
Zhansaya Novikov,3
Sergey Yilmaz,1
Tatiana Orazov,2
Aizhan Jumabek,2
Ece Sagyndyk,4
Nurlan Morozov,3
Emre Kurmanov,1
Nikita Ivanov,3
Laura Aslan,2
Dinara Yilmaz,2
Kerem Kara,2
Dias Novikov,4
Serik Serikbay,1
Yernar Amangeldy,1
Aigul Orazov,5
Karina Popov,1
Olga Temirov,2
Yulia Serikbay,4
Nikita Kassym,1
Tolga Abdirov,1
Bauyrzhan Yilmaz,3
Zhanel Morozov,1
Vera Demir,1
Oleg Kara,1
Laura Ermek,1
Aliya Zhumabek,3
Bauyrzhan Kilic,3
Zhanna Assanov,3
Marat Aslan,2
Dana Musin,4
Selin Makhmud,4
Yerlan Kudaibergen,3
Alibek Tashkenov,5
Kuanysh Turgenev,3
Baris Popov,2
Asel Daulet,3
Kamila Aliyev,2
Azamat Sahin,5
Tolga Musin,3
Saltanat Amangeldy,5
Zhanel Karimov,2
Marat Zhaksylyk,2
Dmitry Sahin,2
Daniyar Zhumabek,1
Dinara Orazov,4
Pavel Kurt,1
Laura Konysbay,2
Nikita Makhmud,1
Derya Yerzhanov,3
Artem Nurgaliyev,2
Kuanysh Zhaksylyk,5
Miras Ibrayev,2
Polina Alpysbay,4
Aruzhan Lebedev,2
Saltanat Baiseitov,1
Tatiana Yerzhanov,3
Timur Lebedev,1
Aliya Morozov,3
Gulnaz Serikbay,1
Maria Bolat,1
Ainur Assanov,3
Elnur Bekov,1
Ersultan Ibrayev,2
Vlad Iskakov,2
Olga Yerzhanov,3
Elnur Iskakov,3
Rasul Celik,2
Elena Ualiyev,3
Irina Abenov,3
Rasul Tashkenov,1
Aizhan Rakhimov,3
Anna Ivanov,1
Kuanysh Volkov,1
Vera Temirov,1
Dmitry Abenov,4
Adil Celik,4
Ainur Kurt,1
Adil Daulet,2
Oleg Aslan,1
Zarina Akhmetov,5
Maxim Tleubek,2
Amir Orazov,2
Dinara Gabdullin,4
Zeynep Petrov,3
Hasan Demir,2
Hasan Daulet,3
Sanzhar Gabdullin,3
Zarina Bolat,4
Akbota Abenov,1
Nurlybek Bolat,4
Ruslan Koc,1
Tatiana Zhumabek,1
Ilyas Jumabek,5
Yerlan Kaya,4
Dmitry Daulet,1
Dinara Sokolov,1
Yerlan Aliyev,3
Ece Demir,3
Milana Demir,4
Zhanel Zhumabek,3
Aigul Assanov,1
Arman Yilmaz,2
Timur Sadykov,2
Aigerim Tleubek,1
Sofia Ualiyev,3
Ekaterina Alpysbay,3
Polina Kara,3
Anton Volkov,1
Temirlan Akhmetov,2
Asel Kilic,5
Dana Fedorov,3
Layla Kudaibergen,5
Denis Kuznetsov,2
Damir Baitursyn,5
Ece Alpysbay,2
Ruslan Bekov,1
Maxim Kurt,5
Sergey Mikhailov,1
Maria Kaya,4
Zhuldyz Petrov,1
Nurlybek Arslan,5
Symbat Lebedev,1
Madina Dogan,1
Artem Kilic,1
Ruslan Fedorov,2
Yerlan Jumabek,3
Zeynep Nurgaliyev,2
Vadim Smirnov,3
Aruzhan Turgenev,1
Alina Ualiyev,3
Andrey Lebedev,1
Gulnaz Nurgaliyev,2
Zarina Sahin,4
Amir Celik,3
Olga Gabdullin,1
Askar Lebedev,4
Denis Sahin,1
Olzhas Amangeldy,3
Sofia Aslan,1
Ekaterina Musin,3
Gulnaz Bekov,2
Polina Omarov,5
Anton Kurt,1
Temirlan Tashkenov,1
Kairat Popov,3
Nurzhan Jumabek,3
Alibek Demir,2
Vera Novikov,4
Ece Iskakov,5
Ilyas Kaya,1
Selin Baitursyn,2
Vera Kilic,3
Aruzhan Akhmetov,1
Alina Sahin,2
Aknur Musin,2
Laura Iskakov,5
Gulnaz Aliyev,4
Tomiris Ozturk,3
Sanzhar Mukanov,2
Aigerim Akhmetov,5
Aknur Karimov,2
Ksenia Demir,3
Andrey Zhunusov,2
Oleg Dogan,2
Damir Aslan,1
Zhansaya Sokolov,5
Aruzhan Tashkenov,5
Yerbol Zhunusov,2
Andrey Zhumabek,2
Yerlan Novikov,1
Zhansaya Petrov,3
Zeynep Makhmud,4
Aigerim Nurgaliyev,1
Pavel Popov,2
Zhanar Kaliyev,1
Zhanel Petrov,4
Ruslan Smirnov,2
Amir Gabdullin,1
Polina Karimov,3
Irina Kaliyev,1
Sanzhar Esenov,1
Sultan Demir,3
Serik Arslan,3
Sergey Omarov,5
Vera Amangeldy,2
Symbat Kudaibergen,2
Yernar Sahin,4
Dana Sagyndyk,2
Dinara Zhaksylyk,1
Laura Aliyev,3
Andrey Fedorov,1
Yerlan Konysbay,3
Aizhan Temirov,1
Ruslan Mikhailov,4
Tolga Petrov,4
Artem Kaliyev,3
Roman Yilmaz,2
Temirlan Turgenev,3
Aigerim Yerzhanov,5
Miras Sagyndyk,1
Serik Dogan,2
Anel Ualiyev,1
Tolga Rakhimov,1
Bekzat Demir,3
Marat Ozturk,2
Zarina Lebedev,4
Dana Musin,3
Aknur Baiseitov,1
Omar Petrov,4
Zhuldyz Dauletov,1
Nazerke Bolat,3
Tolga Assanov,3
Pavel Sahin,4
Timur Kara,2
Zhuldyz Abenov,2
Marat Ozturk,3
Roman Popov,1
Sabina Rakhimov,5
Adil Yerzhanov,2
Balzhan Dogan,4
Anna Abdirov,2
Andrey Ermek,4
Sanzhar Kassym,2
Yernar Ibrayev,3
Nikita Ozturk,4
Roman Dauletov,1
Igor Zhaksylyk,1
Maxim Mikhailov,2
Pavel Novikov,3
Zarina Sadykov,3
Sanzhar Alpysbay,4
Kairat Aslan,3
Oleg Serikbay,1
Vlad Serikbay,1
Ersultan Suleimenov,4
Dmitry Serikbay,1
Nur Mikhailov,4
Alisa Yerzhanov,2
Aruzhan Alpysbay,1
Sofia Zhumabek,3
Aliya Dauletov,2
Baris Omarov,2
Aizhan Bekov,1
Dmitry Amangeldy,1
Nazym Abdirov,5
Zhanel Kara,1
Olzhas Mukanov,1
Zhanar Yilmaz,4
Murat Suleimenov,1
Selin Bolat,1
Layla Morozov,2
Zeynep Abenov,1
Omar Sagyndyk,1
Denis Konysbay,5
Polina Omarov,3
Amir Tashkenov,2
Maria Ozturk,1
Vera Celik,2
Balzhan Abdirov,1
Meruyert Smirnov,4
Layla Zhumabek,1
Bauyrzhan Dogan,1
Dmitry Esenov,2
Zhansaya Demir,1
Olzhas Baitursyn,2
Sultan Kassym,2
Alina Zhaksylyk,1
Nur Sokolov,3
Dmitry Zhaksylyk,2
Sanzhar Mikhailov,3
Bekzat Ermek,3
Yernar Zhaksylyk,1
Laura Sagyndyk,1
Alina Smirnov,4
Timur Rakhimov,2
Aisha Serikbay,2
Kirill Turgenev,2
Timur Sadykov,2
Vlad Ozturk,3
Yulia Fedorov,1
Nurlan Kaliyev,1
Kirill Kassym,3
Islam Novikov,3
Yulia Kaya,1
Denis Demir,1
Akbota Bolat,4
Ruslan Zhunusov,3
Tomiris Alpysbay,3
Gulnaz Popov,2
Emre Aslan,5
Nurzhan Kaliyev,4
Amir Celik,2
Dinara Gabdullin,4
Aknur Demir,3
Nikita Smirnov,3
Askar Volkov,2
Tomiris Zhunusov,3
Derya Karimov,3
Pavel Sokolov,3
Vera Kaya,1
Dias Ozturk,2
Aigerim Baitursyn,1
Tomiris Gabdullin,3
Vadim Kassym,3
Aknur Zhunusov,4
Yernar Yilmaz,1
Askar Ozturk,3
Sabina Mikhailov,5
Kirill Esenov,4
Zhanar Dogan,5
Kairat Gabdullin,1
Nurlan Dogan,3
Saltanat Fedorov,2
Hasan Shakenov,3
Ilyas Yilmaz,3
Aigerim Abdirov,5
Aisha Volkov,1
Saltanat Baitursyn,3
Baris Makhmud,1
Karina Yilmaz,4
Vera Kudaibergen,3
Pavel Morozov,4
Zarina Shakenov,1
Vlad Zhumabek,4
Maxim Kurmanov,2
Milana Cetin,2
Adil Sahin,1
Yernar Bolat,1
Sergey Zhaksylyk,3
Bekzat Koc,3
Sergey Arslan,3
Alina Arslan,2
Yerlan Bolat,5
Alina Ermek,1
Yernar Kurt,3
Dinara Sagyndyk,4
Sultan Popov,2
Andrey Kilic,2
Sultan Serikbay,3
Dmitry Dogan,3
Zhandos Lebedev,1
Derya Suleimenov,1
Dmitry Amangeldy,3
Dmitry Bolat,2
Talgat Mukanov,2
Akbota Kara,3
Askar Ualiyev,2
Ekaterina Zhaksylyk,2
Dias Fedorov,2
Ksenia Smirnov,1
Emre Kudaibergen,3
Zhuldyz Smirnov,4
Bauyrzhan Kaliyev,1
Rauan Bekov,2
Yulia Kaya,5
Dinara Ivanov,1
Vera Zhunusov,2
Alina Sokolov,4
Aliya Orazov,4
Zhanel Omarov,5
Dinara Esenov,2
Derya Ermek,1
Bauyrzhan Kurmanov,2
Artem Kassym,3
Denis Kurmanov,4
Yulia Lebedev,1
Ekaterina Omarov,1
Bauyrzhan Popov,2
Vera Kaya,1
Nazerke Baitursyn,1
Zarina Mikhailov,5
Symbat Karimov,5
Murat Dogan,1
Aruzhan Turgenev,1
Zhanna Amangeldy,5
Sanzhar Aliyev,1
Karina Dauletov,3
Igor Baiseitov,2
Dmitry Cetin,4
Miras Dogan,4
Alina Ualiyev,1
Nurlybek Turgenev,4
Pavel Assanov,1
Laura Petrov,2
Saltanat Zhumabek,2
Daria Ibrayev,3
Igor Sahin,4
Maria Gabdullin,3
Yernar Arslan,2
Daniyar Dogan,2
Nurlan Zhaksylyk,4
Zhandos Sokolov,4
Layla Konysbay,2
Alisa Popov,1
Zhuldyz Amangeldy,2
Nurlan Bolat,1
Bekzat Cetin,1
Nazerke Turgenev,1
Yerbol Baiseitov,1
Symbat Rakhimov,2
Maxim Assanov,2
Bekzat Ozturk,2
Zhandos Celik,2
Symbat Demir,4
Nurlan Shakenov,4
Polina Volkov,4
Nazerke Sahin,3
Zarina Orazov,2
Yerlan Karimov,1
Kirill Gabdullin,5
Daria Ibrayev,5
Aruzhan Demir,2
Roman Bekov,3
Olzhas Abdirov,1
Daria Yilmaz,5
Bekzat Dauletov,5
Irina Kuznetsov,5
Denis Serikbay,3
Aizhan Aliyev,2
Dias Serikbay,3
Sabina Zhaksylyk,3
Nurzhan Omarov,2
Ainur Alpysbay,4
Tolga Cetin,2
Roman Abdirov,2
Nurzhan Kuznetsov,5
Nurlan Kaya,1
Polina Kurt,2
Ece Suleimenov,1
Yerbol Kurt,5
Nurlan Kuznetsov,3
Daria Kuznetsov,2
Dana Kilic,2
Nur Sagyndyk,3
Temirlan Karimov,1
Olga Cetin,3
Talgat Koc,4
Laura Karimov,1
Murat Serikbay,3
Gaukhar Novikov,3
Madina Mikhailov,2
Adil Kudaibergen,5
Elena Kaliyev,2
Aruzhan Koc,1
Dias Aslan,3
Ruslan Tashkenov,3
Zhuldyz Sahin,3
Aknur Nurgaliyev,3
Bekzat Sadykov,3
Elnur Aliyev,2
Ilyas Kassym,2
Nurzhan Iskakov,1
Ece Novikov,3
Alina Bolat,5
Nurlan Baiseitov,1
Zhuldyz Shakenov,3
Aigul Kaya,3
Temirlan Aliyev,3
Ersultan Dauletov,1
Andrey Aslan,2
Aliya Kudaibergen,2
Milana Karimov,2
Denis Yerzhanov,1
Nazym Tleubek,2
Timur Kurt,3
Damir Orazov,3
Ksenia Shakenov,2
Kairat Baiseitov,2
Meruyert Tleubek,5
Selin Ualiyev,2
Yerlan Kaya,1
Nazerke Gabdullin,1
Kamila Lebedev,2
Sanzhar Celik,1
Dinara Ivanov,2
Zhanar Orazov,1
Tomiris Kaya,4
Zhanar Gabdullin,1
Vlad Alpysbay,3
Olzhas Makhmud,3
Serik Omarov,3
Derya Sagyndyk,2
Yerlan Bekov,5
Temirlan Bekov,4
Daniyar Abdirov,2
Omar Suleimenov,2
Nurlybek Assanov,5
Ece Mikhailov,5
Zhanna Ozturk,1
Nurzhan Baitursyn,4
Tatiana Yerzhanov,4
Nazerke Demir,5
Igor Serikbay,3
Kuanysh Gabdullin,3
Polina Aliyev,4
Sabina Akhmetov,1
Nazym Nurgaliyev,1
Sofia Morozov,3
Zhanna Tleubek,3
Gulnaz Assanov,4
Vlad Zhumabek,2
Daniyar Zhumabek,4
Tatiana Sagyndyk,3
Elif Esenov,3
Vadim Assanov,2
Rauan Serikbay,1
Temirlan Sadykov,1
Zhanna Iskakov,2
Elif Zhaksylyk,2
Andrey Nurgaliyev,3
Sabina Arslan,4
Aliya Ualiyev,3
Ruslan Celik,1
Serik Assanov,3
Omar Arslan,2
Ruslan Alpysbay,1
Sanzhar Kurmanov,5
Meruyert Karimov,1
Maxim Cetin,2
Bekzat Smirnov,2
Pavel Ualiyev,1
Marat Mikhailov,3
Rauan Kurt,1
Alisa Alpysbay,2
Bekzat Sagyndyk,1
Tomiris Assanov,1
Hasan Mikhailov,1
Elena Zhaksylyk,1
Balzhan Shakenov,3
Miras Kara,3
Aigul Volkov,4
Vera Sagyndyk,2
Zhanna Gabdullin,3
Artem Baitursyn,1
Alisa Alpysbay,5
Karina Lebedev,2
Aizhan Orazov,4
Aruzhan Mukanov,4
Gaukhar Zhumabek,3
Milana Kudaibergen,4
Yernar Gabdullin,3
Tolga Omarov,4
Miras Omarov,2
Zhanar Karimov,1
Adil Kaliyev,4
Yernar Ermek,3
Daria Kassym,2
Madina Yerzhanov,4
Zeynep Novikov,2
Meruyert Ibrayev,3
Zhanel Novikov,4
Gulnaz Mukanov,5
Nurlybek Sadykov,3
Pavel Kuznetsov,2
Tomiris Bolat,3
Ainur Kurt,2
Zhuldyz Nurgaliyev,3
Dinara Daulet,2
Alisa Bekov,4
Amir Cetin,2
Asel Morozov,1
Bekzat Akhmetov,2
Irina Arslan,3
Bauyrzhan Jumabek,1
Laura Yilmaz,4
Tomiris Koc,2
Nikita Ivanov,3
Yulia Zhaksylyk,4
Oleg Fedorov,4
Kuanysh Assanov,2
Asel Fedorov,3
Zhansaya Makhmud,2
Aliya Kurmanov,1
Rauan Ivanov,3
Emre Smirnov,1
Elnur Kaliyev,2
Anton Ozturk,1
Tolga Jumabek,3
Asel Akhmetov,4
Nurlan Kassym,2
Anel Tleubek,1
Maxim Yerzhanov,1
Maria Jumabek,3
Timur Yerzhanov,1
Vera Tleubek,3
Alina Cetin,3
Damir Karimov,3
Rauan Turgenev,5
Anel Amangeldy,3
Temirlan Ualiyev,2
Alina Kurt,4
Maxim Petrov,4
Olzhas Abenov,1
Olga Assanov,1
Azamat Ermek,3
Miras Dauletov,5
Sultan Kuznetsov,3
Aisha Novikov,5
Zhanel Kilic,1
Artem Abdirov,3
Rauan Kaliyev,3
Elif Dauletov,2
Zarina Konysbay,3
Sofia Celik,2
Zeynep Kurt,1
Olzhas Popov,4
Irina Kaliyev,1
Zeynep Novikov,3
Sanzhar Kurt,3
Gaukhar Alpysbay,4
Roman Volkov,1
Irina Kudaibergen,5
Dana Iskakov,2
Balzhan Novikov,2
Ruslan Turgenev,2
Talgat Cetin,3
Sergey Demir,5
Madina Omarov,4
Emre Ermek,2
Daria Serikbay,2
Aigul Bekov,1
Vadim Kara,3
Kuanysh Koc,1
Gaukhar Bolat,5
Emre Demir,1
Dinara Konysbay,1
Symbat Ozturk,2
Murat Dogan,3
Marat Sadykov,3
Alibek Iskakov,4
Yerlan Popov,1
Alibek Kilic,2
Kairat Cetin,2
Derya Smirnov,4
Aknur Nurgaliyev,5
Symbat Ibrayev,2
Rauan Bekov,5
Marat Ermek,3
Alina Daulet,1
Milana Kaya,2
Dias Assanov,1
Tatiana Sahin,1
Rauan Konysbay,5
Andrey Aslan,1
Symbat Ermek,2
Asel Yerzhanov,2
Olga Yilmaz,2
Damir Aliyev,3
Yulia Baitursyn,3
Kamila Orazov,3
Miras Ibrayev,4
Nurzhan Yilmaz,2
Anton Nurgaliyev,2
Selin Abenov,2
Arman Zhunusov,3
Azamat Kaya,3
Arman Orazov,3
Aruzhan Abdirov,2
Tomiris Baiseitov,3
Kamila Kudaibergen,2
Alina Bekov,2
Yulia Gabdullin,2
Ainur Sokolov,2
Marat Bekov,4
Daniyar Cetin,2
Asel Iskakov,4
Olga Sadykov,4
Zhandos Rakhimov,1
Zarina Sahin,3
Tatiana Celik,4
Yernar Gabdullin,1
Denis Arslan,1
Hasan Ozturk,4
Anna Sokolov,3
Meruyert Kurt,1
Polina Yilmaz,1
Maria Koc,2
Damir Kilic,2
Vlad Aliyev,5
Maria Baitursyn,1
Emre Volkov,2
Alibek Baitursyn,1
Aigul Gabdullin,5
Zhanel Daulet,1
Zhanel Mukanov,3
Zhanna Celik,5
Nazym Kilic,1
Olzhas Rakhimov,4
Oleg Daulet,3
Tolga Sagyndyk,3
Baris Tleubek,2
Ekaterina Kurmanov,3
Milana Kurt,2
Talgat Omarov,3
Emre Bolat,4
Pavel Bolat,3
Ece Nurgaliyev,4
Alibek Morozov,5
Alisa Sadykov,2
Damir Suleimenov,1
Aruzhan Petrov,4
Aliya Temirov,2
Zhuldyz Kurt,3
Artem Tleubek,4
Islam Kudaibergen,5
Damir Ermek,4
Dias Ozturk,1
Yernar Bekov,2
Zhuldyz Aliyev,3
Symbat Konysbay,3
Bauyrzhan Ibrayev,3
Milana Shakenov,3
Olga Sagyndyk,2
Elena Rakhimov,3
Nazerke Abdirov,2
Omar Nurgaliyev,2
Selin Bolat,1
Layla Makhmud,2
Nurzhan Kara,2
Zeynep Jumabek,3
Aliya Bekov,2
Polina Bolat,4
Ainur Kaya,1
Hasan Serikbay,5
Tomiris Aslan,2
Anton Kara,4
Aigul Sagyndyk,4
Zeynep Dogan,3
Zhanna Ermek,1
Laura Dogan,3
Timur Turgenev,3
Yulia Ozturk,3
Tomiris Sokolov,1
Ekaterina Kara,3
Rauan Turgenev,2
Dinara Kurt,3
Maria Gabdullin,1
Sultan Zhaksylyk,2
Tatiana Cetin,1
Miras Abenov,1
Bauyrzhan Sahin,5
Kamila Kassym,2
Daniyar Cetin,1
Aigul Orazov,3
Baris Kaya,3
Elena Sagyndyk,2
Sabina Rakhimov,5
Adil Kuznetsov,3
Yerbol Dauletov,5
Tolga Karimov,1
Asel Koc,2
Elnur Ivanov,1
Ece Kassym,2
Artem Dauletov,1
Marat Zhaksylyk,3
Ksenia Yilmaz,1
Elena Daulet,1
Selin Kuznetsov,1
Nurlybek Makhmud,3
Rauan Kuznetsov,3
Ece Popov,4
Alisa Gabdullin,1
Aliya Kuznetsov,1
Oleg Lebedev,2
Nurlybek Akhmetov,1
Yulia Demir,1
Sultan Abdirov,1
Andrey Kaliyev,2
Zeynep Popov,4
Vera Cetin,3
Aigerim Rakhimov,3
Amir Rakhimov,4
Maria Musin,1
Anton Koc,3
Balzhan Volkov,2
Dmitry Tleubek,3
Madina Serikbay,1
Kirill Abenov,2
Islam Baiseitov,3
Aizhan Esenov,2
Ekaterina Sahin,3
Asel Volkov,5
Rasul Kilic,1
Kuanysh Sadykov,2
Pavel Orazov,2
Igor Kurt,3
Marat Ermek,4
Gaukhar Fedorov,2
Karina Konysbay,3
Timur Novikov,2
Zhansaya Novikov,3
Nurlan Yerzhanov,5
Alibek Ivanov,1
Andrey Ivanov,3
Murat Mikhailov,1
Irina Rakhimov,2
Daria Turgenev,2
Vlad Dogan,3
Vlad Smirnov,5
Roman Ualiyev,4
Irina Makhmud,1
Kairat Ibrayev,3
Bauyrzhan Serikbay,3
Oleg Petrov,4
Talgat Suleimenov,2
Ksenia Dauletov,5
Zhuldyz Tleubek,2
Alibek Sadykov,1
Arman Volkov,1
Marat Kara,2
Ksenia Aliyev,5
Elena Orazov,1
Olzhas Kurmanov,4
Amir Iskakov,1
Askar Ivanov,3
Dinara Ivanov,2
Sofia Assanov,2
Zarina Ermek,3
Elif Sagyndyk,3
Irina Petrov,3
Olzhas Musin,1
Aigul Abdirov,3
Andrey Amangeldy,2
Gulnaz Baiseitov,3
Yerbol Aslan,2
Tomiris Kurt,1
Marat Popov,1
Laura Suleimenov,2
Madina Abenov,3
Sofia Sahin,2
Zhuldyz Abdirov,2
Dana Volkov,4
Baris Dogan,1
Ruslan Nurgaliyev,1
Sergey Celik,3
Serik Aslan,2
Andrey Kaliyev,1
Vera Temirov,1
Serik Tleubek,3
Irina Kara,1
Maxim Gabdullin,1
Alisa Dauletov,2
Nikita Shakenov,3
Alibek Sadykov,3
Ainur Novikov,5
Anel Abdirov,2
Ruslan Jumabek,1
Zhanar Kara,3
Artem Baiseitov,3
Ersultan Zhaksylyk,2
Nikita Abdirov,2
Zhanar Jumabek,2
Sanzhar Abdirov,3
Murat Morozov,2
Saltanat Aslan,1
Gaukhar Zhumabek,5
Zhanel Jumabek,3
Vadim Lebedev,2
Symbat Sahin,3
Rasul Ermek,3
Elif Makhmud,3
Timur Abenov,1
Elena Zhumabek,1
Rasul Aliyev,2
Asel Jumabek,3
Vera Kuznetsov,3
Artem Lebedev,2
Sabina Petrov,2
Maxim Fedorov,3
Yernar Abenov,1
Meruyert Zhunusov,2
Anel Smirnov,1
Omar Baitursyn,1
Gulnaz Ozturk,3
Elif Fedorov,1
Olzhas Gabdullin,3
Denis Sahin,2
Miras Baitursyn,2
Kamila Temirov,1
Nurlan Popov,3
Denis Rakhimov,2
Baris Iskakov,3
Igor Tleubek,5
Balzhan Zhunusov,1
Meruyert Omarov,2
Tolga Assanov,3
Ruslan Karimov,3
Kirill Abdirov,1
Aizhan Omarov,1
Nikita Ivanov,1
Zhandos Rakhimov,2
Olzhas Ivanov,1
Olzhas Volkov,4
Baris Koc,3
Yerlan Orazov,1
Nurlan Karimov,4
Marat Sahin,5
Aisha Temirov,4
Laura Shakenov,1
Madina Smirnov,3
Anna Demir,5
Sabina Abenov,2
Elif Sagyndyk,1
Omar Ermek,1
Meruyert Dauletov,1
Sanzhar Demir,1
Yernar Ozturk,2
Marat Sagyndyk,1
Nurlybek Kurmanov,1
Rauan Arslan,1
Nurzhan Koc,1
Vera Ualiyev,1
Maxim Gabdullin,2
Talgat Aslan,1
Polina Koc,3
Talgat Sadykov,1
Ainur Esenov,1
Symbat Abenov,1
Marat Petrov,3
Igor Kassym,3
Bauyrzhan Bolat,1
Anton Kassym,4
Zhuldyz Gabdullin,2
Symbat Nurgaliyev,3
Balzhan Suleimenov,2
Rasul Rakhimov,3
Igor Ermek,3
Nurlan Dogan,1
Saltanat Assanov,1
Dmitry Sahin,3
Nurlan Celik,1
Ekaterina Jumabek,4
Zhuldyz Kilic,1
Tomiris Celik,2
Nurlybek Bolat,2
Aizhan Zhaksylyk,3
Milana Baitursyn,4
Daniyar Tleubek,4
Dana Dogan,4
Amir Serikbay,3
Askar Sadykov,2
Vlad Tleubek,3
Tatiana Temirov,2
Zhanar Sagyndyk,5
Akbota Novikov,2
Bauyrzhan Tleubek,1
Daniyar Ivanov,1
Kuanysh Makhmud,3
Bauyrzhan Cetin,4
Nur Ermek,3
Gaukhar Jumabek,1
Akbota Kaliyev,1
Askar Bekov,4
Timur Kuznetsov,4
Yulia Sokolov,1
Nurzhan Aslan,3
Serik Turgenev,2
Aisha Aliyev,1
Tolga Musin,3
Zhuldyz Kassym,5
Aigerim Dauletov,4
Daria Sokolov,4
Baris Ibrayev,1
Askar Tleubek,1
Olga Shakenov,2
Derya Jumabek,1
Tolga Kassym,1
Dmitry Fedorov,4
Vera Kassym,4
Maxim Karimov,3
Nikita Koc,4
Aliya Baitursyn,4
Tatiana Kara,3
Alisa Ermek,3
Nur Zhumabek,3
Aigerim Suleimenov,4
Daniyar Musin,2
Murat Kassym,4
Symbat Ibrayev,2
Timur Sagyndyk,3
Rasul Shakenov,5
Nurlybek Aliyev,1
Elif Bekov,2
Olga Kaya,2
Ksenia Novikov,1
Milana Amangeldy,2
Gaukhar Aliyev,4
Alisa Tleubek,2
Elena Mukanov,3
Layla Nurgaliyev,4
Tatiana Aliyev,3
Tomiris Bolat,2
Miras Iskakov,1
Tolga Ivanov,2
Rasul Ibrayev,2
Elena Baitursyn,3
Layla Amangeldy,2
Kairat Yilmaz,3
Dmitry Volkov,5
Alisa Kassym,5
Rasul Abdirov,3
Zhansaya Volkov,2
Aisha Bolat,1
Meruyert Karimov,1
Baris Rakhimov,5
Ilyas Yerzhanov,1
Talgat Kaliyev,3
Timur Shakenov,4
Baris Sahin,2
Kuanysh Ermek,1
Karina Dauletov,4
Oleg Dauletov,4
Roman Koc,5
Alibek Musin,4
Nurzhan Esenov,3
Zarina Daulet,4
Anton Popov,1
Pavel Bekov,1
Artem Baitursyn,2
Sultan Serikbay,4
Vlad Sokolov,5
Vadim Baiseitov,1
Elnur Musin,1
Emre Gabdullin,1
Alina Sahin,4
Olzhas Esenov,2
Polina Omarov,5
Yulia Abenov,5
Aisha Kara,3
Alisa Zhunusov,3
Marat Orazov,2
Serik Aliyev,1
Dana Ibrayev,1
Andrey Kudaibergen,3
Olzhas Kudaibergen,3
Zhanna Baitursyn,1
Gulnaz Kudaibergen,3
Zeynep Fedorov,3
Vlad Bekov,4
Tolga Musin,2
Marat Temirov,4
Akbota Turgenev,4
Vlad Arslan,1
Laura Makhmud,4
Vera Dogan,4
Ece Kassym,1
Yernar Zhaksylyk,4
Nur Aslan,1
Vlad Daulet,1
Kairat Kassym,5
Anna Ualiyev,5
Aigul Sadykov,2
Milana Rakhimov,1
Artem Yerzhanov,2
Rasul Sokolov,3
Ilyas Bolat,2
Zhanar Cetin,1
Derya Kuznetsov,5
Olzhas Kara,5
Vera Serikbay,4
Selin Morozov,2
Dmitry Dogan,1
Tatiana Morozov,1
Polina Aslan,3
Kairat Cetin,1
Dias Daulet,2
Bekzat Kara,5
Dinara Dauletov,4
Milana Bolat,4
Nur Bekov,4
Miras Serikbay,4
Timur Morozov,3
Zhansaya Petrov,2
Zarina Kara,2
Laura Aslan,1
Yerbol Musin,2
Roman Kassym,4
Temirlan Amangeldy,2
Symbat Zhunusov,1
Yulia Konysbay,3
Anna Celik,3
Ruslan Tashkenov,1
Igor Morozov,3
Kirill Suleimenov,2
Yernar Orazov,5
Yerlan Petrov,1
Bauyrzhan Karimov,2
Denis Dauletov,2
Aliya Suleimenov,2
Madina Zhunusov,3
Rauan Kassym,2
Aruzhan Tashkenov,2
Vera Kaya,5
Damir Ualiyev,1
Nazym Kurmanov,1
Asel Zhunusov,5
Serik Kurt,3
Aigul Smirnov,2
Yernar Jumabek,5
Asel Tleubek,1
Gaukhar Kassym,5
Baris Aslan,1
Sabina Aliyev,2
Maxim Sokolov,1
Talgat Shakenov,3
Sanzhar Iskakov,4
Serik Omarov,3
Miras Amangeldy,3
Saltanat Mukanov,5
Askar Daulet,3
Meruyert Dauletov,3
Zhansaya Kilic,2
Aigul Lebedev,5
Askar Ermek,1
Nurlan Jumabek,2
Laura Nurgaliyev,1
Milana Popov,1
Milana Kurt,2
Maria Bekov,3
Zhanel Akhmetov,3
Kuanysh Kaya,1
Igor Lebedev,4
Aigerim Kudaibergen,3
Kamila Sahin,2
Temirlan Esenov,5
Ksenia Kaliyev,3
Elena Ermek,1
Zhanel Tleubek,3
Sanzhar Mikhailov,4
Ilyas Popov,4
Oleg Zhaksylyk,1
Denis Rakhimov,5
Dmitry Kurmanov,2
Meruyert Ermek,2
Symbat Kurt,1
Pavel Fedorov,3
Temirlan Celik,3
Vadim Daulet,2
Marat Baiseitov,3
Yulia Serikbay,3
Marat Volkov,5
Hasan Akhmetov,3
Sabina Mukanov,2
Nurzhan Omarov,5
Olzhas Yilmaz,1
Madina Amangeldy,1
Milana Orazov,2
Elif Nurgaliyev,3
Tatiana Omarov,1
Alibek Baiseitov,3
Anna Konysbay,1
Zhanna Volkov,3
Aliya Aliyev,2
Nurzhan Makhmud,3
Dmitry Aliyev,2
Pavel Serikbay,1
Ilyas Bolat,3
Serik Fedorov,2
Nazym Kara,2
Artem Jumabek,4
Nurzhan Baitursyn,1
Adil Serikbay,5
Elena Cetin,3
Layla Kurmanov,2
Sultan Mikhailov,1
Sabina Tleubek,2
Alibek Ermek,1
Tatiana Kilic,5
Anton Bolat,3
Kamila Orazov,1
Daria Bolat,2
Bekzat Turgenev,1
Andrey Aslan,5
Madina Morozov,2
Akbota Iskakov,4
Vadim Zhunusov,1
Elif Sadykov,2
Dmitry Nurgaliyev,3
Zeynep Makhmud,2
Madina Volkov,1
Nurlybek Omarov,3
Tolga Kudaibergen,5
Zhansaya Makhmud,2
Denis Esenov,1
Vlad Yerzhanov,1
Arman Baiseitov,5
Balzhan Shakenov,1
Nikita Sahin,1
Elnur Turgenev,2
Bauyrzhan Jumabek,3
Gaukhar Konysbay,2
Kuanysh Baiseitov,1
Dmitry Esenov,3
Aizhan Aslan,2
Miras Nurgaliyev,3
Elena Kara,2
Olzhas Kurmanov,1
Igor Ivanov,1
Roman Turgenev,5
Dmitry Morozov,1
Zhandos Dauletov,2
Nikita Rakhimov,3
Aigerim Kaya,2
Sergey Sagyndyk,2
Milana Celik,3
Maxim Petrov,5
Murat Konysbay,5
Zhandos Cetin,4
Kerem Dauletov,4
Vlad Aliyev,1
Arman Temirov,4
Symbat Bolat,2
Anton Aslan,1
Alibek Zhunusov,1
Miras Popov,1
Aknur Morozov,1
Pavel Dauletov,5
Anton Suleimenov,3
Gulnaz Petrov,1
Anel Jumabek,3
Sofia Dogan,4
Denis Mukanov,1
Yulia Karimov,1
Ruslan Ivanov,4
Tomiris Musin,3
Symbat Suleimenov,2
Zhanar Volkov,4
Madina Omarov,4
Serik Tleubek,3
Dinara Iskakov,2
Dana Demir,3
Ksenia Kaliyev,1
Zarina Ualiyev,4
Rauan Abdirov,3
Hasan Kassym,1
Temirlan Tleubek,2
Artem Aliyev,4
Damir Yilmaz,2
Madina Cetin,1
Bauyrzhan Kaya,2
Hasan Sokolov,1
Omar Makhmud,3
Ruslan Serikbay,3
Yerlan Kaya,1
Elif Musin,4
Tolga Aslan,5
Zhansaya Dauletov,3
Aizhan Abenov,1
Zhanna Aslan,3
Askar Shakenov,1
Gulnaz Kaya,3
Milana Suleimenov,2
Vera Jumabek,2
Nurlan Turgenev,3
Aliya Tashkenov,3
Rauan Orazov,5
Serik Ibrayev,5
Azamat Orazov,1
Daria Assanov,4
Arman Zhunusov,1
Anna Abdirov,4
Denis Kuznetsov,4
Adil Rakhimov,1
Layla Ualiyev,2
Nurzhan Bekov,1
Emre Dauletov,2
Damir Tashkenov,2
Anel Ivanov,2
Meruyert Bekov,4
Meruyert Mikhailov,3
Zhuldyz Kara,3
Anel Cetin,3
Elnur Ualiyev,4
Nurzhan Yerzhanov,5
Sultan Petrov,4
Aruzhan Abdirov,5
Artem Daulet,3
Balzhan Mukanov,3
Kairat Serikbay,5
Nur Kaya,4
Ainur Volkov,2
Yernar Kassym,2
Elif Demir,1
Askar Konysbay,1
Oleg Tleubek,4
Emre Konysbay,3
Denis Sokolov,3
Askar Mikhailov,2
Arman Sagyndyk,1
Miras Zhunusov,3
Karina Alpysbay,3
Baris Novikov,4
Yernar Bolat,2
Dmitry Bekov,2
Miras Suleimenov,2
Bekzat Baiseitov,2
Roman Omarov,2
Nazerke Lebedev,1
Nurlan Akhmetov,5
Aigerim Ualiyev,1
Vadim Kurt,5
Ilyas Assanov,2
Elif Tleubek,4
Denis Nurgaliyev,3
Ece Novikov,1
Zarina Mikhailov,1
Balzhan Zhaksylyk,4
Nurlybek Kurmanov,5
Aisha Mukanov,4
Nurlybek Zhaksylyk,4
Vlad Cetin,5
Tomiris Arslan,4
Aliya Abenov,3
Aisha Yerzhanov,2
Kuanysh Baiseitov,2
Irina Demir,4
Vlad Arslan,4
Rasul Kaya,1
Asel Kuznetsov,5
Pavel Aslan,3
Baris Demir,1
Asel Kuznetsov,2
Sergey Musin,5
Askar Assanov,3
Gaukhar Kurt,5
Askar Makhmud,2
Murat Kaliyev,5
Sabina Celik,1
Yerbol Esenov,4
Laura Fedorov,1
Ruslan Arslan,3
Vlad Aslan,1
Adil Ivanov,1
Sergey Amangeldy,4
Daria Ivanov,3
Nurlan Jumabek,1
Madina Kaliyev,2
Rasul Jumabek,5
Alina Musin,3
Sultan Cetin,2
Aigerim Ermek,1
Artem Mukanov,4
Layla Turgenev,1
Bauyrzhan Ermek,3
Dmitry Mikhailov,1
Islam Daulet,1
Maria Ozturk,4
Andrey Sokolov,4
Sanzhar Temirov,3
Ruslan Turgenev,1
Omar Makhmud,3
Nurlan Kara,3
Yerlan Kaya,2
Yerbol Temirov,2
Nurlybek Novikov,4
Meruyert Aslan,1
Omar Kassym,2
Roman Kara,3
Sultan Rakhimov,2
Derya Kudaibergen,4
Akbota Nurgaliyev,4
Zhansaya Iskakov,2
Ruslan Celik,2
Polina Amangeldy,2
Nurlybek Suleimenov,4
Yernar Bolat,3
Talgat Aliyev,3
Adil Arslan,1
Nur Temirov,1
Elena Dogan,2
Aisha Suleimenov,3
Marat Dogan,5
Daniyar Assanov,1
Askar Sahin,4
Emre Aliyev,1
Olzhas Abenov,2
Sabina Shakenov,2
Islam Assanov,5
Ekaterina Ualiyev,3
Zhansaya Abenov,3
Ainur Abenov,4
Elif Alpysbay,2
Elif Suleimenov,5
Dinara Dogan,2
Laura Dogan,3
Temirlan Orazov,1
Artem Gabdullin,3
Ilyas Sagyndyk,3
Derya Aslan,1
Polina Shakenov,3
Vadim Dogan,2
Ainur Morozov,2
Aruzhan Bekov,2
Symbat Makhmud,4
Meruyert Tleubek,3
Asel Popov,4
Arman Smirnov,4
Polina Bolat,1
Askar Dauletov,3
Derya Volkov,1
Madina Ualiyev,4
Symbat Tleubek,1
Serik Celik,2
Anel Kurt,3
Vera Cetin,3
Irina Abdirov,1
Hasan Sadykov,1
Nazym Sokolov,3
Kairat Ibrayev,4
Damir Petrov,2
Islam Sagyndyk,1
Nurlan Jumabek,2
Dana Jumabek,3
Irina Ozturk,3
Anton Kaliyev,3
Kamila Morozov,1
Saltanat Baitursyn,3
Zarina Kuznetsov,2
Balzhan Assanov,3
Daniyar Volkov,2
Andrey Kara,5
Baris Daulet,4
Olzhas Yilmaz,2
Asel Baiseitov,1
Ilyas Jumabek,2
Asel Morozov,1
Aknur Ivanov,4
Aliya Kurmanov,2
Symbat Kuznetsov,2
Tolga Bekov,3
Rasul Yerzhanov,3
Alisa Aliyev,1
Layla Arslan,1
Arman Kara,1
Tomiris Dauletov,2
Hasan Orazov,1
Anel Smirnov,2
Nurlybek Lebedev,5
Aigerim Turgenev,1
Pavel Esenov,5
Karina Nurgaliyev,2
Selin Kuznetsov,3
Ekaterina Kassym,1
Aigerim Petrov,3
Anna Konysbay,1
Aizhan Daulet,1
Sergey Morozov,1
Layla Orazov,4
Yulia Ermek,2
Igor Kaya,2
Emre Daulet,3
Anna Popov,5
Kuanysh Kaya,4
Ersultan Tashkenov,1
Zhanel Morozov,3
Olga Kilic,1
Asel Esenov,4
Yerbol Bekov,1
Meruyert Zhaksylyk,4
Meruyert Akhmetov,3
Vadim Ermek,1
Tatiana Sadykov,3
Karina Dauletov,4
Amir Dogan,1
Meruyert Orazov,2
Artem Yerzhanov,1
Murat Turgenev,1
Vlad Shakenov,2
Akbota Petrov,1
Bauyrzhan Kilic,1
Denis Konysbay,3
Aruzhan Dogan,1
Kerem Gabdullin,1
Vlad Bolat,1
Balzhan Abdirov,4
Murat Lebedev,1
Polina Abdirov,1
Ruslan Serikbay,5
Aruzhan Aliyev,5
Kerem Sokolov,2
Balzhan Bekov,3
Hasan Baiseitov,1
Laura Tashkenov,2
Omar Sahin,5
Marat Dogan,3
Milana Kassym,1
Symbat Yerzhanov,1
Gaukhar Ualiyev,1
Pavel Smirnov,1
Nurlan Akhmetov,2
Dinara Konysbay,5
Zhandos Kilic,2
Akbota Cetin,1
Kirill Abenov,2
Vera Kara,1
Oleg Sagyndyk,2
Madina Abdirov,3
Artem Popov,3
Tatiana Iskakov,3
Artem Volkov,2
Derya Kara,3
Andrey Cetin,3
Irina Baitursyn,4
Elif Cetin,5
Denis Amangeldy,3
Murat Sokolov,2
Nazerke Assanov,3
Dias Sadykov,3
Tomiris Aliyev,5
Yerbol Mikhailov,5
Zhandos Kurmanov,1
Laura Mikhailov,2
Aknur Kara,3
Tomiris Amangeldy,1
Maria Omarov,5
Tolga Novikov,1
Marat Kara,2
Igor Esenov,3
Aknur Zhaksylyk,2
Ersultan Sahin,5
Balzhan Tashkenov,3
Sofia Kaya,2
Olga Dogan,2
Rasul Kilic,5
Aruzhan Zhaksylyk,1
Rauan Akhmetov,1
Marat Dogan,5
Derya Sagyndyk,3
Kuanysh Ozturk,3
Nurzhan Mikhailov,2
Layla Fedorov,3
Ersultan Bolat,3
Sabina Tleubek,3
Tolga Sokolov,2
Azamat Popov,1
Emre Kudaibergen,4
Daniyar Alpysbay,2
Alina Musin,5
Anna Mikhailov,2
Anel Kudaibergen,4
Roman Aliyev,1
Nikita Celik,2
Rauan Sokolov,1
Vlad Arslan,5
Azamat Gabdullin,3
Ekaterina Tleubek,2
Ainur Petrov,1
Nurlan Yerzhanov,3
Aigul Sadykov,2
Olga Koc,3
Yernar Kudaibergen,3
Yernar Musin,3
Rauan Iskakov,2
Derya Petrov,1
Zhanna Demir,5
Maxim Abenov,5
Gaukhar Ivanov,2
Daria Rakhimov,2
Tolga Morozov,2
Vera Smirnov,3
Rauan Kaya,2
Zarina Celik,5
Islam Jumabek,3
Saltanat Celik,4
Laura Ermek,3
Rauan Tashkenov,3
Yerbol Sahin,4
Azamat Zhumabek,2
Maxim Kudaibergen,1
Talgat Volkov,3
Baris Yerzhanov,3
Daniyar Tleubek,3
Sergey Orazov,2
Kerem Dogan,2
Zeynep Suleimenov,1
Anel Demir,4
Talgat Karimov,4
Yerlan Tashkenov,2
Emre Dogan,1
Olzhas Suleimenov,2
Zhuldyz Baiseitov,1
Meruyert Yerzhanov,3
Miras Aliyev,4
Dinara Aliyev,4
Ainur Kilic,1
Roman Celik,3
Nazerke Arslan,1
Damir Sagyndyk,2
Askar Jumabek,1
Igor Ozturk,3
Sultan Omarov,2
Tatiana Sagyndyk,5
Nur Kaliyev,5
Zhanar Zhumabek,5
Dinara Alpysbay,4
Elnur Temirov,1
Kuanysh Dogan,3
Zhandos Kurmanov,3
Zhuldyz Iskakov,1
Maria Abdirov,3
Bauyrzhan Celik,3
Sanzhar Tashkenov,3
Sanzhar Iskakov,1
Arman Shakenov,4
Maxim Daulet,4
Roman Orazov,2
Anton Ozturk,2
Nurlybek Kurt,1
Yerlan Ivanov,1
Nazym Suleimenov,5
Vadim Kudaibergen,1
Olga Kara,3
Gulnaz Mukanov,4
Damir Makhmud,5
Balzhan Mukanov,1
Ersultan Gabdullin,5
Bekzat Lebedev,1
Tatiana Aliyev,1
Milana Jumabek,1
Madina Cetin,2
Aknur Rakhimov,3
Kairat Lebedev,5
Ece Kudaibergen,1
Tatiana Zhunusov,4
Sofia Lebedev,1
Nikita Amangeldy,3
Amir Serikbay,1
Dmitry Karimov,2
Ekaterina Novikov,1
Milana Volkov,3
Zhansaya Iskakov,2
Baris Alpysbay,3
Saltanat Sokolov,5
Yerbol Kilic,4
Sabina Volkov,1
Tolga Demir,2
Elnur Kurt,2
Tatiana Jumabek,2
Vadim Arslan,2
Baris Serikbay,1
Aknur Omarov,1
Zhansaya Bekov,1
Dmitry Baiseitov,3
Temirlan Zhunusov,1
Derya Sahin,4
Irina Nurgaliyev,2
Zeynep Amangeldy,1
Murat Smirnov,3
Irina Temirov,1
Olga Ermek,3
Gulnaz Yerzhanov,3
Ilyas Kuznetsov,2
Dinara Abenov,4
Saltanat Temirov,3
Polina Assanov,1
Anton Amangeldy,4
Madina Yilmaz,4
Ruslan Orazov,1
Nurlan Orazov,1
Talgat Suleimenov,1
Layla Tleubek,1
Nurlan Serikbay,1
Adil Kaliyev,4
Zhuldyz Kara,1
Symbat Kurt,5
Igor Temirov,5
Tomiris Alpysbay,1
Kirill Ozturk,3
Nikita Kara,1
Oleg Serikbay,1
Elnur Jumabek,1
Nurlan Iskakov,4
Derya Novikov,2
Kirill Tleubek,2
Sultan Zhumabek,1
Sanzhar Yilmaz,2
Kirill Sadykov,3
Ruslan Yerzhanov,1
Nikita Celik,3
Ruslan Ibrayev,1
Irina Sahin,1
Zhuldyz Zhumabek,2
Andrey Kuznetsov,1
Sergey Tleubek,2
Symbat Iskakov,1
Nazerke Jumabek,4
Anton Suleimenov,1
Nurlybek Omarov,2
Olga Baiseitov,2
Layla Ivanov,3
Elnur Cetin,5
Arman Shakenov,4
Dias Smirnov,3
Elif Fedorov,3
Zhansaya Gabdullin,2
Anna Akhmetov,3
Pavel Ibrayev,1
Bauyrzhan Zhunusov,1
Rauan Mukanov,3
Yulia Gabdullin,4
Ilyas Kaya,2
Zhuldyz Sahin,1
Marat Ozturk,5
Zeynep Kaliyev,5
Marat Yerzhanov,4
Tatiana Temirov,2
Bauyrzhan Musin,2
Zhansaya Bolat,3
Layla Sokolov,4
Madina Lebedev,5
Vera Suleimenov,3
Aigul Kaliyev,4
Dinara Demir,1
Zhandos Daulet,1
Marat Novikov,2
Bekzat Sadykov,3
Irina Iskakov,3
Timur Kassym,3
Sanzhar Kuznetsov,5
Gaukhar Petrov,4
Kairat Tashkenov,2
Emre Gabdullin,2
Nurzhan Esenov,2
Ekaterina Dauletov,2
Yerbol Bolat,1
Ksenia Dogan,3
Sabina Iskakov,3
Daniyar Zhunusov,1
Hasan Alpysbay,2
Anna Aslan,2
Omar Iskakov,1
Timur Alpysbay,3
Denis Petrov,4
Tatiana Kudaibergen,1
Kuanysh Lebedev,2
Sultan Yilmaz,2
Anel Ivanov,2
Maria Ermek,2
Elif Ivanov,1
Oleg Kilic,5
Kuanysh Sagyndyk,1
Alisa Alpysbay,2
Oleg Volkov,2
Roman Sokolov,2
Roman Sokolov,5
Daniyar Konysbay,1
Kairat Assanov,3
Murat Konysbay,2
Arman Ivanov,1
Zhandos Makhmud,2
Zhandos Kuznetsov,1
Andrey Sagyndyk,5
Bekzat Temirov,4
Miras Kara,3
Denis Temirov,5
Irina Morozov,2
Bauyrzhan Smirnov,4
Miras Ibrayev,1
Nazerke Sokolov,3
Saltanat Sahin,4
Tomiris Tleubek,1
Ilyas Kuznetsov,3
Sanzhar Turgenev,2
Timur Kilic,1
Talgat Dogan,1
Kairat Volkov,2
Omar Ivanov,1
Irina Makhmud,2
Meruyert Abenov,4
Karina Smirnov,1
Anna Assanov,2
Rauan Kilic,4
Emre Assanov,1
Gulnaz Kassym,1
Ece Nurgaliyev,3
Sofia Assanov,2
Tomiris Gabdullin,3
Elena Bekov,1
Olga Iskakov,2
Madina Kudaibergen,4
Nazym Novikov,2
Zhandos Volkov,1
Ainur Iskakov,3
Ilyas Daulet,1
Vera Volkov,1
Bekzat Sokolov,3
Ksenia Dogan,4
Zarina Kaliyev,1
Andrey Popov,4
Laura Mukanov,3
Olzhas Koc,3
Islam Arslan,2
Nikita Daulet,1
Elif Zhaksylyk,1
Irina Aliyev,5
Aigerim Konysbay,4
Rauan Celik,3
Nurzhan Zhaksylyk,4
Aigerim Morozov,4
Nurzhan Demir,2
Akbota Volkov,2
Ruslan Yerzhanov,1
Murat Ualiyev,3
Elif Amangeldy,2
Yulia Koc,1
Derya Sadykov,2
Laura Smirnov,1
Ksenia Rakhimov,5
Madina Petrov,1
Ersultan Jumabek,5
Alisa Mukanov,2
Marat Demir,2
Olga Bolat,2
Tatiana Arslan,3
Nazym Yilmaz,1
Sultan Popov,1
Irina Celik,2
Kirill Baitursyn,4
Symbat Demir,4
Alisa Kurt,3
Azamat Konysbay,1
Ruslan Koc,3
Kuanysh Dauletov,1
Asel Alpysbay,1
Yerlan Esenov,3
Ekaterina Turgenev,3
Omar Mikhailov,1
Balzhan Bolat,5
Olzhas Zhaksylyk,4
Ruslan Lebedev,2
Vlad Sahin,4
Nurzhan Serikbay,1
Ilyas Kurmanov,2
Adil Tleubek,2
Daniyar Assanov,4
Anna Abdirov,4
Ekaterina Koc,3
Ainur Koc,3
Zhandos Daulet,4
Sergey Mikhailov,3
Aigul Shakenov,3
Ilyas Koc,2
Madina Bekov,2
Kamila Konysbay,2
Meruyert Petrov,3
Alisa Gabdullin,1
Vlad Rakhimov,2
Polina Daulet,2
Aruzhan Alpysbay,5
Nazerke Ibrayev,2
Milana Akhmetov,2
Irina Jumabek,4
Alina Sagyndyk,1
Talgat Sokolov,3
Daniyar Cetin,3
Kirill Musin,5
Derya Bekov,4
Nurlybek Tleubek,3
Kuanysh Tashkenov,3
Nazerke Fedorov,3
Anton Petrov,2
Bauyrzhan Daulet,2
Anton Jumabek,2
Ruslan Sadykov,2
Anna Yilmaz,5
Andrey Tashkenov,5
Askar Jumabek,4
Omar Novikov,2
Aizhan Musin,3
Talgat Makhmud,5
Olzhas Alpysbay,2
Elif Orazov,2
Bauyrzhan Mukanov,1
Zhansaya Alpysbay,1
Vlad Assanov,3
Dmitry Temirov,1
Dinara Dogan,4
Denis Alpysbay,2
Pavel Akhmetov,2
Damir Popov,5
Bekzat Sadykov,2
Zeynep Novikov,4
Zhandos Celik,3
Elif Kara,3
Askar Aslan,4
Milana Demir,4
Gaukhar Zhunusov,1
Sofia Serikbay,3
Maxim Celik,3
Yerbol Serikbay,4
Zhanar Zhumabek,3
Irina Serikbay,3
Vera Shakenov,5
Maria Abenov,3
Tomiris Mukanov,3
Alina Zhunusov,2
Tomiris Kaya,1
Roman Lebedev,1
Nikita Yilmaz,1
Aknur Gabdullin,1
Nur Kudaibergen,4
Anel Baiseitov,3
Hasan Smirnov,5
Sergey Mukanov,3
Yerbol Konysbay,4
Kirill Rakhimov,5
Polina Cetin,3
Maxim Kaliyev,1
Aigul Ualiyev,2
Nikita Yilmaz,2
Baris Bekov,1
Andrey Temirov,1
Irina Smirnov,2
Selin Turgenev,4
Akbota Konysbay,3
Zhansaya Ozturk,4
Saltanat Orazov,2
Zhanel Sadykov,4
Adil Tashkenov,1
Ainur Demir,4
Zeynep Ualiyev,3
Aknur Aslan,1
Milana Koc,4
Miras Shakenov,4
Elnur Daulet,1
Kamila Zhumabek,5
Sultan Dauletov,2
Baris Assanov,2
Anel Konysbay,3
Azamat Musin,3
Kairat Popov,2
Emre Baiseitov,4
Yernar Nurgaliyev,1
Aknur Iskakov,2
Omar Arslan,1
Dinara Ivanov,2
Maria Nurgaliyev,3
Zeynep Kilic,2
Omar Ibrayev,5
Alisa Baitursyn,2
Zhansaya Tashkenov,3
Azamat Baitursyn,4
Azamat Kassym,1
Sofia Kassym,2
Aknur Cetin,4
Sergey Rakhimov,1
Asel Novikov,3
Olzhas Orazov,3
Polina Suleimenov,2
Daniyar Omarov,1
Denis Yilmaz,1
Igor Orazov,3
Pavel Novikov,1
Ekaterina Volkov,4
Timur Lebedev,2
Zeynep Kurt,3
Timur Temirov,2
Azamat Ualiyev,5
Roman Celik,1
Igor Suleimenov,1
Nurlybek Yerzhanov,3
Ilyas Zhunusov,1
Dana Orazov,2
Ersultan Iskakov,1
Nurlybek Akhmetov,5
Pavel Amangeldy,3
Ainur Ivanov,3
Temirlan Demir,2
Olga Kassym,3
Yerlan Sagyndyk,5
Sofia Ivanov,4
Zhanel Bolat,4
Alisa Esenov,3
Derya Ivanov,3
Serik Bolat,4
Symbat Temirov,3
Akbota Turgenev,3
Balzhan Sahin,1
Zhandos Kurt,1
Madina Bekov,4
Dmitry Celik,2
Hasan Celik,5
Gulnaz Tleubek,4
Zeynep Aliyev,2
Temirlan Kara,2
Zhandos Yilmaz,2
Zhanar Suleimenov,4
Zeynep Rakhimov,3
Layla Kilic,5
Akbota Dogan,3
Roman Orazov,2
Roman Mukanov,3
Zarina Aslan,4
Kairat Rakhimov,1
Sabina Aliyev,4
Selin Abenov,2
Elena Dauletov,2
Zarina Gabdullin,3
Bekzat Sahin,1
Aruzhan Esenov,3
Aizhan Celik,3
Aigerim Makhmud,4
Kairat Zhumabek,4
Nurlan Shakenov,1
Nazym Omarov,4
Nurzhan Iskakov,5
Symbat Lebedev,5
Daniyar Sokolov,5
Kerem Kudaibergen,1
Elena Demir,2
Islam Baiseitov,2
Talgat Karimov,3
Anna Volkov,1
Nur Sokolov,2
Miras Temirov,1
Baris Zhunusov,1
Alina Musin,2
Asel Lebedev,3
Dana Baiseitov,2
Nurzhan Makhmud,4
Yerbol Gabdullin,1
Tolga Kara,1
Karina Akhmetov,1
Elena Temirov,1
Aisha Bolat,3
Daniyar Koc,1
Daria Temirov,5
Vadim Zhaksylyk,1
Ksenia Baiseitov,3
Irina Omarov,1
Sofia Aslan,1
Symbat Popov,3
Nurzhan Suleimenov,5
Askar Karimov,2
Balzhan Kilic,3
Tatiana Cetin,2
Meruyert Zhaksylyk,1
Olzhas Ozturk,5
Layla Dauletov,1
Saltanat Bolat,3
Nazym Musin,2
Nurlan Abdirov,2
Roman Arslan,5
Layla Musin,2
Aruzhan Sadykov,2
Meruyert Turgenev,1
Amir Suleimenov,1
Yerbol Temirov,2
Asel Kuznetsov,3
Zarina Cetin,1
Pavel Mikhailov,3
Zeynep Temirov,2
Laura Kaya,2
Artem Ermek,2
Vera Zhaksylyk,4
Meruyert Baiseitov,1
Andrey Karimov,1
Vera Amangeldy,1
Zeynep Rakhimov,2
Pavel Volkov,4
Daniyar Zhunusov,1
Kirill Tashkenov,2
Tomiris Kassym,1
Zhandos Dauletov,2
Nazym Aslan,3
Azamat Sahin,2
Azamat Makhmud,3
Baris Yilmaz,3
Laura Dauletov,1
Derya Kurmanov,1
Zhandos Sokolov,3
Milana Kaliyev,5
Kuanysh Alpysbay,5
Anna Ivanov,5
Anel Alpysbay,1
Nurzhan Tleubek,3
Gulnaz Makhmud,3
Zhuldyz Sahin,2
Ilyas Novikov,1
Temirlan Fedorov,4
Sanzhar Serikbay,5
Nazerke Ermek,5
Alisa Yilmaz,3
Kamila Baitursyn,3
Dana Ivanov,2
Laura Abenov,2
Nikita Ivanov,2
Balzhan Smirnov,3
Kuanysh Orazov,5
Emre Nurgaliyev,2
Igor Popov,4
Adil Novikov,2
Elnur Dauletov,2
Sultan Sadykov,3
Emre Kuznetsov,2
Kuanysh Zhaksylyk,4
Aliya Zhunusov,2
Pavel Sahin,5
Rasul Daulet,2
Zhansaya Aslan,2
Miras Tashkenov,3
Zhanar Sahin,2
Nazerke Abenov,4
Laura Aslan,1
Bauyrzhan Kaya,3
Adil Bolat,3
Kamila Karimov,4
Emre Abdirov,2
Zhanna Baitursyn,2
Murat Novikov,4
Temirlan Zhunusov,4
Dias Kaya,3
Kairat Assanov,2
Laura Dauletov,3
Anel Ermek,1
Zhansaya Baiseitov,2
Aliya Sagyndyk,2
Olzhas Bekov,2
Kamila Novikov,3
Derya Jumabek,2
Daniyar Jumabek,1
Ekaterina Morozov,3
Rauan Amangeldy,1
Madina Shakenov,3
Igor Zhumabek,3
Balzhan Rakhimov,1
Zarina Serikbay,3
Sabina Yerzhanov,1
Adil Kara,5
Serik Iskakov,2
Aknur Kassym,2
Omar Karimov,5
Daria Baitursyn,2
Zhanna Esenov,3
Aliya Baitursyn,2
Alina Karimov,2
Andrey Mukanov,2
Miras Morozov,3
Emre Aliyev,1
Aigerim Shakenov,3
Tatiana Musin,1
Dmitry Lebedev,1
Miras Demir,2
Symbat Abenov,1
Maxim Sokolov,3
Askar Gabdullin,5
Elif Yerzhanov,1
Yerlan Amangeldy,1
Kuanysh Abdirov,3
Maxim Bekov,2
Timur Dogan,3
Yerbol Kilic,1
Karina Dogan,4
Maria Mikhailov,4
Temirlan Abenov,4
Ilyas Dauletov,2
Igor Ermek,4
Rasul Fedorov,4
Ksenia Musin,1
Milana Shakenov,3
Kerem Serikbay,1
Vera Sadykov,1
Olzhas Sagyndyk,1
Andrey Kudaibergen,3
Rasul Bekov,3
Denis Kurmanov,3
Nazerke Ivanov,3
Polina Ualiyev,3
Bauyrzhan Bekov,3
Sabina Bolat,3
Asel Novikov,4
Amir Bolat,3
Andrey Zhumabek,1
Oleg Turgenev,1
Aliya Novikov,3
Elif Konysbay,3
Kirill Kuznetsov,3
Sergey Kaya,2
Gaukhar Zhunusov,1
Aknur Shakenov,5
Aizhan Gabdullin,3
Zhuldyz Celik,5
Talgat Abenov,3
Kairat Zhaksylyk,3
Ekaterina Kara,1
Bekzat Popov,3
Bekzat Baitursyn,3
Kirill Abdirov,3
Yernar Akhmetov,2
Maxim Orazov,2
Anna Musin,1
Oleg Abenov,5
Amir Smirnov,5
Talgat Mikhailov,3
Bekzat Jumabek,5
Aizhan Arslan,2
Ersultan Petrov,3
Elif Celik,4
Zhanna Sadykov,2
Zhandos Ualiyev,3
Nikita Mikhailov,5
Ersultan Orazov,1
Damir Daulet,4
Zhanar Esenov,2
Vlad Kilic,2
Aliya Makhmud,2
Aisha Assanov,4
Aruzhan Makhmud,2
Timur Akhmetov,5
Igor Makhmud,3
Tatiana Kassym,3
Temirlan Mukanov,1
Nurlan Volkov,2
Yulia Turgenev,3
Aruzhan Volkov,4
Zhandos Kuznetsov,3
Olzhas Nurgaliyev,1
Talgat Esenov,3
Islam Tleubek,4
Murat Mikhailov,1
Ersultan Novikov,5
Nurzhan Kaya,1
Murat Kurt,2
Gaukhar Nurgaliyev,1
Amir Ibrayev,3
Miras Sagyndyk,3
Nurzhan Tleubek,3
Elnur Yerzhanov,4
Nazerke Jumabek,2
Yerbol Kara,4
Ainur Kurt,2
Ersultan Volkov,3
Aizhan Ermek,2
Ekaterina Koc,2
Andrey Nurgaliyev,3
Roman Abdirov,3
Ersultan Dogan,2
Dana Sadykov,3
Baris Shakenov,1
Talgat Dogan,1
Nur Bekov,3
Aisha Volkov,4
Maria Morozov,3
Yerlan Gabdullin,1
Nur Temirov,4
Miras Kurmanov,2
Ainur Omarov,3
Rauan Gabdullin,3
Alisa Ermek,3
Sanzhar Ozturk,2
Adil Musin,1
Sanzhar Konysbay,4
Karina Shakenov,1
Baris Nurgaliyev,2
Aisha Kuznetsov,3
Dana Smirnov,1
Nurlybek Orazov,5
Bauyrzhan Jumabek,5
Zhuldyz Serikbay,2
Karina Karimov,2
Hasan Baiseitov,2
Zhanar Sadykov,1
Kuanysh Musin,2
Oleg Assanov,2
Maxim Tashkenov,3
Meruyert Bekov,4
Kerem Tashkenov,5
Symbat Kilic,5
Zeynep Demir,4
Aigul Koc,2
Rauan Sokolov,1
Madina Demir,5
Zhanel Yerzhanov,2
Kerem Tleubek,3
Milana Demir,4
Dana Petrov,3
Anel Kara,4
Roman Petrov,1
Laura Kuznetsov,3
Dias Sagyndyk,2
Alina Kara,2
Balzhan Makhmud,3
Zeynep Serikbay,1
Aknur Esenov,1
Marat Karimov,2
Sergey Assanov,4
Sanzhar Ermek,4
Polina Kurmanov,1
Denis Akhmetov,3
Vadim Sadykov,2
Nurlybek Cetin,2
Nazerke Jumabek,4
Damir Mikhailov,3
Zarina Zhumabek,1
Zhanel Zhaksylyk,3
Anna Ozturk,4
Aizhan Mukanov,1
Elena Popov,4
Alisa Yilmaz,5
Zhansaya Bolat,1
Temirlan Fedorov,4
Derya Kuznetsov,4
Layla Koc,1
Murat Yerzhanov,1
Kirill Zhumabek,5
Maxim Kurt,1
Aliya Arslan,3
Zhanar Sadykov,2
Ilyas Gabdullin,2
Artem Alpysbay,3
Zeynep Kuznetsov,5
Azamat Sadykov,3
Artem Mukanov,2
Nur Rakhimov,4
Temirlan Ivanov,5
Maria Temirov,3
Yulia Esenov,2
Saltanat Tashkenov,4
Damir Abdirov,1
Derya Daulet,1
Aliya Kassym,1
Zhuldyz Sokolov,1
Zhuldyz Lebedev,4
Sergey Esenov,5
Anton Assanov,2
Kairat Baitursyn,2
Sanzhar Esenov,2
Pavel Novikov,1
Nazerke Nurgaliyev,1
Symbat Karimov,3
Laura Serikbay,4
Vera Akhmetov,5
Layla Dogan,1
Irina Novikov,2
Anel Esenov,3
Aliya Suleimenov,5
Vadim Sagyndyk,2
Saltanat Arslan,4
Saltanat Sagyndyk,4
Yerbol Tleubek,3
Vadim Orazov,1
Meruyert Petrov,5
Sanzhar Amangeldy,2
Ersultan Orazov,1
Asel Abenov,1
Arman Daulet,3
Bekzat Baitursyn,3
Yulia Popov,5
Andrey Kuznetsov,3
Rauan Kurmanov,3
Emre Morozov,3
Sofia Kara,5
Ksenia Mukanov,2
Dias Shakenov,5
Nazerke Ivanov,2
Marat Makhmud,4
Asel Dauletov,1
Aigerim Zhunusov,2
Daniyar Akhmetov,4
Vlad Temirov,2
Yerlan Koc,3
Aruzhan Popov,1
Bekzat Sagyndyk,3
Sofia Esenov,3
Zhansaya Volkov,2
Timur Dogan,3
Anton Sahin,3
Kamila Turgenev,2
Zeynep Karimov,2
Sabina Omarov,4
Aigerim Daulet,1
Aizhan Zhaksylyk,1
Rauan Kurmanov,3
Timur Suleimenov,3
Daniyar Serikbay,1
Kerem Baitursyn,1
Timur Sadykov,3
Roman Bolat,3
Yerlan Zhunusov,4
Murat Smirnov,4
Anton Bolat,1
Zhansaya Sahin,2
Akbota Shakenov,3
Denis Koc,3
Azamat Shakenov,4
Damir Yerzhanov,3
Bekzat Nurgaliyev,5
Polina Kuznetsov,1
Ekaterina Ivanov,1
Andrey Yerzhanov,3
Zarina Tleubek,2
Sultan Karimov,1
Symbat Amangeldy,3
Derya Kudaibergen,1
Zhansaya Makhmud,1
Meruyert Sagyndyk,5
Nurzhan Zhaksylyk,5
Ruslan Serikbay,1
Layla Cetin,1
Askar Ermek,4
Zhuldyz Aslan,1
Saltanat Sahin,1
Elena Jumabek,1
Denis Cetin,4
Askar Konysbay,2
Roman Kaliyev,3
Tomiris Omarov,3
Omar Kaya,3
Saltanat Makhmud,3
Elnur Koc,2
Zhuldyz Popov,2
Elnur Esenov,4
Sultan Konysbay,1
Nazym Abdirov,3
Sanzhar Assanov,4
Ekaterina Petrov,1
Meruyert Gabdullin,2
Emre Dogan,2
Madina Sadykov,3
Ruslan Demir,1
Azamat Rakhimov,5
Nurlan Demir,1
Ruslan Ozturk,2
Gaukhar Amangeldy,3
Maria Ibrayev,2
Sultan Gabdullin,4
Sergey Konysbay,3
Olzhas Zhaksylyk,1
Elena Esenov,1
Kerem Kurmanov,4
Alisa Rakhimov,1
Aisha Bekov,2
Zarina Zhaksylyk,4
Bekzat Smirnov,3
Zhuldyz Zhunusov,1
Artem Dauletov,4
Ekaterina Lebedev,2
Irina Kaliyev,4
Aigerim Baitursyn,1
Kuanysh Makhmud,5
Ksenia Jumabek,5
Elena Shakenov,1
Denis Dauletov,2
Elif Arslan,1
Rasul Alpysbay,3
Temirlan Omarov,3
Selin Konysbay,3
Adil Amangeldy,1
Yerbol Iskakov,4
Sanzhar Kassym,4
Ilyas Bolat,5
Amir Ozturk,2
Nurzhan Ermek,1
Aisha Sagyndyk,3
Rauan Karimov,3
Anna Musin,3
Symbat Abenov,5
Tatiana Baiseitov,3
Aisha Suleimenov,3
Elena Esenov,4
Sabina Demir,1
Dana Kara,1
Tatiana Mikhailov,1
Yerbol Volkov,3
Kamila Volkov,2
Yerlan Alpysbay,1
Askar Celik,1
Alibek Tleubek,2
Tomiris Zhumabek,4
Azamat Nurgaliyev,1
Sergey Gabdullin,3
Alina Sokolov,3
Zeynep Suleimenov,3
Pavel Ozturk,3
Yerbol Baitursyn,4
Yerbol Cetin,1
Aigerim Abenov,2
Amir Celik,1
Zhuldyz Musin,1
Nur Sokolov,1
Alibek Abenov,5
Nazym Serikbay,1
Sofia Kuznetsov,3
Murat Bekov,1
Omar Popov,4
Kairat Koc,2
Ilyas Mikhailov,3
Zhanna Aslan,2
Nazerke Lebedev,4
Laura Sadykov,4
Murat Baiseitov,3
Layla Ozturk,2
Kirill Assanov,1
Sofia Daulet,2
Aruzhan Esenov,3
Serik Kudaibergen,2
Sultan Novikov,3
Ruslan Amangeldy,3
Ece Zhunusov,5
Bauyrzhan Esenov,3
Igor Kaya,2
Selin Arslan,5
Kirill Kaliyev,2
Gaukhar Temirov,3
Pavel Kaliyev,2
Adil Akhmetov,3
Aisha Sagyndyk,3
Omar Suleimenov,4
Zhansaya Daulet,1
Nurlan Baiseitov,2
Daria Kurt,3
Ekaterina Konysbay,2
Oleg Novikov,1
Olga Tashkenov,3
Elena Shakenov,3
Nurzhan Yerzhanov,3
Saltanat Makhmud,1
Dana Abenov,3
Zeynep Morozov,1
Nurlan Assanov,2
Maxim Assanov,3
Kamila Sagyndyk,3
Islam Kilic,5
Roman Nurgaliyev,1
Aliya Mukanov,3
Derya Omarov,2
Zhanel Fedorov,5
Daniyar Ibrayev,4
Layla Iskakov,3
Maxim Zhumabek,3
Asel Popov,2
Nurlan Ozturk,1
Kamila Kudaibergen,3
Yulia Sokolov,3
Azamat Konysbay,1
Pavel Fedorov,4
Nazerke Kudaibergen,2
Alibek Kilic,3
Aliya Baiseitov,2
Layla Baitursyn,1
Sanzhar Smirnov,4
Islam Gabdullin,4
Nazym Kara,2
Talgat Assanov,2
Serik Nurgaliyev,5
Alibek Turgenev,2
Murat Sahin,3
Nazym Gabdullin,5
Maxim Turgenev,1
Zhanel Arslan,3
Adil Kara,3
Maria Bolat,5
Zeynep Turgenev,2
Madina Ermek,1
Maria Gabdullin,4
Temirlan Lebedev,1
Vera Karimov,1
Elif Amangeldy,3
Saltanat Karimov,3
Nazerke Kara,1
Alina Demir,3
Vadim Tashkenov,3
Karina Esenov,4
Maxim Tleubek,1
Dias Karimov,1
Bauyrzhan Serikbay,1
Ruslan Iskakov,1
Serik Morozov,4
Irina Tashkenov,4
Baris Gabdullin,4
Sofia Gabdullin,1
Islam Morozov,2
Dana Celik,1
Dias Suleimenov,4
Murat Abdirov,3
Ainur Alpysbay,2
Artem Rakhimov,1
Andrey Zhumabek,5
Marat Demir,1
Bekzat Zhaksylyk,3
Laura Tashkenov,2
Bauyrzhan Tleubek,1
Karina Suleimenov,2
Balzhan Gabdullin,3
Roman Ermek,1
Rauan Kurt,3
Zarina Fedorov,1
Yernar Yilmaz,4
Ekaterina Kudaibergen,1
Anton Ivanov,2
Nurzhan Yilmaz,5
Ilyas Esenov,4
Dmitry Orazov,2
Ece Morozov,1
Hasan Gabdullin,4
Hasan Dogan,2
Dana Rakhimov,5
Olzhas Dogan,3
Tatiana Sokolov,5
Zhuldyz Musin,1
Omar Kara,2
Adil Suleimenov,3
Zeynep Smirnov,3
Olzhas Bekov,3
Zhansaya Zhunusov,2
Laura Koc,4
Sergey Assanov,1
Nurlan Zhumabek,2
Nikita Sagyndyk,3
Tolga Kuznetsov,4
Alina Tleubek,2
Denis Amangeldy,2
Nur Amangeldy,3
Ersultan Ermek,2
Dmitry Sagyndyk,1
Yulia Sadykov,4
Zhansaya Assanov,3
Dmitry Baiseitov,1
Miras Tleubek,2
Tomiris Baiseitov,3
Sergey Serikbay,1
Dana Kurt,2
Zhanar Sahin,1
Elnur Yilmaz,1
Akbota Bekov,2
Zarina Alpysbay,1
Karina Shakenov,2
Andrey Abenov,1
Olzhas Bekov,1
Oleg Ivanov,3
Tatiana Popov,2
Laura Turgenev,2
Ilyas Shakenov,1
Zhanna Sahin,1
Selin Koc,2
Kuanysh Kaliyev,3
Yerbol Serikbay,3
Ece Amangeldy,4
Artem Morozov,3
Kirill Abenov,1
Daniyar Petrov,3
Aruzhan Shakenov,2
Aruzhan Morozov,2
Alibek Sahin,2
Laura Turgenev,4
Sabina Daulet,2
Aizhan Musin,2
Oleg Ivanov,2
Sultan Yilmaz,1
Talgat Aliyev,2
Asel Ualiyev,1
Baris Daulet,4
Andrey Lebedev,3
Hasan Abenov,5
Igor Jumabek,4
Kirill Arslan,5
Maria Zhunusov,3
Ece Kassym,1
Olzhas Dauletov,3
Alibek Gabdullin,1
Saltanat Yilmaz,3
Sergey Yilmaz,5
Miras Yilmaz,2
Alisa Amangeldy,5
Ersultan Makhmud,1
Polina Tleubek,2
Vlad Lebedev,1
Sabina Sagyndyk,3
Karina Volkov,2
Tolga Ermek,1
Islam Baiseitov,2
Daria Jumabek,5
Anna Ibrayev,1
Dmitry Dogan,3
Pavel Kara,1
Talgat Sokolov,2
Emre Jumabek,4
Sofia Kurt,1
Emre Yilmaz,3
Olga Suleimenov,5
Layla Novikov,1
Olzhas Bolat,1
Yerbol Kurmanov,1
Talgat Kaya,2
Olzhas Dogan,2
Zarina Sagyndyk,2
Daria Zhaksylyk,1
Daria Ivanov,1
Ersultan Smirnov,2
Marat Sadykov,2
Zhansaya Assanov,3
Kuanysh Morozov,1
Sabina Amangeldy,2
Alisa Serikbay,2
Dinara Kaya,2
Amir Bolat,3
Timur Zhumabek,2
Askar Turgenev,2
Islam Gabdullin,5
Ekaterina Dauletov,3
Nurzhan Makhmud,3
Omar Shakenov,3
Ksenia Dauletov,1
Gulnaz Aslan,2
Aliya Rakhimov,2
Nurlan Kassym,1
Rauan Rakhimov,3
Maria Demir,4
Dias Ibrayev,3
Aknur Smirnov,4
Hasan Zhunusov,2
Askar Mikhailov,4
Aknur Kudaibergen,1
Dinara Dogan,1
Kairat Aliyev,2
Bauyrzhan Musin,3
Ruslan Ualiyev,2
Nurzhan Sagyndyk,3
Yulia Zhunusov,5
Roman Shakenov,3
Yerlan Kara,2
Miras Kuznetsov,3
Saltanat Baitursyn,1
Kerem Alpysbay,3
Kerem Sokolov,2
Ainur Koc,3
Olga Omarov,3
Arman Morozov,4
Irina Mikhailov,4
Yerbol Serikbay,1
Zarina Shakenov,2
Symbat Kaya,1
Nurlan Suleimenov,5
Zeynep Iskakov,1
Zhuldyz Iskakov,3
Balzhan Ibrayev,2
Elena Alpysbay,2
Kirill Orazov,3
Ersultan Baitursyn,3
Akbota Kaya,4
Gaukhar Turgenev,2
Nazym Ibrayev,3
Askar Tashkenov,1
Maria Sahin,5
Miras Zhunusov,5
Aisha Shakenov,1
Zhuldyz Bolat,5
Elena Turgenev,4
Zhansaya Orazov,2
Polina Popov,1
Karina Lebedev,4
Zeynep Yerzhanov,3
Polina Smirnov,3
Denis Ermek,2
Marat Yilmaz,3
Yernar Kurmanov,2
Zarina Sagyndyk,3
Dmitry Alpysbay,1
Amir Fedorov,1
Nurlybek Tleubek,1
Akbota Celik,2
Ece Aslan,2
Bauyrzhan Alpysbay,2
Talgat Aslan,2
Andrey Musin,1
Zeynep Abdirov,1
Baris Musin,4
Laura Yerzhanov,3
Roman Cetin,1
Aruzhan Assanov,3
Elif Demir,3
Aizhan Aslan,3
Yulia Cetin,1
Aigul Ibrayev,1
Alina Ozturk,2
Ece Celik,2
Dinara Aliyev,3
Madina Arslan,3
Maxim Mikhailov,5
Kamila Amangeldy,3
Timur Omarov,3
Alina Ivanov,3
Talgat Baiseitov,3
Sabina Celik,3
Yernar Ibrayev,2
Ece Omarov,5
Nazym Abdirov,1
Layla Makhmud,2
Artem Jumabek,2
Azamat Yerzhanov,1
Askar Bolat,2
Yerbol Bolat,2
Zhuldyz Kaliyev,1
Asel Abdirov,4
Nazym Mukanov,4
Bauyrzhan Celik,4
Hasan Sagyndyk,1
Hasan Morozov,5
Zhandos Serikbay,2
Roman Tashkenov,4
Kerem Koc,2
Aizhan Dogan,4
Hasan Amangeldy,1
Gaukhar Zhaksylyk,5
Anna Volkov,4
Artem Kara,2
Igor Turgenev,3
Nurlybek Rakhimov,5
Temirlan Demir,1
Sergey Fedorov,4
Emre Abdirov,4
Irina Mukanov,1
Saltanat Baitursyn,1
Derya Akhmetov,4
Oleg Novikov,1
Nazerke Sahin,3
Zeynep Nurgaliyev,2
Dana Iskakov,3
Elnur Yerzhanov,5
Sultan Kara,2
Zhandos Bolat,1
Aisha Yerzhanov,5
Dmitry Turgenev,2
Igor Tashkenov,1
Daria Makhmud,1
Akbota Kudaibergen,1
Rauan Lebedev,2
Pavel Yilmaz,1
Ainur Lebedev,2
Roman Assanov,3
Denis Kurmanov,3
Saltanat Ibrayev,1
Arman Turgenev,4
Aizhan Kudaibergen,1
Nazerke Esenov,5
Baris Sadykov,5
Ersultan Zhumabek,2
Nurlan Turgenev,3
Daria Makhmud,3
Zhandos Mikhailov,5
Alibek Nurgaliyev,2
Elnur Lebedev,4
Omar Musin,3
Yulia Kudaibergen,3
Milana Sahin,2
Temirlan Musin,2
Nazym Turgenev,3
Daniyar Baiseitov,4
Nur Rakhimov,3
Aigul Yilmaz,1
Aruzhan Orazov,1
Emre Zhaksylyk,5
Derya Musin,1
Amir Cetin,2
Arman Dogan,1
Nikita Jumabek,3
Gulnaz Shakenov,2
Oleg Esenov,3
Artem Esenov,1
Olga Amangeldy,2
Bauyrzhan Novikov,5
Gaukhar Baiseitov,1
Timur Smirnov,3
Azamat Jumabek,3
Asel Nurgaliyev,1
Nikita Lebedev,3
Tolga Sagyndyk,2
Pavel Assanov,2
Sanzhar Serikbay,4
Yerbol Orazov,1
Polina Abenov,2
Polina Smirnov,1
Aruzhan Abdirov,4
Bekzat Ualiyev,3
Vlad Koc,4
Roman Fedorov,5
Zhansaya Omarov,4
Ekaterina Rakhimov,3
Saltanat Kara,4
Gaukhar Tleubek,1
Milana Bolat,2
Yernar Konysbay,4
Timur Tashkenov,4
Aliya Turgenev,3
Daria Akhmetov,5
Emre Turgenev,1
Damir Bekov,3
Alina Turgenev,1
Nazym Daulet,4
Omar Akhmetov,2
Anel Bekov,4
Zhanna Ermek,3
Tomiris Zhumabek,2
Ainur Jumabek,2
Polina Koc,1
Sanzhar Lebedev,3
Zarina Daulet,2
Aigul Sokolov,3
Baris Novikov,4
Zhandos Ozturk,3
Dmitry Ualiyev,5
Marat Makhmud,3
Aknur Daulet,3
Olga Abenov,1
Ece Zhaksylyk,2
Olzhas Sahin,4
Dinara Zhunusov,2
Olga Volkov,1
Ece Karimov,1
Madina Baiseitov,1
Anna Aslan,3
Rauan Koc,1
Nurzhan Gabdullin,1
Balzhan Temirov,1
Vadim Yerzhanov,3
Maxim Suleimenov,4
Olzhas Sahin,2
Zeynep Suleimenov,4
Nurzhan Zhaksylyk,1
Adil Iskakov,1
Symbat Sadykov,1
Maria Serikbay,2
Kamila Kara,2
Nazerke Kilic,3
Amir Rakhimov,4
Nur Bolat,2
Sanzhar Serikbay,4
Serik Mikhailov,1
Ruslan Kassym,2
Ksenia Smirnov,4
Kirill Morozov,3
Rasul Sokolov,3
Aisha Petrov,4
Zhanar Zhunusov,1
Saltanat Kaya,3
Damir Popov,1
Ainur Morozov,4
Zhanna Kassym,4
Zhansaya Ualiyev,2
Olzhas Bekov,1
Sabina Turgenev,4
Karina Ualiyev,1
Emre Ibrayev,3
Alibek Smirnov,3
Dinara Aliyev,3
Saltanat Volkov,2
Balzhan Novikov,5
Nazym Amangeldy,5
Oleg Kuznetsov,4
Ekaterina Dogan,4
Maxim Kaya,3
Sanzhar Suleimenov,2
Kamila Kurmanov,2
Kuanysh Makhmud,1
Islam Kurmanov,3
Gaukhar Alpysbay,2
Asel Ermek,1
Alisa Kaya,2
Sanzhar Demir,4
Aizhan Kassym,3
Aisha Morozov,2
Aknur Konysbay,2
Pavel Sadykov,3
Aisha Dogan,2
Ruslan Ozturk,2
Nurlan Abdirov,2
Gaukhar Alpysbay,5
Yerlan Turgenev,4
Omar Baiseitov,4
Selin Zhumabek,2
Miras Ozturk,1
Elnur Abenov,2
Aigul Ozturk,4
Artem Baitursyn,3
Layla Demir,1
Sabina Morozov,5
Kamila Jumabek,1
Milana Koc,1
Hasan Kurt,1
Hasan Cetin,3
Nurlybek Musin,2
Emre Abenov,2
Marat Mukanov,4
Ainur Novikov,4
Baris Kurmanov,3
Anel Baitursyn,5
Kerem Ibrayev,3
Kamila Novikov,2
Oleg Zhunusov,1
Daria Serikbay,4
Maria Dogan,5
Zhandos Aliyev,2
Ersultan Kurt,1
Elif Zhunusov,2
Polina Sahin,1
Sultan Ualiyev,2
Kerem Makhmud,3
Vadim Karimov,5
Olzhas Mikhailov,1
Maxim Nurgaliyev,1
Olzhas Kilic,2
Polina Petrov,2
Arman Orazov,4
Azamat Orazov,5
Gulnaz Kuznetsov,1
Talgat Baiseitov,1
Daniyar Demir,1
Zhuldyz Yerzhanov,5
Bauyrzhan Yilmaz,3
Hasan Assanov,2
Omar Sagyndyk,2
Alibek Mikhailov,1
Amir Smirnov,2
Anna Abdirov,5
Laura Gabdullin,2
Aigerim Omarov,2
Temirlan Sagyndyk,1
Ece Kuznetsov,1
Adil Serikbay,5
Ainur Sagyndyk,1
Omar Sadykov,2
Meruyert Kassym,3
Maxim Mikhailov,3
Oleg Turgenev,2
Kerem Musin,5
Yulia Rakhimov,3
Sultan Mikhailov,2
Omar Demir,4
Layla Kudaibergen,1
Saltanat Kudaibergen,2
Pavel Aslan,5
Dmitry Jumabek,3
Madina Mukanov,5
Tolga Kudaibergen,4
Daniyar Aliyev,3
Vadim Bekov,5
Tomiris Baitursyn,1
Alibek Shakenov,3
Tomiris Omarov,5
Aknur Makhmud,3
Anel Aslan,2
Yerbol Dauletov,1
Gulnaz Baitursyn,3
Vera Kudaibergen,2
Kuanysh Mikhailov,2
Miras Kurmanov,5
Asel Aliyev,1
Maria Dogan,1
Nikita Aslan,5
Kirill Shakenov,2
Elif Orazov,3
Zeynep Akhmetov,2
Meruyert Lebedev,1
Nazym Morozov,4
Pavel Dauletov,1
Derya Lebedev,1
Derya Bekov,1
Talgat Bekov,2
Zhanar Dauletov,4
Derya Aliyev,1
Nurlan Sadykov,4
Tomiris Assanov,3
Vlad Akhmetov,4
Artem Sadykov,2
Anna Mikhailov,1
Selin Ermek,5
Ersultan Kilic,1
Elnur Musin,2
Tatiana Sadykov,1
Denis Zhaksylyk,5
Murat Kara,1
Maria Kara,2
Sanzhar Rakhimov,1
Azamat Esenov,2
Nazerke Bekov,4
Gaukhar Rakhimov,2
Nurlybek Yilmaz,3
Saltanat Alpysbay,3
Nurlan Omarov,4
Meruyert Dogan,2
Serik Demir,4
Karina Ualiyev,3
Ainur Ualiyev,4
Zhanel Mukanov,2
Dmitry Turgenev,1
Maria Novikov,3
Madina Abenov,3
Roman Rakhimov,1
Ersultan Musin,4
Bauyrzhan Abdirov,3
Anna Kaliyev,1
Madina Bolat,1
Kairat Ualiyev,5
Alisa Serikbay,3
Damir Zhunusov,2
Tatiana Ozturk,4
Kairat Temirov,1
Sultan Daulet,3
Anton Baitursyn,4
Miras Shakenov,1
Alibek Omarov,1
Aigerim Daulet,1
Oleg Baitursyn,2
Nurlybek Celik,3
Elena Orazov,2
Ekaterina Kurmanov,1
Marat Baiseitov,3
Tomiris Esenov,1
Igor Akhmetov,4
Nurlan Sokolov,2
Pavel Tleubek,1
Maxim Suleimenov,1
Igor Abdirov,1
Roman Kara,2
Kirill Petrov,3
Karina Koc,4
Alisa Demir,2
Amir Fedorov,5
Daria Lebedev,5
Miras Dogan,3
Nurlan Demir,1
Alina Iskakov,1
Polina Demir,1
Olga Esenov,3
Nikita Ualiyev,3
Yerbol Smirnov,1
Dana Kurt,4
Nurlybek Kurmanov,1
Layla Abdirov,4
Derya Suleimenov,1
Tomiris Iskakov,4
Zarina Abenov,2
Aknur Tleubek,2
Roman Ermek,1
Anna Fedorov,5
Aizhan Omarov,3
Bekzat Jumabek,5
Tolga Novikov,3
Tatiana Gabdullin,1
Balzhan Koc,3
Alibek Baiseitov,5
Serik Fedorov,1
Aisha Musin,5
Daria Sadykov,2
Alina Suleimenov,3
Yulia Musin,5
Nazym Abdirov,2
Aruzhan Turgenev,1
Nazym Kurt,1
Kirill Omarov,3
Irina Sagyndyk,2
Emre Zhumabek,2
Nazerke Morozov,2
Sofia Zhumabek,1
Emre Lebedev,2
Karina Ivanov,4
Rauan Kurmanov,2
Kuanysh Kaliyev,1
Elif Sadykov,2
Hasan Bekov,3
Yerlan Nurgaliyev,4
Ersultan Akhmetov,4
Nur Ivanov,1
Kamila Smirnov,3
Ekaterina Turgenev,5
Akbota Akhmetov,3
Pavel Mikhailov,2
Omar Rakhimov,4
Islam Aliyev,1
Milana Tashkenov,3
Zhandos Daulet,3
Sanzhar Serikbay,4
Kuanysh Turgenev,3
Nazym Abenov,1
Vlad Shakenov,2
Hasan Tleubek,1
Zhuldyz Bekov,2
Ersultan Sadykov,2
Askar Rakhimov,3
Sabina Amangeldy,3
Tomiris Temirov,3
Roman Abenov,4
Dias Yerzhanov,2
Baris Konysbay,3
Askar Ozturk,2
Gulnaz Abenov,5
Anel Ualiyev,4
Aknur Nurgaliyev,3
Emre Kurmanov,3
Dinara Zhaksylyk,3
Symbat Serikbay,5
Bekzat Makhmud,5
Nazym Morozov,1
Sergey Dogan,4
Ece Kudaibergen,2
Temirlan Musin,5
Emre Kara,3
Polina Aslan,1
Kuanysh Dauletov,2
Tomiris Nurgaliyev,1
Timur Ualiyev,2
Hasan Kudaibergen,2
Zhuldyz Shakenov,1
Talgat Karimov,4
Balzhan Makhmud,2
Yulia Nurgaliyev,1
Ekaterina Rakhimov,1
Askar Aliyev,3
Aisha Yerzhanov,2
Elnur Lebedev,5
Anel Cetin,2
Ruslan Musin,3
Zarina Ozturk,2
Zhandos Yerzhanov,4
Rasul Abenov,1
Olga Novikov,1
Bauyrzhan Novikov,4
Vera Turgenev,4
Madina Bolat,5
Yernar Aslan,4
Yulia Kilic,5
Aliya Konysbay,4
Saltanat Alpysbay,3
Zhuldyz Jumabek,3
Serik Orazov,2
Elif Baiseitov,2
Zhanel Mukanov,3
Sabina Kilic,2
Elnur Morozov,1
Dinara Orazov,4
Anna Assanov,2
Nurlybek Kudaibergen,2
Anton Dauletov,2
Zarina Karimov,4
Alina Koc,1
Balzhan Iskakov,2
Zhandos Kassym,1
Kirill Jumabek,3
Zhanna Iskakov,4
Elena Kassym,4
Saltanat Jumabek,2
Nur Kuznetsov,2
Selin Konysbay,4
Elena Ualiyev,1
Zhandos Omarov,4
Akbota Makhmud,2
Anna Ozturk,2
Daniyar Popov,4
Sultan Zhumabek,1
Meruyert Daulet,1
Yerbol Tleubek,1
Dmitry Konysbay,1
Ekaterina Celik,2
Serik Petrov,3
Tatiana Kaya,3
Aizhan Smirnov,2
Elena Mukanov,1
Milana Temirov,1
Timur Amangeldy,3
Bauyrzhan Abdirov,1
Damir Fedorov,5
Akbota Karimov,1
Roman Ozturk,1
Asel Alpysbay,3
Tatiana Demir,1
Layla Yerzhanov,2
Nurzhan Kassym,2
Serik Jumabek,2
Islam Abdirov,4
Aisha Zhunusov,5
Nurzhan Sadykov,3
Omar Ozturk,2
Askar Zhunusov,1
Timur Petrov,5
Vera Popov,2
Daniyar Ualiyev,3
Karina Baiseitov,4
Asel Bolat,3
Meruyert Abenov,2
Roman Ibrayev,1
Arman Kara,3
Andrey Daulet,3
Anton Yerzhanov,2
Ekaterina Kassym,1
Zhuldyz Fedorov,2
Aigul Omarov,5
Alibek Baitursyn,2
Karina Dogan,1
Pavel Celik,1
Polina Tleubek,1
Yerbol Baiseitov,3
Murat Sokolov,1
Pavel Yerzhanov,1
Anton Kaya,3
Symbat Ibrayev,2
Ainur Fedorov,2
Tomiris Kurmanov,3
Kamila Novikov,2
Sergey Temirov,2
Anel Konysbay,2
Nur Tashkenov,2
Zhanna Ivanov,3
Nurlan Petrov,2
Nurlybek Kaliyev,1
Saltanat Mikhailov,2
Tolga Lebedev,1
Serik Kaliyev,1
Ersultan Kudaibergen,2
Oleg Yerzhanov,3
Timur Zhunusov,2
Damir Tleubek,4
Meruyert Demir,1
Anna Sadykov,2
Dias Aliyev,2
Nazym Omarov,2
Nurlybek Dauletov,1
Talgat Yilmaz,2
Yerlan Arslan,4
Bauyrzhan Gabdullin,2
Vadim Kaliyev,1
Dias Ozturk,3
Zhandos Baitursyn,3
Emre Akhmetov,1
Zhanel Kilic,5
Adil Petrov,4
Irina Daulet,2
Sanzhar Ivanov,4
Maxim Tashkenov,2
Ece Nurgaliyev,4
Oleg Esenov,2
Tomiris Kuznetsov,4
Aizhan Kilic,4
Yernar Ozturk,2
Yulia Kaya,2
Amir Kilic,1
Sergey Daulet,2
Nurlybek Baitursyn,4
Arman Serikbay,1
Kerem Alpysbay,4
Nikita Sahin,3
Aigul Assanov,1
Aisha Fedorov,2
Gulnaz Nurgaliyev,1
Nazerke Temirov,1
Damir Koc,3
Sofia Jumabek,2
Maxim Serikbay,2
Islam Bekov,2
Dias Ermek,2
Roman Kilic,4
Aruzhan Celik,2
Temirlan Kurmanov,3
Anna Yerzhanov,5
Meruyert Iskakov,3
Aruzhan Alpysbay,5
Saltanat Ozturk,3
Madina Orazov,4
Elnur Petrov,5
Karina Bolat,1
Zhansaya Kuznetsov,2
Bekzat Smirnov,2
Madina Musin,1
Gaukhar Jumabek,5
Roman Iskakov,1
Artem Sahin,2
Dinara Orazov,2
Roman Abdirov,3
Dinara Dogan,3
Zarina Iskakov,3
Irina Dogan,5
Symbat Baiseitov,5
Sanzhar Temirov,3
Zeynep Temirov,5
Aisha Kaliyev,4
Artem Nurgaliyev,2
Ekaterina Celik,1
Daniyar Jumabek,1
Elena Konysbay,2
Nikita Kaya,2
Nikita Sokolov,5
Vlad Sokolov,2
Laura Makhmud,2
Ece Aslan,3
Vadim Abdirov,3
Vlad Demir,3
Bauyrzhan Akhmetov,1
Hasan Turgenev,2
Aizhan Demir,4
Yernar Baitursyn,3
Sergey Serikbay,4
Akbota Dauletov,1
Omar Zhumabek,1
Anton Lebedev,1
Yernar Gabdullin,1
Zhandos Zhumabek,2
Aigerim Daulet,2
Gaukhar Temirov,2
Aisha Kuznetsov,2
Miras Kilic,4
Ersultan Novikov,2
Aliya Baiseitov,1
Nurlan Petrov,3
Bekzat Kuznetsov,1
Dana Amangeldy,3
Layla Rakhimov,1
Aizhan Iskakov,3
Nurlan Zhaksylyk,3
Sergey Kuznetsov,1
Kairat Suleimenov,1
Kuanysh Sagyndyk,4
Tomiris Zhaksylyk,4
Sanzhar Cetin,1
Yerbol Cetin,3
Baris Mikhailov,1
Ece Ivanov,2
Aruzhan Abenov,1
Sanzhar Arslan,2
Aknur Dogan,2
Miras Zhunusov,1
Daria Koc,4
Amir Kara,1
Zarina Kurmanov,1
Dias Smirnov,4
Ksenia Bolat,1
Damir Sokolov,2
Zarina Cetin,2
Islam Sadykov,5
Zeynep Musin,1
Meruyert Orazov,3
Ainur Sokolov,3
Baris Yilmaz,3
Pavel Shakenov,1
Zarina Kurt,1
Laura Kilic,1
Symbat Morozov,2
Ksenia Turgenev,1
Ainur Aliyev,4
Aliya Arslan,3
Damir Zhunusov,3
Askar Mikhailov,4
Roman Daulet,3
Daria Konysbay,3
Sergey Mukanov,3
Ainur Suleimenov,4
Omar Novikov,2
Aknur Kaya,1
Omar Kara,2
Alina Dauletov,2
Anna Kara,3
Nikita Esenov,4
Ruslan Suleimenov,2
Yernar Kaliyev,1
Gulnaz Rakhimov,4
Sergey Ermek,1
Amir Tleubek,3
Karina Tleubek,2
Oleg Kaliyev,2
Emre Zhaksylyk,3
Selin Karimov,4
Nurlybek Dogan,4
Anna Baitursyn,3
Roman Baiseitov,1
Emre Konysbay,1
Aknur Makhmud,2
Dias Tashkenov,1
Asel Kassym,5
Aknur Volkov,2
Ece Popov,4
Arman Demir,2
Igor Konysbay,4
Ruslan Zhunusov,4
Bauyrzhan Kara,3
Rauan Assanov,1
Rasul Serikbay,2
Ainur Amangeldy,2
Askar Cetin,3
Derya Assanov,4
Nurzhan Suleimenov,2
Zhanel Sadykov,4
Maria Iskakov,3
Nurlybek Orazov,4
Nazerke Dogan,5
Denis Ualiyev,2
Rasul Akhmetov,3
Ainur Aliyev,1
Roman Musin,4
Zhuldyz Iskakov,5
Miras Yilmaz,2
Yerbol Zhaksylyk,5
Zhandos Dogan,5
Gulnaz Turgenev,3
Ekaterina Amangeldy,3
Layla Fedorov,1
Denis Celik,2
Ruslan Zhaksylyk,1
Nurzhan Musin,2
Temirlan Konysbay,3
Yulia Zhunusov,5
Yernar Baiseitov,3
Anton Alpysbay,5
Gaukhar Shakenov,3
Yerbol Konysbay,5
Amir Zhumabek,2
Baris Sadykov,3
Sultan Karimov,3
Artem Ivanov,5
Elif Kurt,1
Ruslan Popov,2
Islam Kurt,2
Vlad Alpysbay,1
Elnur Volkov,2
Zeynep Sahin,3
Igor Assanov,4
Kirill Turgenev,2
Selin Kassym,4
Gaukhar Morozov,2
Nurzhan Assanov,2
Alibek Ermek,1
Zhanna Konysbay,4
Zhansaya Karimov,1
Alibek Sagyndyk,3
Nur Shakenov,4
Timur Ivanov,2
Kamila Makhmud,2
Timur Omarov,4
Ilyas Aliyev,2
Akbota Smirnov,2
Zhandos Amangeldy,4
Ece Kurt,3
Roman Nurgaliyev,2
Bekzat Demir,2
Temirlan Ibrayev,2
Kuanysh Ozturk,3
Madina Akhmetov,2
Sabina Karimov,2
Sanzhar Omarov,3
Tolga Celik,4
Madina Omarov,3
Nurlan Serikbay,3
Zhansaya Sahin,1
Kirill Makhmud,1
Anel Celik,1
Igor Kudaibergen,2
Yerbol Shakenov,4
Maria Kudaibergen,1
Kerem Gabdullin,1
Meruyert Serikbay,4
Ksenia Kilic,5
Kuanysh Sadykov,3
Serik Kurt,4
Oleg Bolat,2
Kirill Turgenev,2
Yernar Aslan,1
Oleg Celik,3
Balzhan Ivanov,4
Balzhan Ualiyev,5
Zhuldyz Cetin,3
Irina Ualiyev,3
Rasul Kudaibergen,3
Karina Kudaibergen,2
Nazym Orazov,4
Sultan Sahin,5
Symbat Serikbay,3
Emre Baiseitov,3
Akbota Ermek,1
Pavel Ozturk,1
Adil Baiseitov,3
Symbat Baitursyn,2
Ersultan Sokolov,1
Ece Petrov,3
Ilyas Ibrayev,2
Rasul Amangeldy,1
Arman Aslan,5
Tolga Bekov,1
Kairat Gabdullin,3
Aisha Kilic,2
Kamila Kurt,4
Zhandos Dauletov,1
Aizhan Koc,3
Selin Morozov,2
Igor Lebedev,4
Olzhas Rakhimov,1
Serik Amangeldy,5
Sultan Omarov,5
Kamila Abdirov,3
Laura Baiseitov,3
Polina Demir,2
Kirill Amangeldy,3
Ruslan Tleubek,2
Karina Zhumabek,3
Nazym Karimov,3
Andrey Alpysbay,3
Elnur Kaya,1
Meruyert Akhmetov,3
Alisa Ermek,1
Bekzat Kassym,1
Anel Akhmetov,3
Aknur Mikhailov,2
Miras Amangeldy,2
Alibek Koc,5
Anna Arslan,1
Zeynep Yilmaz,1
Alibek Kurt,1
Amir Dogan,4
Baris Alpysbay,4
Anton Zhaksylyk,3
Irina Abenov,3
Ruslan Assanov,1
Nikita Ualiyev,1
Symbat Kara,2
Nur Omarov,1
Madina Zhunusov,2
Askar Celik,2
Damir Mukanov,1
Arman Sahin,3
Vadim Yilmaz,4
Akbota Temirov,3
Kamila Abenov,4
Daniyar Daulet,2
Tatiana Yerzhanov,3
Layla Novikov,5
Maria Petrov,2
Akbota Iskakov,4
Kirill Sadykov,2
Nur Tleubek,2
Aigul Dauletov,1
Dana Esenov,3
Balzhan Lebedev,2
Aknur Konysbay,5
Nazym Mukanov,2
Vlad Daulet,5
Timur Assanov,2
Ece Tashkenov,3
Amir Iskakov,4
Emre Temirov,1
Yernar Kuznetsov,4
Kamila Konysbay,1
Laura Iskakov,1
Irina Musin,3
Dias Sahin,2
Roman Lebedev,2
Sabina Sokolov,4
Anna Arslan,4
Alisa Iskakov,3
Anton Abdirov,5
Zhandos Zhunusov,3
Kirill Mikhailov,4
Yernar Bekov,1
Selin Orazov,5
Aknur Bekov,1
Elena Akhmetov,1
Gulnaz Kaliyev,2
Aruzhan Amangeldy,2
Kirill Zhunusov,1
Anna Konysbay,1
Kerem Sokolov,2
Oleg Gabdullin,2
Denis Zhumabek,1
Layla Kurt,2
Igor Esenov,2
Dmitry Volkov,1
Nurzhan Kurt,3
Milana Rakhimov,3
Asel Kaliyev,3
Aigul Petrov,3
Gaukhar Rakhimov,5
Timur Ozturk,1
Dmitry Tashkenov,1
Laura Kilic,3
Andrey Kurt,1
Oleg Tleubek,4
Ruslan Tleubek,1
Kairat Celik,4
Sofia Gabdullin,4
Maxim Tleubek,2
Aknur Kaya,1
Anel Petrov,2
Ekaterina Cetin,4
Polina Tashkenov,2
Selin Makhmud,1
Sergey Tleubek,2
Nazym Iskakov,2
Oleg Lebedev,2
Meruyert Mukanov,1
Yulia Ivanov,4
Zhanar Kara,1
Derya Tashkenov,4
Tolga Yilmaz,3
Bauyrzhan Dogan,5
Aizhan Kilic,2
Kuanysh Tleubek,1
Ruslan Sahin,3
Zhuldyz Kuznetsov,4
Islam Sahin,3
Baris Orazov,2
Anel Bolat,1
Dias Aliyev,3
Tolga Sadykov,1
Oleg Ozturk,4
Yernar Dauletov,4
Zeynep Kudaibergen,3
Yerlan Esenov,3
Aisha Aliyev,4
Zhansaya Demir,2
Sanzhar Esenov,1
Zhandos Omarov,1
Maria Baiseitov,1
Anton Ozturk,3
Rauan Yilmaz,2
Oleg Celik,4
Azamat Aliyev,3
Dmitry Demir,3
Layla Rakhimov,1
Arman Kurmanov,4
Anna Dogan,3
Meruyert Alpysbay,1
Elnur Jumabek,2
Kairat Popov,2
Olzhas Gabdullin,2
Nur Cetin,5
Talgat Yerzhanov,2
Ksenia Kassym,2
Elena Iskakov,1
Milana Kaya,2
Arman Celik,3
Nurzhan Daulet,2
Nur Kurt,2
Nurzhan Abdirov,1
Sabina Aslan,2
Kuanysh Kaliyev,2
Dias Jumabek,1
Karina Ermek,3
Oleg Musin,2
Aizhan Baiseitov,4
Azamat Sahin,1
Sanzhar Volkov,3
Adil Novikov,4
Sabina Amangeldy,3
Nazerke Yilmaz,3
Ksenia Serikbay,3
Nurlan Kilic,3
Gulnaz Sahin,1
Timur Ozturk,2
Aknur Shakenov,1
Damir Lebedev,2
Yulia Aslan,3
Zhandos Baitursyn,1
Kairat Yilmaz,1
Askar Assanov,5
Tomiris Baitursyn,4
Artem Fedorov,1
Derya Turgenev,2
Milana Musin,1
Zhuldyz Morozov,3
Pavel Kilic,2
Yulia Sadykov,4
Maria Kassym,3
Murat Ermek,1
Serik Popov,3
Aigerim Kurmanov,4
Timur Daulet,3
Maria Abdirov,2
Aigul Turgenev,2
Denis Mukanov,3
Andrey Orazov,3
Pavel Kurt,3
Sanzhar Yilmaz,2
Yulia Akhmetov,1
Islam Celik,3
Timur Serikbay,3
Zhanar Morozov,4
Zhansaya Fedorov,3
Kerem Jumabek,5
Nurlan Aliyev,3
Polina Ivanov,2
Yernar Kilic,5
Roman Dogan,2
Zhuldyz Musin,1
Baris Zhaksylyk,2
Aisha Arslan,2
Yerlan Yerzhanov,2
Meruyert Esenov,1
Maxim Yilmaz,2
Nurzhan Akhmetov,1
Sultan Bekov,1
Bauyrzhan Akhmetov,5
Alibek Novikov,1
Ksenia Kilic,3
Arman Smirnov,4
Vera Abdirov,1
Damir Iskakov,4
Sanzhar Amangeldy,2
Anel Ozturk,1
Emre Iskakov,1
Daniyar Bekov,1
Olzhas Kilic,1
Vadim Yilmaz,3
Arman Celik,3
Alina Baitursyn,1
Elnur Gabdullin,2
Sabina Dogan,5
Yerlan Morozov,5
Dinara Yerzhanov,2
Igor Rakhimov,1
Talgat Volkov,2
Aizhan Smirnov,2
Anel Kilic,3
Kerem Ualiyev,4
Nurzhan Sokolov,1
Andrey Arslan,2
Kairat Kara,2
Murat Baitursyn,1
Derya Kilic,3
Tatiana Zhumabek,3
Irina Bolat,5
Igor Ozturk,5
Ece Morozov,2
Alibek Dogan,4
Akbota Zhumabek,4
Miras Abenov,2
Dias Mukanov,3
Miras Zhaksylyk,1
Akbota Kara,4
Askar Kurmanov,1
Timur Tashkenov,1
Nurlan Ibrayev,1
Ksenia Baiseitov,2
Zhuldyz Temirov,3
Kirill Aliyev,1
Damir Alpysbay,1
Dias Jumabek,3
Nur Baiseitov,1
Nazerke Petrov,3
Yulia Lebedev,2
Omar Sagyndyk,4
Sultan Alpysbay,2
Kerem Shakenov,2
Dana Fedorov,5
Kuanysh Sahin,2
Denis Aslan,3
Nazym Mikhailov,3
Roman Aliyev,1
Anel Mikhailov,1
Nikita Sagyndyk,2
Ilyas Koc,1
Azamat Sokolov,1
Emre Ualiyev,1
Tatiana Ibrayev,5
Aknur Popov,1
Derya Iskakov,1
Anton Zhaksylyk,5
Zhanel Ermek,1
Karina Kaya,2
Nurlybek Kuznetsov,2
Yulia Baiseitov,3
Tolga Koc,4
Olga Popov,4
Yulia Daulet,5
Zhuldyz Tashkenov,2
Roman Smirnov,1
Sultan Bekov,5
Milana Ozturk,2
Nurzhan Akhmetov,4
Tomiris Aslan,5
Serik Ivanov,4
Alisa Esenov,3
Olga Ermek,2
Vadim Kurt,3
Vadim Sadykov,5
Tomiris Amangeldy,2
Symbat Orazov,4
Omar Dauletov,2
Denis Ualiyev,3
Anton Kurmanov,3
Akbota Cetin,3
Saltanat Orazov,3
Emre Koc,1
Milana Aliyev,5
Irina Zhumabek,1
Oleg Kurt,2
Olzhas Aliyev,4
Ksenia Zhaksylyk,3
Oleg Yilmaz,4
Balzhan Kaya,1
Bauyrzhan Rakhimov,1
Askar Abenov,2
Tomiris Yerzhanov,5
Kairat Arslan,5
Kamila Iskakov,2
Bekzat Sagyndyk,1
Kerem Arslan,4
Ersultan Mikhailov,5
Denis Yerzhanov,2
Kerem Kilic,3
Marat Kaya,4
Ersultan Fedorov,2
Tomiris Konysbay,4
Rasul Aliyev,4
Bauyrzhan Temirov,3
Kairat Dauletov,3
Vlad Volkov,2
Hasan Kilic,4
Nazym Kassym,3
Ksenia Ivanov,3
Daria Bekov,3
Denis Ibrayev,2
Nur Yilmaz,1
Alibek Kurmanov,5
Tomiris Sagyndyk,4
Zhuldyz Suleimenov,3
Tatiana Orazov,3
Dmitry Shakenov,3
Baris Kassym,1
Kuanysh Novikov,2
Oleg Kurmanov,4
Elnur Zhaksylyk,5
Damir Fedorov,2
Olzhas Kuznetsov,3
Nurzhan Arslan,2
Derya Kaya,4
Alibek Rakhimov,2
Ruslan Sagyndyk,3
Vera Aslan,2
Yulia Nurgaliyev,3
Omar Aslan,1
Nurlan Bekov,1
Arman Musin,1
Anel Bekov,3
Anton Aslan,2
Ksenia Mukanov,3
Sergey Tashkenov,1
Elnur Yerzhanov,5
Milana Kurt,3
Oleg Mikhailov,1
Artem Bekov,5
Ainur Jumabek,1
Kirill Yilmaz,1
Symbat Dogan,2
Kairat Turgenev,1
Kamila Bolat,2
Zhansaya Rakhimov,3
Irina Morozov,5
Ece Kuznetsov,3
Hasan Musin,3
Symbat Popov,3
Symbat Kaliyev,3
Ece Kurmanov,2
Anton Iskakov,2
Rasul Abdirov,4
Ainur Bekov,1
Oleg Kilic,4
Irina Ualiyev,2
Aliya Shakenov,2
Maxim Musin,4
Islam Sadykov,4
Aigul Mukanov,4
Artem Yerzhanov,1
Gaukhar Dauletov,4
Islam Petrov,2
Anna Dogan,1
Zhanel Kassym,2
Hasan Bekov,1
Timur Popov,1
Nurzhan Tleubek,4
Rauan Ualiyev,1
Olzhas Orazov,3
Alina Kassym,3
Marat Nurgaliyev,3
Miras Yerzhanov,4
Irina Fedorov,3
Zhanel Kaya,3
Nazym Aliyev,1
Yulia Fedorov,3
Ersultan Koc,1
Murat Esenov,2
Artem Kuznetsov,1
Kuanysh Kaliyev,3
Kirill Volkov,2
Ainur Yerzhanov,2
Timur Temirov,3
Hasan Celik,4
Karina Serikbay,1
Andrey Tashkenov,2
Balzhan Kara,3
Nurzhan Ozturk,1
Elnur Jumabek,5
Nurlan Tashkenov,3
Sergey Zhunusov,1
Maxim Zhunusov,4
Timur Yerzhanov,4
Elnur Bolat,2
Yerlan Esenov,2
Dana Gabdullin,1
Aisha Yilmaz,3
Gaukhar Lebedev,1
Layla Kassym,1
Miras Ualiyev,4
Maxim Fedorov,2
Aknur Ivanov,4
Aisha Koc,2
Damir Turgenev,2
Symbat Shakenov,1
Maria Kudaibergen,4
Rasul Alpysbay,3
Alibek Tleubek,1
Ainur Musin,3
Meruyert Omarov,2
Marat Smirnov,1
Zeynep Orazov,3
Aknur Karimov,1
Alisa Suleimenov,4
Igor Tleubek,3
Vlad Lebedev,3
Serik Alpysbay,5
Denis Demir,3
Symbat Abdirov,3
Ainur Volkov,3
Saltanat Zhaksylyk,1
Dinara Aslan,3
Aknur Ualiyev,2
Temirlan Ermek,2
Elif Assanov,2
Oleg Abenov,1
Rauan Aslan,5
Dmitry Abenov,1
Tolga Aliyev,1
Irina Popov,1
Olga Yerzhanov,3
Karina Musin,3
Bauyrzhan Arslan,1
Aisha Yerzhanov,3
Ece Orazov,4
Ruslan Aliyev,2
Talgat Dauletov,4
Adil Kassym,4
Aisha Yilmaz,2
Zhanna Shakenov,1
Rasul Tashkenov,3
Ainur Baitursyn,2
Maria Tleubek,2
Zhansaya Abenov,1
Yulia Orazov,5
Meruyert Serikbay,2
Andrey Suleimenov,2
Karina Dauletov,2
Ersultan Ibrayev,2
Nazym Kilic,5
Sultan Ermek,2
Daria Kuznetsov,2
Zhuldyz Konysbay,2
Symbat Ualiyev,4
Balzhan Turgenev,4
Zeynep Tashkenov,4
Zhanar Kurmanov,1
Polina Mukanov,2
Asel Akhmetov,1
Aliya Shakenov,4
Elena Ibrayev,5
Milana Kudaibergen,2
Baris Sahin,2
Aknur Petrov,1
Adil Tashkenov,1
Maxim Konysbay,1
Aizhan Suleimenov,3
Yulia Temirov,3
Sergey Temirov,2
Aliya Temirov,3
Zhuldyz Amangeldy,2
Emre Temirov,3
Ruslan Mikhailov,3
Tatiana Alpysbay,2
Adil Demir,4
Amir Kurt,1
Elena Suleimenov,4
Baris Aslan,2
Ece Musin,3
Dias Ermek,5
Serik Amangeldy,2
Nur Turgenev,3
Symbat Kilic,5
Zhuldyz Baiseitov,2
Adil Ualiyev,2
Ekaterina Serikbay,3
Murat Kurt,1
Nurzhan Abenov,5
Hasan Ibrayev,1
Olga Suleimenov,1
Kuanysh Kara,1
Adil Tashkenov,5
Zhanar Celik,3
Zhuldyz Suleimenov,2
Serik Demir,2
Akbota Daulet,4
Zeynep Popov,5
Zarina Novikov,2
Ilyas Jumabek,3
Ksenia Yilmaz,1
Ilyas Kurt,3
Tatiana Aliyev,2
Aigul Fedorov,4
Vlad Sagyndyk,2
Hasan Jumabek,5
Andrey Kara,2
Askar Aliyev,3
Damir Demir,3
Rauan Turgenev,4
Amir Tleubek,1
Selin Zhaksylyk,4
Emre Sokolov,3
Elif Yerzhanov,4
Aliya Zhunusov,3
Baris Musin,2
Alina Koc,4
Daria Turgenev,3
Oleg Dauletov,5
Kuanysh Tashkenov,3
Amir Tleubek,4
Karina Alpysbay,3
Aruzhan Tashkenov,2
Zhanna Ivanov,3
Azamat Assanov,2
Nazerke Kassym,4
Akbota Ivanov,1
Tomiris Assanov,2
Kamila Kuznetsov,3
Zhuldyz Kassym,3
Dinara Abenov,4
Rauan Daulet,2
Aigul Kaliyev,3
Akbota Fedorov,2
Nazerke Ermek,2
Aigerim Baiseitov,2
Ruslan Lebedev,3
Olzhas Cetin,1
Azamat Kurt,4
Pavel Kaliyev,4
Ruslan Kurmanov,2
Yerbol Esenov,1
Zhanel Ualiyev,3
Yerlan Zhaksylyk,4
Emre Dauletov,4
Miras Bekov,1
Alibek Cetin,1
Symbat Sagyndyk,1
Bauyrzhan Turgenev,2
Sabina Assanov,5
Zhanel Ivanov,1
Daniyar Mikhailov,4
Aizhan Abenov,1
Dana Jumabek,2
Ece Kudaibergen,4
Sofia Konysbay,4
Tolga Alpysbay,4
Arman Kilic,3
Vadim Jumabek,4
Vadim Rakhimov,1
Temirlan Shakenov,1
Kerem Musin,1
Elnur Kaliyev,1
Daria Bekov,1
Nazym Dogan,5
Yulia Koc,5
Nurzhan Cetin,1
Ruslan Dauletov,4
Daniyar Esenov,2
Derya Karimov,5
Ekaterina Petrov,3
Islam Akhmetov,3
Zeynep Ibrayev,4
Olzhas Mikhailov,2
Nurzhan Aliyev,3
Emre Abdirov,5
Ersultan Konysbay,1
Madina Orazov,1
Sultan Sahin,2
Adil Sagyndyk,5
Emre Tashkenov,1
Irina Ozturk,1
Roman Novikov,3
Olzhas Nurgaliyev,2
Tatiana Kaya,2
Nur Ibrayev,4
Talgat Yilmaz,5
Zhuldyz Aliyev,3
Dana Dogan,2
Olzhas Kara,2
Gaukhar Popov,3
Nurlan Bekov,3
Arman Zhunusov,1
Kamila Kurt,2
Ainur Aslan,3
Vadim Tashkenov,1
Tomiris Kuznetsov,5
Sultan Ualiyev,5
Artem Kurt,2
Serik Celik,1
Islam Demir,1
Murat Ualiyev,2
Ece Novikov,1
Maxim Aliyev,2
Alina Kaliyev,3
Irina Yerzhanov,1
Maria Kurt,2
Daria Ualiyev,3
Nurzhan Yerzhanov,4
Zarina Serikbay,2
Tatiana Temirov,1
Aruzhan Amangeldy,3
Murat Sadykov,1
Dias Petrov,1
Arman Daulet,3
Gulnaz Fedorov,4
Askar Amangeldy,1
Daria Sadykov,3
Layla Smirnov,4
Aruzhan Konysbay,1
Vadim Sadykov,1
Akbota Assanov,2
Denis Kara,1
Dias Kurt,2
Zhuldyz Ualiyev,2
Anton Koc,5
Yerbol Ozturk,1
Zhanar Suleimenov,3
Olga Kaya,1
Dinara Cetin,4
Murat Makhmud,2
Omar Shakenov,5
Dmitry Karimov,5
Zhuldyz Kaliyev,3
Zarina Rakhimov,2
Kuanysh Serikbay,3
Alisa Amangeldy,4
Kamila Dogan,2
Zhanar Aslan,5
Dinara Sokolov,2
Nurzhan Ermek,2
Igor Sagyndyk,1
Elnur Suleimenov,2
Zhandos Zhaksylyk,2
Layla Novikov,1
Dana Sokolov,3
Selin Celik,4
Aigerim Turgenev,2
Elnur Rakhimov,4
Ruslan Baitursyn,2
Kerem Turgenev,3
Temirlan Yerzhanov,1
Nurlan Omarov,3
Alibek Novikov,2
Meruyert Temirov,3
Artem Serikbay,3
Kuanysh Omarov,5
Meruyert Smirnov,2
Nikita Omarov,1
Baris Yilmaz,1
Kerem Amangeldy,3
Alina Yerzhanov,3
Temirlan Arslan,2
Elnur Gabdullin,1
Rauan Suleimenov,2
Bauyrzhan Aslan,1
Igor Tleubek,2
Nurlan Musin,4
Elif Volkov,5
Balzhan Kaya,5
Alina Ibrayev,2
Zarina Cetin,4
Ersultan Makhmud,3
Daria Volkov,1
Dias Aslan,3
Selin Ermek,1
Aigul Zhunusov,2
Bauyrzhan Zhunusov,2
Olga Petrov,2
Dmitry Petrov,3
Nurzhan Morozov,3
Aknur Tashkenov,3
Yulia Gabdullin,3
Symbat Kuznetsov,2
Sergey Ibrayev,2
Vera Musin,3
Murat Makhmud,2
Dmitry Smirnov,2
Andrey Gabdullin,2
Laura Gabdullin,1
Kerem Abenov,4
Ruslan Cetin,1
Arman Zhunusov,1
Ksenia Karimov,5
Dmitry Cetin,3
Aigerim Aslan,4
Sabina Bekov,3
Rauan Sokolov,2
Damir Kilic,2
Sergey Shakenov,2
Adil Demir,1
Maria Assanov,1
Selin Sokolov,3
Murat Arslan,1
Sabina Turgenev,3
Yulia Karimov,4
Damir Ivanov,3
Ruslan Shakenov,4
Olga Ozturk,2
Adil Kurt,1
Arman Mikhailov,1
Rasul Daulet,4
Elnur Assanov,3
Madina Kassym,1
Nur Fedorov,4
Zarina Rakhimov,1
Talgat Ibrayev,5
Elnur Kaya,3
Bekzat Shakenov,3
Adil Rakhimov,4
Yerbol Kara,2
Daniyar Ozturk,1
Askar Zhumabek,1
Andrey Sagyndyk,1
Artem Sahin,4
Zhansaya Makhmud,3
Adil Ozturk,1
Aizhan Turgenev,3
Nazerke Assanov,4
Rasul Suleimenov,1
Selin Kurt,2
Miras Konysbay,1
Alina Bolat,3
Bekzat Shakenov,1
Baris Bekov,3
Ilyas Alpysbay,4
Bauyrzhan Kurmanov,3
Talgat Lebedev,3
Rasul Assanov,2
Nazerke Kurt,2
Kamila Dogan,3
Gaukhar Yilmaz,1
Yerlan Kaya,5
Tomiris Karimov,1
Aruzhan Kassym,2
Alisa Orazov,4
Dias Sadykov,4
Ersultan Bolat,2
Askar Ibrayev,5
Daria Sagyndyk,4
Asel Novikov,4
Ersultan Iskakov,3
Serik Nurgaliyev,3
Serik Mukanov,3
Murat Kurmanov,5
Maxim Amangeldy,4
Arman Bekov,1
Symbat Yilmaz,5
Alina Zhaksylyk,1
Nazerke Aliyev,1
Bekzat Suleimenov,3
Ece Bolat,1
Yerbol Fedorov,2
Omar Esenov,2
Miras Yerzhanov,1
Yerbol Sahin,1
Nur Iskakov,1
Sanzhar Turgenev,1
Laura Sahin,2
Hasan Ermek,3
Zhandos Ualiyev,4
Baris Mukanov,1
Dana Cetin,5
Aigerim Kaliyev,5
Ersultan Kurmanov,3
Sabina Ermek,3
Timur Alpysbay,3
Asel Kurmanov,5
Gulnaz Bekov,3
Azamat Ivanov,2
Tatiana Kassym,3
Nazerke Celik,4
Yulia Esenov,1
Sanzhar Kudaibergen,4
Tolga Kurt,1
Zhuldyz Ermek,2
Sergey Kilic,5
Saltanat Daulet,3
Symbat Sagyndyk,4
Ersultan Aslan,5
Yerlan Arslan,2
Nazerke Celik,1
Askar Volkov,2
Derya Kilic,2
Akbota Mukanov,3
Nurlan Demir,3
Yerlan Petrov,3
Zeynep Rakhimov,2
Sofia Tleubek,3
Alibek Ivanov,3
Kamila Temirov,3
Kamila Kara,1
Nurlybek Mukanov,4
Sultan Kassym,1
Askar Konysbay,1
Aruzhan Arslan,1
Oleg Tashkenov,3
Sultan Makhmud,5
Aizhan Koc,2
Hasan Turgenev,3
Zeynep Zhaksylyk,1
Olzhas Assanov,2
Symbat Kuznetsov,3
Damir Kara,1
Gaukhar Konysbay,2
Akbota Nurgaliyev,4
Daria Yilmaz,5
Vlad Ozturk,4
Balzhan Kuznetsov,2
Sultan Kassym,1
Anton Sahin,3
Sanzhar Musin,2
Zhanar Kaliyev,1
Zhanna Aliyev,1
Elnur Kurmanov,2
Baris Kara,1
Sergey Amangeldy,2
Damir Jumabek,1
Denis Fedorov,4
Olga Alpysbay,4
Sergey Karimov,1
Yerlan Popov,2
Yulia Sahin,5
Ekaterina Petrov,2
Kirill Baitursyn,4
Irina Sadykov,2
Meruyert Sokolov,3
Sergey Kassym,2
Elena Dauletov,1
Daria Dauletov,4
Talgat Kurt,5
Madina Baitursyn,2
Zhandos Temirov,5
Rasul Ermek,5
Anna Rakhimov,2
Maria Demir,3
Ainur Turgenev,4
Ece Turgenev,3
Sabina Assanov,3
Vlad Demir,4
Denis Sokolov,2
Bauyrzhan Kudaibergen,4
Aisha Ozturk,2
Bekzat Fedorov,5
Timur Orazov,3
Aigul Zhumabek,1
Derya Ibrayev,4
Gaukhar Kudaibergen,1
Milana Baiseitov,1
Askar Zhaksylyk,2
Yerlan Akhmetov,3
Irina Dauletov,2
Nikita Mukanov,1
Nazym Morozov,1
Maxim Demir,4
Dmitry Kara,3
Saltanat Konysbay,5
Anna Abdirov,3
Zhanel Arslan,3
Kairat Ibrayev,1
Maria Kara,4
Anel Cetin,1
Olzhas Kara,2
Aknur Gabdullin,3
Ksenia Temirov,4
Aknur Ozturk,5
Maxim Alpysbay,2
Sofia Yerzhanov,2
Gulnaz Ivanov,1
Nikita Petrov,4
Dmitry Kudaibergen,3
Gaukhar Daulet,5
Dias Demir,2
Anna Morozov,5
Balzhan Celik,3
Dias Zhaksylyk,2
Sergey Alpysbay,4
Sofia Sagyndyk,1
Kuanysh Gabdullin,3
Aisha Abdirov,4
Alisa Iskakov,1
Aisha Orazov,3
Akbota Kurt,1
Zeynep Ozturk,1
Zhuldyz Petrov,2
Selin Morozov,3
Anton Kilic,5
Nurlan Ozturk,3
Kuanysh Fedorov,4
Murat Lebedev,3
Aknur Sokolov,3
Zhanel Suleimenov,5
Laura Abdirov,2
Daniyar Kudaibergen,4
Gaukhar Bekov,1
Sanzhar Kara,3
Bauyrzhan Baiseitov,5
Talgat Demir,1
Aigerim Omarov,1
Nazym Cetin,2
Aigul Lebedev,2
Asel Kaliyev,5
Hasan Sadykov,3
Aizhan Sokolov,2
Zhanel Arslan,4
Nikita Mikhailov,5
Yernar Kilic,3
Vera Abenov,3
Akbota Musin,2
Vlad Esenov,4
Daniyar Rakhimov,4
Alina Kurmanov,4
Gulnaz Abdirov,1
Bekzat Alpysbay,3
Sergey Nurgaliyev,1
Ksenia Petrov,2
Sultan Daulet,1
Serik Cetin,1
Vera Abenov,4
Ruslan Kurt,1
Sergey Kaya,1
Aruzhan Shakenov,3
Gaukhar Serikbay,4
Aigul Iskakov,4
Asel Aslan,4
Symbat Zhumabek,2
Kerem Esenov,1
Milana Karimov,3
Andrey Lebedev,1
Nurlybek Musin,2
Saltanat Esenov,4
Serik Karimov,4
Zarina Celik,5
Azamat Yerzhanov,4
Irina Bolat,4
Elena Kara,2
Gulnaz Kudaibergen,3
Kairat Mukanov,1
Elif Jumabek,3
Vera Kuznetsov,5
Elnur Ermek,3
Roman Zhunusov,2
Serik Temirov,3
Nazym Bolat,1
Nurlan Popov,5
Zhanel Ivanov,1
Aigerim Sokolov,4
Aigerim Baitursyn,5
Gaukhar Ibrayev,1
Arman Baitursyn,1
Murat Cetin,2
Zhanna Ermek,1
Ruslan Kurmanov,3
Anel Baiseitov,3
Layla Serikbay,1
Murat Mikhailov,2
Miras Koc,3
Rauan Abenov,2
Sergey Zhaksylyk,2
Sanzhar Temirov,2
Zeynep Baitursyn,2
Marat Demir,1
Ruslan Sadykov,3
Aisha Kudaibergen,4
Meruyert Fedorov,1
Meruyert Demir,4
Balzhan Temirov,1
Vera Cetin,3
Aruzhan Smirnov,5
Ece Fedorov,4
Selin Lebedev,2
Ece Bolat,3
Sofia Musin,4
Selin Akhmetov,2
Nazym Ualiyev,3
Sultan Arslan,2
Ekaterina Koc,2
Omar Esenov,1
Vadim Daulet,3
Gulnaz Iskakov,4
Emre Koc,2
Irina Dauletov,1
Kerem Nurgaliyev,2
Yerbol Tleubek,1
Olga Demir,2
Alisa Petrov,1
Aizhan Demir,4
Ksenia Kassym,2
Zhuldyz Kurmanov,1
Damir Kassym,2
Zeynep Zhunusov,5
Zhanna Smirnov,1
Denis Orazov,1
Sergey Mikhailov,4
Zarina Popov,2
Nurlybek Kaliyev,3
Murat Demir,2
Zhandos Bolat,3
Aliya Jumabek,2
Askar Orazov,3
Saltanat Suleimenov,3
Polina Makhmud,4
Madina Serikbay,3
Artem Bolat,4
Karina Daulet,3
Zhanna Arslan,4
Yernar Dogan,3
Yulia Aslan,1
Nazerke Aslan,2
Olga Dogan,5
Maxim Kudaibergen,3
Denis Mukanov,5
Omar Nurgaliyev,3
Zeynep Suleimenov,1
Zeynep Abdirov,4
Rauan Celik,4
Nurlan Zhunusov,1
Islam Koc,2
Anna Yilmaz,3
Daniyar Suleimenov,2
Sofia Morozov,3
Gulnaz Lebedev,3
Artem Yilmaz,1
Alibek Bolat,1
Zhanna Petrov,2
Balzhan Dauletov,3
Daria Abenov,4
Yulia Shakenov,1
Olga Assanov,1
Nurlybek Smirnov,3
Murat Kudaibergen,4
Ilyas Iskakov,4
Zarina Amangeldy,3
Kerem Shakenov,2
Miras Mikhailov,4
Nur Karimov,1
Marat Kaliyev,3
Alisa Ualiyev,1
Anton Iskakov,3
Yernar Sokolov,5
Dinara Fedorov,4
Rasul Fedorov,2
Ekaterina Bekov,5
Ainur Omarov,4
Bauyrzhan Esenov,3
Ainur Smirnov,5
Gaukhar Koc,2
Laura Yilmaz,5
Polina Mikhailov,2
Gulnaz Petrov,1
Zeynep Suleimenov,2
Yerlan Turgenev,4
Asel Kassym,3
Islam Ozturk,3
Miras Omarov,1
Sofia Tashkenov,1
Damir Rakhimov,2
Arman Petrov,1
Ekaterina Sahin,3
Yernar Tashkenov,2
Symbat Kassym,5
Serik Temirov,3
Zhansaya Temirov,3
Daria Suleimenov,2
Talgat Suleimenov,5
Nazerke Zhunusov,5
Aizhan Jumabek,4
Selin Kurt,2
Saltanat Akhmetov,1
Omar Mikhailov,2
Madina Zhumabek,2
Aliya Baitursyn,1
Sultan Zhumabek,3
Sabina Mukanov,2
Yernar Serikbay,1
Daniyar Celik,3
Asel Karimov,1
Polina Bolat,1
Anna Morozov,2
Andrey Koc,1
Aizhan Novikov,1
Nikita Cetin,4
Hasan Kaliyev,3
Elif Mukanov,4
Roman Zhumabek,3
Asel Bolat,1
Laura Aslan,3
Denis Yilmaz,2
Sofia Kaya,1
Elnur Omarov,3
Nurzhan Mukanov,2
Sofia Assanov,2
Polina Novikov,2
Bauyrzhan Bolat,2
Bauyrzhan Zhunusov,5
Oleg Ibrayev,2
Elnur Daulet,2
Artem Tashkenov,1
Pavel Lebedev,2
Sultan Baiseitov,3
Anton Smirnov,2
Aigerim Sahin,1
Dana Kudaibergen,1
Nazerke Fedorov,5
Meruyert Dogan,3
Islam Kurt,1
Kerem Kudaibergen,1
Daria Novikov,2
Ainur Esenov,5
Alina Ualiyev,3
Bauyrzhan Gabdullin,1
Askar Omarov,2
Irina Kurmanov,1
Marat Amangeldy,2
Andrey Kaya,1
Saltanat Shakenov,2
Marat Temirov,1
Aisha Demir,3
Dmitry Kara,4
Saltanat Suleimenov,3
Bauyrzhan Dauletov,3
Yerbol Popov,3
Olga Turgenev,1
Rasul Dauletov,3
Ruslan Aslan,5
Gaukhar Aliyev,5
Nurlan Baitursyn,1
Ekaterina Orazov,2
Madina Celik,2
Aigerim Tleubek,1
Kamila Dogan,2
Nur Kaliyev,5
Nurlan Karimov,2
Karina Bekov,1
Rauan Kassym,4
Omar Tashkenov,2
Murat Novikov,2
Hasan Kurmanov,1
Aknur Nurgaliyev,1
Madina Gabdullin,3
Akbota Cetin,1
Maria Celik,1
Zhanar Tleubek,4
Andrey Kuznetsov,1
Symbat Koc,2
Emre Petrov,2
Azamat Abdirov,3
Sabina Petrov,4
Talgat Nurgaliyev,5
Tolga Petrov,5
Anel Yerzhanov,1
Anna Amangeldy,5
Tolga Arslan,3
Zhanel Orazov,3
Sergey Makhmud,2
Askar Dogan,4
Aknur Kara,2
Tomiris Ivanov,3
Ainur Amangeldy,3
Azamat Ermek,3
Ilyas Cetin,2
Andrey Zhumabek,3
Nurlan Nurgaliyev,1
Alibek Morozov,3
Laura Cetin,3
Ruslan Iskakov,1
Zhanna Serikbay,5
Nur Fedorov,3
Vlad Yerzhanov,2
Irina Fedorov,5
Nazym Musin,4
Denis Assanov,2
Akbota Bolat,3
Igor Akhmetov,5
Zhanar Alpysbay,3
Symbat Abenov,1
Ksenia Dauletov,1
Sultan Iskakov,2
Irina Demir,4
Aisha Kaya,3
Elif Morozov,2
Nazerke Temirov,3
Sabina Abenov,5
Zarina Makhmud,3
Igor Temirov,1
Kuanysh Kassym,3
Yerlan Mikhailov,3
Saltanat Baitursyn,3
Azamat Dogan,2
Tomiris Fedorov,2
Zhuldyz Jumabek,2
Elena Assanov,5
Asel Temirov,1
Yerbol Omarov,1
Askar Kaliyev,3
Dias Konysbay,3
Igor Kurt,2
Aruzhan Bolat,1
Zhuldyz Volkov,4
Islam Tleubek,5
Madina Bolat,2
Zeynep Ozturk,2
Murat Zhumabek,3
Sofia Kaliyev,2
Karina Ualiyev,2
Sofia Aliyev,1
Nur Ivanov,3
Kuanysh Aliyev,4
Milana Cetin,2
Timur Akhmetov,1
Temirlan Assanov,4
Timur Nurgaliyev,2
Polina Aliyev,1
Rasul Omarov,1
Sabina Dauletov,2
Ersultan Demir,1
Aliya Suleimenov,2
Kairat Bolat,3
Aisha Tashkenov,2
Aknur Kara,5
Olzhas Akhmetov,2
Akbota Lebedev,5
Hasan Suleimenov,3
Milana Abenov,3
Irina Kassym,4
Talgat Petrov,4
Dana Rakhimov,1
Yerbol Ualiyev,4
Anna Mikhailov,3
Emre Akhmetov,3
Adil Volkov,4
Ksenia Turgenev,3
Irina Shakenov,1
Ersultan Kaliyev,3
Igor Omarov,2
Serik Nurgaliyev,2
Nurlan Sadykov,2
Ersultan Iskakov,5
Kairat Omarov,2
Vadim Bolat,4
Miras Bolat,2
Bauyrzhan Tleubek,1
Serik Akhmetov,3
Daria Tashkenov,2
Zhansaya Demir,4
Murat Makhmud,4
Dana Mikhailov,5
Adil Omarov,4
Omar Gabdullin,2
Sultan Mikhailov,1
Denis Kurt,4
Nurlan Mukanov,3
Talgat Aliyev,4
Polina Nurgaliyev,3
Nurlybek Kaya,3
Maria Tleubek,5
Nikita Ozturk,5
Nurlan Ivanov,3
Ersultan Ibrayev,2
Karina Konysbay,1
Tomiris Kuznetsov,5
Emre Kurt,5
Arman Volkov,5
Yulia Tashkenov,3
Sanzhar Dogan,1
Bekzat Novikov,2
Sergey Zhaksylyk,4
Zhanar Zhumabek,3
Aisha Novikov,2
Olga Cetin,5
Aigul Sahin,3
Ksenia Kara,2
Dinara Konysbay,5
Milana Novikov,3
Ece Assanov,3
Oleg Nurgaliyev,2
Andrey Shakenov,1
Gaukhar Ermek,2
Artem Makhmud,3
Sabina Koc,5
Dias Zhaksylyk,2
Laura Orazov,1
Roman Suleimenov,4
Milana Tleubek,4
Serik Musin,2
Ersultan Kara,2
Gulnaz Mukanov,3
Kairat Rakhimov,3
Daniyar Gabdullin,2
Ainur Abdirov,4
Nur Sadykov,1
Zhanel Assanov,3
Bekzat Mikhailov,2
Dmitry Alpysbay,5
Yernar Abdirov,2
Tolga Zhumabek,2
Ilyas Kaya,3
Dinara Petrov,4
Tomiris Ibrayev,1
Rauan Fedorov,2
Daniyar Kaya,1
Selin Omarov,4
Zarina Abdirov,3
Kairat Jumabek,4
Yulia Petrov,4
Kuanysh Abenov,3
Rauan Suleimenov,3
Sultan Serikbay,2
Nurlybek Zhunusov,1
Nur Konysbay,3
Roman Sahin,1
Balzhan Mikhailov,4
Zhanna Amangeldy,3
Elena Mikhailov,2
Nazym Nurgaliyev,1
Ksenia Kuznetsov,2
Islam Zhumabek,1
Meruyert Bolat,3
Ainur Esenov,4
Igor Kurt,3
Vera Tashkenov,3
Daria Serikbay,5
Talgat Amangeldy,3
Sanzhar Zhaksylyk,1
Pavel Kaya,4
Emre Arslan,2
Yernar Musin,3
Nazym Bolat,5
Zhandos Daulet,3
Balzhan Assanov,3
Nazym Kilic,3
Aknur Orazov,2
Elif Jumabek,2
Baris Amangeldy,2
Baris Kaya,5
Alisa Gabdullin,2
Gulnaz Serikbay,5
Nurlybek Tleubek,4
Zhanel Alpysbay,3
Tatiana Ivanov,4
Hasan Tashkenov,4
Derya Daulet,1
Layla Abenov,5
Anton Morozov,1
Askar Tleubek,3
Nazerke Mukanov,2
Amir Dauletov,2
Denis Abenov,3
Dmitry Dogan,3
Yerlan Aliyev,1
Vlad Kudaibergen,3
Serik Volkov,3
Asel Dogan,2
Zhanar Bekov,2
Gulnaz Tleubek,3
Nurlan Tleubek,3
Gulnaz Kilic,2
Ersultan Bekov,5
Islam Ermek,3
Omar Zhunusov,4
Meruyert Serikbay,1
Nurzhan Bekov,5
Baris Zhunusov,3
Dinara Alpysbay,4
Dias Sagyndyk,1
Kirill Baitursyn,4
Emre Kilic,3
Islam Bolat,3
Miras Dauletov,2
Talgat Omarov,4
Nazerke Serikbay,2
Yulia Zhaksylyk,2
Aliya Sagyndyk,4
Daniyar Makhmud,2
Zeynep Temirov,3
Aigul Makhmud,2
Yulia Bolat,4
Nurlybek Tashkenov,5
Timur Mukanov,3
Anton Aslan,1
Vera Jumabek,5
Ilyas Tashkenov,4
Aizhan Abdirov,2
Alisa Aslan,3
Yerlan Alpysbay,3
Pavel Kurmanov,4
Rauan Novikov,3
Ersultan Kurt,4
Irina Makhmud,2
Adil Sahin,3
Marat Zhumabek,1
Ruslan Novikov,4
Kairat Koc,3
Akbota Bekov,4
Baris Abdirov,4
Alina Volkov,5
Elnur Karimov,1
Vlad Lebedev,1
Dinara Ermek,4
Aizhan Sahin,3
Zeynep Dauletov,5
Ece Musin,2
Murat Sagyndyk,4
Dmitry Ozturk,3
Ksenia Tleubek,1
Artem Nurgaliyev,2
Aisha Abdirov,3
Gaukhar Aliyev,1
Laura Karimov,3
Bauyrzhan Ivanov,3
Aizhan Dogan,1
Balzhan Dogan,5
Yulia Kara,5
Sultan Zhunusov,3
Zhanna Kaya,4
Derya Aslan,2
Vadim Novikov,3
Denis Aliyev,3
Elnur Lebedev,2
Omar Aslan,2
Dmitry Gabdullin,3
Anna Kurt,2
Zhuldyz Lebedev,2
Laura Temirov,3
Elena Sadykov,4
Arman Lebedev,2
Ekaterina Kilic,3
Asel Kuznetsov,4
Anna Serikbay,4
Islam Orazov,2
Yernar Makhmud,5
Aknur Sahin,2
Kirill Serikbay,2
Amir Sadykov,1
Aliya Nurgaliyev,3
Ersultan Volkov,2
Ersultan Shakenov,1
Kirill Aslan,1
Ainur Baiseitov,1
Roman Alpysbay,1
Kairat Akhmetov,3
Yernar Kassym,2
Madina Mukanov,2
Nurlan Zhaksylyk,1
Akbota Zhaksylyk,4
Hasan Ibrayev,1
Zarina Makhmud,1
Tolga Zhumabek,1
Kuanysh Nurgaliyev,4
Aruzhan Abenov,3
Anel Orazov,3
Olzhas Lebedev,3
Zeynep Akhmetov,3
Daniyar Rakhimov,2
Aruzhan Sahin,4
Selin Kilic,1
Symbat Omarov,2
Temirlan Kuznetsov,3
Balzhan Yerzhanov,5
Zhuldyz Popov,3
Zhanar Gabdullin,1
Damir Aslan,5
Laura Arslan,3
Talgat Mikhailov,2
Talgat Volkov,2
Maxim Esenov,5
Dmitry Temirov,3
Tatiana Konysbay,5
Timur Mikhailov,3
Anna Demir,5
Symbat Demir,3
Miras Demir,1
Sofia Bolat,3
Dias Kuznetsov,5
Nurzhan Dogan,5
Sanzhar Sokolov,3
Pavel Tashkenov,3
Yerlan Zhunusov,3
Baris Baiseitov,4
Sultan Baiseitov,4
Igor Alpysbay,2
Anna Sahin,3
Kairat Karimov,2
Azamat Assanov,2
Kerem Zhumabek,2
Ilyas Ermek,1
Meruyert Kassym,4
Emre Jumabek,1
Ekaterina Novikov,2
Anna Assanov,3
Bekzat Bekov,3
Dias Turgenev,3
Laura Koc,1
Sergey Musin,5
Derya Cetin,2
Aigerim Turgenev,1
Daria Sahin,3
Ersultan Sokolov,1
Derya Rakhimov,2
Adil Sadykov,2
Ruslan Alpysbay,2
Ersultan Amangeldy,1
Daria Kassym,1
Yerbol Kuznetsov,2
Bauyrzhan Rakhimov,3
Arman Tleubek,2
Andrey Kaliyev,2
Vadim Smirnov,2
Ece Volkov,5
Ainur Ualiyev,2
Yerlan Aslan,3
Kirill Iskakov,2
Baris Novikov,4
Meruyert Dauletov,4
Symbat Mukanov,3
Nikita Kurmanov,3
Rasul Morozov,5
Islam Yilmaz,2
Zhanel Tashkenov,1
Aknur Iskakov,3
Temirlan Serikbay,1
Aliya Baitursyn,1
Nur Sahin,3
Rasul Konysbay,1
Sanzhar Tleubek,2
Islam Daulet,4
Kirill Temirov,3
Nurlan Suleimenov,2
Nazym Morozov,4
Madina Orazov,5
Andrey Koc,1
Tomiris Celik,1
Yulia Morozov,3
Asel Rakhimov,3
Yulia Ualiyev,1
Milana Kilic,3
Gaukhar Kurt,3
Irina Dauletov,1
Zhansaya Aliyev,3
Anton Lebedev,2
Kerem Fedorov,1
Symbat Kurmanov,1
Anel Yilmaz,3
Dias Arslan,1
Madina Kurt,5
Bauyrzhan Celik,1
Rasul Smirnov,3
Layla Mikhailov,4
Kerem Omarov,4
Adil Mukanov,2
Anna Baitursyn,4
Nur Kudaibergen,2
Kerem Esenov,2
Selin Zhaksylyk,2
Aknur Temirov,2
Adil Kassym,4
Rauan Morozov,3
Talgat Mukanov,2
Nikita Ermek,2
Maria Ozturk,2
Nazerke Fedorov,1
Zhanna Yerzhanov,1
Ksenia Koc,3
Roman Kara,3
Talgat Shakenov,2
Maria Kaliyev,3
Daniyar Zhunusov,3
Kuanysh Alpysbay,1
Anton Yilmaz,4
Gulnaz Sadykov,3
Bekzat Popov,2
Omar Kassym,2
Bauyrzhan Karimov,1
Bekzat Demir,1
Tatiana Morozov,4
Sofia Amangeldy,2
Rauan Popov,2
Aliya Konysbay,2
Igor Sahin,4
Elif Bolat,1
Andrey Fedorov,4
Emre Arslan,2
Damir Shakenov,4
Aknur Assanov,3
Polina Morozov,4
Kerem Arslan,2
Oleg Abenov,1
Layla Mukanov,1
Alina Shakenov,3
Dias Konysbay,1
Irina Serikbay,2
Kuanysh Kaliyev,2
Gaukhar Ualiyev,1
Igor Zhumabek,2
Sanzhar Ualiyev,5
Vlad Serikbay,3
Ainur Assanov,4
Zeynep Alpysbay,3
Marat Makhmud,1
Miras Abdirov,5
Yernar Kudaibergen,2
Ekaterina Alpysbay,3
Layla Kudaibergen,2
Baris Tleubek,2
Tomiris Amangeldy,2
Timur Mikhailov,2
Meruyert Mukanov,1
Saltanat Mukanov,5
Tomiris Smirnov,1
Nur Sagyndyk,3
Maria Sokolov,2
Gulnaz Petrov,2
Balzhan Kaya,5
Maria Amangeldy,2
Karina Kassym,2
Vlad Karimov,5
Sanzhar Mukanov,2
Anton Musin,4
Daria Baitursyn,5
Layla Kuznetsov,1
Sofia Mukanov,2
Aizhan Sokolov,3
Bekzat Koc,5
Meruyert Dogan,3
Kamila Kara,2
Sabina Dogan,4
Kairat Ivanov,2
Daria Arslan,2
Madina Koc,3
Aizhan Suleimenov,5
Zarina Arslan,4
Rauan Kuznetsov,3
Andrey Kuznetsov,1
Murat Turgenev,3
Igor Kurt,1
Ruslan Temirov,4
Aizhan Dauletov,1
Yerlan Zhumabek,3
Aigul Daulet,4
Laura Volkov,5
Ruslan Kara,1
Zhanel Tashkenov,5
Pavel Sahin,5
Pavel Morozov,3
Gaukhar Nurgaliyev,2
Artem Konysbay,1
Meruyert Aliyev,5
Aruzhan Amangeldy,1
Sergey Volkov,3
Irina Dauletov,1
Marat Dogan,3
Zhanna Volkov,4
Zhanna Koc,1
Kairat Kurt,5
Zhandos Alpysbay,1
Ekaterina Turgenev,4
Sanzhar Sokolov,3
Anel Kassym,4
Dias Kuznetsov,5
Nurzhan Omarov,2
Murat Temirov,4
Karina Sagyndyk,4
Asel Bolat,1
Zhuldyz Shakenov,5
Elif Petrov,1
Miras Amangeldy,4
Kerem Kaliyev,2
Temirlan Novikov,2
Temirlan Musin,1
Andrey Aliyev,2
Talgat Cetin,1
Tolga Aliyev,3
Omar Arslan,3
Tolga Mikhailov,1
Arman Bolat,1
Olzhas Makhmud,1
Ersultan Aslan,1
Yerbol Morozov,3
Vlad Abdirov,4
Islam Baiseitov,3
Irina Makhmud,4
Omar Karimov,1
Marat Kara,1
Rasul Alpysbay,2
Nikita Popov,2
Zhandos Musin,4
Amir Sahin,1
Milana Sagyndyk,1
Vera Karimov,2
Yerlan Zhumabek,1
Ece Abenov,3
Alisa Ozturk,1
Alibek Mikhailov,5
Hasan Suleimenov,4
Sultan Zhumabek,1
Kamila Kudaibergen,2
Gulnaz Alpysbay,3
Elif Akhmetov,3
Askar Baiseitov,2
Sanzhar Kurmanov,3
Murat Orazov,5
Sultan Zhunusov,4
Vadim Dogan,2
Ksenia Ermek,2
Islam Baiseitov,4
Talgat Abdirov,3
Emre Cetin,2
Rauan Daulet,3
Igor Lebedev,3
Murat Makhmud,1
Pavel Nurgaliyev,5
Layla Popov,1
Alisa Suleimenov,1
Laura Serikbay,4
Ruslan Suleimenov,4
Timur Kudaibergen,2
Hasan Konysbay,3
Derya Popov,3
Nurzhan Mukanov,3
Azamat Popov,3
Yernar Dauletov,1
Bekzat Suleimenov,2
Omar Popov,3
Nazym Zhumabek,1
Derya Ualiyev,3
Tolga Sokolov,1
Balzhan Fedorov,4
Polina Aliyev,2
Ainur Kaliyev,1
Aknur Baiseitov,2
Islam Arslan,4
Elena Kassym,5
Ersultan Baitursyn,4
Askar Baitursyn,2
Nikita Ozturk,3
Aizhan Kaya,1
Bauyrzhan Yerzhanov,4
Ece Kassym,3
Vlad Nurgaliyev,4
Nazerke Sahin,3
Milana Dogan,2
Nurlan Amangeldy,2
Islam Esenov,4
Oleg Ermek,3
Nur Cetin,2
Kirill Amangeldy,2
Sultan Kassym,4
Sergey Assanov,5
Artem Ualiyev,4
Aigul Karimov,2
Zarina Bekov,4
Tomiris Novikov,4
Alisa Demir,2
Zeynep Makhmud,2
Tolga Cetin,2
Akbota Yerzhanov,1
Elif Iskakov,3
Kuanysh Ibrayev,1
Askar Smirnov,3
Bauyrzhan Turgenev,4
Kirill Kilic,3
Amir Baitursyn,1
Tatiana Rakhimov,2
Denis Koc,4
Asel Sahin,2
Ilyas Suleimenov,4
Zeynep Nurgaliyev,3
Irina Kara,1
Bauyrzhan Demir,2
Aruzhan Esenov,3
Murat Esenov,3
Yulia Orazov,3
Nazerke Sahin,2
Zhanar Yerzhanov,1
Olga Zhunusov,2
Sofia Zhaksylyk,1
Kamila Kuznetsov,3
Ekaterina Ivanov,4
Dinara Fedorov,2
Asel Alpysbay,2
Tomiris Volkov,5
Roman Ivanov,1
Anton Nurgaliyev,5
Oleg Konysbay,4
Daniyar Makhmud,3
Karina Daulet,5
Baris Kurt,3
Anton Ermek,3
Dias Mikhailov,2
Alibek Aliyev,3
Daria Sokolov,4
Kerem Ermek,1
Balzhan Baiseitov,3
Zarina Zhaksylyk,2
Sergey Dauletov,4
Yerbol Alpysbay,4
Amir Serikbay,3
Ilyas Cetin,1
Daria Koc,5
Olzhas Daulet,3
Ruslan Shakenov,5
Dias Sahin,2
Zhuldyz Morozov,2
Kirill Zhunusov,3
Sabina Petrov,2
Meruyert Tashkenov,1
Meruyert Kurt,4
Tolga Kaya,2
Selin Esenov,2
Layla Kurmanov,3
Alina Petrov,2
Tomiris Yerzhanov,5
Polina Baitursyn,1
Adil Omarov,1
Igor Baiseitov,1
Omar Tashkenov,1
Milana Yerzhanov,3
Irina Rakhimov,4
Dinara Gabdullin,3
Pavel Alpysbay,1
Artem Koc,1
Zhandos Konysbay,1
Serik Tleubek,3
Serik Volkov,4
Daniyar Koc,3
Olzhas Zhunusov,3
Pavel Kudaibergen,4
Aigerim Zhaksylyk,1
Denis Karimov,4
Bauyrzhan Kara,3
Sultan Baitursyn,4
Kirill Esenov,4
Sofia Zhaksylyk,1
Aigerim Kara,1
Zhuldyz Kudaibergen,1
Tomiris Kuznetsov,1
Kerem Rakhimov,2
Saltanat Suleimenov,1
Roman Ivanov,3
Dmitry Sadykov,2
Vadim Yerzhanov,3
Zarina Ibrayev,2
Zhanna Cetin,4
Gulnaz Sagyndyk,3
Zhanar Mikhailov,1
Andrey Tleubek,2
Baris Celik,4
Denis Demir,5
Nurlybek Daulet,1
Ksenia Kuznetsov,3
Zhansaya Temirov,5
Ersultan Omarov,2
Nazym Ivanov,5
Aisha Kudaibergen,4
Adil Akhmetov,5
Nurzhan Kurt,2
Sanzhar Suleimenov,4
Hasan Aslan,3
Talgat Kaya,4
Dias Dogan,3
Meruyert Ualiyev,2
Nurlybek Dogan,1
Zhandos Temirov,2
Ekaterina Popov,1
Adil Orazov,2
Askar Baitursyn,3
Roman Novikov,5
Daria Serikbay,1
Kamila Novikov,1
Zhansaya Dogan,1
Aruzhan Kaya,1
Dias Jumabek,2
Miras Mukanov,3
Elena Akhmetov,3
Hasan Tleubek,5
Roman Bekov,1
Anna Suleimenov,2
Bauyrzhan Shakenov,1
Andrey Petrov,3
Anel Ualiyev,1
Anel Kaliyev,1
Sergey Bolat,2
Yerlan Suleimenov,3
Nazym Arslan,2
Dinara Kuznetsov,3
Daria Mikhailov,3
Omar Zhunusov,2
Akbota Orazov,5
Elnur Kurt,1
Ksenia Gabdullin,3
Ece Baiseitov,3
Alisa Turgenev,5
Bauyrzhan Sadykov,3
Irina Omarov,1
Aizhan Amangeldy,2
Anna Demir,3
Yernar Ibrayev,3
Aigerim Cetin,2
Zhanna Smirnov,2
Layla Orazov,2
Bekzat Rakhimov,3
Saltanat Yilmaz,2
Asel Iskakov,2
Vera Amangeldy,2
Elnur Amangeldy,3
Dinara Koc,1
Milana Bolat,1
Gaukhar Turgenev,3
Asel Abenov,5
Symbat Smirnov,3
Miras Turgenev,1
Nurlybek Fedorov,5
Kairat Shakenov,3
Madina Daulet,3
Talgat Ozturk,3
Baris Zhumabek,2
Aruzhan Sadykov,4
Oleg Bolat,4
Bauyrzhan Assanov,1
Miras Aliyev,4
Islam Nurgaliyev,2
Layla Rakhimov,3
Yulia Zhunusov,1
Kirill Kara,1
Daria Suleimenov,4
Rasul Sahin,4
Alina Bolat,3
Dinara Konysbay,2
Emre Sokolov,3
Yulia Koc,3
Aruzhan Aslan,2
Meruyert Baiseitov,2
Dmitry Temirov,3
Alibek Aliyev,1
Hasan Sagyndyk,4
Oleg Esenov,1
Kerem Gabdullin,4
Vera Iskakov,2
Aknur Novikov,1
Daria Esenov,3
Gulnaz Assanov,4
Omar Gabdullin,5
Miras Volkov,1
Selin Yerzhanov,3
Arman Abdirov,5
Dinara Cetin,2
Yulia Yilmaz,3
Polina Abdirov,2
Adil Dogan,1
Zhuldyz Popov,4
Baris Bolat,5
Arman Daulet,5
Dinara Makhmud,3
Anna Arslan,1
Oleg Musin,3
Zarina Yilmaz,4
Ersultan Suleimenov,2
Irina Karimov,3
Vera Bolat,1
Meruyert Daulet,5
Zhanna Jumabek,1
Vadim Sadykov,1
Nurzhan Petrov,1
Dinara Akhmetov,1
Daniyar Abenov,4
Askar Baiseitov,4
Artem Arslan,4
Yulia Tashkenov,2
Aruzhan Arslan,1
Bekzat Tleubek,3
Aizhan Baitursyn,4
Tolga Zhaksylyk,5
Anna Kilic,2
Dias Bolat,1
Askar Tashkenov,2
Zhandos Ibrayev,1
Zhanna Amangeldy,4
Denis Volkov,4
Amir Fedorov,1
Zeynep Temirov,2
Yerlan Abenov,2
Damir Karimov,4
Sultan Aliyev,2
Karina Akhmetov,4
Maxim Konysbay,2
Oleg Jumabek,1
Maria Zhumabek,3
Elena Ivanov,5
Elena Petrov,3
Yernar Sahin,4
Alibek Morozov,3
Elnur Mukanov,3
Maria Orazov,4
Talgat Koc,3
Pavel Koc,1
Alina Mikhailov,4
Nurlybek Iskakov,3
Anel Shakenov,3
Ersultan Novikov,1
Temirlan Orazov,1
Aknur Zhunusov,2
Nurlybek Ivanov,1
Islam Makhmud,3
Sergey Morozov,1
Milana Ibrayev,5
Azamat Ibrayev,2
Vera Sagyndyk,4
Gaukhar Rakhimov,4
Ece Smirnov,1
Nikita Sahin,5
Igor Kuznetsov,2
Elif Kaya,2
Selin Kuznetsov,4
Temirlan Lebedev,3
Zhanel Zhunusov,3
Sanzhar Kuznetsov,3
Karina Mikhailov,3
Rauan Ualiyev,5
Olga Ivanov,5
Olga Kara,2
Arman Koc,2
Nurlybek Gabdullin,2
Oleg Ibrayev,4
Miras Musin,3
Zhanar Konysbay,2
Vadim Morozov,2
Sofia Kuznetsov,1
Emre Serikbay,2
Ilyas Iskakov,3
Aruzhan Serikbay,2
Bekzat Petrov,1
Askar Ermek,3
Anna Mikhailov,1
Rasul Akhmetov,2
Anton Gabdullin,5
Sergey Orazov,1
Derya Sahin,3
Elena Sagyndyk,3
Yerbol Arslan,1
Aknur Fedorov,3
Timur Turgenev,3
Symbat Yerzhanov,1
Ainur Nurgaliyev,2
Irina Karimov,3
Gaukhar Zhaksylyk,3
Vlad Kuznetsov,2
Ersultan Kudaibergen,1
Gaukhar Fedorov,3
Ece Zhunusov,2
Murat Suleimenov,1
Elena Orazov,2
Alibek Ozturk,4
Sabina Orazov,5
Aigerim Baitursyn,1
Dias Amangeldy,2
Karina Arslan,1
Aigul Tleubek,3
Kairat Turgenev,5
Laura Omarov,1
Zhuldyz Rakhimov,4
Symbat Dauletov,1
Maria Novikov,1
Miras Sagyndyk,5
Zarina Kaya,1
Bauyrzhan Mukanov,4
Anel Turgenev,1
Arman Abdirov,1
Serik Sagyndyk,2
Aruzhan Orazov,2
Marat Mikhailov,2
Tatiana Temirov,2
Elena Konysbay,3
Zhuldyz Makhmud,3
Gulnaz Alpysbay,1
Pavel Kaliyev,4
Sergey Dogan,4
Anna Ualiyev,1
Kairat Musin,2
Rauan Karimov,2
Igor Baitursyn,1
Elena Dauletov,4
Ekaterina Mikhailov,3
Elnur Aliyev,1
Yulia Zhumabek,3
Rauan Shakenov,2
Miras Kaya,5
Vera Mukanov,2
Nur Makhmud,3
Vlad Popov,2
Yerbol Aliyev,1
Kirill Baitursyn,3
Yerbol Kaya,3
Emre Baiseitov,1
Laura Cetin,4
Kuanysh Petrov,2
Azamat Kassym,2
Askar Shakenov,3
Nazym Ermek,5
Zarina Cetin,3
Nur Assanov,1
Alibek Kuznetsov,2
Alisa Yilmaz,2
Olga Sadykov,2
Aknur Gabdullin,5
Yulia Serikbay,4
Vlad Makhmud,2
Symbat Rakhimov,1
Gulnaz Serikbay,3
Nurlybek Omarov,3
Omar Esenov,3
Aigerim Smirnov,2
Ruslan Mikhailov,4
Anel Assanov,2
Damir Baiseitov,1
Vadim Yilmaz,2
Tatiana Kaya,4
Aisha Yilmaz,3
Symbat Jumabek,1
Nurzhan Aliyev,3
Kamila Tashkenov,4
Temirlan Abenov,2
Akbota Sadykov,2
Denis Kara,3
Sofia Smirnov,1
Meruyert Arslan,1
Yerbol Mukanov,4
Milana Arslan,2
Rasul Arslan,5
Gaukhar Abenov,2
Ilyas Sagyndyk,1
Daria Jumabek,3
Vadim Morozov,2
Marat Fedorov,4
Asel Sagyndyk,1
Tatiana Popov,3
Sanzhar Tleubek,2
Adil Lebedev,3
Akbota Orazov,3
Islam Tleubek,1
Omar Serikbay,1
Gulnaz Ivanov,1
Madina Akhmetov,5
Aigerim Demir,3
Aigul Ualiyev,3
Nurlan Dauletov,2
Kairat Arslan,2
Aizhan Shakenov,4
Denis Jumabek,3
Timur Fedorov,3
Vlad Nurgaliyev,3
Akbota Dauletov,1
Nazerke Fedorov,2
Rasul Kuznetsov,2
Zhanel Turgenev,1
Serik Rakhimov,1
Ruslan Kudaibergen,3
Anel Suleimenov,3
Saltanat Fedorov,1
Selin Kurmanov,1
Yerlan Esenov,5
Sultan Ivanov,5
Zhandos Dogan,3
Selin Iskakov,2
Milana Tleubek,4
Damir Fedorov,2
Rauan Kurt,2
Elif Tleubek,4
Bekzat Ozturk,2
Sergey Serikbay,3
Bauyrzhan Lebedev,3
Alibek Ermek,4
Nur Abdirov,5
Karina Iskakov,1
Aigul Petrov,5
Ekaterina Morozov,2
Roman Ibrayev,3
Islam Smirnov,3
Sofia Smirnov,1
Emre Ualiyev,3
Maxim Turgenev,3
Talgat Rakhimov,2
Tomiris Baiseitov,2
Timur Ermek,3
Vera Smirnov,2
Maria Kudaibergen,3
Aknur Karimov,3
Anton Zhunusov,1
Elnur Zhunusov,2
Anna Petrov,5
Zeynep Kurmanov,1
Balzhan Iskakov,1
Dinara Aliyev,4
Vera Omarov,1
Adil Aliyev,1
Amir Rakhimov,1
Dinara Koc,3
Zhanel Sokolov,4
Emre Smirnov,3
Rasul Shakenov,1
Sultan Kurt,2
Roman Makhmud,3
Murat Sokolov,3
Marat Yerzhanov,2
Serik Akhmetov,3
Aigul Daulet,4
Sergey Suleimenov,2
Adil Zhunusov,1
Gulnaz Amangeldy,2
Yerbol Ibrayev,4
Zarina Kaya,4
Ainur Sahin,1
Layla Kassym,4
Sultan Kassym,3
Arman Sokolov,5
Oleg Zhaksylyk,5
Karina Zhunusov,2
Vlad Kaya,3
Yernar Mikhailov,3
Maria Tleubek,3
Kerem Zhaksylyk,3
Olzhas Musin,1
Marat Temirov,3
Nazym Mukanov,2
Omar Tashkenov,5
Anton Koc,1
Zhanna Kaya,5
Olga Sagyndyk,2
Andrey Abdirov,5
Aknur Amangeldy,2
Olga Shakenov,2
Layla Turgenev,3
Dias Bekov,1
Karina Zhumabek,4
Aizhan Demir,2
Oleg Zhaksylyk,4
Kerem Musin,3
Hasan Alpysbay,5
Temirlan Zhumabek,5
Askar Popov,3
Bekzat Shakenov,2
Kirill Konysbay,4
Aisha Ualiyev,2
Layla Amangeldy,5
Kerem Popov,4
Arman Novikov,4
Alibek Akhmetov,1
Symbat Assanov,3
Zhandos Orazov,2
Azamat Tashkenov,1
Sergey Orazov,4
Zhansaya Koc,3
Alibek Tleubek,2
Akbota Morozov,3
Azamat Kurmanov,4
Dinara Esenov,1
Aruzhan Daulet,1
Zhanar Arslan,4
Kerem Sagyndyk,3
Vadim Fedorov,1
Bauyrzhan Ualiyev,2
Askar Gabdullin,4
Yerlan Omarov,2
Temirlan Karimov,2
Ece Suleimenov,3
Rasul Makhmud,5
Dias Dauletov,2
Andrey Suleimenov,3
Vera Morozov,2
Balzhan Zhunusov,2
Tatiana Orazov,1
Sanzhar Akhmetov,3
Derya Celik,1
Zarina Tashkenov,3
Laura Sahin,3
Yulia Arslan,3
Vlad Serikbay,3
Alibek Aliyev,3
Bauyrzhan Fedorov,3
Damir Iskakov,2
Saltanat Yilmaz,3
Damir Kurt,5
Nurlan Baitursyn,2
Asel Suleimenov,2
Zhanna Abdirov,1
Daria Iskakov,2
Yulia Aliyev,3
Elif Lebedev,1
Aigul Serikbay,5
Nurlan Sadykov,1
Daria Baiseitov,3
Maria Kaya,4
Layla Kudaibergen,2
Yulia Sahin,1
Milana Sagyndyk,3
Dana Kassym,3
Adil Esenov,4
Nikita Kaya,2
Dmitry Lebedev,4
Ilyas Kassym,5
Kirill Ozturk,2
Sanzhar Karimov,4
Damir Omarov,1
Omar Demir,2
Gaukhar Nurgaliyev,5
Bekzat Ualiyev,1
Nurlybek Celik,3
Igor Assanov,3
Zhanna Dauletov,1
Zhanel Amangeldy,3
Sabina Demir,2
Zhanna Gabdullin,3
Derya Akhmetov,1
Selin Abenov,3
Alisa Kurt,1
Anton Smirnov,4
Adil Sadykov,4
Ece Ualiyev,3
Sofia Shakenov,4
Sergey Sahin,3
Aruzhan Aslan,2
Akbota Nurgaliyev,1
Karina Aslan,3
Maria Esenov,5
Anel Mikhailov,4
Yernar Sagyndyk,3
Nurlan Morozov,3
Bauyrzhan Lebedev,3
Rasul Kurt,5
Yulia Kaya,3
Nur Dogan,3
Alisa Assanov,4
Miras Rakhimov,5
Kairat Kassym,2
Kuanysh Esenov,3
Zhuldyz Kilic,3
Vadim Amangeldy,2
Bauyrzhan Temirov,4
Vera Kara,2
Ksenia Kara,3
Azamat Ibrayev,1
Sofia Arslan,1
Damir Bolat,1
Olzhas Fedorov,3
Zhuldyz Nurgaliyev,5
Kerem Novikov,3
Kerem Dauletov,3
Temirlan Assanov,2
Maria Ibrayev,1
Ksenia Bekov,4
Ksenia Shakenov,3
Irina Yilmaz,1
Kirill Baiseitov,4
Oleg Omarov,2
Kirill Tleubek,1
Zhandos Orazov,1
Maxim Sagyndyk,1
Layla Ivanov,1
Vera Zhumabek,1
Marat Omarov,1
Zhanna Kaya,2
Zhuldyz Yerzhanov,3
Selin Mikhailov,3
Islam Celik,1
Miras Jumabek,3
Nur Smirnov,3
Zhanar Abenov,2
Aknur Assanov,4
Artem Sadykov,3
Anton Kurt,2
Meruyert Arslan,1
Daniyar Mukanov,3
Irina Esenov,1
Pavel Popov,2
Islam Makhmud,1
Nazym Nurgaliyev,2
Ilyas Bolat,2
Rauan Cetin,4
Bauyrzhan Turgenev,3
Gulnaz Celik,1
Zhandos Kudaibergen,1
Akbota Makhmud,4
Yerbol Amangeldy,2
Vadim Celik,3
Layla Makhmud,2
Zhanna Sokolov,2
Aigul Makhmud,2
Amir Aslan,2
Anton Iskakov,1
Gulnaz Serikbay,3
Gaukhar Mikhailov,1
Talgat Ivanov,3
Denis Jumabek,3
Vlad Gabdullin,3
Zhandos Dauletov,2
Zhansaya Shakenov,2
Kuanysh Popov,1
Dinara Jumabek,1
Vlad Abdirov,3
Madina Assanov,2
Nur Yilmaz,3
Ksenia Sagyndyk,1
Oleg Kurmanov,2
Pavel Kilic,5
Adil Ozturk,3
Nikita Petrov,3
Kirill Kara,3
Tomiris Fedorov,2
Dinara Daulet,2
Anel Mukanov,4
Rauan Baiseitov,3
Denis Tleubek,2
Yerbol Karimov,4
Nur Novikov,1
Talgat Yerzhanov,1
Vadim Kaliyev,1
Daniyar Bolat,1
Nur Orazov,5
Nikita Gabdullin,5
Sultan Volkov,3
Zhanna Kaliyev,2
Omar Baitursyn,2
Aknur Kaya,2
Zhanar Ualiyev,3
Talgat Kurt,3
Vera Demir,1
Kairat Suleimenov,2
Hasan Iskakov,4
Dinara Karimov,3
Emre Suleimenov,4
Karina Ozturk,1
Ece Arslan,4
Amir Iskakov,4
Yulia Popov,5
Vlad Smirnov,2
Rasul Kilic,2
Ece Mikhailov,2
Sultan Tleubek,4
Sabina Tashkenov,5
Symbat Ibrayev,1
Aisha Mikhailov,1
Omar Novikov,3
Daria Shakenov,1
Dana Nurgaliyev,5
Denis Konysbay,2
Roman Cetin,3
Alibek Ozturk,4
Hasan Mukanov,1
Aigul Ibrayev,4
Milana Esenov,2
Ersultan Makhmud,5
Ekaterina Tashkenov,1
Kairat Yerzhanov,3
Artem Yilmaz,1
Ksenia Ivanov,3
Tolga Mukanov,3
Sofia Petrov,3
Nazym Yerzhanov,3
Nikita Temirov,2
Miras Shakenov,4
Bauyrzhan Ibrayev,5
Derya Smirnov,2
Aisha Volkov,2
Bauyrzhan Jumabek,4
Ksenia Jumabek,2
Alina Kurt,2
Sofia Turgenev,1
Karina Arslan,4
Sofia Baitursyn,3
Kamila Serikbay,3
Olzhas Bolat,1
Oleg Kaliyev,2
Milana Yilmaz,5
Sultan Kurt,1
Vlad Zhunusov,4
Tolga Morozov,2
Ekaterina Serikbay,2
Temirlan Rakhimov,2
Nurlan Daulet,1
Kairat Kurt,2
Roman Smirnov,4
Islam Dogan,1
Ece Serikbay,4
Timur Jumabek,2
Zhansaya Kurmanov,3
Tomiris Karimov,1
Aisha Zhumabek,3
Dmitry Kurmanov,2
Aizhan Tashkenov,2
Yernar Kurt,4
Vlad Koc,1
Aizhan Jumabek,3
Alibek Mukanov,1
Zhanna Rakhimov,1
Kuanysh Kurt,2
Nurlybek Demir,3
Aigerim Kara,1
Nur Serikbay,3
Nikita Fedorov,1
Milana Popov,3
Vlad Ivanov,3
Zhanna Kassym,3
Symbat Bolat,2
Aknur Ozturk,5
Saltanat Kassym,4
Polina Esenov,2
Aruzhan Baiseitov,4
Elena Popov,1
Dias Ozturk,4
Pavel Tashkenov,4
Nurlybek Yilmaz,1
Serik Shakenov,3
Aliya Zhumabek,2
Nurlan Ivanov,2
Balzhan Kilic,2
Meruyert Zhumabek,3
Alibek Jumabek,1
Aigul Morozov,1
Sanzhar Shakenov,1
Azamat Sagyndyk,4
Nurzhan Yilmaz,3
Gulnaz Iskakov,3
Ksenia Serikbay,3
Maxim Orazov,2
Zhanna Fedorov,2
Temirlan Petrov,3
Kamila Morozov,2
Sergey Alpysbay,5
Aigerim Musin,2
Zhandos Bolat,4
Asel Popov,1
Pavel Kaliyev,3
Irina Kara,2
Damir Yilmaz,5
Temirlan Aslan,2
Zhanna Ualiyev,5
Dinara Akhmetov,1
Madina Novikov,3
Aigul Kuznetsov,1
Vlad Shakenov,5
Elif Karimov,5
Aruzhan Kurmanov,5
Symbat Omarov,3
Vlad Gabdullin,1
Balzhan Novikov,3
Anton Assanov,1
Baris Ozturk,3
Nurzhan Petrov,1
Asel Arslan,2
Rasul Kaliyev,1
Adil Amangeldy,3
Sultan Zhaksylyk,3
Nikita Dogan,1
Damir Sadykov,2
Zarina Novikov,3
Nurlybek Kudaibergen,2
Nurlybek Sokolov,3
Adil Yilmaz,2
Tomiris Kara,2
Kerem Rakhimov,3
Nikita Celik,1
Aruzhan Kurt,4
Ruslan Jumabek,3
Aliya Serikbay,2
Vlad Kurt,2
Pavel Zhaksylyk,2
Andrey Ozturk,3
Tomiris Gabdullin,4
Zhanna Gabdullin,2
Tolga Musin,4
Serik Serikbay,3
Tolga Tleubek,5
Nurlybek Ibrayev,4
Zhanel Kassym,3
Madina Makhmud,2
Damir Shakenov,1
Omar Sagyndyk,3
Marat Lebedev,1
Dias Ualiyev,1
Anna Orazov,3
Andrey Kurmanov,3
Kirill Temirov,1
Dinara Esenov,3
Elif Makhmud,2
Nikita Baiseitov,3
Kairat Zhumabek,3
Damir Ivanov,4
Olzhas Jumabek,3
Kuanysh Serikbay,3
Alisa Kaya,1
Madina Omarov,2
Dana Dauletov,4
Aknur Dauletov,3
Bekzat Suleimenov,1
Balzhan Mukanov,1
Yerbol Morozov,2
Bekzat Mukanov,3
Zhansaya Petrov,4
Daniyar Dogan,5
Pavel Sadykov,4
Temirlan Sahin,3
Timur Petrov,5
Derya Daulet,4
Elena Karimov,4
Omar Aliyev,3
Ekaterina Omarov,3
Elif Mukanov,2
Alina Karimov,4
Yerlan Popov,1
Baris Sadykov,3
Aknur Zhumabek,2
Ainur Baiseitov,5
Sanzhar Sadykov,1
Maxim Baiseitov,4
Emre Lebedev,4
Pavel Esenov,3
Irina Bolat,3
Nur Zhaksylyk,5
Talgat Kilic,4
Kairat Amangeldy,4
Sanzhar Karimov,2
Dana Turgenev,2
Kamila Kurt,2
Ersultan Ozturk,4
Laura Aliyev,2
Denis Cetin,3
Baris Ozturk,1
Alina Sadykov,1
Hasan Mukanov,2
Murat Ivanov,1
Ruslan Yerzhanov,2
Sanzhar Sahin,3
Dias Sadykov,2
Rasul Demir,2
Olzhas Smirnov,1
Denis Shakenov,1
Andrey Orazov,5
Irina Petrov,3
Pavel Ibrayev,1
Aigul Assanov,4
Alisa Bolat,2
Anna Suleimenov,3
Vera Ivanov,4
Dias Yilmaz,2
Denis Orazov,4
Yerbol Zhaksylyk,3
Milana Sahin,4
Balzhan Abenov,4
Anton Baitursyn,4
Meruyert Ermek,1
Nur Lebedev,3
Alibek Yerzhanov,1
Tatiana Temirov,4
Ruslan Kurmanov,3
Derya Temirov,2
Andrey Celik,5
Alina Akhmetov,3
Nurlybek Kilic,1
Elnur Kurmanov,3
Anel Ibrayev,1
Murat Akhmetov,4
Gaukhar Amangeldy,1
Bekzat Tleubek,1
Meruyert Lebedev,1
Zhandos Aslan,2
Aisha Akhmetov,5
Zhansaya Amangeldy,3
Talgat Ozturk,3
Anna Abdirov,2
Talgat Tleubek,3
Maxim Amangeldy,4
Vera Celik,1
Rasul Sagyndyk,3
Zhanar Ozturk,3
Sergey Aliyev,2
Sergey Abenov,3
Nurlan Dogan,3
Elena Esenov,4
Sanzhar Ibrayev,3
Kairat Assanov,4
Gulnaz Tleubek,4
Islam Karimov,5
Bekzat Ibrayev,4
Anton Ivanov,2
Anton Abenov,1
Rasul Baitursyn,2
Maxim Orazov,2
Akbota Petrov,3
Oleg Musin,4
Milana Akhmetov,2
Tolga Celik,1
Bekzat Kudaibergen,3
Nurzhan Aslan,3
Alina Zhunusov,1
Yulia Kurt,2
Irina Kilic,3
Maria Ermek,2
Nazerke Kassym,1
Ekaterina Turgenev,4
Adil Kurt,4
Kirill Sadykov,5
Zhanar Yilmaz,4
Madina Tashkenov,1
Arman Fedorov,1
Yerbol Volkov,5
Gaukhar Omarov,1
Miras Musin,3
Nur Omarov,3
Rasul Dauletov,5
Ksenia Mikhailov,1
Karina Popov,3
Meruyert Aliyev,2
Tatiana Ualiyev,2
Arman Nurgaliyev,5
Anel Sokolov,1
Kirill Abenov,1
Tolga Kurt,1
Asel Koc,1
Sanzhar Turgenev,4
Zhanel Tashkenov,1
Maria Kilic,4
Rauan Zhunusov,3
Irina Jumabek,2
Denis Yilmaz,5
Yerlan Amangeldy,2
Murat Mikhailov,5
Balzhan Novikov,3
Anton Daulet,2
Gaukhar Karimov,5
Ersultan Sokolov,1
Rauan Mukanov,4
Adil Nurgaliyev,3
Nazerke Tashkenov,4
Zhuldyz Ozturk,2
Artem Karimov,3
Kuanysh Zhunusov,2
Elif Akhmetov,5
Anna Orazov,2
Zhandos Musin,1
Zhanar Iskakov,2
Murat Sahin,1
Nikita Fedorov,3
Dana Kuznetsov,2
Bauyrzhan Morozov,5
Askar Petrov,5
Kirill Gabdullin,1
Maxim Petrov,3
Islam Makhmud,2
Yerbol Ermek,3
Asel Sahin,4
Derya Koc,1
Sanzhar Sagyndyk,2
Serik Cetin,1
Anna Aliyev,1
Islam Mikhailov,5
Ersultan Kurt,5
Islam Fedorov,2
Bekzat Kassym,3
Polina Daulet,2
Dmitry Dauletov,4
Tomiris Konysbay,1
Rauan Musin,1
Alisa Suleimenov,4
Marat Zhumabek,1
Zhansaya Abenov,5
Temirlan Kara,5
Aisha Bolat,3
Polina Kurmanov,3
Emre Zhaksylyk,1
Zhanar Musin,2
Milana Kudaibergen,3
Miras Mukanov,5
Zarina Celik,1
Hasan Ivanov,4
Islam Sahin,1
Ilyas Sadykov,5
Gulnaz Aslan,2
Kairat Turgenev,1
Gulnaz Makhmud,3
Ruslan Musin,2
Karina Demir,4
Olzhas Mikhailov,3
Elena Morozov,3
Kerem Kilic,3
Anel Baiseitov,3
Sofia Esenov,1
Islam Kurt,5
Vera Abenov,3
Yerlan Petrov,5
Rauan Gabdullin,2
Karina Alpysbay,4
Bekzat Bekov,1
Nurzhan Demir,2
Alisa Arslan,1
Nazerke Zhumabek,5
Sultan Demir,3
Symbat Kassym,5
Elif Alpysbay,3
Irina Temirov,3
Damir Orazov,2
Azamat Kuznetsov,2
Tatiana Esenov,5
Kerem Kuznetsov,1
Baris Ivanov,2
Zhanel Gabdullin,2
Vlad Aliyev,3
Saltanat Sokolov,4
Saltanat Sahin,2
Tomiris Jumabek,1
Damir Koc,3
Anton Kaya,1
Ilyas Popov,2
Ruslan Zhaksylyk,3
Asel Nurgaliyev,4
Adil Ivanov,4
Emre Smirnov,1
Madina Arslan,3
Ilyas Kaya,2
Saltanat Shakenov,4
Asel Assanov,2
Olzhas Orazov,3
Vlad Morozov,5
Ece Baitursyn,5
Murat Tleubek,4
Zhanna Rakhimov,1
Rasul Ibrayev,2
Nazym Dauletov,3
Tolga Jumabek,5
Milana Bolat,3
Irina Celik,5
Tolga Suleimenov,3
Nazym Bekov,2
Gulnaz Fedorov,1
Alisa Tleubek,1
Maxim Kuznetsov,1
Omar Celik,2
Ersultan Zhunusov,2
Daniyar Kurt,3
Nazym Kudaibergen,2
Nazerke Gabdullin,2
Askar Demir,1
Igor Esenov,1
Karina Kassym,1
Yernar Iskakov,3
Sergey Sokolov,5
Nur Yilmaz,1
Selin Kudaibergen,1
Vlad Demir,3
Vadim Jumabek,1
Roman Dauletov,3
Serik Demir,2
Ilyas Ivanov,5
Kairat Sokolov,3
Ruslan Morozov,3
Roman Petrov,2
Kuanysh Nurgaliyev,3
Sabina Volkov,3
Zhanel Zhunusov,3
Aizhan Zhumabek,2
Zhuldyz Kudaibergen,2
Sultan Zhaksylyk,3
Aigul Arslan,2
Temirlan Kaya,1
Sultan Akhmetov,1
Sergey Koc,4
Maxim Amangeldy,1
Denis Tashkenov,5
Dias Sokolov,3
Roman Smirnov,5
Laura Morozov,1
Tomiris Smirnov,5
Rauan Arslan,1
Alisa Turgenev,5
Emre Ermek,2
Ksenia Karimov,1
Murat Shakenov,2
Artem Kudaibergen,3
Azamat Turgenev,2
Aisha Kara,1
Ainur Karimov,1
Elif Jumabek,1
Roman Baiseitov,1
Rauan Popov,1
Murat Sokolov,5
Daria Lebedev,3
Elnur Koc,3
Gulnaz Ermek,5
Sanzhar Turgenev,1
Tolga Abdirov,1
Oleg Baiseitov,2
Nurzhan Jumabek,5
Tomiris Konysbay,1
Tolga Kudaibergen,1
Alisa Tleubek,1
Yerbol Fedorov,1
Kirill Ermek,1
Saltanat Musin,4
Miras Mukanov,1
Maxim Assanov,2
Zhanel Lebedev,2
Islam Zhunusov,1
Kerem Novikov,3
Andrey Serikbay,1
Sanzhar Ozturk,1
Sultan Kudaibergen,3
Andrey Omarov,4
Yerlan Sokolov,1
Zhanel Akhmetov,2
Anel Dogan,1
Dmitry Baitursyn,1
Amir Omarov,2
Dana Sokolov,3
Yernar Aliyev,4
Rauan Celik,2
Aisha Popov,5
Nur Sadykov,5
Artem Shakenov,2
Asel Omarov,3
Ekaterina Turgenev,1
Zhanna Petrov,3
Meruyert Ozturk,1
Anel Kilic,2
Yerbol Orazov,2
Azamat Ibrayev,5
Zhanna Ozturk,5
Arman Zhumabek,5
Kirill Lebedev,4
Ilyas Karimov,1
Aizhan Celik,1
Yernar Rakhimov,2
Bekzat Kaya,3
Miras Yerzhanov,2
Olga Bolat,3
Yerlan Kilic,3
Nikita Ualiyev,2
Rauan Koc,5
Adil Zhumabek,3
Talgat Abenov,2
Yernar Baitursyn,4
Daniyar Amangeldy,3
Nurzhan Kilic,3
Bauyrzhan Baitursyn,4
Nazerke Jumabek,4
Saltanat Suleimenov,3
Selin Kudaibergen,1
Nazerke Abenov,1
Oleg Dogan,4
Alina Baitursyn,2
Saltanat Aliyev,4
Andrey Esenov,1
Anel Musin,3
Karina Makhmud,5
Yernar Assanov,1
Ruslan Tashkenov,1
Anel Orazov,2
Ainur Bolat,4
Timur Zhaksylyk,2
Nazerke Kurt,3
Zhanar Tashkenov,1
Rauan Lebedev,3
Balzhan Turgenev,2
Artem Konysbay,1
Timur Mikhailov,1
Tolga Shakenov,4
Baris Smirnov,1
Igor Ivanov,2
Nur Kassym,1
Nazym Nurgaliyev,3
Olga Suleimenov,5
Yulia Abenov,3
Elena Fedorov,3
Elif Zhunusov,1
Ksenia Serikbay,2
Aliya Mikhailov,2
Alina Rakhimov,2
Kirill Sahin,2
Saltanat Sadykov,1
Derya Abdirov,1
Kerem Rakhimov,4
Irina Daulet,2
Ece Ivanov,3
Sultan Cetin,2
Sergey Novikov,2
Nurzhan Musin,2
Ilyas Sokolov,5
Sabina Demir,4
Artem Kaliyev,3
Adil Petrov,3
Derya Celik,1
Alisa Mukanov,1
Madina Dauletov,4
Sofia Arslan,5
Dana Sadykov,1
Zhuldyz Mukanov,3
Elnur Dauletov,3
Gaukhar Arslan,4
Dana Musin,2
Nurzhan Rakhimov,3
Maxim Bekov,5
Sultan Mukanov,2
Bauyrzhan Abenov,1
Aigerim Kilic,4
Selin Aliyev,2
Nur Kurt,3
Yernar Amangeldy,2
Amir Cetin,1
Sergey Kilic,2
Andrey Orazov,4
Anna Sagyndyk,5
Asel Musin,3
Serik Assanov,2
Kairat Cetin,1
Artem Demir,4
Aliya Iskakov,1
Daria Lebedev,1
Asel Kuznetsov,2
Ilyas Kaliyev,5
Bekzat Gabdullin,2
Karina Morozov,2
Askar Orazov,3
Aigerim Aliyev,3
Nurlybek Konysbay,5
Layla Kilic,4
Laura Shakenov,2
Zhansaya Sahin,2
Yerbol Bekov,2
Yernar Temirov,4
Yerbol Celik,2
Yulia Abenov,1
Zhuldyz Gabdullin,4
Kerem Abdirov,2
Yerbol Aslan,3
Kerem Suleimenov,1
Akbota Mikhailov,3
Laura Kassym,2
Bauyrzhan Zhumabek,3
Miras Kaya,3
Vera Yerzhanov,3
Nurzhan Sahin,3
Symbat Kurmanov,3
Tolga Akhmetov,4
Balzhan Baitursyn,3
Adil Sagyndyk,1
Azamat Sadykov,2
Serik Esenov,3
Vadim Abenov,2
Ekaterina Kaliyev,2
Nur Ivanov,3
Tomiris Bekov,4
Zhandos Kassym,1
Alibek Shakenov,1
Pavel Makhmud,3
Tolga Suleimenov,2
Karina Smirnov,1
Daniyar Gabdullin,3
Nurzhan Bekov,5
Artem Turgenev,3
Kamila Demir,2
Zhanel Popov,2
Serik Koc,5
Arman Sagyndyk,2
Tatiana Novikov,1
Alibek Amangeldy,3
Polina Orazov,1
Askar Makhmud,4
Damir Karimov,3
Anel Makhmud,1
Selin Smirnov,4
Vlad Dauletov,1
Ece Bekov,2
Zhuldyz Kurt,4
Nurlybek Kurt,2
Karina Omarov,4
Olzhas Assanov,2
Ruslan Ermek,1
Hasan Shakenov,5
Miras Kudaibergen,3
Ilyas Sahin,4
Roman Lebedev,2
Omar Zhumabek,4
Kirill Popov,1
Layla Lebedev,2
Yernar Zhaksylyk,2
Ksenia Kara,5
Miras Aslan,1
Nurzhan Sahin,2
Hasan Tashkenov,1
Aigul Dauletov,1
Aigul Aliyev,1
Rasul Jumabek,2
Kairat Morozov,4
Tomiris Kurmanov,2
Selin Makhmud,5
Polina Serikbay,2
Azamat Kurmanov,4
Ainur Zhumabek,3
Emre Serikbay,3
Zarina Tashkenov,3
Hasan Kaya,3
Yerbol Makhmud,2
Damir Demir,4
Zhansaya Tashkenov,3
Miras Sahin,3
Anton Iskakov,1
Zhuldyz Aslan,2
Kairat Ibrayev,2
Denis Assanov,1
Nikita Alpysbay,3
Bauyrzhan Kurt,1
Alibek Shakenov,1
Nurlan Esenov,2
Layla Aslan,3
Ainur Kilic,4
Aknur Mikhailov,4
Nazerke Iskakov,2
Kamila Ibrayev,1
Dmitry Zhaksylyk,1
Nikita Tleubek,1
Nurlan Kuznetsov,5
Symbat Esenov,1
Madina Bolat,5
Serik Gabdullin,1
Zhanna Popov,1
Olga Kara,1
Emre Yerzhanov,4
Askar Mikhailov,1
Alisa Ozturk,1
Ece Baitursyn,3
Akbota Rakhimov,4
Daniyar Orazov,2
Tatiana Kara,1
Selin Ermek,3
Dinara Novikov,1
Maxim Makhmud,1
Zhuldyz Karimov,3
Ainur Lebedev,2
Tomiris Karimov,5
Aknur Sagyndyk,4
Ainur Mikhailov,4
Yulia Musin,4
Vlad Ibrayev,2
Arman Baiseitov,5
Timur Petrov,2
Polina Demir,3
Alisa Zhaksylyk,2
Alisa Turgenev,4
Maxim Temirov,4
Derya Mikhailov,3
Derya Abdirov,2
Timur Tashkenov,1
Zeynep Zhunusov,5
Kamila Kassym,1
Anna Konysbay,3
Sanzhar Novikov,3
Ece Gabdullin,4
Tatiana Yilmaz,2
Ksenia Temirov,2
Maria Mukanov,3
Kamila Akhmetov,3
Omar Sadykov,4
Sultan Kurt,4
Zhanel Shakenov,2
Kirill Alpysbay,2
Elif Musin,1
Bekzat Abenov,3
Ainur Tashkenov,2
Yulia Amangeldy,5
Zhansaya Celik,2
Akbota Morozov,2
Nazym Kassym,2
Omar Gabdullin,4
Omar Morozov,4
Milana Kaya,2
Adil Morozov,2
Andrey Kilic,1
Anel Akhmetov,1
Vera Rakhimov,4
Laura Turgenev,1
Kairat Baitursyn,4
Ilyas Kudaibergen,4
Zhanna Sagyndyk,4
Nur Gabdullin,1
Zhanel Popov,2
Maria Smirnov,3
Dmitry Zhumabek,3
Daniyar Kaya,3
Maxim Ivanov,3
Tomiris Shakenov,2
Maxim Assanov,2
Dmitry Yerzhanov,1
Anton Alpysbay,2
Hasan Sadykov,3
Sergey Tashkenov,3
Damir Ivanov,4
Artem Ualiyev,1
Serik Yilmaz,1
Saltanat Rakhimov,3
Askar Sahin,3
Adil Karimov,1
Zhanar Baitursyn,1
Olga Kuznetsov,1
Tatiana Turgenev,2
Anton Ermek,3
Zhansaya Bekov,2
Laura Morozov,3
Zhanar Assanov,3
Roman Alpysbay,2
Bekzat Assanov,3
Zarina Aslan,4
Amir Gabdullin,2
Meruyert Assanov,2
Laura Volkov,1
Andrey Jumabek,1
Dana Tashkenov,4
Daniyar Zhunusov,4
Denis Smirnov,4
Aizhan Ibrayev,5
Timur Kaya,2
Polina Demir,4
Hasan Abenov,4
Ece Baitursyn,2
Ece Sahin,1
Nazym Arslan,3
Ersultan Koc,4
Nurzhan Rakhimov,3
Aigerim Kurmanov,1
Sergey Assanov,4
Bauyrzhan Ozturk,3
Zhandos Orazov,4
Nurlybek Ibrayev,1
Anel Musin,5
Nikita Demir,2
Artem Volkov,3
Dana Rakhimov,1
Oleg Serikbay,3
Bekzat Kilic,3
Ece Akhmetov,3
Milana Ermek,4
Igor Temirov,5
Asel Morozov,2
Tolga Rakhimov,2
Aliya Abenov,1
Daniyar Gabdullin,2
Kirill Yilmaz,5
Polina Shakenov,1
Aliya Omarov,1
Aruzhan Rakhimov,4
Symbat Kuznetsov,3
Kairat Cetin,3
Vlad Kara,1
Omar Serikbay,2
Laura Assanov,5
Bauyrzhan Zhunusov,3
Madina Kurmanov,1
Islam Koc,3
Zhuldyz Temirov,3
Bauyrzhan Orazov,5
Aigerim Fedorov,2
Selin Makhmud,5
Karina Rakhimov,2
Damir Akhmetov,3
Damir Aliyev,4
Sergey Baiseitov,2
Karina Sahin,2
Sanzhar Ivanov,5
Damir Tashkenov,4
Gulnaz Suleimenov,3
Rasul Zhunusov,1
Yerbol Konysbay,3
Askar Ozturk,1
Zhandos Gabdullin,3
Tomiris Yilmaz,2
Anton Ualiyev,5
Vera Dauletov,3
Alibek Alpysbay,3
Elena Sokolov,4
Yernar Arslan,1
Ruslan Tleubek,1
Dias Tleubek,5
Gaukhar Serikbay,1
Nur Dauletov,2
Zhanna Zhunusov,3
Ainur Ozturk,1
Rauan Gabdullin,2
Meruyert Fedorov,3
Elif Kara,2
Aisha Arslan,2
Olga Orazov,1
Tomiris Aliyev,1
Nurlan Ibrayev,3
Sanzhar Fedorov,2
Baris Abdirov,3
Aigerim Volkov,2
Zhanna Kurt,3
Meruyert Dogan,2
Zhandos Omarov,2
Derya Nurgaliyev,1
Ersultan Baiseitov,4
Nurzhan Yilmaz,2
Igor Smirnov,1
Zhanna Smirnov,1
Gulnaz Sahin,1
Elif Volkov,3
Hasan Bekov,4
Ruslan Musin,1
Timur Ualiyev,2
Sergey Iskakov,4
Bauyrzhan Zhunusov,3
Timur Ualiyev,4
Yerbol Demir,1
Derya Makhmud,3
Zhuldyz Baitursyn,3
Dias Nurgaliyev,1
Madina Sahin,4
Rauan Kassym,1
Elnur Koc,1
Adil Sagyndyk,2
Tomiris Lebedev,2
Zhansaya Akhmetov,2
Kairat Baitursyn,2
Tatiana Bekov,5
Maxim Aslan,4
Aliya Omarov,3
Anna Lebedev,3
Bekzat Iskakov,2
Bekzat Tleubek,2
Karina Ermek,4
Gaukhar Karimov,5
Aizhan Kuznetsov,2
Marat Ivanov,1
Aruzhan Omarov,5
Zhansaya Ualiyev,3
Alina Assanov,5
Irina Assanov,1
Rasul Akhmetov,4
Sabina Rakhimov,3
Sergey Kurt,2
Askar Bolat,2
Elnur Makhmud,3
Dinara Aslan,3
Yulia Ozturk,3
Marat Karimov,4
Yulia Popov,1
Kuanysh Rakhimov,1
Elena Nurgaliyev,3
Nurlan Shakenov,4
Yulia Sadykov,3
Ainur Yilmaz,2
Marat Baiseitov,2
Aknur Yilmaz,3
Nurlan Iskakov,3
Zhanna Omarov,1
Zarina Shakenov,3
Layla Sokolov,2
Karina Kara,3
Tolga Yilmaz,5
Aisha Baitursyn,4
Askar Cetin,3
Aliya Kilic,3
Yernar Demir,2
Kairat Kurt,2
Dmitry Popov,5
Aisha Celik,5
Tolga Cetin,5
Zhansaya Kuznetsov,2
Nurzhan Tashkenov,1
Elena Aliyev,1
Ilyas Lebedev,4
Azamat Abenov,2
Dias Bekov,4
Gaukhar Celik,3
Ilyas Cetin,3
Bekzat Karimov,2
Tomiris Dogan,4
Igor Ualiyev,1
Yerbol Yilmaz,2
Bauyrzhan Ermek,1
Selin Sagyndyk,2
Nazerke Baiseitov,3
Baris Suleimenov,1
Sultan Tashkenov,5
Baris Morozov,2
Aliya Ermek,4
Derya Ualiyev,1
Maria Zhaksylyk,2
Alibek Bolat,2
Vadim Zhaksylyk,2
Elena Kaliyev,2
Kirill Orazov,3
Dmitry Lebedev,5
Andrey Kurmanov,3
Anton Sokolov,4
Timur Ermek,5
Zhansaya Petrov,2
Zhanar Kassym,2
Islam Alpysbay,1
Zhanel Iskakov,5
Madina Jumabek,5
Laura Makhmud,2
Ece Ualiyev,3
Nurzhan Zhaksylyk,1
Akbota Daulet,3
Maria Aliyev,1
Hasan Cetin,4
Nikita Ozturk,5
Daria Yerzhanov,2
Aknur Abdirov,2
Nurlybek Kilic,3
Sergey Baiseitov,4
Aizhan Ibrayev,2
Hasan Yilmaz,4
Oleg Orazov,3
Daria Kudaibergen,2
Kairat Aliyev,1
Akbota Kilic,1
Irina Konysbay,3
Alibek Daulet,3
Temirlan Koc,1
Sofia Petrov,1
Tolga Ibrayev,2
Amir Celik,4
Dinara Fedorov,2
Nur Abenov,1
Azamat Orazov,2
Tomiris Rakhimov,4
Nurlan Novikov,3
Islam Kudaibergen,4
Ksenia Popov,3
Vlad Tleubek,1
Yerbol Cetin,3
Sofia Orazov,2
Laura Gabdullin,4
Laura Ibrayev,4
Sergey Volkov,3
Roman Sadykov,1
Baris Dogan,2
Daria Ermek,1
Zhanel Daulet,1
Karina Aliyev,3
Yernar Kurt,2
Gulnaz Fedorov,1
Vadim Kara,5
Nurzhan Zhaksylyk,4
Zhanel Turgenev,2
Kirill Yerzhanov,1
Ilyas Bekov,3
Zhuldyz Cetin,3
Yerlan Mukanov,3
Dinara Makhmud,4
Denis Tleubek,1
Dias Cetin,4
Sultan Suleimenov,4
Dmitry Ermek,1
Islam Novikov,1
Ekaterina Serikbay,4
Karina Kaliyev,5
Ruslan Bolat,3
Kairat Morozov,5
Anna Ermek,3
Asel Yerzhanov,2
Sanzhar Kudaibergen,2
Gaukhar Sokolov,5
Dana Volkov,3
Gaukhar Sokolov,3
Anel Koc,1
Kairat Kilic,2
Tolga Abenov,4
Marat Makhmud,2
Arman Kaliyev,3
Nazym Makhmud,4
Ece Omarov,5
Dana Zhaksylyk,3
Milana Karimov,1
Daniyar Ermek,5
Kamila Kara,4
Sabina Arslan,3
Aigerim Kuznetsov,4
Talgat Zhumabek,2
Elnur Ualiyev,3
Ksenia Kudaibergen,3
Ilyas Alpysbay,2
Islam Koc,2
Tolga Petrov,3
Sabina Yilmaz,4
Igor Kuznetsov,1
Elnur Morozov,3
Ece Ualiyev,3
Dmitry Musin,2
Sanzhar Dogan,3
Kerem Volkov,2
Ekaterina Esenov,4
Oleg Dauletov,1
Nurlybek Fedorov,1
Kairat Sadykov,3
Dias Smirnov,2
Ekaterina Mikhailov,2
Zhuldyz Nurgaliyev,2
Meruyert Turgenev,4
Anel Zhumabek,1
Nazerke Sadykov,4
Arman Abenov,1
Rasul Temirov,2
Andrey Nurgaliyev,5
Dias Kurt,2
Aknur Kurt,2
Saltanat Shakenov,1
Zhansaya Aliyev,3
Zarina Mikhailov,2
Zhandos Iskakov,2
Zhanna Zhaksylyk,4
Dmitry Baitursyn,3
Yerbol Karimov,2
Aigerim Tashkenov,1
Omar Bekov,2
Dmitry Temirov,5
Ksenia Ermek,3
Tomiris Shakenov,4
Tolga Fedorov,5
Andrey Konysbay,2
Nur Konysbay,3
Dinara Arslan,2
Sabina Shakenov,2
Anna Petrov,3
Denis Mikhailov,1
Irina Fedorov,2
Roman Aslan,5
Aisha Kaya,2
Denis Baiseitov,3
Aknur Zhaksylyk,4
Zhuldyz Kurt,1
Igor Kuznetsov,2
Sofia Mukanov,4
Daria Baitursyn,3
Damir Amangeldy,2
Sergey Kurmanov,1
Anna Amangeldy,2
Igor Makhmud,5
Aliya Serikbay,2
Yerbol Arslan,2
Kerem Iskakov,4
Derya Fedorov,3
Anel Dauletov,1
Sergey Abenov,1
Yulia Karimov,2
Daria Konysbay,2
Dmitry Bolat,1
Anel Lebedev,2
Dmitry Tleubek,4
Elena Alpysbay,2
Vadim Assanov,2
Ece Rakhimov,1
Nazym Zhumabek,4
Temirlan Baiseitov,3
Sabina Turgenev,3
Azamat Kurmanov,4
Sultan Kudaibergen,3
Aizhan Serikbay,5
Dmitry Akhmetov,5
Ece Fedorov,5
Selin Assanov,2
Kairat Volkov,1
Madina Zhumabek,2
Olga Popov,1
Ekaterina Popov,4
Ruslan Yerzhanov,2
Zhansaya Demir,3
Ilyas Amangeldy,4
Kuanysh Rakhimov,3
Sanzhar Aslan,1
Vlad Dauletov,1
Irina Orazov,5
Nikita Ivanov,2
Madina Ibrayev,2
Igor Smirnov,1
Zhandos Iskakov,3
Ainur Aliyev,3
Gaukhar Suleimenov,4
Sergey Aslan,1
Tatiana Abdirov,2
Timur Rakhimov,3
Sofia Petrov,3
Layla Ualiyev,4
Rauan Karimov,1
Kairat Akhmetov,2
Adil Temirov,1
Yulia Popov,1
Adil Novikov,3
Olga Iskakov,1
Zhanel Petrov,2
Maxim Kurt,1
Aizhan Novikov,2
Zhandos Zhaksylyk,5
Milana Kaliyev,4
Dmitry Aliyev,1
Derya Ibrayev,2
Alibek Suleimenov,1
Serik Shakenov,3
Tomiris Koc,1
Rauan Kudaibergen,4
Nikita Ozturk,1
Serik Baitursyn,1
Ilyas Abenov,2
Ersultan Shakenov,3
Kuanysh Orazov,3
Roman Zhaksylyk,3
Talgat Konysbay,3
Olzhas Kaliyev,2
Aruzhan Abenov,3
Nur Novikov,2
Alina Musin,1
Igor Serikbay,3
Miras Petrov,5
Vadim Shakenov,4
Ilyas Kudaibergen,3
Madina Kassym,1
Murat Popov,1
Saltanat Musin,3
Alibek Volkov,1
Symbat Tashkenov,3
Nikita Daulet,3
Tolga Kurt,3
Artem Baiseitov,3
Ruslan Ibrayev,2
Elnur Esenov,2
Nurlan Ivanov,4
Yerlan Rakhimov,1
Daniyar Tashkenov,3
Irina Lebedev,2
Yerlan Sadykov,2
Nazym Daulet,4
Rauan Musin,2
Zhanel Kilic,4
Aigul Esenov,3
Talgat Nurgaliyev,1
Bekzat Kilic,2
Derya Ibrayev,2
Andrey Shakenov,2
Tatiana Lebedev,2
Sabina Yilmaz,2
Nurzhan Abenov,3
Olga Serikbay,4
Meruyert Tashkenov,4
Maria Ibrayev,3
Arman Daulet,4
Roman Musin,2
Gaukhar Makhmud,1
Oleg Iskakov,3
Dias Mikhailov,1
Kirill Kaya,1
Tolga Ivanov,2
Layla Yerzhanov,1
Kuanysh Lebedev,2
Aizhan Abdirov,4
Ersultan Koc,4
Daniyar Cetin,1
Daria Volkov,1
Baris Orazov,1
Ilyas Ualiyev,1
Denis Mukanov,1
Anel Abenov,3
Tomiris Baiseitov,1
Ekaterina Musin,1
Daria Sadykov,1
Zhanna Zhumabek,1
Nur Kurmanov,1
Maria Kurmanov,3
Ece Smirnov,5
Amir Petrov,4
Miras Iskakov,1
Zhandos Kuznetsov,1
Polina Cetin,3
Elnur Novikov,3
Olga Karimov,2
Azamat Lebedev,3
Sabina Ivanov,5
Alina Akhmetov,1
Zhuldyz Mikhailov,1
Pavel Orazov,4
Irina Kudaibergen,4
Daniyar Morozov,4
Zarina Gabdullin,3
Elena Esenov,1
Arman Smirnov,1
Artem Serikbay,1
Olga Musin,5
Nur Mikhailov,1
Yernar Kilic,2
Rasul Celik,3
Alibek Jumabek,5
Polina Assanov,2
Azamat Baitursyn,2
Miras Shakenov,5
Andrey Ozturk,3
Damir Zhunusov,5
Rauan Zhumabek,3
Dias Serikbay,1
Zhansaya Turgenev,5
Askar Kuznetsov,1
Alina Kaliyev,3
Roman Orazov,1
Alibek Karimov,3
Azamat Ibrayev,3
Ainur Novikov,4
Gaukhar Fedorov,1
Dmitry Mikhailov,4
Aizhan Amangeldy,3
Emre Akhmetov,4
Selin Turgenev,2
Askar Ibrayev,1
Yulia Gabdullin,4
Baris Serikbay,2
Serik Ivanov,4
Roman Sadykov,3
Andrey Kurt,5
Derya Jumabek,3
Sanzhar Popov,4
Aigul Abdirov,1
Layla Novikov,2
Hasan Novikov,1
Daniyar Sahin,2
Askar Ualiyev,2
Alisa Ozturk,4
Kuanysh Lebedev,1
Dias Suleimenov,2
Zeynep Dogan,3
Roman Kurmanov,5
Zhuldyz Mikhailov,4
Murat Kaya,1
Pavel Zhunusov,3
Elnur Cetin,1
Vadim Daulet,2
Elnur Ualiyev,3
Elena Petrov,4
Tolga Kassym,3
Zhanar Omarov,2
Dana Aslan,2
Murat Akhmetov,2
Aliya Lebedev,3
Daniyar Shakenov,4
Tolga Sagyndyk,3
Marat Alpysbay,1
Askar Volkov,1
Asel Aslan,3
Baris Ivanov,1
Yerbol Gabdullin,3
Hasan Zhunusov,2
Ece Zhumabek,3
Madina Ivanov,3
Nazerke Aliyev,1
Alibek Temirov,1
Selin Popov,1
Omar Ozturk,2
Hasan Rakhimov,4
Sabina Demir,4
Vera Sokolov,1
Selin Konysbay,4
Zhanar Demir,4
Polina Zhumabek,3
Ekaterina Jumabek,5
Zeynep Popov,3
Gaukhar Sahin,2
Zhuldyz Gabdullin,1
Bekzat Ualiyev,2
Serik Akhmetov,5
Marat Yerzhanov,1
Yulia Cetin,3
Gulnaz Yilmaz,5
Selin Omarov,4
Dana Zhunusov,4
Derya Aslan,3
Zarina Baitursyn,5
Kerem Sagyndyk,3
Zhandos Alpysbay,5
Emre Bekov,4
Dmitry Kuznetsov,2
Asel Zhumabek,3
Rasul Morozov,5
Yerbol Makhmud,4
Azamat Zhunusov,4
Gulnaz Ivanov,2
Amir Omarov,3
Alibek Arslan,5
Yerlan Omarov,5
Alibek Abenov,5
Tolga Temirov,3
Miras Alpysbay,1
Kamila Musin,1
Elena Morozov,3
Aruzhan Sahin,4
Islam Cetin,4
Olga Baitursyn,3
Sergey Yilmaz,1
Andrey Bolat,2
Maria Aliyev,3
Yernar Suleimenov,3
Zhanna Kaya,1
Zhanna Kudaibergen,2
Zhuldyz Dauletov,3
Layla Morozov,1
Dmitry Aslan,2
Tolga Kurmanov,1
Dinara Ibrayev,2
Alina Akhmetov,1
Islam Yilmaz,1
Denis Dogan,2
Maxim Sagyndyk,1
Nikita Ibrayev,1
Alisa Zhumabek,4
Derya Kudaibergen,2
Selin Kudaibergen,2
Nur Fedorov,4
Ruslan Esenov,3
Ekaterina Smirnov,2
Yerbol Kara,2
Gulnaz Karimov,2
Talgat Sahin,1
Yerlan Tleubek,3
Nurlybek Yilmaz,4
Yulia Zhunusov,5
Yerlan Makhmud,4
Sultan Lebedev,1
Aigerim Nurgaliyev,1
Zhansaya Abdirov,3
Meruyert Arslan,3
Elif Aslan,4
Aigerim Arslan,5
Zeynep Yilmaz,5
Anel Petrov,3
Zarina Kilic,5
Timur Bolat,2
Kerem Orazov,4
Islam Sokolov,2
Elif Baitursyn,5
Layla Iskakov,3
Elif Serikbay,3
Maria Ibrayev,1
Aigerim Novikov,1
Sofia Konysbay,4
Dinara Volkov,4
Omar Ermek,4
Balzhan Ermek,1
Aigerim Kuznetsov,1
Tolga Ozturk,3
Sergey Baiseitov,3
Anna Dauletov,3
Sabina Daulet,3
Omar Kaliyev,2
Amir Kurmanov,5
Anel Kassym,3
Bauyrzhan Celik,1
Murat Gabdullin,2
Zhanel Aliyev,1
Polina Konysbay,5
Saltanat Kurmanov,1
Anton Zhaksylyk,4
Kirill Omarov,4
Sabina Kaliyev,3
Aknur Temirov,4
Alisa Esenov,4
Dias Ualiyev,4
Ece Shakenov,2
Ekaterina Volkov,2
Murat Kurt,1
Serik Zhaksylyk,1
Sultan Yerzhanov,1
Gulnaz Bekov,3
Maxim Zhumabek,1
Tatiana Dauletov,5
Olzhas Kuznetsov,2
Nur Baitursyn,5
Selin Makhmud,3
Elnur Lebedev,4
Sofia Kuznetsov,1
Meruyert Koc,1
Amir Cetin,4
Kairat Shakenov,3
Sultan Koc,2
Kuanysh Koc,3
Askar Nurgaliyev,2
Tatiana Iskakov,1
Alisa Sokolov,5
Zarina Morozov,1
Yernar Rakhimov,2
Derya Zhaksylyk,3
Baris Assanov,2
Aknur Baiseitov,2
Aisha Sadykov,3
Bekzat Zhaksylyk,1
Temirlan Gabdullin,1
Sultan Zhunusov,4
Emre Demir,3
Oleg Amangeldy,4
Kamila Iskakov,5
Vera Baitursyn,2
Zhanar Shakenov,3
Dinara Yilmaz,2
Nurlan Sadykov,2
Bauyrzhan Ibrayev,1
Dana Sahin,4
Denis Alpysbay,2
Saltanat Dogan,2
Zhandos Popov,3
Ainur Ermek,4
Zhanar Temirov,1
Aizhan Daulet,1
Ilyas Tleubek,3
Nurlybek Kilic,3
Vadim Konysbay,5
Kerem Ualiyev,2
Symbat Kassym,3
Dinara Temirov,1
Askar Makhmud,3
Dias Kilic,3
Arman Zhaksylyk,1
Gulnaz Dauletov,3
Gulnaz Kurt,3
Bekzat Arslan,2
Islam Serikbay,2
Layla Ibrayev,1
Layla Ermek,3
Dmitry Daulet,3
Omar Morozov,2
Dias Mikhailov,1
Emre Smirnov,1
Ksenia Ermek,1
Gulnaz Kaliyev,4
Nazym Smirnov,5
Bekzat Musin,5
Aigerim Ozturk,1
Bekzat Morozov,5
Aigul Serikbay,2
Polina Zhumabek,1
Denis Karimov,3
Talgat Kurmanov,1
Zhuldyz Sokolov,1
Anna Novikov,2
Madina Volkov,1
Maxim Sokolov,1
Anna Assanov,2
Elif Yerzhanov,3
Elif Akhmetov,4
Vera Mukanov,5
Amir Kaliyev,3
Bekzat Kaya,2
Nurlan Konysbay,2
Madina Kaya,2
Nazerke Volkov,4
Dmitry Mikhailov,3
Ilyas Daulet,2
Islam Ermek,1
Askar Kurmanov,3
Yerbol Esenov,3
Elnur Musin,2
Sabina Kaya,1
Serik Ermek,3
Alisa Ozturk,3
Saltanat Kaya,4
Yernar Yerzhanov,1
Murat Mikhailov,2
Aruzhan Temirov,1
Artem Popov,4
Milana Demir,2
Madina Musin,1
Laura Omarov,2
Nurlybek Bekov,4
Omar Sokolov,2
Arman Sokolov,2
Rauan Bekov,5
Tolga Gabdullin,3
Denis Volkov,4
Kuanysh Koc,1
Kairat Aslan,2
Alibek Sagyndyk,1
Irina Esenov,4
Sultan Koc,3
Rauan Kurt,3
Zhandos Suleimenov,3
Adil Fedorov,4
Olzhas Kaya,1
Marat Aslan,2
Yerlan Esenov,3
Aizhan Demir,3
Gulnaz Shakenov,3
Tolga Baiseitov,3
Serik Zhaksylyk,5
Maria Ualiyev,3
Asel Tashkenov,3
Talgat Dogan,2
Dmitry Makhmud,4
Yulia Abdirov,1
Aruzhan Abenov,2
Bekzat Esenov,4
Bauyrzhan Petrov,3
Ilyas Turgenev,1
Madina Bekov,2
Hasan Zhumabek,2
Yulia Zhaksylyk,1
Aigul Volkov,1
Baris Cetin,1
Daniyar Zhunusov,2
Yernar Sahin,1
Yerbol Omarov,2
Sofia Jumabek,5
Elif Kaya,3
Irina Serikbay,4
Gulnaz Iskakov,1
Asel Musin,4
Aruzhan Abenov,4
Omar Assanov,4
Elif Esenov,3
Ainur Bekov,5
Nurlybek Ozturk,2
Daniyar Aliyev,5
Alibek Koc,3
Olga Kurt,2
Kairat Kara,2
Tomiris Zhaksylyk,1
Tomiris Turgenev,3
Zeynep Abenov,5
Laura Iskakov,1
Sofia Popov,1
Ekaterina Baiseitov,2
Meruyert Celik,1
Sabina Zhunusov,2
Zhuldyz Kudaibergen,4
Symbat Volkov,5
Zhansaya Sahin,5
Baris Smirnov,2
Meruyert Morozov,1
Nazym Kudaibergen,4
Kirill Sokolov,3
Laura Fedorov,1
Hasan Sokolov,2
Adil Bolat,2
Sultan Sahin,1
Sabina Baitursyn,3
Nurlybek Sadykov,5
Ekaterina Kilic,5
Maria Cetin,1
Sofia Kurmanov,5
Arman Alpysbay,4
Maria Gabdullin,3
Daria Abdirov,3
Ersultan Dauletov,4
Murat Kurt,1
Daniyar Demir,1
Ilyas Temirov,2
Ainur Novikov,4
Adil Zhaksylyk,1
Adil Bolat,5
Nurzhan Makhmud,2
Derya Assanov,5
Aknur Aliyev,1
Emre Morozov,3
Dias Shakenov,1
Sultan Kudaibergen,1
Elnur Alpysbay,2
Sabina Rakhimov,3
Maxim Yerzhanov,3
Bekzat Temirov,1
Damir Turgenev,1
Symbat Baiseitov,3
Balzhan Ualiyev,3
Igor Assanov,1
Zhuldyz Dogan,2
Anel Zhaksylyk,3
Yernar Morozov,3
Aisha Ibrayev,3
Vera Alpysbay,3
Zhanna Dogan,1
Kirill Abenov,4
Aigul Sagyndyk,2
Saltanat Shakenov,4
Sanzhar Baiseitov,2
Damir Rakhimov,5
Maria Sahin,1
Maria Ualiyev,5
Marat Sadykov,4
Zhanna Karimov,2
Dinara Sahin,3
Madina Kudaibergen,2
Talgat Alpysbay,3
Zhuldyz Fedorov,4
Murat Karimov,4
Olzhas Koc,3
Igor Bolat,3
Alisa Kaya,4
Denis Baitursyn,5
Nur Mukanov,2
Akbota Assanov,3
Artem Ibrayev,3
Arman Sokolov,1
Alina Abdirov,5
Maria Esenov,1
Dmitry Morozov,4
Roman Iskakov,2
Nur Ivanov,3
Gaukhar Yerzhanov,3
Islam Ualiyev,4
Ruslan Ualiyev,3
Nurlybek Daulet,2
Saltanat Tleubek,1
Yernar Baitursyn,3
Talgat Tashkenov,4
Zhanel Serikbay,2
Bauyrzhan Akhmetov,1
Zhansaya Bekov,2
Hasan Smirnov,2
Elif Zhumabek,1
Karina Kaya,5
Zhandos Tashkenov,3
Sanzhar Suleimenov,1
Azamat Aliyev,3
Nazerke Gabdullin,1
Kirill Celik,3
Zarina Alpysbay,1
Milana Smirnov,4
Kerem Ivanov,1
Igor Kurt,1
Anel Dogan,2
Elnur Yerzhanov,5
Vlad Sadykov,5
Omar Sahin,4
Oleg Zhaksylyk,4
Olga Morozov,1
Askar Esenov,3
Kuanysh Kuznetsov,1
Amir Orazov,1
Baris Karimov,3
Kairat Kaya,3
Vera Smirnov,1
Zhandos Zhunusov,4
Elnur Tashkenov,3
Gaukhar Jumabek,3
Arman Rakhimov,1
Kamila Ibrayev,3
Bauyrzhan Popov,2
Bauyrzhan Ibrayev,1
Zeynep Akhmetov,4
Tolga Mukanov,3
Symbat Yerzhanov,4
Alina Gabdullin,3
Dinara Arslan,4
Sergey Serikbay,3
Azamat Smirnov,2
Yerlan Zhumabek,4
Roman Rakhimov,5
Yulia Mikhailov,1
Gaukhar Petrov,1
Layla Akhmetov,2
Tatiana Bolat,1
Olga Demir,1
Aliya Esenov,5
Alibek Rakhimov,1
Milana Abdirov,3
Nurzhan Sahin,1
Igor Zhaksylyk,4
Sultan Tashkenov,4
Timur Baiseitov,3
Arman Tleubek,2
Dias Fedorov,2
Alina Ivanov,3
Sanzhar Baitursyn,3
Anna Bekov,3
Alina Ozturk,3
Tatiana Amangeldy,3
Aliya Konysbay,2
Aliya Demir,1
Nurzhan Kaliyev,2
Kamila Zhunusov,5
Aigerim Orazov,2
Aigerim Assanov,5
Sanzhar Sahin,4
Alisa Esenov,4
Amir Nurgaliyev,4
Serik Yerzhanov,3
Tolga Assanov,2
Anton Serikbay,2
Vera Baitursyn,1
Polina Baiseitov,3
Nazerke Ermek,2
Tolga Celik,1
Dias Musin,1
Marat Sadykov,3
Rauan Suleimenov,5
Elnur Yerzhanov,5
Saltanat Yilmaz,1
Zarina Konysbay,3
Emre Celik,4
Bekzat Kurt,1
Artem Morozov,2
Zhanel Mukanov,4
Akbota Kaliyev,2
Olga Assanov,3
Maxim Ibrayev,1
Alibek Cetin,1
Alisa Omarov,2
Ksenia Baiseitov,3
Kirill Kilic,1
Anel Koc,2
Kairat Ualiyev,2
Zhanna Shakenov,2
Zhansaya Jumabek,2
Selin Musin,3
Daria Konysbay,4
Pavel Ozturk,4
Gulnaz Alpysbay,3
Igor Koc,1
Maxim Musin,1
Nurlan Petrov,3
Anel Mukanov,3
Yernar Gabdullin,1
Bekzat Demir,2
Murat Sokolov,3
Emre Ibrayev,3
Amir Kuznetsov,2
Zhanar Orazov,5
Omar Konysbay,2
Amir Celik,3
Nurlybek Sagyndyk,4
Timur Bolat,3
Kairat Kaliyev,5
Omar Baitursyn,3
Maxim Esenov,5
Marat Kara,2
Yulia Kara,1
Murat Zhumabek,3
Rauan Temirov,3
Aliya Dauletov,4
Laura Kurmanov,2
Olga Tashkenov,1
Laura Volkov,4
Dinara Cetin,1
Meruyert Cetin,2
Alina Aslan,3
Emre Fedorov,2
Nikita Mikhailov,3
Aigerim Esenov,1
Vera Yilmaz,2
Daniyar Baitursyn,3
Sergey Volkov,2
Sergey Esenov,2
Vlad Serikbay,2
Amir Ivanov,4
Irina Dauletov,4
Miras Omarov,1
Nurlybek Smirnov,2
Talgat Suleimenov,2
Akbota Kassym,3
Dmitry Baiseitov,2
Kirill Iskakov,1
Nikita Aliyev,2
Balzhan Jumabek,1
Omar Sahin,2
Zhuldyz Sahin,2
Islam Smirnov,1
Maxim Kara,2
Hasan Konysbay,3
Anna Daulet,3
Symbat Volkov,2
Vlad Kara,2
Denis Iskakov,2
Rasul Lebedev,2
Zhanel Daulet,1
Layla Suleimenov,4
Zhanel Fedorov,3
Layla Suleimenov,3
Nurlybek Karimov,1
Saltanat Koc,5
Layla Ozturk,1
Andrey Zhunusov,1
Ksenia Amangeldy,3
Ainur Kurt,1
Laura Jumabek,1
Milana Esenov,2
Nurzhan Volkov,4
Ruslan Morozov,2
Talgat Kaliyev,4
Kuanysh Rakhimov,1
Kairat Turgenev,4
Milana Baiseitov,2
Tomiris Aslan,5
Rasul Ivanov,2
Ilyas Ibrayev,4
Zhandos Mukanov,3
Selin Karimov,5
Nazym Alpysbay,4
Anton Esenov,4
Zarina Jumabek,1
Vadim Cetin,3
Tatiana Ualiyev,2
Baris Tleubek,2
Zhuldyz Cetin,5
Amir Koc,4
Milana Tashkenov,3
Sergey Kurt,3
Irina Nurgaliyev,2
Alina Dauletov,1
Baris Kara,2
Damir Aslan,2
Kerem Koc,1
Daria Kassym,1
Damir Ualiyev,2
Vadim Dogan,3
Meruyert Kurmanov,4
Ainur Zhaksylyk,3
Elnur Baiseitov,4
Gulnaz Sahin,2
Dmitry Shakenov,4
Vadim Tashkenov,2
Yerbol Amangeldy,2
Olzhas Temirov,3
Ksenia Ozturk,3
Akbota Kurt,2
Aliya Mikhailov,2
Yerlan Kurt,2
Gaukhar Sadykov,2
Daria Ozturk,4
Elif Jumabek,3
Sofia Aslan,5
Aigul Kurt,3
Gulnaz Petrov,1
Maria Gabdullin,3
Selin Bolat,5
Serik Daulet,1
Sultan Ibrayev,2
Polina Volkov,1
Dias Kurt,3
Emre Assanov,1
Bekzat Popov,5
Zhanar Sadykov,2
Alina Ermek,4
Aliya Yilmaz,1
Vadim Sokolov,3
Zhanna Konysbay,3
Layla Musin,5
Tomiris Kurmanov,3
Nikita Suleimenov,3
Serik Popov,2
Tatiana Kara,3
Damir Amangeldy,4
Sergey Ibrayev,2
Madina Ivanov,3
Timur Popov,3
Temirlan Kurmanov,4
Zhandos Yerzhanov,1
Sabina Kaya,5
Alibek Volkov,2
Zarina Abenov,5
Dmitry Temirov,4
Anton Konysbay,1
Zhansaya Kaliyev,3
Murat Popov,2
Zeynep Yerzhanov,4
Elnur Aliyev,2
Nazerke Arslan,1
Ksenia Zhaksylyk,3
Islam Bolat,1
Rauan Kurt,2
Nikita Ozturk,4
Denis Zhaksylyk,2
Nikita Ivanov,5
Oleg Yerzhanov,3
Islam Morozov,1
Irina Jumabek,1
Sergey Akhmetov,4
Askar Zhumabek,5
Tomiris Temirov,2
Artem Morozov,1
Dmitry Zhumabek,2
Vlad Yerzhanov,3
Meruyert Sahin,1
Asel Kurt,4
Anton Mikhailov,1
Sergey Assanov,3
Ilyas Kaliyev,2
Elif Fedorov,3
Rauan Jumabek,1
Yerbol Celik,3
Sabina Kaliyev,1
Daria Omarov,2
Irina Dauletov,2
Bauyrzhan Abdirov,5
Zhuldyz Kaliyev,2
Aigul Kilic,4
Kuanysh Kaya,1
Elnur Volkov,2
Sabina Daulet,3
Dana Omarov,1
Nurzhan Kaliyev,3
Nazerke Demir,3
Bauyrzhan Konysbay,3
Vera Sagyndyk,4
Nur Popov,1
Saltanat Celik,5
Aizhan Konysbay,3
Serik Tashkenov,5
Layla Ermek,3
Kerem Aliyev,1
Emre Kuznetsov,4
Kairat Tashkenov,3
Aknur Kara,4
Artem Sadykov,1
Zarina Demir,1
Gaukhar Sokolov,4
Yerbol Sagyndyk,4
Elif Mukanov,2
Kairat Novikov,2
Ruslan Zhaksylyk,5
Dana Baitursyn,2
Maxim Dogan,2
Omar Ualiyev,2
Anel Arslan,3
Laura Amangeldy,2
Nazerke Kaliyev,4
Irina Abdirov,1
Dmitry Daulet,4
Kairat Bolat,3
Anel Omarov,5
Olzhas Ivanov,4
Miras Morozov,5
Balzhan Jumabek,4
Dana Turgenev,1
Rasul Alpysbay,2
Arman Karimov,2
Ekaterina Jumabek,1
Damir Fedorov,2
Saltanat Lebedev,2
Marat Smirnov,3
Sultan Jumabek,4
Aisha Mukanov,1
Gaukhar Demir,3
Zhansaya Yerzhanov,4
Islam Ermek,2
Bekzat Tleubek,4
Ruslan Temirov,3
Olzhas Mukanov,1
Timur Bolat,5
Dinara Nurgaliyev,5
Milana Omarov,3
Balzhan Novikov,3
Sergey Ualiyev,3
Zhansaya Aliyev,4
Dmitry Ivanov,1
Igor Shakenov,1
Alisa Fedorov,2
Karina Abdirov,5
Ece Baitursyn,3
Ekaterina Ualiyev,3
Zhanel Amangeldy,2
Laura Temirov,3
Ece Iskakov,3
Saltanat Kaya,3
Roman Makhmud,1
Gulnaz Suleimenov,4
Pavel Baiseitov,3
Aigul Akhmetov,2
Rasul Daulet,1
Elena Makhmud,3
Aliya Ozturk,2
Madina Esenov,3
Balzhan Abdirov,2
Kairat Dogan,3
Nurzhan Aslan,2
Arman Temirov,2
Zhansaya Volkov,4
Laura Tleubek,2
Aigerim Sagyndyk,4
Kuanysh Temirov,5
Elena Esenov,5
Zhanel Assanov,2
Sabina Dauletov,3
Nazerke Ibrayev,3
Irina Kurt,3
Zhanar Sagyndyk,1
Sultan Mukanov,1
Anna Aliyev,2
Aruzhan Mikhailov,5
Symbat Kaya,3
Timur Dogan,4
Ruslan Kassym,2
Layla Konysbay,1
Damir Zhumabek,3
Olga Esenov,1
Omar Smirnov,2
Ksenia Cetin,4
Aizhan Yilmaz,4
Omar Bekov,1
Zhanel Sahin,3
Azamat Kara,1
Dana Dauletov,4
Artem Turgenev,1
Dmitry Yilmaz,2
Nazym Zhunusov,2
Sabina Koc,5
Maria Kaya,1
Dmitry Daulet,3
Selin Kurt,2
Azamat Lebedev,3
Murat Dauletov,1
Maxim Akhmetov,1
Hasan Volkov,1
Tolga Morozov,1
Tomiris Zhumabek,5
Yernar Suleimenov,1
Gulnaz Musin,5
Bekzat Dogan,2
Alisa Omarov,5
Polina Mukanov,2
Temirlan Dauletov,1
Zhuldyz Amangeldy,1
Kairat Sagyndyk,3
Karina Temirov,5
Yerlan Gabdullin,5
Daniyar Mukanov,1
Amir Tashkenov,1
Polina Kurt,1
Anna Kaliyev,4
Ilyas Cetin,3
Gulnaz Kara,4
Dias Turgenev,3
Bekzat Mukanov,2
Nurzhan Abdirov,4
Derya Makhmud,3
Ksenia Ivanov,5
Murat Musin,1
Hasan Kuznetsov,1
Irina Kaliyev,3
Aliya Petrov,5
Ksenia Kilic,3
Ersultan Ibrayev,3
Talgat Demir,1
Nurlan Kilic,1
Tomiris Lebedev,2
Zhanna Kuznetsov,1
Artem Sagyndyk,4
Daria Dauletov,5
Daria Tashkenov,1
Aizhan Karimov,3
Ksenia Akhmetov,5
Aknur Orazov,1
Polina Konysbay,3
Elif Orazov,3
Azamat Shakenov,5
Rasul Baiseitov,2
Elena Popov,2
Yerbol Suleimenov,1
Gulnaz Yerzhanov,2
Arman Sagyndyk,3
Alisa Gabdullin,5
Maria Tashkenov,5
Dmitry Fedorov,3
Nurzhan Bolat,5
Emre Omarov,3
Temirlan Gabdullin,2
Elif Orazov,2
Amir Yerzhanov,3
Sofia Yilmaz,1
Oleg Kassym,3
Tolga Dauletov,5
Zhanel Gabdullin,1
Baris Nurgaliyev,2
Adil Kurt,3
Dias Ibrayev,2
Ekaterina Zhunusov,1
Dmitry Kara,1
Anna Rakhimov,4
Karina Kurt,3
Tatiana Aliyev,2
Elnur Yilmaz,1
Ksenia Iskakov,3
Igor Jumabek,4
Kairat Aliyev,1
Kirill Bolat,3
Alina Kassym,4
Bekzat Zhumabek,3
Zarina Assanov,1
Gulnaz Omarov,5
Timur Kurt,1
Alisa Fedorov,3
Zhanar Esenov,2
Rasul Lebedev,2
Meruyert Morozov,2
Nikita Zhunusov,2
Miras Tleubek,1
Aigul Bolat,3
Marat Jumabek,4
Ainur Ibrayev,3
Yerbol Serikbay,5
Aruzhan Morozov,3
Ekaterina Dauletov,1
Layla Kilic,2
Kerem Temirov,2
Marat Akhmetov,3
Elif Kaya,1
Sofia Tashkenov,1
Polina Bolat,2
Sanzhar Omarov,2
Serik Sahin,1
Zhandos Sahin,4
Ece Kassym,2
Ainur Ermek,2
Maxim Kassym,1
Nurlan Amangeldy,3
Zarina Aslan,1
Serik Orazov,5
Anel Suleimenov,1
Maxim Yerzhanov,4
Elnur Turgenev,3
Aisha Akhmetov,3
Omar Cetin,4
Aruzhan Kilic,4
Ruslan Cetin,2
Serik Gabdullin,2
Miras Yerzhanov,4
Kuanysh Kurmanov,1
Vadim Makhmud,3
Aigerim Bekov,3
Marat Aliyev,1
Nurzhan Akhmetov,1
Madina Morozov,5
Ilyas Zhunusov,3
Olga Mukanov,2
Madina Yilmaz,2
Omar Iskakov,5
Sofia Iskakov,2
Nurlybek Amangeldy,1
Maxim Popov,4
Irina Zhaksylyk,1
Ilyas Kurmanov,1
Emre Kurmanov,4
Anton Temirov,1
Elif Daulet,1
Zhandos Arslan,5
Nurzhan Abenov,5
Selin Ibrayev,3
Kerem Rakhimov,1
Hasan Gabdullin,2
Yernar Ozturk,4
Oleg Abenov,3
Aknur Kurt,2
Talgat Yerzhanov,5
Anel Smirnov,4
Laura Sokolov,1
Kuanysh Yilmaz,5
Nurlybek Yerzhanov,2
Anton Popov,5
Nazym Mikhailov,4
Anel Nurgaliyev,1
Madina Ozturk,2
Damir Yilmaz,2
Bauyrzhan Abdirov,1
Kairat Aliyev,1
Milana Daulet,3
Olga Alpysbay,1
Igor Bekov,1
Emre Orazov,2
Karina Abenov,1
Ruslan Kurt,3
Gaukhar Kuznetsov,3
Azamat Serikbay,3
Gaukhar Morozov,5
Miras Kuznetsov,3
Laura Popov,2
Aliya Mikhailov,4
Sergey Ualiyev,3
Irina Sokolov,2
Andrey Yerzhanov,3
Sofia Ermek,2
Ksenia Akhmetov,3
Zhandos Kassym,1
Laura Volkov,3
Artem Akhmetov,2
Serik Baitursyn,1
Akbota Kurmanov,4
Timur Assanov,2
Kamila Nurgaliyev,2
Olga Celik,1
Symbat Rakhimov,4
Bekzat Baitursyn,2
Saltanat Zhunusov,3
Denis Kilic,4
Timur Sadykov,4
Yernar Yerzhanov,3
Maria Makhmud,4
Aliya Mukanov,1
Adil Novikov,3
Aruzhan Baiseitov,3
Nurlybek Ivanov,3
Zeynep Makhmud,5
Amir Rakhimov,1
Emre Kassym,2
Karina Amangeldy,2
Zhansaya Petrov,1
Ainur Fedorov,2
Zhanar Amangeldy,5
Ainur Bolat,3
Gulnaz Gabdullin,3
Symbat Yilmaz,1
Zhanel Karimov,2
Serik Akhmetov,2
Polina Zhumabek,3
Emre Dauletov,4
Marat Dauletov,2
Madina Turgenev,3
Damir Akhmetov,5
Aknur Kudaibergen,2
Azamat Bekov,4
Alibek Yilmaz,1
Andrey Alpysbay,2
Zeynep Kara,1
Olzhas Turgenev,4
Yulia Kara,1
Zhanna Amangeldy,2
Denis Zhumabek,3
Dana Demir,3
Rauan Baiseitov,1
Ekaterina Ozturk,3
Dinara Ibrayev,1
Askar Kaliyev,2
Nikita Omarov,3
Kerem Daulet,1
Zarina Alpysbay,3
Nurlan Arslan,1
Zhandos Dogan,5
Asel Morozov,3
Zhansaya Temirov,2
Maria Koc,3
Selin Nurgaliyev,4
Andrey Turgenev,4
Akbota Kaya,4
Kamila Zhaksylyk,4
Sofia Jumabek,3
Sultan Makhmud,3
Azamat Ivanov,2
Zhansaya Aliyev,5
Yernar Yilmaz,1
Alibek Sadykov,4
Ruslan Ivanov,4
Sergey Demir,3
Polina Kaya,1
Talgat Kurt,2
Nurzhan Baitursyn,2
Meruyert Esenov,5
Aliya Demir,2
Damir Fedorov,2
Ruslan Orazov,1
Daniyar Kassym,3
Akbota Baiseitov,2
Zhanna Demir,2
Zhanar Kudaibergen,2
Ruslan Bolat,4
Daniyar Baiseitov,1
Aruzhan Mikhailov,4
Oleg Omarov,3
Madina Abenov,5
Zhansaya Konysbay,3
Amir Volkov,4
Zhanna Kara,2
Yulia Dogan,2
Azamat Amangeldy,2
Layla Orazov,4
Aizhan Karimov,2
Gulnaz Aliyev,3
Tatiana Bolat,1
Tolga Lebedev,3
Anton Zhumabek,3
Madina Kurt,2
Amir Akhmetov,1
Aigerim Turgenev,2
Aizhan Cetin,1
Vadim Kassym,2
Vadim Kudaibergen,2
Tolga Sokolov,2
Ainur Popov,1
Zhansaya Abdirov,3
Zhanel Celik,2
Igor Kudaibergen,3
Damir Ermek,3
Symbat Sahin,1
Murat Amangeldy,5
Vera Sadykov,3
Sergey Kaya,4
Kamila Nurgaliyev,1
Adil Shakenov,3
Oleg Karimov,2
Kairat Fedorov,1
Rasul Mikhailov,1
Tomiris Abenov,4
Anton Abdirov,1
Aisha Sokolov,2
Anton Omarov,5
Vlad Mikhailov,2
Rasul Morozov,3
Islam Tashkenov,4
Nurlan Dauletov,3
Rasul Lebedev,1
Zhanar Petrov,2
Alina Kudaibergen,2
Zeynep Temirov,2
Emre Yerzhanov,3
Maxim Ibrayev,3
Dias Ualiyev,1
Tomiris Serikbay,1
Ainur Volkov,3
Nazerke Assanov,2
Meruyert Demir,4
Sofia Sagyndyk,3
Vadim Temirov,3
Nazym Kuznetsov,2
Damir Jumabek,4
Alina Abenov,2
Hasan Sahin,3
Nurlan Dogan,4
Ekaterina Sahin,3
Ece Mikhailov,1
Zeynep Abenov,2
Aigerim Cetin,5
Aruzhan Celik,4
Maxim Mikhailov,1
Denis Kara,3
Nurlan Zhunusov,3
Yerlan Sahin,2
Karina Akhmetov,2
Zhuldyz Tleubek,3
Andrey Shakenov,4
Zhandos Akhmetov,3
Dmitry Rakhimov,3
Tolga Karimov,2
Azamat Ualiyev,4
Azamat Serikbay,2
Yernar Gabdullin,4
Sofia Alpysbay,2
Daria Kara,4
Tatiana Ualiyev,5
Anna Yilmaz,3
Kairat Dauletov,1
Alisa Jumabek,3
Miras Ozturk,3
Elif Tleubek,4
Ersultan Ozturk,1
Kairat Yilmaz,5
Sergey Abdirov,1
Marat Novikov,3
Ruslan Bekov,5
Zhansaya Abdirov,3
Damir Kuznetsov,4
Nazym Abenov,3
Meruyert Alpysbay,1
Polina Cetin,4
Aruzhan Kuznetsov,4
Alina Gabdullin,3
Aruzhan Kurt,1
Ksenia Tashkenov,1
Hasan Celik,2
Dias Abdirov,3
Omar Morozov,3
Oleg Zhumabek,5
Gaukhar Zhaksylyk,3
Ruslan Demir,4
Aigerim Aslan,3
Omar Shakenov,2
Timur Arslan,1
Ersultan Tashkenov,1
Vadim Baiseitov,3
Aliya Sahin,3
Elif Ivanov,1
Miras Arslan,2
Nur Popov,4
Nur Amangeldy,3
Daniyar Suleimenov,4
Emre Omarov,2
Bekzat Lebedev,5
Yernar Gabdullin,2
Aizhan Nurgaliyev,2
Aliya Zhaksylyk,1
Ruslan Aslan,1
Zhanel Yerzhanov,3
Yulia Petrov,4
Elena Baiseitov,3
Kerem Amangeldy,2
Hasan Bolat,1
Milana Shakenov,2
Vera Omarov,3
Alibek Alpysbay,3
Nurlan Celik,1
Dinara Cetin,2
Askar Ibrayev,2
Vlad Zhumabek,2
Anna Tleubek,5
Sofia Iskakov,2
Yerbol Lebedev,3
Zhanel Dogan,3
Maxim Alpysbay,2
Amir Musin,1
Nazerke Nurgaliyev,2
Azamat Akhmetov,5
Zhuldyz Fedorov,2
Timur Kurt,1
Madina Novikov,4
Akbota Dogan,1
Bekzat Nurgaliyev,5
Baris Bolat,4
Rasul Dogan,2
Dinara Ibrayev,2
Baris Kurmanov,3
Ainur Tleubek,2
Marat Daulet,1
Saltanat Ibrayev,4
Aruzhan Omarov,2
Timur Sahin,1
Anton Orazov,4
Maxim Bolat,3
Sofia Kaliyev,3
Zhanar Tashkenov,3
Dias Aslan,2
Layla Bekov,4
Nazym Abenov,5
Selin Zhaksylyk,3
Azamat Kara,1
Ilyas Arslan,1
Zhanel Popov,3
Saltanat Koc,5
Zhandos Ivanov,2
Rauan Kurt,1
Adil Shakenov,2
Gaukhar Sagyndyk,1
Arman Makhmud,1
Baris Kaya,1
Baris Gabdullin,1
Serik Kara,2
Maxim Zhunusov,1
Yernar Mikhailov,4
Roman Aliyev,3
Serik Akhmetov,2
Sofia Bolat,4
Nurzhan Alpysbay,4
Ainur Kudaibergen,1
Zhanel Karimov,3
Ece Popov,4
Yulia Mikhailov,2
Polina Abdirov,4
Maria Baitursyn,1
Bauyrzhan Mikhailov,3
Yerbol Kassym,3
Aisha Bolat,4
Emre Kassym,3
Daria Celik,1
Daria Serikbay,3
Zhanel Baiseitov,1
Nazerke Esenov,3
Miras Zhumabek,1
Nurzhan Morozov,1
Marat Novikov,1
Kuanysh Smirnov,3
Andrey Abenov,4
Artem Kaliyev,4
Ilyas Kaliyev,2
Gulnaz Jumabek,2
Baris Dauletov,1
Maria Kuznetsov,1
Hasan Zhunusov,1
Kamila Aslan,3
Kerem Kara,2
Baris Zhunusov,5
Dinara Kaya,5
Ersultan Baiseitov,2
Igor Kurmanov,2
Emre Aslan,3
Irina Iskakov,4
Marat Aliyev,1
Ersultan Zhaksylyk,3
Anel Kaliyev,1
Gaukhar Volkov,3
Olga Kilic,5
Layla Makhmud,2
Akbota Arslan,1
Sergey Ibrayev,1
Alisa Sadykov,3
Sultan Esenov,4
Bauyrzhan Mukanov,2
Ksenia Amangeldy,1
Rauan Amangeldy,2
Ilyas Kuznetsov,1
Sofia Esenov,2
Zhanel Zhunusov,3
Marat Kassym,1
Dinara Baitursyn,4
Kirill Kuznetsov,2
Elif Karimov,4
Alibek Demir,4
Gaukhar Demir,3
Islam Tashkenov,1
Dias Orazov,1
Elena Shakenov,4
Madina Kurmanov,3
Rauan Ibrayev,3
Vadim Jumabek,5
Roman Turgenev,5
Omar Tleubek,1
Adil Zhumabek,2
Aisha Yilmaz,1
Ilyas Temirov,3
Anel Bekov,4
Sabina Demir,1
Vadim Kuznetsov,4
Ilyas Yerzhanov,1
Elif Abdirov,2
Gulnaz Baiseitov,1
Nurlan Tashkenov,2
Selin Zhunusov,5
Roman Smirnov,2
Meruyert Sokolov,3
Akbota Tleubek,3
Saltanat Akhmetov,1
Nurzhan Temirov,3
Miras Kilic,3
Murat Kilic,1
Akbota Zhumabek,3
Tolga Zhumabek,1
Maria Sokolov,2
Talgat Fedorov,4
Anton Fedorov,3
Marat Kaya,1
Kirill Akhmetov,1
Dmitry Petrov,1
Rasul Dauletov,1
Layla Orazov,3
Murat Dauletov,1
Denis Kilic,3
Arman Kurt,1
Ksenia Kuznetsov,1
Adil Kaliyev,3
Rasul Amangeldy,1
Gulnaz Turgenev,3
Yerlan Konysbay,1
Aisha Turgenev,1
Kerem Shakenov,3
Laura Ermek,1
Aisha Iskakov,4
Nazerke Assanov,4
Tolga Kudaibergen,2
Kerem Kaliyev,2
Ksenia Iskakov,3
Elnur Yilmaz,2
Ekaterina Smirnov,2
Anna Abenov,2
Timur Nurgaliyev,1
Polina Bekov,1
Tatiana Demir,4
Gaukhar Demir,1
Nurlybek Morozov,2
Anna Konysbay,1
Irina Ozturk,1
Anna Novikov,2
Layla Petrov,3
Ece Shakenov,2
Symbat Bolat,3
Pavel Aliyev,1
Zhansaya Petrov,5
Aigul Ozturk,1
Alibek Mukanov,1
Ekaterina Nurgaliyev,1
Saltanat Ermek,1
Ekaterina Dauletov,1
Amir Bekov,2
Zeynep Ibrayev,1
Islam Tashkenov,3
Andrey Dogan,1
Oleg Kuznetsov,1
Emre Orazov,2
Sanzhar Kara,3
Aliya Sahin,3
Aliya Suleimenov,1
Nur Petrov,2
Kamila Temirov,2
Zhanar Sokolov,5
Symbat Jumabek,5
Aliya Baitursyn,2
Yerbol Dauletov,4
Emre Orazov,3
Zeynep Tleubek,3
Aliya Kilic,5
Polina Aliyev,5
Akbota Temirov,4
Kuanysh Baiseitov,3
Ersultan Iskakov,2
Ainur Musin,4
Aigul Makhmud,3
Baris Karimov,5
Nurlan Kurmanov,1
Dmitry Kilic,2
Yernar Tleubek,3
Alibek Fedorov,5
Gaukhar Ozturk,5
Olga Kuznetsov,2
Aigerim Dogan,4
Anton Alpysbay,1
Zhandos Kaliyev,2
Daniyar Tashkenov,1
Olga Kaya,1
Pavel Lebedev,2
Dinara Iskakov,2
Anton Shakenov,2
Rauan Abenov,5
Ersultan Shakenov,1
Hasan Smirnov,2
Vadim Celik,2
Sultan Sahin,3
Derya Novikov,1
Karina Smirnov,2
Zeynep Ibrayev,2
Azamat Mukanov,4
Karina Orazov,1
Hasan Sahin,2
Daniyar Turgenev,4
Rasul Ermek,4
Ainur Kaliyev,3
Alibek Akhmetov,2
Aruzhan Demir,1
Olzhas Suleimenov,4
Sergey Jumabek,1
Sanzhar Kurt,2
Zhanna Sadykov,2
Olga Cetin,4
Ekaterina Sagyndyk,1
Azamat Akhmetov,2
Balzhan Zhumabek,3
Tolga Abdirov,4
Karina Lebedev,2
Murat Ermek,3
Kerem Suleimenov,3
Anna Celik,3
Nurzhan Yilmaz,3
Rasul Celik,2
Laura Aliyev,1
Nurlybek Baiseitov,3
Talgat Iskakov,1
Tatiana Kurmanov,3
Maxim Kara,2
Nurlan Smirnov,1
Vadim Omarov,2
Alisa Dogan,1
Ece Gabdullin,1
Sultan Nurgaliyev,1
Alina Shakenov,3
Aizhan Yilmaz,1
Serik Ozturk,2
Symbat Aliyev,1
Kamila Kassym,2
Vera Sagyndyk,2
Akbota Konysbay,2
Gulnaz Karimov,4
Vadim Ibrayev,2
Aknur Baiseitov,4
Aizhan Sagyndyk,4
Dinara Zhumabek,1
Amir Konysbay,4
Polina Nurgaliyev,1
Yerlan Karimov,2
Kerem Temirov,3
Anna Dogan,5
Aknur Fedorov,1
Damir Zhaksylyk,4
Talgat Karimov,2
Yerlan Konysbay,5
Olga Kaya,3
Maxim Kuznetsov,4
Aliya Assanov,3
Karina Yilmaz,2
Laura Abdirov,3
Nikita Kara,1
Elnur Abdirov,4
Alibek Novikov,3
Vera Ualiyev,4
Zhandos Sadykov,4
Amir Kuznetsov,1
Akbota Kurt,1
Nazerke Morozov,1
Kirill Konysbay,5
Pavel Sagyndyk,2
Azamat Alpysbay,1
Elif Jumabek,3
Murat Abdirov,2
Layla Iskakov,3
Ekaterina Sadykov,1
Nazerke Bolat,1
Zhansaya Kurmanov,3
Nazym Dauletov,2
Gaukhar Rakhimov,4
Sofia Koc,4
Irina Serikbay,5
Anton Tleubek,1
Denis Serikbay,4
Ruslan Karimov,5
Derya Morozov,1
Alina Amangeldy,4
Sultan Ermek,2
Adil Turgenev,3
Timur Zhunusov,5
Yernar Kaya,5
Aizhan Omarov,4
Zhanna Cetin,4
Kirill Sokolov,2
Olga Iskakov,1
Aruzhan Gabdullin,3
Aigerim Aslan,4
Miras Mikhailov,2
Aigul Ualiyev,4
Kuanysh Musin,1
Arman Kaya,2
Andrey Ualiyev,3
Denis Sadykov,1
Azamat Abenov,3
Dinara Turgenev,3
Rasul Aliyev,5
Andrey Kurmanov,2
Arman Sadykov,1
Aknur Ermek,3
Elnur Kara,1
Olga Tleubek,2
Elnur Esenov,2
Alina Zhunusov,3
Elif Kuznetsov,4
Elnur Musin,2
Madina Iskakov,1
Omar Fedorov,1
Saltanat Aliyev,5
Amir Musin,3
Anton Kaya,1
Alibek Abenov,4
Dinara Esenov,1
Meruyert Alpysbay,5
Nikita Abdirov,5
Olzhas Kurmanov,2
Hasan Kilic,1
Artem Demir,5
Ruslan Omarov,3
Daria Bolat,4
Islam Zhaksylyk,4
Omar Kilic,2
Alisa Volkov,3
Bauyrzhan Bekov,1
Yerbol Mukanov,2
Olzhas Aliyev,1
Askar Omarov,4
Kamila Shakenov,2
Aigerim Mikhailov,3
Akbota Yerzhanov,2
Hasan Sahin,3
Ruslan Kilic,2
Gaukhar Petrov,4
Kirill Daulet,1
Zhuldyz Yilmaz,1
Akbota Zhaksylyk,2
Ainur Omarov,4
Pavel Petrov,5
Gulnaz Alpysbay,1
Alina Kassym,2
Vlad Rakhimov,4
Yerbol Ozturk,4
Zhansaya Tashkenov,3
Alisa Abdirov,1
Asel Temirov,2
Elnur Gabdullin,2
Saltanat Nurgaliyev,3
Talgat Dogan,2
Anna Kurmanov,3
Oleg Demir,1
Murat Yilmaz,5
Meruyert Musin,1
Anna Shakenov,2
Olzhas Smirnov,3
Irina Mukanov,1
Oleg Arslan,4
Daniyar Shakenov,1
Temirlan Turgenev,2
Irina Sahin,2
Sultan Iskakov,3
Andrey Kassym,3
Timur Alpysbay,2
Denis Sagyndyk,3
Derya Kurt,5
Meruyert Kaya,2
Azamat Mikhailov,3
Ilyas Abdirov,5
Kirill Zhaksylyk,5
Dana Cetin,4
Ilyas Temirov,1
Olzhas Sadykov,1
Marat Shakenov,3
Daria Yerzhanov,3
Aigerim Fedorov,2
Alina Musin,4
Derya Aslan,2
Yernar Dogan,3
Olga Dauletov,3
Gaukhar Morozov,1
Baris Bolat,5
Ilyas Temirov,2
Gulnaz Kurmanov,2
Tatiana Morozov,3
Alibek Akhmetov,3
Marat Mukanov,2
Pavel Turgenev,4
Vlad Suleimenov,1
Artem Fedorov,2
Elif Dogan,1
Aigerim Makhmud,5
Vera Zhaksylyk,1
Maria Sahin,5
Olga Kurt,1
Temirlan Gabdullin,4
Nazerke Petrov,1
Maxim Temirov,2
Tatiana Zhunusov,4
Elif Dauletov,3
Anton Kassym,2
Azamat Yerzhanov,1
Maxim Daulet,5
Alibek Popov,5
Rauan Tleubek,1
Dana Kurt,2
Olga Kuznetsov,1
Talgat Kassym,1
Anel Jumabek,1
Murat Kuznetsov,2
Yernar Aslan,2
Anton Sokolov,1
Nazym Smirnov,2
Tatiana Abdirov,3
Alibek Lebedev,1
Ruslan Baiseitov,4
Nurzhan Amangeldy,3
Baris Gabdullin,1
Dias Suleimenov,1
Akbota Jumabek,3
Olzhas Arslan,2
Dinara Cetin,3
Oleg Mukanov,2
Zhanar Karimov,2
Asel Aliyev,2
Laura Demir,5
Miras Zhunusov,1
Askar Shakenov,5
Hasan Kaliyev,3
Yernar Konysbay,3
Tolga Karimov,4
Sultan Fedorov,1
Akbota Sokolov,2
Zarina Suleimenov,5
Anna Konysbay,2
Baris Celik,1
Meruyert Kara,2
Kamila Zhunusov,1
Selin Kurmanov,3
Talgat Sahin,2
Dinara Kurmanov,1
Yerlan Tashkenov,5
Balzhan Esenov,4
Maxim Temirov,2
Yerbol Morozov,1
Serik Zhunusov,3
Alisa Sadykov,2
Vlad Ozturk,3
Pavel Baiseitov,2
Selin Daulet,5
Marat Volkov,1
Saltanat Ualiyev,2
Yerlan Yilmaz,3
Daria Tashkenov,5
Timur Kaya,4
Yulia Yerzhanov,4
Oleg Orazov,2
Daniyar Aliyev,3
Aigul Ibrayev,1
Serik Nurgaliyev,2
Nurlybek Fedorov,4
Kuanysh Demir,4
Gaukhar Sagyndyk,4
Serik Assanov,1
Zeynep Fedorov,1
Aknur Popov,4
Vlad Serikbay,3
Kamila Aliyev,3
Zeynep Kuznetsov,3
Bauyrzhan Mukanov,3
Olga Kurt,5
Kirill Sokolov,3
Oleg Makhmud,3
Ekaterina Fedorov,3
Maria Ozturk,3
Vlad Ibrayev,4
Kirill Suleimenov,4
Sabina Fedorov,2
Nikita Kurt,3
Alisa Volkov,4
Aliya Celik,1
Elena Sadykov,3
Zeynep Lebedev,2
Gaukhar Ualiyev,1
Igor Sadykov,1
Ersultan Demir,1
Pavel Sadykov,1
Milana Mukanov,2
Alina Bekov,2
Ekaterina Rakhimov,2
Ruslan Shakenov,2
Arman Bolat,3
Dana Dogan,2
Dinara Alpysbay,4
Oleg Kilic,2
Pavel Tashkenov,1
Selin Volkov,5
Dana Iskakov,2
Andrey Dauletov,2
Polina Dogan,2
Temirlan Kaliyev,4
Polina Aslan,3
Zhanel Ibrayev,2
Nazerke Omarov,4
Anna Omarov,2
Nurlan Demir,5
Akbota Kudaibergen,3
Kairat Sokolov,3
Pavel Dogan,1
Vera Amangeldy,3
Elnur Suleimenov,2
Ekaterina Jumabek,3
Vera Mikhailov,5
Anton Karimov,1
Zhansaya Tashkenov,1
Derya Zhunusov,2
Ksenia Baitursyn,3
Ruslan Kara,2
Vlad Kaliyev,2
Andrey Serikbay,1
Daria Musin,4
Rauan Kudaibergen,1
Gulnaz Zhumabek,1
Nurzhan Abdirov,2
Ece Abdirov,2
Nazym Serikbay,3
Pavel Kilic,3
Roman Suleimenov,3
Oleg Orazov,1
Dinara Nurgaliyev,3
Ilyas Kara,1
Kairat Jumabek,2
Tolga Sagyndyk,2
Zhandos Mukanov,5
Selin Bolat,4
Nurlybek Karimov,3
Zhanna Kilic,3
Alisa Serikbay,1
Maria Volkov,2
Anton Kudaibergen,2
Aliya Popov,3
Andrey Aliyev,5
Temirlan Yerzhanov,2
Olzhas Bolat,1
Nikita Kurt,1
Kerem Daulet,2
Olzhas Mukanov,1
Alina Lebedev,2
Murat Ivanov,4
Sabina Konysbay,3
Ksenia Baitursyn,1
Zarina Ualiyev,2
Tatiana Aslan,3
Anna Kudaibergen,4
Hasan Shakenov,4
Emre Yerzhanov,1
Vadim Koc,1
Baris Novikov,3
Elena Morozov,3
Sergey Petrov,5
Azamat Gabdullin,5
Nikita Petrov,3
Milana Kuznetsov,4
Zhansaya Aliyev,2
Milana Yilmaz,2
Symbat Ivanov,4
Kerem Volkov,4
Damir Mikhailov,1
Denis Amangeldy,1
Vadim Dogan,5
Damir Alpysbay,2
Aruzhan Iskakov,1
Balzhan Makhmud,3
Gulnaz Kudaibergen,2
Sofia Temirov,2
Vadim Serikbay,3
Rasul Akhmetov,3
Zarina Kara,3
Nurzhan Kilic,4
Ruslan Arslan,3
Tomiris Kara,4
Madina Temirov,1
Balzhan Dauletov,1
Balzhan Baiseitov,1
Pavel Orazov,4
Madina Arslan,2
Ece Abenov,2
Zhandos Petrov,1
Daniyar Petrov,4
Nurlybek Kilic,3
Akbota Jumabek,2
Murat Popov,5
Denis Karimov,1
Tatiana Ermek,3
Gulnaz Karimov,1
Nurzhan Mukanov,5
Kuanysh Morozov,4
Kamila Kurmanov,4
Sanzhar Sahin,5
Zhanna Kaya,3
Sergey Novikov,2
Tatiana Lebedev,1
Maria Ivanov,3
Igor Nurgaliyev,3
Daniyar Turgenev,1
Elena Lebedev,4
Aknur Sagyndyk,2
Dana Ozturk,3
Talgat Morozov,3
Daria Aslan,2
Sergey Kuznetsov,4
Askar Kuznetsov,5
Sabina Koc,5
Zhandos Abdirov,1
Zeynep Mukanov,3
Polina Aslan,1
Alibek Alpysbay,5
Damir Gabdullin,4
Andrey Kaliyev,3
Alisa Kudaibergen,3
Andrey Nurgaliyev,1
Nurlybek Sokolov,1
Zhanel Esenov,4
Zhanna Kaya,2
Omar Suleimenov,4
Yernar Tleubek,5
Symbat Zhumabek,1
Vadim Bekov,3
Igor Turgenev,3
Murat Ualiyev,4
Timur Makhmud,4
Polina Ivanov,2
Dinara Kurmanov,3
Sergey Tashkenov,5
Kirill Abdirov,5
Saltanat Mukanov,5
Arman Shakenov,1
Sultan Kara,3
Aizhan Morozov,1
Olzhas Abenov,1
Kuanysh Petrov,3
Zhanna Assanov,2
Rasul Kara,1
Olzhas Popov,3
Olzhas Ivanov,4
Tatiana Temirov,2
Saltanat Kaliyev,2
Azamat Sokolov,4
Zhuldyz Celik,1
Laura Sokolov,4
Kirill Kuznetsov,3
Nurlan Arslan,4
Sultan Shakenov,1
Islam Daulet,2
Alibek Dauletov,2
Igor Omarov,1
Nur Rakhimov,2
Alisa Bekov,3
Alisa Esenov,2
Tatiana Jumabek,2
Kamila Musin,1
Rasul Fedorov,4
Aigul Omarov,2
Rasul Akhmetov,1
Vadim Lebedev,2
Maria Aliyev,4
Alisa Aliyev,1
Baris Nurgaliyev,3
Marat Volkov,2
Murat Mukanov,2
Saltanat Smirnov,3
Karina Demir,2
Kerem Ermek,5
Daria Kilic,3
Kirill Demir,3
Zeynep Assanov,1
Zhansaya Aliyev,1
Nikita Orazov,1
Talgat Ivanov,2
Zeynep Dogan,4
Aizhan Serikbay,3
Nurlan Kuznetsov,3
Miras Dauletov,2
Daniyar Novikov,4
Bekzat Kuznetsov,2
Aigerim Assanov,4
Rauan Serikbay,1
Polina Kuznetsov,2
Denis Kara,2
Temirlan Tashkenov,2
Tomiris Kassym,5
Kerem Zhumabek,1
Aliya Kilic,2
Alibek Baiseitov,1
Derya Volkov,1
Anel Orazov,4
Anel Bolat,3
Aruzhan Baitursyn,3
Yerlan Zhunusov,3
Laura Kudaibergen,1
Alina Petrov,4
Damir Ualiyev,4
Emre Serikbay,3
Rauan Bekov,3
Pavel Yerzhanov,3
Tolga Serikbay,5
Maxim Kara,1
Zhanna Dogan,3
Nur Makhmud,4
Dias Popov,4
Layla Omarov,3
Alisa Omarov,3
Dmitry Sadykov,4
Zeynep Zhunusov,5
Murat Bolat,2
Dmitry Suleimenov,5
Vadim Abdirov,2
Dmitry Fedorov,4
Laura Novikov,4
Maria Shakenov,5
Alisa Celik,4
Yulia Nurgaliyev,4
Ersultan Shakenov,5
Islam Sagyndyk,5
Temirlan Volkov,4
Alisa Suleimenov,3
Timur Ibrayev,2
Emre Orazov,1
Alina Turgenev,2
Aisha Tleubek,1
Dana Esenov,3
Zhanar Baitursyn,1
Rasul Mukanov,1
Kairat Zhunusov,2
Hasan Ivanov,1
Nurlan Amangeldy,4
Anton Yilmaz,3
Omar Popov,1
Aliya Koc,4
Sabina Iskakov,3
Akbota Zhaksylyk,4
Madina Fedorov,5
Nurlybek Ivanov,3
Maxim Kurt,3
Damir Fedorov,1
Tatiana Mukanov,1
Alibek Demir,1
Laura Ibrayev,5
Zeynep Sahin,3
Omar Nurgaliyev,2
Aigerim Kurmanov,1
Igor Ivanov,1
Dmitry Ualiyev,1
Zhanar Orazov,1
Aknur Dogan,4
Aliya Turgenev,2
Nurlybek Smirnov,5
Gaukhar Kaya,3
Aigul Baitursyn,1
Kamila Ozturk,1
Tatiana Sahin,1
Kamila Kurt,2
Vadim Mikhailov,4
Madina Zhumabek,4
Selin Daulet,2
Elif Zhaksylyk,5
Ruslan Kassym,3
Elena Sadykov,2
Nazerke Cetin,2
Dias Esenov,4
Laura Alpysbay,1
Miras Musin,1
Sergey Turgenev,2
Igor Dogan,3
Omar Karimov,2
Hasan Amangeldy,2
Hasan Kilic,3
Yernar Temirov,2
Rauan Kurmanov,1
Serik Kurmanov,1
Anton Ualiyev,2
Askar Zhunusov,2
Nazerke Sadykov,3
Madina Yerzhanov,3
Arman Zhumabek,3
Sabina Kaliyev,4
Nurlybek Fedorov,2
Aigerim Alpysbay,4
Meruyert Alpysbay,3
Tomiris Novikov,2
Daniyar Esenov,1
Islam Kurt,5
Kuanysh Sagyndyk,4
Marat Sokolov,1
Yulia Serikbay,5
Selin Daulet,5
Layla Kuznetsov,3
Ainur Turgenev,2
Meruyert Bolat,3
Yerlan Ozturk,3
Artem Sagyndyk,2
Daria Kassym,3
Kuanysh Alpysbay,3
Nur Baitursyn,1
Kuanysh Musin,5
Anton Dogan,3
Kairat Omarov,1
Askar Volkov,1
Alina Fedorov,2
Milana Sahin,3
Pavel Ualiyev,2
Saltanat Abdirov,4
Anna Kara,3
Nazerke Volkov,2
Kerem Popov,1
Islam Karimov,1
Gaukhar Suleimenov,5
Oleg Gabdullin,2
Nazerke Omarov,2
Zhanna Kuznetsov,3
Daria Lebedev,2
Karina Abdirov,3
Maxim Ivanov,3
Yulia Cetin,4
Pavel Kuznetsov,1
Baris Demir,2
Tolga Kurt,3
Gaukhar Jumabek,1
Askar Turgenev,1
Marat Cetin,3
Zhandos Zhunusov,1
Derya Suleimenov,2
Sanzhar Aslan,2
Sanzhar Sahin,2
Zhanel Akhmetov,3
Sabina Zhaksylyk,1
Selin Ivanov,2
Nazym Orazov,2
Anna Kassym,3
Selin Makhmud,4
Yernar Kaya,2
Nurzhan Lebedev,3
Asel Mukanov,2
Igor Kurmanov,2
Ece Kurt,2
Meruyert Makhmud,1
Zeynep Iskakov,3
Pavel Iskakov,3
Ruslan Turgenev,1
Baris Alpysbay,4
Ruslan Kurmanov,2
Nikita Morozov,4
Polina Suleimenov,2
Miras Dogan,3
Saltanat Koc,4
Meruyert Kassym,4
Selin Abenov,4
Madina Koc,1
Maria Celik,3
Damir Alpysbay,2
Gulnaz Kurmanov,3
Bekzat Koc,1
Karina Yerzhanov,5
Artem Popov,3
Symbat Dauletov,5
Elnur Serikbay,3
Denis Sadykov,2
Talgat Ermek,4
Gaukhar Zhumabek,4
Rauan Alpysbay,5
Talgat Kara,4
Nikita Kara,1
Anna Makhmud,3
Omar Alpysbay,2
Sanzhar Petrov,1
Adil Amangeldy,3
Dias Dauletov,1
Emre Popov,2
Ruslan Kilic,3
Olzhas Kaya,3
Madina Lebedev,1
Elnur Makhmud,4
Akbota Dogan,2
Tatiana Makhmud,3
Kuanysh Amangeldy,3
Meruyert Aliyev,5
Islam Lebedev,5
Tatiana Kurt,3
Zhansaya Esenov,2
Yerlan Mikhailov,2
Azamat Abdirov,2
Tomiris Mukanov,2
Derya Amangeldy,3
Vera Musin,5
Nazerke Lebedev,1
Sultan Fedorov,4
Elnur Zhunusov,3
Alibek Dauletov,5
Anel Popov,2
Yernar Kuznetsov,4
Kuanysh Bekov,5
Sofia Celik,4
Dias Amangeldy,2
Zhanar Koc,3
Derya Kaya,4
Nur Kuznetsov,2
Nazym Morozov,2
Arman Fedorov,2
Akbota Popov,4
Maria Kudaibergen,3
Sergey Omarov,2
Karina Smirnov,4
Anna Alpysbay,2
Damir Jumabek,1
Zhansaya Makhmud,4
Kamila Kudaibergen,3
Vera Celik,1
Symbat Zhaksylyk,3
Gaukhar Suleimenov,2
Aizhan Nurgaliyev,1
Zarina Turgenev,4
Daniyar Kurt,3
Ainur Zhaksylyk,3
Maxim Volkov,1
Akbota Karimov,1
Ece Daulet,2
Ilyas Aliyev,5
Sanzhar Turgenev,3
Tolga Ibrayev,2
Tolga Bekov,1
Elif Aslan,5
Damir Cetin,2
Symbat Suleimenov,4
Alina Ibrayev,3
Ruslan Assanov,3
Daniyar Amangeldy,3
Amir Kudaibergen,1
Yernar Gabdullin,3
Daria Alpysbay,1
Yernar Sahin,1
Yulia Volkov,1
Tolga Kuznetsov,3
Hasan Kuznetsov,3
Laura Musin,3
Zhanna Sagyndyk,3
Elena Ibrayev,4
Yulia Makhmud,3
Arman Musin,3
Nur Abenov,2
Adil Ermek,5
Gulnaz Musin,3
Aizhan Iskakov,5
Artem Tashkenov,1
Adil Makhmud,1
Nurlan Ermek,3
Ersultan Mukanov,5
Yulia Novikov,2
Nazym Alpysbay,4
Tatiana Shakenov,2
Nikita Sadykov,5
Aliya Makhmud,2
Zhandos Zhunusov,1
Roman Shakenov,3
Kerem Fedorov,2
Sergey Tashkenov,2
Milana Baiseitov,2
Roman Morozov,2
Timur Baitursyn,3
Nurlybek Zhaksylyk,3
Vlad Rakhimov,2
Zhanna Gabdullin,2
Aigerim Omarov,5
Baris Aslan,5
Olga Celik,1
Maxim Sahin,5
Vera Bekov,4
Bauyrzhan Akhmetov,2
Dinara Demir,3
Sofia Baitursyn,1
Ruslan Kudaibergen,3
Alibek Karimov,5
Alibek Rakhimov,1
Asel Morozov,1
Dinara Yilmaz,2
Dmitry Mukanov,1
Nazerke Aslan,3
Sofia Volkov,3
Marat Ermek,1
Yerlan Zhunusov,1
Layla Tashkenov,3
Igor Novikov,4
Maria Aslan,3
Nurlan Dogan,4
Nazym Akhmetov,5
Aigul Tleubek,1
Igor Demir,4
Yernar Aslan,2
Ainur Mukanov,4
Kerem Baiseitov,3
Ilyas Yerzhanov,4
Alina Ozturk,4
Sergey Orazov,1
Miras Orazov,3
Zhandos Ivanov,1
Igor Aslan,4
Nurzhan Baiseitov,1
Sabina Novikov,3
Azamat Yerzhanov,3
Nurlan Arslan,5
Meruyert Baiseitov,3
Olzhas Jumabek,4
Nur Bekov,2
Artem Volkov,2
Vadim Bolat,3
Bauyrzhan Smirnov,2
Nurzhan Demir,2
Igor Kassym,3
Igor Zhaksylyk,3
Nurlybek Alpysbay,3
Denis Daulet,2
Vlad Smirnov,4
Zhansaya Yerzhanov,1
Dmitry Karimov,3
Anel Ermek,3
Maria Alpysbay,3
Elnur Ozturk,5
Alisa Makhmud,3
Elnur Kudaibergen,5
Dmitry Mukanov,3
Hasan Baiseitov,2
Akbota Baitursyn,3
Gaukhar Demir,3
Tolga Turgenev,3
Marat Bekov,2
Yernar Karimov,5
Ersultan Mukanov,2
Maxim Kassym,2
Roman Daulet,3
Anel Abenov,3
Tomiris Petrov,2
Miras Dogan,3
Gulnaz Kuznetsov,2
Nurlan Amangeldy,3
Amir Iskakov,1
Serik Dogan,3
Aigul Mukanov,4
Nurlan Orazov,3
Ersultan Kassym,3
Yulia Yerzhanov,1
Arman Bolat,3
Sergey Dauletov,3
Askar Mukanov,2
Selin Sahin,4
Saltanat Turgenev,4
Tomiris Kaliyev,3
Aisha Aliyev,4
Tatiana Zhunusov,3
Yerlan Temirov,4
Adil Kara,4
Kirill Omarov,3
Laura Arslan,1
Laura Tleubek,3
Denis Tashkenov,2
Irina Ermek,1
Alibek Omarov,1
Roman Sahin,1
Dinara Baiseitov,3
Selin Daulet,2
Aliya Demir,5
Temirlan Konysbay,1
Irina Musin,4
Akbota Morozov,2
Aigerim Esenov,5
Zhanar Abdirov,5
Kerem Kaya,1
Aisha Kuznetsov,1
Adil Mukanov,2
Sanzhar Kurt,5
Zarina Orazov,5
Ekaterina Musin,1
Bauyrzhan Smirnov,3
Igor Celik,1
Ilyas Akhmetov,3
Yernar Dogan,1
Yerlan Bolat,4
Andrey Jumabek,4
Denis Dauletov,5
Polina Kudaibergen,1
Baris Bekov,1
Pavel Demir,1
Nurzhan Mukanov,3
Zhanna Demir,3
Zhanel Aslan,3
Kuanysh Ozturk,1
Anton Turgenev,4
Yulia Bolat,4
Yerlan Lebedev,3
Gulnaz Esenov,3
Omar Rakhimov,1
Kuanysh Zhumabek,2
Rasul Esenov,4
Aizhan Turgenev,3
Anel Baitursyn,2
Alina Aslan,3
Tatiana Baiseitov,1
Zhuldyz Baiseitov,3
Zarina Assanov,4
Polina Makhmud,2
Balzhan Yerzhanov,4
Tomiris Alpysbay,3
Milana Zhaksylyk,2
Amir Kudaibergen,1
Hasan Celik,2
Yerlan Tashkenov,3
Zhanna Kassym,2
Ece Popov,1
Damir Suleimenov,2
Baris Nurgaliyev,2
Dias Nurgaliyev,1
Elnur Morozov,2
Dana Sadykov,2
Pavel Yerzhanov,1
Ruslan Aslan,2
Balzhan Sadykov,3
Yernar Mukanov,4
Karina Cetin,4
Amir Smirnov,2
Aliya Celik,1
Karina Morozov,5
Aigul Tashkenov,4
Alibek Mikhailov,5
Andrey Tashkenov,2
Askar Makhmud,1
Sanzhar Akhmetov,2
Marat Abdirov,5
Alisa Abdirov,4
Elnur Demir,2
Islam Kuznetsov,2
Tomiris Sadykov,1
Maria Zhunusov,3
Zhansaya Bolat,3
Alisa Yerzhanov,2
Zhanel Serikbay,5
Sultan Kurt,2
Tomiris Daulet,1
Artem Turgenev,4
Tomiris Koc,2
Marat Zhumabek,3
Omar Sokolov,3
Aigerim Nurgaliyev,2
Zhandos Kudaibergen,1
Zhuldyz Makhmud,2
Daniyar Abenov,3
Olga Esenov,5
Yernar Baitursyn,5
Bekzat Yilmaz,3
Talgat Bolat,1
Aisha Temirov,2
Nikita Volkov,3
Oleg Kurmanov,1
Bekzat Assanov,3
Gaukhar Lebedev,1
Askar Jumabek,1
Nurlybek Tleubek,1
Zeynep Mukanov,4
Nur Ibrayev,1
Gulnaz Mukanov,3
Zhanar Konysbay,1
Sultan Kurt,2
Milana Kaya,5
Kamila Sadykov,3
Laura Fedorov,4
Nazym Makhmud,5
Nurzhan Sokolov,3
Elif Mukanov,2
Pavel Baiseitov,1
Yerlan Mikhailov,5
Tomiris Bolat,1
Timur Fedorov,2
Gaukhar Iskakov,5
Derya Jumabek,2
Rauan Arslan,2
Aisha Demir,2
Zhanna Sadykov,4
Roman Ermek,3
Aizhan Baiseitov,5
Kuanysh Smirnov,1
Madina Tleubek,2
Ersultan Sadykov,1
Kamila Musin,2
Aizhan Konysbay,5
Maria Dauletov,3
Emre Sokolov,2
Maria Daulet,1
Sofia Bekov,1
Zhandos Kurt,2
Yernar Lebedev,3
Zhanel Cetin,2
Zhanar Morozov,3
Sanzhar Aliyev,1
Bekzat Baiseitov,3
Olzhas Volkov,5
Roman Novikov,3
Zhanna Baitursyn,1
Bauyrzhan Kilic,2
Zhansaya Suleimenov,4
Nur Sokolov,2
Zhandos Yerzhanov,3
Rauan Sokolov,4
Kuanysh Ualiyev,3
Meruyert Omarov,1
Roman Iskakov,2
Selin Aliyev,1
Maria Zhaksylyk,1
Kirill Ozturk,1
Andrey Tashkenov,2
Kamila Turgenev,2
Alina Sokolov,2
Roman Volkov,2
Saltanat Alpysbay,1
Nazym Volkov,3
Maxim Gabdullin,5
Milana Serikbay,5
Zarina Kaya,2
Tolga Kurt,4
Zhandos Popov,2
Artem Gabdullin,4
Sergey Orazov,5
Asel Tleubek,2
Ainur Aliyev,5
Timur Orazov,3
Artem Ozturk,2
Tatiana Baitursyn,3
Daniyar Volkov,1
Murat Kudaibergen,1
Dias Shakenov,2
Maria Kara,4
Meruyert Kassym,5
Hasan Sahin,3
Ece Gabdullin,5
Amir Sadykov,3
Kairat Turgenev,3
Kirill Kassym,1
Aigerim Tleubek,3
Irina Smirnov,1
Meruyert Shakenov,2
Gaukhar Sahin,2
Arman Petrov,3
Islam Baiseitov,1
Alibek Kassym,3
Oleg Baiseitov,1
Zeynep Amangeldy,4
Adil Suleimenov,3
Askar Ivanov,2
Bauyrzhan Gabdullin,3
Gaukhar Esenov,1
Zhuldyz Kudaibergen,1
Zhanna Kuznetsov,4
Askar Kaliyev,1
Sofia Kurt,1
Aigerim Novikov,5
Gulnaz Amangeldy,1
Kamila Esenov,2
Aliya Shakenov,1
Serik Gabdullin,2
Akbota Alpysbay,5
Zarina Sahin,3
Alisa Mikhailov,5
Saltanat Temirov,3
Ainur Abdirov,1
Roman Kurmanov,3
Selin Lebedev,2
Artem Lebedev,2
Anna Ozturk,2
Milana Morozov,5
Asel Kara,2
Tatiana Petrov,2
Elena Sokolov,1
Elif Suleimenov,3
Miras Daulet,3
Alisa Ozturk,5
Rauan Demir,3
Nurlybek Karimov,1
Aisha Rakhimov,3
Tomiris Popov,3
Sergey Esenov,5
Zhanel Kilic,1
Elif Assanov,2
Talgat Petrov,5
Nazerke Ivanov,1
Yerbol Bekov,1
Vera Gabdullin,2
Derya Yilmaz,4
Aizhan Aliyev,3
Ersultan Kilic,3
Tolga Kuznetsov,1
Ece Mukanov,3
Laura Jumabek,2
Elena Kaliyev,5
Nazym Shakenov,3
Aizhan Kurmanov,5
Kirill Novikov,1
Elena Ualiyev,4
Nurzhan Cetin,4
Kerem Demir,1
Anna Orazov,3
Zeynep Baiseitov,5
Arman Yilmaz,2
Rauan Bolat,4
Nazerke Mukanov,4
Irina Celik,4
Gulnaz Zhaksylyk,3
Elena Ibrayev,3
Gaukhar Aliyev,4
Aigul Ibrayev,1
Vlad Iskakov,4
Yerbol Petrov,1
Selin Serikbay,4
Zhandos Karimov,1
Yerbol Esenov,5
Nikita Kurmanov,1
Olga Alpysbay,1
Ilyas Ualiyev,1
Aizhan Kara,4
Bauyrzhan Popov,2
Maxim Suleimenov,3
Askar Omarov,2
Nurlan Tashkenov,2
Sergey Zhumabek,3
Zhanar Morozov,1
Dana Sokolov,4
Aigerim Omarov,2
Alina Morozov,1
Karina Karimov,2
Dmitry Ozturk,3
Ersultan Zhaksylyk,5
Miras Abdirov,3
Sofia Ibrayev,2
Igor Popov,5
Kerem Orazov,3
Vera Bekov,1
Ersultan Kurmanov,3
Elena Shakenov,2
Aizhan Esenov,3
Kuanysh Assanov,1
Tomiris Alpysbay,3
Milana Nurgaliyev,5
Andrey Fedorov,3
Tatiana Orazov,1
Hasan Iskakov,3
Yerbol Serikbay,1
Zarina Baitursyn,2
Aigul Kassym,2
Alibek Ivanov,1
Baris Ibrayev,2
Bekzat Arslan,2
Akbota Baitursyn,4
Kairat Kuznetsov,3
Omar Volkov,3
Akbota Omarov,4
Madina Kuznetsov,2
Nurzhan Musin,4
Aizhan Suleimenov,2
Marat Sahin,3
Yulia Jumabek,2
Alibek Baitursyn,4
Arman Yilmaz,1
Oleg Ibrayev,3
Gulnaz Omarov,3
Rauan Mikhailov,2
Aliya Petrov,3
Roman Ermek,3
Ekaterina Ibrayev,1
Baris Yerzhanov,5
Roman Iskakov,4
Askar Kara,1
Aizhan Dogan,5
Vadim Ualiyev,4
Nikita Novikov,3
Kerem Dogan,3
Ece Assanov,1
Vera Karimov,1
Zhanna Bolat,1
Vlad Jumabek,2
Omar Kassym,2
Anna Rakhimov,4
Marat Tashkenov,2
Dana Gabdullin,4
Murat Aslan,3
Dana Fedorov,4
Azamat Petrov,5
Olga Koc,4
Islam Esenov,4
Azamat Omarov,2
Yerbol Bekov,3
Olga Sahin,1
Aigul Esenov,1
Nikita Ozturk,5
Oleg Demir,1
Karina Bolat,5
Yerlan Tleubek,4
Zhanel Kassym,3
Irina Karimov,4
Yerbol Gabdullin,3
Ersultan Abenov,2
Yerlan Ermek,2
Tolga Smirnov,1
Alibek Petrov,1
Igor Kaliyev,5
Islam Temirov,5
Serik Bekov,1
Ekaterina Morozov,2
Sergey Aslan,3
Zeynep Omarov,3
Milana Petrov,5
Gaukhar Ermek,1
Aliya Sokolov,5
Alibek Abdirov,1
Bekzat Abenov,3
Murat Rakhimov,4
Zhanel Daulet,5
Aruzhan Shakenov,4
Damir Kassym,4
Elena Volkov,4
Elena Ozturk,4
Kamila Karimov,1
Saltanat Ozturk,1
Vadim Musin,2
Roman Serikbay,3
Murat Iskakov,1
Aruzhan Iskakov,3
Aknur Kara,4
Gulnaz Lebedev,3
Elif Demir,3
Sergey Mukanov,1
Ilyas Zhumabek,2
Dmitry Omarov,3
Bekzat Yilmaz,1
Meruyert Konysbay,3
Dana Novikov,3
Igor Petrov,3
Ece Arslan,2
Polina Esenov,2
Sabina Volkov,1
Zhansaya Zhumabek,1
Kerem Sahin,2
Ilyas Temirov,3
Baris Petrov,4
Dias Iskakov,3
Andrey Kudaibergen,1
Yerlan Aslan,1
Maxim Zhunusov,2
Nur Ibrayev,1
Nikita Karimov,2
Timur Aliyev,1
Madina Yilmaz,2
Hasan Kaya,2
Bauyrzhan Dogan,4
Elif Assanov,4
Kerem Abdirov,2
Dias Turgenev,4
Miras Kassym,3
Vera Musin,4
Anna Kudaibergen,3
Marat Kilic,1
Azamat Zhaksylyk,2
Dinara Tleubek,5
Meruyert Celik,1
Daria Serikbay,3
Timur Sadykov,3
Zeynep Demir,2
Ainur Ozturk,2
Zhuldyz Smirnov,2
Ksenia Assanov,5
Islam Mukanov,4
Zhandos Assanov,1
Gaukhar Abdirov,4
Kamila Makhmud,3
Ekaterina Kuznetsov,5
Gulnaz Ermek,1
Tolga Petrov,1
Ersultan Fedorov,4
Ainur Yilmaz,3
Sanzhar Kaliyev,1
Derya Cetin,4
Zhuldyz Zhaksylyk,3
Rauan Abdirov,4
Elena Kassym,2
Elnur Gabdullin,5
Maxim Orazov,3
Timur Sokolov,1
Sergey Sahin,1
Timur Yerzhanov,3
Anton Yilmaz,3
Zhanel Karimov,2
Ksenia Ozturk,3
Symbat Ozturk,3
Gulnaz Sagyndyk,2
Zhanar Petrov,3
Alibek Zhumabek,3
Murat Zhunusov,3
Meruyert Assanov,1
Irina Zhumabek,2
Islam Mukanov,1
Sanzhar Konysbay,2
Askar Assanov,2
Yerbol Karimov,2
Ersultan Jumabek,3
Arman Ualiyev,3
Dinara Yilmaz,1
Gulnaz Yilmaz,3
Ilyas Akhmetov,1
Zhanna Assanov,4
Sanzhar Kaliyev,4
Kerem Nurgaliyev,5
Zhuldyz Makhmud,3
Zhuldyz Aslan,3
Sofia Amangeldy,3
Alibek Kaya,1
Zarina Tleubek,1
Oleg Popov,3
Elnur Fedorov,3
Emre Kuznetsov,1
Vadim Kilic,2
Bauyrzhan Kara,2
Yulia Sagyndyk,2
Rauan Kaya,2
Elena Abenov,4
Nazym Sadykov,1
Karina Lebedev,1
Daniyar Sahin,5
Ksenia Abdirov,2
Vera Abenov,4
Sanzhar Tleubek,2
Tomiris Sahin,2
Nikita Kilic,1
Yulia Daulet,2
Sanzhar Volkov,1
Dana Yilmaz,1
Maria Makhmud,3
Murat Turgenev,3
Tolga Koc,3
Alibek Fedorov,1
Anton Konysbay,1
Aisha Kassym,3
Kirill Kurmanov,3
Vera Kudaibergen,4
Aigul Dogan,3
Nurlybek Abdirov,4
Akbota Karimov,1
Aknur Baitursyn,5
Gulnaz Alpysbay,3
Vadim Popov,2
Hasan Omarov,3
Zhanel Baiseitov,2
Nur Cetin,2
Ekaterina Bolat,3
Kuanysh Ermek,2
Zhandos Ibrayev,3
Nur Zhaksylyk,3
Layla Novikov,1
Derya Aslan,2
Islam Morozov,1
Aknur Bolat,5
Asel Daulet,2
Asel Tashkenov,3
Dias Kaliyev,5
Temirlan Mukanov,2
Nur Novikov,5
Vlad Daulet,1
Laura Sadykov,2
Dmitry Baiseitov,2
Amir Aslan,1
Miras Shakenov,2
Nazerke Iskakov,3
Rasul Sokolov,2
Ainur Omarov,5
Ruslan Omarov,2
Kirill Daulet,4
Aisha Kurt,4
Zhanel Makhmud,1
Yerbol Sadykov,5
Zhanna Jumabek,3
Murat Omarov,2
Denis Ermek,2
Karina Novikov,2
Pavel Tashkenov,3
Zhanna Ermek,3
Akbota Temirov,4
Irina Konysbay,5
Aigerim Sokolov,3
Bauyrzhan Yilmaz,1
Miras Akhmetov,2
Nurlybek Alpysbay,4
Bekzat Turgenev,1
Yerbol Bolat,5
Zhanna Bekov,3
Saltanat Mukanov,3
Maxim Ibrayev,3
Yulia Serikbay,3
Saltanat Aliyev,3
Nurlybek Zhunusov,3
Damir Kurt,2
Ersultan Rakhimov,3
Layla Shakenov,2
Kamila Bolat,1
Zhandos Kuznetsov,3
Vera Alpysbay,2
Daniyar Rakhimov,4
Symbat Kuznetsov,3
Anel Ozturk,2
Madina Dauletov,1
Miras Kudaibergen,2
Dias Volkov,2
Sabina Iskakov,2
Sultan Cetin,5
Alibek Turgenev,5
Aizhan Temirov,3
Vera Morozov,3
Aizhan Ibrayev,2
Kairat Abdirov,1
Balzhan Tashkenov,5
Emre Kuznetsov,3
Olzhas Musin,3
Elena Shakenov,1
Serik Sahin,1
Dmitry Musin,3
Tolga Tleubek,1
Milana Novikov,2
Yerbol Esenov,3
Zhanel Aslan,2
Yerlan Bekov,1
Kairat Omarov,1
Ksenia Yerzhanov,2
Igor Kaliyev,4
Temirlan Fedorov,2
Talgat Makhmud,1
Igor Kurt,2
Hasan Shakenov,3
Arman Suleimenov,4
Vlad Temirov,1
Bauyrzhan Zhunusov,1
Gulnaz Zhumabek,1
Zeynep Kuznetsov,2
Kairat Yilmaz,2
Gulnaz Sahin,3
Daria Novikov,1
Maxim Assanov,1
Kirill Novikov,2
Ainur Kaliyev,1
Dmitry Baitursyn,1
Symbat Turgenev,3
Kuanysh Popov,1
Zeynep Kurmanov,4
Dias Volkov,4
Elif Sadykov,2
Anna Makhmud,2
Roman Kaya,1
Nikita Assanov,2
Denis Sahin,2
Murat Rakhimov,2
Islam Omarov,2
Anna Orazov,4
Irina Baiseitov,2
Zarina Dauletov,3
Aisha Jumabek,1
Aizhan Ualiyev,3
Milana Shakenov,2
Vlad Makhmud,4
Vlad Zhumabek,3
Polina Gabdullin,5
Zhanar Mukanov,4
Alibek Koc,4
Milana Kaya,4
Olga Makhmud,2
Pavel Temirov,3
Amir Kuznetsov,2
Zhuldyz Suleimenov,3
Tomiris Lebedev,3
Hasan Abenov,1
Pavel Ivanov,1
Anel Serikbay,4
Tatiana Ermek,2
Nazerke Tleubek,1
Hasan Morozov,1
Akbota Sokolov,3
Olzhas Ivanov,2
Akbota Kara,3
Selin Turgenev,2
Askar Kassym,2
Nur Zhumabek,5
Murat Dogan,2
Pavel Kara,4
Alibek Tashkenov,4
Kairat Temirov,1
Yernar Kara,1
Aigerim Volkov,1
Olzhas Makhmud,1
Hasan Kara,3
Omar Smirnov,3
Aigul Daulet,1
Bauyrzhan Petrov,3
Ruslan Kilic,3
Ruslan Assanov,3
Maxim Tleubek,2
Ainur Dogan,2
Karina Dauletov,4
Zhanar Volkov,4
Aisha Fedorov,4
Islam Shakenov,5
Yerbol Kara,2
Asel Aliyev,1
Roman Zhaksylyk,2
Kerem Kaliyev,5
Igor Fedorov,2
Layla Morozov,2
Pavel Fedorov,2
Aknur Karimov,4
Amir Koc,4
Alibek Amangeldy,4
Zhuldyz Petrov,2
Gulnaz Yilmaz,2
Ece Ivanov,5
Rauan Konysbay,1
Dana Morozov,1
Karina Aliyev,4
Aruzhan Baiseitov,4
Omar Esenov,1
Yernar Tashkenov,5
Karina Zhumabek,5
Denis Kuznetsov,1
Elena Temirov,5
Temirlan Ivanov,1
Nurlan Rakhimov,3
Alisa Dogan,1
Amir Baiseitov,2
Elif Ozturk,4
Bauyrzhan Popov,4
Rasul Temirov,1
Anna Dogan,1
Omar Fedorov,3
Nurlybek Zhaksylyk,1
Irina Karimov,1
Yulia Kilic,5
Zhandos Musin,3
Meruyert Kudaibergen,2
Vadim Suleimenov,1
Ainur Shakenov,3
Sanzhar Aliyev,3
Madina Dauletov,2
Rasul Kudaibergen,5
Gaukhar Tashkenov,1
Elif Tleubek,2
Hasan Assanov,3
Bauyrzhan Jumabek,1
Nurlybek Baitursyn,1
Nazerke Petrov,3
Asel Volkov,2
Alisa Karimov,3
Daniyar Zhumabek,2
Elena Arslan,2
Zhuldyz Omarov,1
Hasan Dogan,3
Akbota Yilmaz,3
Alibek Shakenov,2
Damir Kassym,2
Zhanar Zhaksylyk,3
Denis Baitursyn,1
Zhandos Kurmanov,3
Sanzhar Yerzhanov,4
Zhansaya Yilmaz,1
Bekzat Volkov,5
Zhanel Baitursyn,1
Yerlan Koc,5
Zhandos Kara,1
Askar Ermek,1
Irina Kurmanov,1
Nikita Makhmud,2
Pavel Aliyev,3
Sultan Suleimenov,1
Aknur Tashkenov,1
Alisa Zhaksylyk,3
Hasan Tashkenov,2
Alibek Omarov,5
Zeynep Zhaksylyk,5
Vlad Zhumabek,2
Sergey Kaliyev,5
Vadim Kassym,3
Anna Nurgaliyev,3
Dana Sahin,3
Omar Serikbay,2
Kuanysh Cetin,3
Nazerke Ualiyev,5
Daniyar Volkov,2
Olzhas Kilic,5
Anton Jumabek,1
Omar Yilmaz,1
Zhanar Yerzhanov,3
Temirlan Turgenev,3
Olzhas Abenov,1
Zarina Suleimenov,3
Aigerim Ermek,2
Sofia Omarov,2
Miras Kaya,4
Nazym Mukanov,1
Zhanar Morozov,2
Olzhas Esenov,1
Nurzhan Cetin,3
Serik Kilic,2
Zhandos Serikbay,1
Milana Mukanov,3
Dana Esenov,2
Aruzhan Zhumabek,1
Yulia Dogan,2
Ersultan Kudaibergen,2
Murat Daulet,1
Yerbol Fedorov,1
Rauan Sagyndyk,3
Rauan Tleubek,4
Tomiris Ibrayev,2
Amir Alpysbay,1
Kuanysh Kaliyev,3
Sofia Orazov,5
Kerem Omarov,4
Askar Cetin,4
Aruzhan Konysbay,5
Aizhan Kaya,2
Hasan Abenov,2
Aigul Ivanov,3
Elif Serikbay,1
Tatiana Bolat,2
Zhuldyz Koc,3
Olga Nurgaliyev,1
Ruslan Mikhailov,3
Tatiana Dogan,5
Aruzhan Konysbay,3
Layla Alpysbay,3
Andrey Alpysbay,1
Aisha Mikhailov,2
Vadim Jumabek,5
Rasul Akhmetov,3
Damir Novikov,2
Kirill Akhmetov,4
Kairat Gabdullin,4
Igor Dauletov,4
Saltanat Morozov,1
Tomiris Yerzhanov,2
Hasan Esenov,1
Roman Baitursyn,2
Ruslan Abenov,2
Kairat Cetin,5
Dmitry Orazov,1
Aruzhan Smirnov,2
Bauyrzhan Smirnov,3
Elnur Sagyndyk,3
Rauan Smirnov,2
Sanzhar Sadykov,1
Gulnaz Kassym,2
Hasan Suleimenov,3
Sergey Kurmanov,1
Marat Demir,1
Anel Kaya,3
Sanzhar Abdirov,4
Aizhan Fedorov,3
Zhandos Bekov,4
Ilyas Karimov,2
Nurlan Abdirov,4
Vlad Morozov,1
Balzhan Rakhimov,5
Murat Ozturk,2
Kairat Arslan,2
Zhandos Popov,3
Milana Aslan,5
Hasan Dauletov,3
Damir Suleimenov,2
Ekaterina Kurmanov,1
Oleg Aliyev,4
Zarina Kaliyev,5
Ekaterina Cetin,1
Alisa Kudaibergen,3
Kamila Ualiyev,4
Nikita Ualiyev,4
Zhandos Kara,4
Kamila Assanov,3
Ainur Dauletov,4
Marat Karimov,4
Sabina Bolat,5
Madina Shakenov,3
Ainur Karimov,2
Alisa Mukanov,3
Bekzat Demir,3
Nikita Karimov,5
Vadim Demir,4
Dmitry Daulet,2
Daria Kuznetsov,1
Gaukhar Aslan,2
Bauyrzhan Shakenov,2
Selin Novikov,4
Daria Ivanov,2
Daniyar Esenov,1
Irina Serikbay,4
Maria Sahin,3
Balzhan Kuznetsov,1
Tatiana Alpysbay,3
Serik Musin,1
Nazym Baitursyn,3
Daniyar Mikhailov,3
Islam Makhmud,1
Rauan Zhumabek,2
Ruslan Makhmud,5
Andrey Bolat,3
Elnur Suleimenov,5
Vlad Konysbay,1
Yernar Kaliyev,3
Kirill Sadykov,2
Ilyas Lebedev,3
Serik Ualiyev,2
Denis Orazov,1
Gulnaz Mukanov,2
Layla Kara,3
Serik Musin,2
Daniyar Tleubek,2
Sergey Arslan,3
Rasul Morozov,2
Elena Baiseitov,3
Rasul Fedorov,3
Aliya Tleubek,1
Olzhas Kara,4
Akbota Kassym,1
Damir Makhmud,2
Asel Ivanov,2
Nurlan Yilmaz,2
Aigul Cetin,5
Elena Tleubek,5
Kamila Amangeldy,5
Ece Turgenev,3
Aliya Alpysbay,3
Damir Tashkenov,5
Dmitry Temirov,1
Aigerim Kurmanov,1
Yulia Daulet,1
Temirlan Shakenov,1
Amir Karimov,1
Elena Yilmaz,2
Aigerim Tashkenov,1
Azamat Zhumabek,3
Islam Abdirov,1
Kairat Popov,4
Olzhas Abenov,3
Kuanysh Fedorov,4
Zhuldyz Kudaibergen,3
Timur Kassym,3
Emre Kurmanov,1
Nazym Amangeldy,2
Serik Akhmetov,3
Ilyas Yerzhanov,4
Emre Lebedev,2
Nurlan Popov,1
Elif Novikov,4
Ece Demir,2
Vlad Morozov,1
Sofia Baitursyn,4
Kairat Smirnov,1
Derya Petrov,4
Talgat Alpysbay,1
Aknur Smirnov,5
Miras Kaliyev,3
Emre Zhumabek,3
Asel Shakenov,5
Daniyar Kurt,1
Yerbol Kuznetsov,1
Sultan Karimov,3
Alisa Bolat,1
Sofia Yilmaz,2
Nazym Orazov,4
Selin Mikhailov,2
Vlad Zhumabek,3
Nurlybek Cetin,2
Zhanel Makhmud,3
Derya Mikhailov,3
Tatiana Musin,1
Ksenia Jumabek,2
Tatiana Ibrayev,1
Ksenia Yilmaz,4
Sofia Orazov,4
Ersultan Esenov,5
Maxim Alpysbay,3
Igor Kilic,4
Damir Assanov,1
Zhandos Zhumabek,4
Temirlan Alpysbay,3
Anel Daulet,3
Zhanna Kaliyev,1
Zhanel Jumabek,2
Elena Suleimenov,3
Temirlan Zhumabek,2
Nazerke Makhmud,3
Damir Zhumabek,5
Andrey Nurgaliyev,5
Igor Koc,3
Elif Yilmaz,3
Zarina Fedorov,1
Arman Alpysbay,4
Aruzhan Baitursyn,3
Daria Lebedev,3
Vlad Ivanov,1
Aknur Akhmetov,1
Nurzhan Omarov,2
Elena Dauletov,3
Aruzhan Suleimenov,3
Ece Dogan,2
Amir Yerzhanov,1
Zhansaya Ualiyev,3
Olga Kara,2
Layla Morozov,1
Anel Abenov,5
Askar Daulet,2
Aigul Suleimenov,5
Dana Zhumabek,1
Azamat Iskakov,3
Ece Koc,2
Roman Cetin,5
Daniyar Ualiyev,2
Yerbol Celik,3
Denis Kurt,3
Serik Temirov,2
Kairat Dauletov,3
Aruzhan Aslan,2
Bekzat Kuznetsov,3
Murat Dauletov,3
Igor Zhaksylyk,1
Timur Bekov,5
Ekaterina Makhmud,1
Aisha Celik,4
Miras Kaya,5
Azamat Aslan,1
Tolga Baitursyn,3
Aizhan Kilic,4
Talgat Lebedev,2
Damir Dogan,3
Aizhan Fedorov,3
Emre Mikhailov,2
Tolga Karimov,1
Dana Ibrayev,3
Sabina Popov,3
Polina Kurt,1
Nur Abenov,1
Baris Kurmanov,4
Timur Tashkenov,4
Olga Kudaibergen,3
Elena Demir,3
Temirlan Smirnov,1
Irina Cetin,3
Ruslan Baitursyn,2
Bauyrzhan Lebedev,3
Daniyar Sadykov,4
Zhanar Kuznetsov,2
Vera Tleubek,4
Aigul Smirnov,1
Aruzhan Tleubek,1
Arman Kurt,1
Daria Baitursyn,3
Denis Ivanov,1
Zarina Yilmaz,3
Madina Turgenev,2
Tatiana Ivanov,5
Aliya Dauletov,3
Pavel Karimov,3
Dinara Akhmetov,1
Kuanysh Turgenev,3
Milana Novikov,3
Aliya Shakenov,1
Maxim Sahin,3
Selin Sagyndyk,2
Ainur Zhaksylyk,3
Sanzhar Bekov,1
Aigerim Kaliyev,2
Aliya Zhumabek,2
Elif Shakenov,4
Vera Kurt,2
Vlad Daulet,4
Sanzhar Sokolov,1
Kirill Esenov,3
Vlad Konysbay,4
Arman Akhmetov,3
Aliya Kilic,1
Maxim Daulet,5
Aruzhan Kaliyev,1
Ekaterina Arslan,3
Dmitry Baiseitov,1
Kuanysh Kudaibergen,3
Sergey Iskakov,2
Sanzhar Shakenov,2
Dias Sagyndyk,3
Daria Kurmanov,3
Asel Kudaibergen,1
Temirlan Fedorov,4
Dias Baiseitov,2
Zhanel Cetin,5
Ainur Aslan,4
Askar Novikov,1
Elnur Karimov,5
Kairat Omarov,4
Bauyrzhan Zhumabek,4
Alina Popov,2
Vera Sahin,2
Vera Dogan,1
Nurlybek Koc,2
Dias Ermek,1
Nikita Popov,5
Aigul Baitursyn,2
Nurlybek Ermek,3
Sanzhar Ibrayev,4
Elena Alpysbay,4
Azamat Ibrayev,2
Irina Nurgaliyev,4
Zhanar Alpysbay,1
Ksenia Kaya,3
Emre Yilmaz,4
Zarina Volkov,4
Maria Tleubek,4
Layla Morozov,3
Aigul Lebedev,1
Azamat Assanov,5
Gaukhar Tashkenov,2
Symbat Sokolov,5
Aizhan Baitursyn,5
Serik Kurt,4
Azamat Esenov,1
Madina Tashkenov,2
Talgat Yilmaz,2
Damir Volkov,2
Ilyas Assanov,3
Maxim Akhmetov,2
Timur Yerzhanov,3
Gulnaz Sadykov,3
Pavel Esenov,1
Dana Omarov,3
Serik Zhumabek,2
Zeynep Kilic,3
Elena Turgenev,2
Elif Sahin,2
Zhanna Kara,4
Balzhan Ermek,2
Rasul Turgenev,2
Tolga Koc,3
Balzhan Tleubek,4
Layla Konysbay,3
Denis Zhunusov,3
Aigerim Kaya,2
Azamat Konysbay,2
Yulia Cetin,2
Talgat Mikhailov,3
Pavel Abdirov,5
Milana Arslan,4
Daniyar Baitursyn,3
Maxim Novikov,1
Hasan Amangeldy,3
Akbota Yilmaz,2
Sanzhar Popov,5
Artem Suleimenov,2
Vadim Daulet,1
Arman Kuznetsov,2
Islam Suleimenov,5
Nazym Turgenev,3
Islam Mikhailov,1
Daria Yerzhanov,2
Baris Aslan,4
Nurzhan Tashkenov,4
Elnur Baiseitov,1
Rasul Zhaksylyk,1
Alina Tleubek,1
Adil Cetin,3
Maxim Suleimenov,1
Adil Nurgaliyev,4
Temirlan Mukanov,5
Polina Assanov,3
Nurzhan Aslan,3
Symbat Ibrayev,4
Ksenia Cetin,5
Nikita Kassym,4
Bauyrzhan Akhmetov,2
Olga Mukanov,4
Talgat Ermek,5
Sofia Tleubek,2
Yulia Kudaibergen,2
Aigerim Makhmud,1
Aruzhan Popov,5
Sofia Assanov,4
Daniyar Ivanov,3
Meruyert Orazov,3
Roman Temirov,3
Vlad Sokolov,1
Dana Alpysbay,1
Sergey Serikbay,4
Omar Rakhimov,2
Murat Petrov,5
Zhandos Ozturk,5
Selin Makhmud,5
Nurzhan Abdirov,1
Baris Sadykov,3
Nurzhan Demir,4
Emre Shakenov,1
Dana Alpysbay,5
Olga Fedorov,3
Ilyas Arslan,4
Nur Karimov,1
Gulnaz Gabdullin,1
Dias Tashkenov,2
Baris Kaya,3
Aisha Konysbay,5
Anel Petrov,3
Alisa Sokolov,2
Rauan Assanov,1
Sanzhar Zhumabek,1
Elena Kuznetsov,1
Ilyas Yerzhanov,4
Selin Popov,2
Nurlan Kurmanov,2
Madina Temirov,2
Emre Esenov,5
Nazym Ualiyev,2
Zeynep Turgenev,3
Kamila Sagyndyk,3
Kairat Morozov,4
Temirlan Cetin,4
Nikita Petrov,1
Amir Volkov,4
Elena Zhumabek,2
Aigerim Kassym,2
Yernar Kurmanov,1
Anton Popov,2
Miras Makhmud,2
Timur Novikov,2
Sergey Morozov,4
Marat Zhumabek,2
Baris Kaya,2
Kuanysh Morozov,1
Murat Rakhimov,4
Yulia Yerzhanov,1
Denis Konysbay,2
Gaukhar Lebedev,1
Zhuldyz Makhmud,4
Arman Fedorov,5
Ilyas Iskakov,2
Yernar Alpysbay,3
Alina Zhaksylyk,1
Askar Sagyndyk,4
Baris Karimov,2
Dana Arslan,2
Roman Abdirov,2
Karina Tashkenov,2
Timur Assanov,2
Bauyrzhan Dogan,1
Akbota Musin,1
Zhanna Tleubek,1
Symbat Sagyndyk,1
Roman Ualiyev,2
Yulia Popov,5
Aisha Mikhailov,4
Irina Baiseitov,2
Vlad Nurgaliyev,1
Kairat Ermek,2
Derya Turgenev,4
Rasul Nurgaliyev,5
Azamat Kurt,1
Murat Serikbay,2
Elena Aslan,3
Ece Smirnov,1
Alina Sahin,4
Omar Kudaibergen,5
Aruzhan Bekov,5
Omar Akhmetov,4
Zeynep Yilmaz,1
Talgat Musin,5
Gaukhar Smirnov,1
Baris Arslan,1
Anel Tleubek,2
Gaukhar Dogan,2
Adil Volkov,4
Nurlybek Kuznetsov,3
Dana Popov,2
Vlad Kudaibergen,5
Miras Baiseitov,2
Pavel Ivanov,5
Zeynep Kudaibergen,3
Nurlan Shakenov,5
Bekzat Mukanov,4
Madina Aslan,4
Zhuldyz Kudaibergen,1
Ilyas Arslan,1
Ekaterina Volkov,2
Sabina Sagyndyk,2
Maxim Yilmaz,3
Azamat Karimov,3
Daniyar Dogan,3
Kuanysh Zhumabek,2
Zhanel Novikov,4
Olzhas Rakhimov,1
Yerlan Zhunusov,3
Asel Gabdullin,3
Pavel Volkov,2
Vlad Shakenov,3
Aliya Assanov,4
Omar Kurmanov,4
Zhansaya Ualiyev,3
Aizhan Lebedev,4
Adil Yilmaz,3
Karina Kilic,4
Kamila Akhmetov,1
Anton Kurt,2
Gaukhar Ibrayev,4
Kamila Yilmaz,4
Artem Volkov,3
Nazerke Morozov,5
Artem Turgenev,3
Miras Cetin,3
Karina Sagyndyk,3
Igor Koc,1
Nikita Rakhimov,5
Kamila Sadykov,2
Rasul Ibrayev,2
Madina Tleubek,1
Nurzhan Gabdullin,3
Ersultan Konysbay,2
Nurlybek Mikhailov,2
Daria Gabdullin,1
Timur Ualiyev,2
Zarina Karimov,3
Milana Makhmud,3
Alina Akhmetov,3
Polina Akhmetov,3
Dias Zhumabek,3
Derya Cetin,5
Islam Rakhimov,3
Tomiris Kudaibergen,2
Baris Smirnov,1
Tolga Serikbay,1
Olzhas Nurgaliyev,4
Gaukhar Alpysbay,1
Murat Kurmanov,1
Kerem Sokolov,2
Ece Zhumabek,3
Ilyas Tleubek,3
Aigul Tleubek,5
Baris Nurgaliyev,3
Tolga Shakenov,1
Denis Lebedev,1
Dana Ibrayev,3
Kairat Daulet,3
Aigerim Sadykov,4
Aliya Ibrayev,4
Dias Baiseitov,2
Dmitry Demir,3
Alina Ermek,5
Zhanar Kurt,2
Timur Volkov,1
Zhandos Mikhailov,5
Saltanat Turgenev,1
Artem Kuznetsov,1
Vera Kassym,3
Vadim Omarov,3
Meruyert Daulet,2
Tatiana Celik,2
Alina Mikhailov,2
Bauyrzhan Yilmaz,1
Asel Amangeldy,3
Olzhas Ibrayev,2
Madina Tashkenov,1
Sultan Ozturk,2
Oleg Yilmaz,4
Maxim Zhunusov,2
Aisha Bolat,4
Dias Fedorov,5
Tatiana Dauletov,3
Yulia Omarov,3
Hasan Iskakov,5
Olga Kaya,2
Olzhas Petrov,1
Nikita Assanov,2
Zhansaya Kaliyev,1
Rauan Iskakov,2
Baris Abenov,1
Nurlan Kuznetsov,3
Vlad Rakhimov,1
Ekaterina Arslan,3
Ece Zhaksylyk,1
Ekaterina Volkov,5
Sabina Dauletov,2
Laura Ualiyev,2
Zhanna Celik,4
Olzhas Tleubek,3
Anton Tleubek,3
Artem Amangeldy,2
Vadim Kuznetsov,3
Aizhan Mikhailov,1
Kuanysh Kilic,5
Nurzhan Aslan,5
Olzhas Suleimenov,1
Emre Serikbay,3
Daria Ozturk,2
Timur Dogan,4
Azamat Yilmaz,2
Timur Rakhimov,3
Karina Nurgaliyev,5
Aknur Bolat,2
Ekaterina Akhmetov,5
Emre Kassym,1
Zarina Bolat,5
Adil Nurgaliyev,2
Alina Bolat,2
Akbota Demir,3
Artem Sadykov,3
Zhanar Ermek,3
Sanzhar Ermek,4
Anel Ivanov,3
Miras Akhmetov,2
Alina Baiseitov,1
Layla Kilic,1
Murat Zhaksylyk,2
Ersultan Tashkenov,1
Vera Ualiyev,1
Anton Tleubek,2
Amir Arslan,2
Zhandos Abdirov,2
Hasan Amangeldy,3
Nazerke Jumabek,3
Akbota Assanov,3
Laura Ibrayev,4
Miras Bekov,3
Nazym Turgenev,1
Elnur Kuznetsov,4
Zeynep Kaya,1
Vadim Assanov,5
Anel Demir,1
Ksenia Ozturk,5
Yulia Serikbay,2
Aigul Bolat,4
Damir Ivanov,3
Aruzhan Serikbay,1
Asel Kuznetsov,3
Aisha Aslan,5
Yulia Bekov,1
Alina Makhmud,3
Alisa Kaya,2
Nurzhan Fedorov,3
Ruslan Omarov,2
Zhanel Petrov,1
Marat Sokolov,1
Zhanel Ermek,4
Aizhan Kurmanov,1
Aizhan Temirov,1
Serik Iskakov,3
Kuanysh Kurmanov,2
Adil Zhaksylyk,3
Dana Mukanov,2
Nazym Kurmanov,1
Kamila Zhaksylyk,1
Askar Bekov,2
Daniyar Baitursyn,5
Tomiris Sadykov,1
Aigerim Yerzhanov,1
Kuanysh Abenov,2
Zhanel Tleubek,1
Yerbol Zhunusov,3
Yulia Arslan,2
Dias Cetin,5
Nurlan Kurmanov,2
Vadim Petrov,1
Bekzat Serikbay,2
Bauyrzhan Sahin,1
Sabina Demir,2
Ece Suleimenov,3
Daria Sagyndyk,1
Islam Aliyev,1
Nazerke Kaya,4
Tolga Akhmetov,1
Rasul Mikhailov,4
Elena Mikhailov,2
Daria Abenov,1
Aliya Akhmetov,4
Bauyrzhan Aslan,1
Elena Assanov,3
Sofia Kurmanov,4
Andrey Ibrayev,1
Tatiana Kurmanov,1
Dana Kilic,1
Aisha Morozov,4
Dinara Ermek,2
Yulia Daulet,3
Maria Petrov,3
Vadim Celik,3
Tatiana Tleubek,1
Hasan Kurt,1
Rauan Daulet,3
Sultan Ozturk,1
Elif Tleubek,3
Ece Fedorov,3
Maria Kuznetsov,2
Karina Jumabek,2
Asel Alpysbay,3
Aliya Karimov,4
Miras Mikhailov,1
Tatiana Kaya,3
Serik Yerzhanov,2
Bauyrzhan Kudaibergen,5
Sergey Kara,3
Timur Sagyndyk,2
Kirill Makhmud,2
Aizhan Bekov,1
Aliya Jumabek,4
Nurlybek Iskakov,4
Aizhan Makhmud,1
Omar Ermek,3
Nazym Amangeldy,1
Nurzhan Rakhimov,3
Olzhas Sahin,1
Serik Aliyev,5
Ainur Kilic,2
Meruyert Smirnov,5
Emre Petrov,3
Yulia Zhumabek,2
Ruslan Kurt,1
Bekzat Omarov,3
Anton Abenov,4
Kamila Abdirov,2
Amir Ermek,4
Denis Popov,2
Sergey Daulet,2
Nurlybek Suleimenov,5
Bekzat Ivanov,1
Aizhan Akhmetov,1
Gulnaz Volkov,3
Vlad Smirnov,4
Ksenia Esenov,1
Aigerim Shakenov,5
Kirill Esenov,5
Aigerim Ermek,2
Artem Lebedev,1
Nurzhan Cetin,4
Amir Yilmaz,1
Laura Amangeldy,4
Kairat Esenov,3
Madina Koc,1
Yernar Kara,1
Polina Sokolov,1
Kirill Daulet,2
Bauyrzhan Ozturk,5
Aknur Kaliyev,5
Maria Yerzhanov,4
Rasul Kassym,4
Roman Lebedev,1
Dmitry Sagyndyk,5
Aknur Akhmetov,3
Nazym Demir,3
Alisa Lebedev,3
Aizhan Kara,1
Balzhan Kudaibergen,4
Ruslan Popov,2
Alina Morozov,1
Madina Temirov,1
Elena Iskakov,2
Bekzat Koc,2
Dias Tashkenov,3
Ainur Kilic,3
Denis Karimov,5
Derya Dogan,5
Ilyas Aslan,3
Rasul Iskakov,1
Aruzhan Yerzhanov,1
Aknur Esenov,1
Vlad Zhumabek,2
Pavel Petrov,3
Sultan Orazov,2
Dias Bolat,3
Asel Sadykov,4
Tolga Sokolov,2
Symbat Volkov,1
Asel Ozturk,3
Dinara Orazov,4
Anel Mukanov,3
Yernar Sokolov,3
Amir Daulet,1
Alisa Orazov,1
Zhansaya Gabdullin,4
Ekaterina Suleimenov,1
Alisa Zhunusov,3
Saltanat Aliyev,2
Kamila Fedorov,3
Murat Mikhailov,1
Aisha Abenov,3
Tomiris Koc,4
Zeynep Sagyndyk,3
Sanzhar Lebedev,4
Igor Bolat,2
Gulnaz Volkov,5
Aigul Volkov,1
Ece Sadykov,1
Akbota Ermek,5
Laura Aslan,4
Nurzhan Kudaibergen,2
Azamat Daulet,2
Tolga Karimov,3
Vadim Gabdullin,1
Aigul Sagyndyk,2
Zhanna Bekov,5
Ainur Rakhimov,3
Balzhan Zhumabek,4
Kerem Smirnov,4
Damir Morozov,1
Askar Tashkenov,2
Arman Mikhailov,3
Elif Alpysbay,2
Irina Yerzhanov,3
Ruslan Cetin,2
Gulnaz Turgenev,2
Arman Sahin,4
Symbat Yerzhanov,3
Damir Morozov,5
Nurzhan Cetin,3
Nazerke Aslan,1
Tomiris Serikbay,2
Temirlan Nurgaliyev,3
Anton Mikhailov,1
Symbat Makhmud,3
Islam Baitursyn,2
Sofia Rakhimov,3
Roman Mukanov,2
Aigerim Amangeldy,2
Nurlan Serikbay,1
Vadim Ualiyev,3
Daria Esenov,3
Anna Sahin,3
Yulia Kaya,4
Dinara Volkov,2
Aizhan Mikhailov,1
Dias Baitursyn,1
Nurlan Gabdullin,2
Oleg Sagyndyk,3
Zhansaya Turgenev,1
Ersultan Ibrayev,2
Selin Konysbay,2
Kuanysh Sagyndyk,1
Pavel Ualiyev,3
Zeynep Iskakov,1
Talgat Karimov,2
Polina Orazov,2
Balzhan Mukanov,1
Milana Serikbay,1
Nikita Bekov,2
Madina Jumabek,1
Daniyar Kurt,1
Marat Orazov,4
Milana Turgenev,1
Timur Kurmanov,2
Nurlan Omarov,1
Aizhan Baiseitov,2
Bauyrzhan Assanov,3
Timur Amangeldy,1
Aliya Ermek,1
Nurlybek Kurt,5
Meruyert Kuznetsov,2
Hasan Arslan,2
Zhanel Ozturk,4
Zeynep Musin,3
Aknur Yerzhanov,3
Polina Kaya,1
Aigul Ozturk,2
Sanzhar Bolat,1
Kuanysh Kurmanov,3
Maxim Ibrayev,2
Zhanar Kilic,4
Sultan Morozov,3
Pavel Yilmaz,3
Zhanel Kaliyev,1
Dias Bolat,1
Temirlan Konysbay,5
Irina Koc,4
Kirill Gabdullin,3
Saltanat Ozturk,5
Symbat Petrov,4
Dmitry Jumabek,3
Aruzhan Akhmetov,1
Rasul Turgenev,4
Zhanna Zhunusov,1
Olga Baiseitov,5
Damir Alpysbay,2
Dinara Abdirov,2
Karina Novikov,1
Igor Smirnov,3
Kuanysh Aliyev,1
Elena Kara,2
Adil Temirov,1
Gaukhar Kara,2
Ainur Kilic,3
Serik Mikhailov,1
Nazym Kurmanov,2
Sergey Kaliyev,3
Dias Fedorov,1
Nikita Tashkenov,2
Aigul Ivanov,3
Irina Suleimenov,5
Dias Jumabek,4
Temirlan Gabdullin,2
Bekzat Assanov,1
Vlad Ibrayev,2
Saltanat Kuznetsov,3
Daniyar Aslan,3
Zhanna Amangeldy,4
Rauan Dauletov,1
Yerbol Bolat,2
Olzhas Bekov,3
Nur Ermek,2
Balzhan Nurgaliyev,1
Elnur Daulet,1
Karina Yilmaz,4
Saltanat Tleubek,1
Askar Lebedev,2
Nurzhan Esenov,2
Karina Ermek,3
Omar Baitursyn,1
Talgat Makhmud,2
Nur Smirnov,3
Zhanna Volkov,5
Zhanna Yerzhanov,4
Zarina Volkov,1
Sergey Suleimenov,2
Dmitry Tleubek,2
Alina Popov,2
Daria Makhmud,2
Elif Kaliyev,2
Akbota Lebedev,2
Rasul Mikhailov,4
Dias Zhaksylyk,2
Gulnaz Arslan,2
Asel Celik,1
Laura Kurt,2
Zhansaya Cetin,1
Arman Morozov,3
Vadim Bekov,3
Dana Cetin,2
Zeynep Shakenov,1
Oleg Dauletov,1
Baris Dogan,4
Aruzhan Mikhailov,2
Gulnaz Smirnov,3
Anton Abdirov,2
Akbota Smirnov,5
Madina Nurgaliyev,2
Aknur Kara,4
Askar Ivanov,3
Daria Novikov,2
Vera Bolat,4
Murat Assanov,1
Nur Volkov,3
Kairat Konysbay,4
Tomiris Bolat,1
Igor Amangeldy,3
Dias Ibrayev,3
Anton Baiseitov,5
Nurlan Ualiyev,5
Miras Mukanov,3
Sofia Omarov,5
Tatiana Yerzhanov,1
Dana Nurgaliyev,1
Damir Alpysbay,3
Asel Koc,4
Aigerim Fedorov,3
Igor Mikhailov,3
Aigerim Aslan,1
Zhansaya Dauletov,5
Olga Ermek,2
Arman Kassym,5
Askar Ibrayev,1
Vadim Lebedev,4
Polina Tashkenov,1
Aliya Ermek,2
Sabina Zhaksylyk,1
Anel Daulet,4
Amir Sokolov,5
Vlad Ermek,2
Timur Suleimenov,1
Kairat Sadykov,4
Symbat Amangeldy,1
Vlad Ermek,4
Nurzhan Mikhailov,2
Saltanat Tashkenov,2
Karina Kuznetsov,4
Sanzhar Kilic,1
Zhanel Tashkenov,3
Ekaterina Kudaibergen,3
Emre Bekov,2
Igor Fedorov,3
Oleg Kudaibergen,1
Rasul Abenov,3
Timur Amangeldy,3
Layla Kilic,2
Adil Yerzhanov,4
Olzhas Assanov,3
Sofia Ermek,4
Akbota Zhumabek,1
Sabina Ermek,5
Ainur Lebedev,5
Tatiana Smirnov,2
Saltanat Daulet,3
Sabina Omarov,2
Madina Karimov,2
Adil Smirnov,2
Zarina Sadykov,5
Yerbol Assanov,4
Vadim Dogan,3
Roman Koc,1
Pavel Karimov,2
Olzhas Bolat,5
Nur Alpysbay,1
Maria Zhaksylyk,4
Yernar Smirnov,1
Derya Kurt,2
Kairat Turgenev,3
Tolga Turgenev,4
Adil Lebedev,1
Denis Abdirov,1
Polina Amangeldy,2
Timur Baiseitov,3
Asel Mukanov,3
Irina Kaya,2
Zhanar Kurmanov,4
Ece Temirov,1
Kirill Baiseitov,4
Nur Arslan,2
Ersultan Akhmetov,1
Aizhan Tashkenov,4
Kirill Kurt,1
Kerem Karimov,1
Alina Omarov,1
Madina Kara,1
Nurlan Ozturk,1
Omar Aslan,3
Kuanysh Ozturk,2
Tomiris Tleubek,2
Ece Shakenov,5
Omar Kudaibergen,1
Zhanna Kilic,1
Ruslan Kuznetsov,3
Baris Akhmetov,2
Aigul Yilmaz,4
Daniyar Bekov,2
Aigerim Petrov,5
Elena Zhunusov,3
Murat Popov,3
Talgat Yilmaz,2
Anna Sadykov,3
Tomiris Yilmaz,3
Vera Kurt,1
Bauyrzhan Volkov,2
Balzhan Temirov,3
Nurzhan Yerzhanov,3
Layla Daulet,2
Miras Dauletov,3
Daniyar Kara,3
Elena Kaya,1
Vera Dogan,5
Elena Aliyev,2
Pavel Kilic,3
Gaukhar Aliyev,3
Layla Sahin,2
Polina Baiseitov,3
Alibek Arslan,4
Olzhas Konysbay,2
Vera Nurgaliyev,5
Murat Kaya,3
Islam Yerzhanov,4
Kamila Iskakov,4
Temirlan Sahin,3
Aigul Makhmud,4
Symbat Nurgaliyev,2
Olga Abenov,2
Nazerke Petrov,2
Saltanat Baiseitov,3
Milana Popov,3
Kuanysh Esenov,1
Dias Baitursyn,4
Sanzhar Gabdullin,3
Amir Assanov,1
Tolga Kuznetsov,1
Alibek Abdirov,3
Islam Cetin,3
Kamila Nurgaliyev,3
Nurlan Smirnov,1
Oleg Ivanov,2
Alibek Arslan,3
Saltanat Cetin,5
Kuanysh Bolat,1
Selin Ermek,2
Zhandos Aslan,2
Roman Baitursyn,3
Tolga Karimov,5
Aliya Abdirov,2
Sultan Smirnov,3
Denis Bekov,1
Ece Aslan,1
Nazym Ibrayev,3
Ruslan Jumabek,4
Dmitry Akhmetov,3
Elif Mikhailov,1
Ece Fedorov,4
Alina Tashkenov,3
Yulia Ozturk,2
Nurlybek Zhunusov,1
Temirlan Kara,5
Anna Ermek,4
Sultan Iskakov,1
Sergey Kudaibergen,2
Hasan Iskakov,2
Temirlan Zhaksylyk,1
Olga Abdirov,4
Yerbol Musin,1
Olzhas Kaliyev,2
Tomiris Zhumabek,1
Asel Mukanov,3
Elnur Bekov,4
Aizhan Cetin,1
Selin Shakenov,3
Roman Celik,3
Islam Lebedev,4
Azamat Musin,2
Polina Ermek,3
Serik Kurmanov,3
Marat Volkov,1
Marat Zhaksylyk,3
Ruslan Kurt,3
Anel Shakenov,1
Maxim Rakhimov,4
Olzhas Bekov,1
Madina Popov,2
Igor Orazov,1
Saltanat Musin,3
Tatiana Celik,2
Zhandos Zhaksylyk,1
Ersultan Cetin,1
Denis Kaya,2
Talgat Demir,1
Zhansaya Gabdullin,3
Aruzhan Ozturk,3
Serik Arslan,2
Tomiris Dogan,2
Tatiana Zhunusov,5
Nazym Novikov,3
Tomiris Amangeldy,5
Alibek Bolat,3
Bauyrzhan Nurgaliyev,3
Zeynep Akhmetov,3
Ersultan Mikhailov,4
Ersultan Sahin,2
Igor Sokolov,1
Nur Dauletov,2
Alibek Assanov,2
Gaukhar Kurt,2
Zhandos Demir,4
Miras Novikov,1
Ekaterina Turgenev,5
Baris Temirov,2
Maxim Kaliyev,4
Kuanysh Zhunusov,1
Balzhan Alpysbay,1
Bauyrzhan Kurmanov,2
Polina Ualiyev,2
Nurlybek Esenov,2
Madina Akhmetov,1
Dana Tleubek,4
Vadim Daulet,3
Nurlan Tashkenov,2
Ece Ivanov,5
Yernar Shakenov,3
Dana Daulet,1
Zhanar Aslan,3
Zhuldyz Morozov,4
Sanzhar Orazov,5
Talgat Musin,2
Daniyar Koc,1
Timur Morozov,2
Meruyert Ibrayev,1
Milana Alpysbay,1
Symbat Demir,3
Zhanar Sagyndyk,1
Murat Zhumabek,3
Daria Sagyndyk,3
Aisha Nurgaliyev,3
Yerlan Rakhimov,3
Madina Amangeldy,2
Igor Koc,1
Timur Daulet,3
Askar Alpysbay,3
Zhandos Aslan,3
Yernar Ualiyev,1
Artem Arslan,3
Denis Turgenev,2
Yerbol Bekov,1
Rasul Sahin,1
Vera Tleubek,2
Nur Ualiyev,1
Amir Kudaibergen,3
Anna Tleubek,2
Yerbol Baiseitov,4
Azamat Arslan,1
Artem Orazov,5
Karina Bekov,3
Olga Abenov,1
Oleg Ivanov,2
Serik Arslan,2
Timur Jumabek,1
Dias Morozov,2
Zarina Kudaibergen,2
Madina Ozturk,5
Elif Lebedev,4
Ilyas Cetin,3
Gulnaz Ermek,2
Ainur Jumabek,5
Nur Abenov,1
Nurzhan Daulet,3
Andrey Mukanov,3
Ersultan Tleubek,3
Olga Sadykov,5
Islam Karimov,3
Azamat Alpysbay,3
Yernar Esenov,1
Sabina Amangeldy,4
Andrey Kilic,3
Zhandos Yilmaz,1
Vera Kassym,4
Omar Popov,2
Derya Yerzhanov,2
Saltanat Musin,1
Islam Sagyndyk,5
Kuanysh Yerzhanov,1
Anel Iskakov,5
Kuanysh Bekov,5
Aknur Alpysbay,4
Kuanysh Serikbay,1
Nazerke Lebedev,2
Igor Aliyev,5
Karina Omarov,2
Andrey Zhunusov,1
Yernar Morozov,3
Emre Baitursyn,1
Vadim Omarov,2
Oleg Zhunusov,1
Yernar Baiseitov,2
Temirlan Sadykov,2
Alibek Amangeldy,4
Nurlybek Alpysbay,2
Symbat Sahin,3
Alisa Abdirov,1
Sultan Musin,3
Kuanysh Bekov,1
Kirill Kaliyev,4
Ruslan Dauletov,3
Aknur Suleimenov,2
Arman Petrov,3
Anton Daulet,5
Amir Zhumabek,1
Yulia Temirov,3
Ilyas Omarov,1
Asel Baiseitov,2
Zhanna Ualiyev,1
Vera Koc,2
Sanzhar Volkov,2
Akbota Koc,1
Azamat Serikbay,2
Andrey Morozov,1
Sabina Volkov,2
Madina Demir,1
Elnur Kilic,1
Symbat Temirov,2
Ruslan Sahin,3
Ece Yilmaz,3
Aigul Shakenov,1
Anton Koc,2
Ainur Aslan,2
Islam Sadykov,2
Askar Mikhailov,1
Vadim Kilic,1
Andrey Popov,1
Omar Karimov,2
Laura Novikov,1
Nur Ualiyev,1
Nikita Baiseitov,3
Sergey Sokolov,2
Timur Makhmud,4
Zhandos Baitursyn,1
Karina Kurmanov,2
Zhuldyz Celik,3
Balzhan Ualiyev,1
Murat Karimov,3
Aisha Aliyev,3
Kuanysh Daulet,2
Artem Popov,4
Sergey Tashkenov,2
Yerbol Nurgaliyev,3
Layla Mukanov,4
Omar Shakenov,3
Layla Omarov,2
Aigul Ivanov,1
Anton Popov,2
Derya Dogan,2
Andrey Kuznetsov,1
Gulnaz Lebedev,2
Anton Celik,3
Yerlan Abenov,2
Zhanel Amangeldy,2
Maxim Omarov,3
Vlad Orazov,4
Dinara Karimov,1
Ersultan Daulet,5
Madina Kurt,1
Ksenia Fedorov,1
Alibek Kaya,2
Zhanel Zhaksylyk,3
Serik Serikbay,3
Ersultan Fedorov,1
Aknur Baiseitov,4
Sabina Bekov,5
Zarina Celik,2
Anna Ozturk,3
Serik Novikov,4
Kerem Suleimenov,3
Arman Karimov,1
Akbota Kuznetsov,2
Zhanar Ermek,1
Sanzhar Jumabek,5
Rauan Konysbay,5
Tomiris Bekov,3
Gulnaz Iskakov,1
Omar Omarov,1
Anna Sagyndyk,4
Aigul Dogan,4
Balzhan Konysbay,2
Oleg Amangeldy,3
Asel Akhmetov,2
Alibek Jumabek,3
Aruzhan Aslan,1
Derya Aslan,3
Irina Koc,3
Islam Volkov,1
Aigul Omarov,5
Aigerim Jumabek,5
Daniyar Jumabek,1
Zhuldyz Popov,4
Saltanat Kassym,3
Maria Yilmaz,1
Murat Sagyndyk,3
Vadim Novikov,2
Hasan Lebedev,2
Elif Ivanov,3
Anna Petrov,1
Pavel Sagyndyk,3
Maria Cetin,1
Nikita Serikbay,1
Zhanar Zhunusov,2
Zhandos Baitursyn,3
Milana Konysbay,5
Aruzhan Novikov,5
Anel Zhaksylyk,4
Nikita Kaya,1
Ekaterina Novikov,3
Nurlan Karimov,3
Aknur Kurt,5
Symbat Dauletov,3
Gaukhar Novikov,1
Sabina Morozov,1
Nurlybek Novikov,1
Meruyert Kara,2
Nur Temirov,3
Ersultan Karimov,4
Meruyert Smirnov,4
Hasan Serikbay,2
Bauyrzhan Konysbay,4
Aruzhan Sadykov,2
Tolga Konysbay,2
Nikita Mukanov,3
Olga Tleubek,1
Aknur Ualiyev,3
Akbota Sahin,1
Miras Kurt,2
Yerbol Iskakov,2
Kerem Popov,3
Nurzhan Mikhailov,4
Nur Morozov,4
Aigul Aslan,2
Nurzhan Ozturk,5
Timur Novikov,2
Aknur Temirov,3
Zhanna Esenov,5
Anel Celik,4
Sergey Assanov,4
Yulia Omarov,3
Vera Celik,2
Ersultan Yilmaz,3
Rauan Daulet,1
Ersultan Musin,2
Igor Dogan,5
Sultan Aliyev,3
Nurlan Amangeldy,2
Tatiana Kurmanov,3
Zhanna Novikov,3
Tolga Yerzhanov,2
Nur Dauletov,2
Madina Bolat,1
Balzhan Popov,4
Roman Esenov,5
Aruzhan Kara,4
Nurzhan Konysbay,1
Zhanel Kurt,3
Zhanna Lebedev,2
Sanzhar Zhunusov,1
Sofia Zhunusov,3
Aliya Ermek,4
Dias Akhmetov,3
Balzhan Konysbay,1
Adil Musin,4
Olga Kudaibergen,5
Andrey Serikbay,3
Nazerke Kaya,3
Ruslan Zhunusov,1
Nur Karimov,2
Aruzhan Sadykov,2
Kamila Shakenov,2
Anton Novikov,2
Elnur Dogan,1
Nikita Orazov,3
Ece Kaliyev,3
Islam Alpysbay,2
Zhanel Kuznetsov,4
Aigerim Yilmaz,3
Daniyar Abenov,5
Islam Zhunusov,1
Oleg Rakhimov,1
Nazym Ualiyev,4
Layla Novikov,2
Miras Novikov,2
Andrey Smirnov,1
Karina Akhmetov,1
Sabina Aliyev,3
Selin Abdirov,2
Amir Mikhailov,1
Zhanna Popov,1
Yulia Yilmaz,2
Vera Cetin,2
Aigerim Kaya,3
Ece Kara,3
Nur Dogan,1
Tomiris Iskakov,2
Madina Ermek,3
Ksenia Ermek,5
Symbat Sagyndyk,2
Zarina Daulet,2
Yerbol Tleubek,2
Ainur Ivanov,1
Anel Kurt,3
Laura Abenov,1
Zhandos Smirnov,4
Alisa Demir,4
Nurlan Demir,3
Aliya Sagyndyk,3
Pavel Konysbay,3
Nurlan Celik,5
Olga Esenov,1
Ece Esenov,5
Gaukhar Dogan,2
Nurlybek Cetin,4
Ekaterina Ualiyev,5
Milana Kurt,1
Derya Ozturk,3
Nikita Orazov,3
Dinara Koc,4
Alibek Shakenov,1
Temirlan Popov,1
Rasul Tashkenov,3
Sofia Amangeldy,5
Dmitry Konysbay,1
Timur Amangeldy,5
Sabina Turgenev,2
Rasul Koc,3
Ruslan Abdirov,3
Anel Kurmanov,1
Islam Turgenev,2
Selin Baitursyn,3
Hasan Celik,3
Asel Esenov,3
Daria Alpysbay,3
Oleg Zhaksylyk,1
Artem Cetin,2
Dias Rakhimov,4
Emre Kaya,4
Alisa Popov,2
Derya Abdirov,2
Meruyert Celik,3
Elena Ibrayev,2
Igor Amangeldy,5
Kairat Kara,3
Aisha Kudaibergen,2
Nurzhan Zhumabek,1
Symbat Rakhimov,4
Roman Kaya,4
Balzhan Yilmaz,1
Akbota Cetin,1
Askar Konysbay,3
Aigul Koc,5
Gulnaz Kudaibergen,5
Nur Yerzhanov,1
Balzhan Karimov,4
Serik Zhunusov,2
Alina Rakhimov,4
Maria Koc,2
Ainur Ivanov,2
Igor Smirnov,2
Temirlan Yilmaz,2
Zhandos Arslan,3
Baris Kurt,5
Aizhan Sokolov,1
Vadim Sadykov,2
Polina Kurmanov,5
Zhanna Baitursyn,5
Saltanat Aliyev,1
Yerlan Celik,2
Anton Sokolov,3
Elena Aliyev,1
Aknur Zhumabek,1
Sultan Sadykov,3
Vadim Orazov,2
Bauyrzhan Musin,2
Aliya Kuznetsov,1
Talgat Sadykov,2
Aizhan Esenov,2
Polina Orazov,1
Sanzhar Musin,1
Aigul Sagyndyk,3
Anel Assanov,2
Gaukhar Abenov,4
Derya Aslan,4
Alina Novikov,2
Zhandos Petrov,1
Marat Kudaibergen,2
Bekzat Kara,4
Layla Ibrayev,2
Roman Zhunusov,1
Balzhan Demir,1
Islam Kurt,2
Ruslan Arslan,1
Zhanar Nurgaliyev,2
Aizhan Makhmud,1
Yerbol Ozturk,2
Sabina Ivanov,3
Dinara Zhunusov,5
Dana Mikhailov,1
Yerbol Ualiyev,3
Alisa Ozturk,3
Elnur Kara,2
Tatiana Fedorov,3
Vadim Baitursyn,3
Kairat Orazov,3
Zarina Makhmud,1
Yulia Jumabek,3
Bauyrzhan Bekov,3
Ersultan Koc,5
Denis Kilic,1
Karina Abenov,3
Ilyas Zhaksylyk,2
Zhanar Gabdullin,3
Kuanysh Tleubek,3
Vadim Yilmaz,2
Zhandos Ualiyev,2
Nazym Nurgaliyev,1
Dmitry Yilmaz,2
Meruyert Kilic,3
Zhanel Orazov,2
Yernar Celik,4
Irina Kaliyev,2
Kirill Esenov,3
Bekzat Sahin,2
Ersultan Dauletov,1
Meruyert Amangeldy,2
Aizhan Petrov,2
Tatiana Nurgaliyev,2
Elena Temirov,1
Akbota Morozov,2
Madina Rakhimov,2
Sergey Abenov,3
Sabina Kudaibergen,4
Anton Iskakov,3
Yerlan Gabdullin,3
Nurlan Mikhailov,3
Arman Kurmanov,5
Ainur Bekov,4
Milana Lebedev,2
Rasul Esenov,1
Rasul Jumabek,3
Zhanna Novikov,1
Anton Sadykov,5
Timur Fedorov,2
Elnur Esenov,2
Kuanysh Zhumabek,3
Yerlan Aslan,2
Yernar Omarov,4
Daniyar Rakhimov,4
Kairat Novikov,3
Zeynep Musin,4
Kuanysh Esenov,2
Anel Morozov,4
Ilyas Musin,2
Kairat Rakhimov,3
Oleg Rakhimov,1
Balzhan Temirov,2
Yernar Sagyndyk,5
Aruzhan Musin,1
Marat Demir,2
Dias Jumabek,1
Ksenia Yilmaz,3
Rasul Arslan,3
Ekaterina Tleubek,2
Rauan Mukanov,4
Alibek Zhumabek,5
Zhanar Akhmetov,1
Nikita Abdirov,2
Laura Aslan,4
Zhuldyz Zhumabek,1
Saltanat Ivanov,2
Timur Makhmud,3
Rauan Nurgaliyev,2
Olzhas Bekov,1
Aisha Sagyndyk,5
Sultan Assanov,4
Damir Tleubek,5
Damir Daulet,3
Elnur Alpysbay,2
Ksenia Lebedev,2
Kamila Cetin,3
Maria Orazov,2
Timur Zhaksylyk,2
Dias Ermek,4
Gaukhar Kurmanov,3
Olga Sahin,5
Anton Suleimenov,1
Yerlan Zhaksylyk,2
Damir Musin,5
Asel Ivanov,3
Damir Kaya,1
Rasul Ivanov,3
Zhanel Makhmud,5
Selin Demir,2
Alibek Tashkenov,2
Zhanna Celik,2
Talgat Kilic,1
Oleg Ibrayev,3
Murat Kurt,3
Hasan Iskakov,1
Aknur Akhmetov,2
Ainur Serikbay,2
Symbat Kassym,4
Nikita Bekov,5
Aizhan Kurt,4
Aruzhan Kurt,1
Ruslan Ermek,1
Symbat Tashkenov,1
Timur Smirnov,2
Damir Zhunusov,5
Maxim Novikov,4
Elena Koc,3
Bekzat Sokolov,1
Bekzat Dauletov,3
Temirlan Kurt,3
Layla Dogan,3
Gaukhar Abenov,3
Serik Kaliyev,1
Karina Lebedev,1
Aigerim Nurgaliyev,3
Aknur Ibrayev,2
Adil Baitursyn,2
Gaukhar Kilic,2
Zhanel Serikbay,3
Symbat Yilmaz,4
Kamila Fedorov,2
Zhanna Abenov,3
Adil Kudaibergen,4
Anna Kurmanov,5
Ilyas Makhmud,4
Ainur Ualiyev,5
Dias Gabdullin,5
Zhuldyz Gabdullin,5
Zhanar Omarov,4
Nikita Serikbay,1
Aizhan Iskakov,2
Emre Sagyndyk,5
Sergey Kaya,3
Dias Konysbay,1
Tolga Akhmetov,1
Yulia Kuznetsov,4
Ilyas Fedorov,2
Rauan Rakhimov,5
Elif Morozov,1
Nikita Volkov,3
Olzhas Assanov,3
Zhanel Aslan,1
Saltanat Popov,3
Irina Esenov,1
Ainur Dauletov,3
Miras Bolat,4
Askar Ermek,3
Zhanel Karimov,2
Nazerke Zhumabek,3
Aknur Makhmud,2
Madina Assanov,1
Symbat Zhunusov,1
Ekaterina Ozturk,3
Ruslan Mikhailov,1
Saltanat Esenov,1
Igor Makhmud,4
Alisa Bolat,3
Temirlan Daulet,3
Vlad Morozov,5
Zhanar Dogan,3
Omar Ibrayev,4
Denis Kaya,1
Rauan Yilmaz,2
Aknur Koc,4
Omar Petrov,5
Nurlan Petrov,3
Roman Ozturk,3
Nurlybek Koc,1
Aruzhan Suleimenov,1
Zhansaya Novikov,5
Ilyas Yerzhanov,1
Sofia Jumabek,2
Ksenia Turgenev,2
Aigul Ermek,2
Sanzhar Dauletov,1
Zeynep Aliyev,2
Amir Mukanov,3
Nurlan Volkov,3
Ece Nurgaliyev,1
Arman Cetin,2
Maria Akhmetov,2
Murat Cetin,3
Layla Aslan,3
Maxim Assanov,3
Serik Rakhimov,5
Maxim Tleubek,4
Vera Zhaksylyk,4
Aigul Konysbay,2
Anel Iskakov,4
Zhanar Makhmud,1
Nur Tashkenov,1
Milana Kurmanov,2
Igor Aslan,2
Nurlybek Baiseitov,5
Temirlan Amangeldy,1
Marat Alpysbay,5
Elif Kara,1
Balzhan Bekov,4
Alina Ivanov,4
Emre Morozov,3
Vera Kaya,3
Karina Omarov,4
Elnur Turgenev,2
Yulia Amangeldy,1
Derya Amangeldy,1
Madina Sokolov,2
Murat Assanov,1
Timur Omarov,2
Yerlan Assanov,1
Damir Sahin,4
Dias Ibrayev,3
Maxim Sagyndyk,2
Anna Temirov,3
Sergey Volkov,2
Irina Mikhailov,2
Aisha Volkov,3
Maxim Arslan,2
Aizhan Konysbay,1
Pavel Karimov,2
Polina Orazov,4
Dmitry Kurmanov,2
Temirlan Dogan,2
Nikita Kuznetsov,1
Rasul Kaliyev,5
Dinara Arslan,2
Emre Suleimenov,2
Sanzhar Musin,3
Artem Daulet,1
Meruyert Dogan,2
Yerlan Zhumabek,2
Sergey Koc,2
Sofia Ualiyev,1
Baris Kassym,2
Omar Kurmanov,2
Emre Koc,4
Igor Sokolov,2
Pavel Kaliyev,2
Kuanysh Celik,5
Aliya Turgenev,4
Zhansaya Ivanov,3
Selin Yerzhanov,1
Zhuldyz Jumabek,3
Hasan Demir,4
Elif Mikhailov,2
Vlad Ozturk,1
Anton Kaliyev,3
Aliya Alpysbay,4
Anna Karimov,4
Murat Amangeldy,5
Ekaterina Amangeldy,1
Yerbol Petrov,1
Yernar Omarov,1
Balzhan Sokolov,1
Sabina Esenov,3
Tatiana Smirnov,2
Layla Kaliyev,2
Miras Aliyev,1
Zhanel Karimov,2
Adil Sagyndyk,3
Derya Suleimenov,3
Emre Mukanov,3
Zarina Ermek,3
Sofia Dauletov,3
Kerem Assanov,3
Elnur Daulet,3
Nazerke Assanov,2
Nurlybek Kaya,2
Anna Ivanov,2
Bekzat Zhunusov,2
Artem Gabdullin,5
Oleg Abdirov,3
Maxim Shakenov,1
Yernar Mikhailov,4
Emre Bolat,3
Talgat Tleubek,2
Vadim Ivanov,4
Dmitry Musin,1
Hasan Zhaksylyk,4
Nur Baiseitov,2
Andrey Ermek,4
Aigul Volkov,2
Andrey Mukanov,2
Symbat Shakenov,1
Polina Zhunusov,1
Gulnaz Ibrayev,2
Bauyrzhan Suleimenov,2
Olga Kaya,2
Nazerke Omarov,3
Denis Alpysbay,3
Vera Musin,1
Bekzat Tleubek,2
Nurlan Celik,2
Dmitry Assanov,1
Damir Nurgaliyev,5
Aruzhan Aliyev,3
Talgat Iskakov,1
Zeynep Kurmanov,4
Kuanysh Bekov,5
Elena Orazov,2
Kuanysh Sahin,3
Ruslan Kudaibergen,3
Sabina Kaliyev,5
Zhuldyz Bolat,1
Zhandos Serikbay,5
Talgat Kurt,1
Sergey Sadykov,5
Polina Esenov,3
Emre Popov,3
Ekaterina Konysbay,3
Zarina Akhmetov,3
Temirlan Turgenev,5
Polina Sadykov,3
Anton Sokolov,1
Olzhas Konysbay,3
Islam Volkov,1
Omar Aliyev,1
Ilyas Temirov,1
Maxim Cetin,2
Temirlan Kurt,2
Kairat Tashkenov,2
Murat Sadykov,1
Elif Orazov,3
Vlad Amangeldy,1
Polina Abdirov,4
Yulia Cetin,3
Aknur Volkov,4
Roman Konysbay,1
Baris Assanov,1
Yerlan Sagyndyk,3
Zhuldyz Sadykov,3
Ekaterina Temirov,4
Askar Petrov,2
Symbat Bekov,2
Dana Kurt,1
Aknur Esenov,1
Omar Yerzhanov,1
Nikita Bekov,1
Timur Smirnov,3
Igor Yerzhanov,1
Aisha Aslan,3
Sabina Jumabek,2
Yulia Musin,2
Zhansaya Yilmaz,4
Irina Mukanov,1
Vlad Volkov,2
Sergey Abdirov,3
Tatiana Kurmanov,2
Ilyas Kilic,1
Ksenia Zhaksylyk,2
Irina Abenov,3
Layla Bolat,5
Talgat Kara,2
Miras Jumabek,4
Azamat Koc,2
Dmitry Bolat,2
Dana Karimov,5
Sultan Nurgaliyev,4
Tolga Kara,3
Elnur Baiseitov,3
Aizhan Makhmud,5
Kerem Kuznetsov,1
Ersultan Ualiyev,4
Daria Daulet,2
Aknur Makhmud,5
Yerlan Rakhimov,3
Bauyrzhan Assanov,2
Anton Volkov,4
Aigerim Celik,3
Elif Tleubek,2
Alibek Abenov,2
Vlad Sadykov,2
Anna Dauletov,4
Rasul Sokolov,3
Zhandos Makhmud,3
Zhandos Kurt,2
Ekaterina Alpysbay,1
Sofia Ozturk,1
Gaukhar Gabdullin,4
Elena Smirnov,3
Polina Baitursyn,3
Olga Alpysbay,2
Aknur Kassym,2
Tolga Mukanov,4
Anel Baitursyn,3
Zhanar Abenov,2
Alibek Popov,3
Dana Mukanov,4
Olzhas Kaya,2
Nurzhan Popov,3
Murat Zhaksylyk,5
Roman Nurgaliyev,1
Marat Nurgaliyev,2
Sergey Suleimenov,5
Ruslan Zhumabek,4
Alibek Abdirov,1
Gaukhar Sagyndyk,2
Timur Volkov,3
Yerlan Novikov,3
Asel Zhunusov,5
Elena Kara,4
Gulnaz Ivanov,4
Meruyert Yilmaz,3
Layla Fedorov,3
Milana Yilmaz,5
Zhanna Kudaibergen,5
Zhandos Fedorov,1
Emre Aslan,4
Derya Turgenev,1
Zarina Nurgaliyev,3
Zhuldyz Rakhimov,5
Nur Orazov,4
Anna Koc,1
Kairat Morozov,5
Elif Smirnov,1
Daniyar Konysbay,3
Maria Musin,4
Bauyrzhan Omarov,3
Adil Popov,1
Layla Serikbay,4
Alina Ermek,5
Temirlan Ermek,4
Meruyert Tleubek,1
Baris Demir,4
Ersultan Iskakov,4
Artem Volkov,1
Omar Dogan,3
Symbat Popov,1
Nurlan Volkov,1
Laura Suleimenov,2
Aliya Tleubek,1
Gaukhar Popov,1
Timur Cetin,4
Zeynep Aslan,1
Bekzat Makhmud,4
Marat Koc,3
Yerlan Turgenev,2
Hasan Shakenov,3
Nazym Turgenev,4
Arman Dogan,3
Dias Zhunusov,3
Artem Kurmanov,2
Elif Turgenev,5
Oleg Sahin,1
Serik Zhaksylyk,3
Zhansaya Bekov,1
Dias Abenov,3
Nazerke Fedorov,4
Marat Yerzhanov,1
Emre Akhmetov,1
Anton Tleubek,1
Rasul Amangeldy,4
Hasan Popov,2
Bekzat Bekov,2
Layla Mukanov,1
Tolga Popov,2
Tomiris Ibrayev,2
Murat Abenov,3
Nikita Karimov,1
Ilyas Tleubek,5
Milana Mikhailov,2
Artem Ivanov,2
Kerem Sagyndyk,2
Nazym Sagyndyk,1
Serik Zhumabek,5
Oleg Daulet,4
Kirill Kassym,2
Ekaterina Baitursyn,2
Denis Iskakov,5
Aizhan Dauletov,3
Laura Volkov,1
Igor Sagyndyk,1
Derya Kilic,4
Ersultan Omarov,2
Marat Dogan,2
Dmitry Celik,1
Talgat Alpysbay,4
Polina Kurt,3
Sergey Suleimenov,1
Zhansaya Suleimenov,4
Kerem Rakhimov,5
Zhanna Gabdullin,4
Rasul Kurt,4
Aliya Demir,3
Amir Ivanov,2
Daniyar Fedorov,1
Aknur Nurgaliyev,1
Ece Suleimenov,1
Polina Sadykov,4
Andrey Kurmanov,3
Rauan Orazov,2
Ersultan Esenov,2
Nazym Akhmetov,5
Symbat Novikov,3
Alina Petrov,4
Amir Ozturk,4
Omar Kurt,3
Selin Celik,3
Baris Zhunusov,3
Sanzhar Shakenov,2
Nurzhan Bolat,1
Zhanel Kara,2
Daria Sahin,1
Vadim Smirnov,2
Serik Sahin,3
Ainur Sahin,5
Zhuldyz Sagyndyk,1
Elnur Kudaibergen,3
Ece Arslan,1
Rauan Daulet,3
Alisa Yerzhanov,3
Emre Rakhimov,2
Aliya Kaliyev,1
Akbota Cetin,3
Roman Abenov,2
Aruzhan Konysbay,2
Amir Petrov,5
Zhansaya Jumabek,1
Bekzat Akhmetov,3
Anna Rakhimov,2
Alina Nurgaliyev,3
Ruslan Makhmud,1
Aisha Yerzhanov,3
Nazerke Amangeldy,2
Zeynep Fedorov,4
Balzhan Kurt,4
Oleg Shakenov,4
Islam Amangeldy,3
Meruyert Koc,2
Tatiana Yerzhanov,4
Askar Kurmanov,5
Bauyrzhan Kurt,3
Emre Kilic,1
Amir Sahin,3
Artem Zhaksylyk,5
Igor Kuznetsov,1
Sergey Assanov,1
Arman Ermek,2
Vlad Demir,2
Rasul Musin,1
Nurlybek Konysbay,2
Ksenia Kuznetsov,1
Vera Makhmud,4
Aigul Orazov,4
Alibek Kurmanov,2
Gaukhar Celik,5
Temirlan Esenov,4
Sabina Tleubek,3
Arman Mikhailov,4
Daria Cetin,3
Nazym Bekov,1
Anton Aslan,3
Islam Aslan,1
Symbat Abdirov,4
Sanzhar Alpysbay,3
Madina Koc,2
Kuanysh Kaya,4
Saltanat Kilic,4
Vlad Yilmaz,1
Tomiris Ibrayev,3
Anton Assanov,5
Olzhas Makhmud,3
Timur Dogan,5
Rasul Petrov,1
Gulnaz Zhaksylyk,1
Alibek Fedorov,2
Zeynep Aliyev,3
Tolga Smirnov,4
Elena Sagyndyk,3
Artem Aslan,5
Rauan Yilmaz,2
Milana Smirnov,2
Madina Bekov,4
Zhanar Baiseitov,3
Andrey Ualiyev,3
Kerem Sokolov,4
Ilyas Kaliyev,1
Elena Ozturk,3
Kamila Dogan,3
Laura Sadykov,3
Vlad Esenov,3
Ainur Ermek,1
Gaukhar Kuznetsov,3
Ilyas Orazov,2
Timur Morozov,1
Derya Bolat,3
Anel Sokolov,4
Ekaterina Kurt,2
Daniyar Gabdullin,2
Karina Sadykov,4
Arman Yerzhanov,2
Symbat Suleimenov,3
Elena Abdirov,1
Daria Novikov,3
Zhuldyz Musin,1
Askar Aslan,1
Akbota Suleimenov,1
Aigul Ozturk,3
Roman Zhunusov,1
Vlad Amangeldy,1
Elif Jumabek,2
Anna Temirov,1
Selin Karimov,3
Irina Volkov,2
Zeynep Gabdullin,5
Rasul Zhaksylyk,1
Yerbol Akhmetov,4
Gulnaz Kaliyev,3
Dana Ualiyev,2
Tatiana Kuznetsov,4
Derya Gabdullin,4
Islam Celik,4
Zhanar Ivanov,2
Igor Assanov,5
Elnur Dogan,4
Igor Popov,1
Hasan Tashkenov,1
Anton Demir,1
Zhanar Alpysbay,1
Aigerim Aslan,4
Kairat Sadykov,1
Yulia Omarov,4
Zarina Tleubek,5
Anel Amangeldy,4
Sofia Kurmanov,3
Daniyar Zhaksylyk,2
Vadim Arslan,3
Polina Jumabek,4
Kerem Abdirov,1
Rauan Amangeldy,5
Adil Bolat,4
Ersultan Sahin,2
Alina Assanov,1
Yernar Demir,1
Sabina Assanov,4
Damir Cetin,3
Aliya Baiseitov,1
Vadim Abdirov,4
Elnur Mikhailov,1
Symbat Shakenov,1
Oleg Zhunusov,5
Anna Temirov,1
Sultan Akhmetov,1
Aisha Daulet,2
Zarina Sagyndyk,4
Adil Celik,1
Nurzhan Turgenev,1
Karina Zhumabek,1
Anel Dauletov,2
Miras Novikov,3
Dias Kaya,5
Alisa Sokolov,3
Dinara Iskakov,4
Gulnaz Tleubek,2
Aruzhan Daulet,2
Ece Orazov,3
Zeynep Ermek,1
Serik Petrov,2
Zeynep Kurt,2
Karina Akhmetov,4
Bauyrzhan Yerzhanov,2
Ersultan Kuznetsov,1
Akbota Zhumabek,2
Bekzat Baitursyn,4
Alina Aliyev,2
Meruyert Kuznetsov,2
Zhandos Novikov,1
Yulia Ermek,3
Zhuldyz Baiseitov,2
Alibek Yerzhanov,4
Vera Ivanov,3
Gaukhar Rakhimov,1
Anton Ozturk,1
Saltanat Alpysbay,2
Irina Nurgaliyev,2
Miras Baitursyn,1
Amir Baitursyn,2
Zarina Novikov,3
Nikita Bekov,5
Pavel Aliyev,2
Miras Yilmaz,1
Dmitry Ozturk,4
Temirlan Sokolov,2
Miras Baiseitov,4
Roman Bolat,3
Roman Nurgaliyev,2
Kairat Morozov,3
Arman Bekov,3
Amir Konysbay,3
Ekaterina Turgenev,5
Aknur Esenov,1
Layla Smirnov,3
Murat Aliyev,3
Dinara Mukanov,1
Sofia Kilic,3
Zhanna Celik,4
Alibek Karimov,2
Milana Nurgaliyev,1
Layla Karimov,2
Layla Daulet,2
Rauan Kilic,5
Daniyar Rakhimov,3
Bekzat Konysbay,4
Denis Morozov,2
Tolga Gabdullin,4
Anna Kassym,1
Zarina Mikhailov,4
Aruzhan Demir,5
Aigerim Makhmud,1
Nazym Akhmetov,3
Murat Yerzhanov,2
Nurlan Lebedev,1
Balzhan Esenov,1
Zhanna Rakhimov,4
Zeynep Omarov,1
Temirlan Yilmaz,2
Zarina Bekov,3
Talgat Abdirov,2
Zhanel Aslan,1
Nurzhan Mukanov,2
Layla Yilmaz,1
Ruslan Kaya,1
Maria Omarov,4
Pavel Morozov,3
Karina Ozturk,1
Damir Omarov,1
Nurzhan Demir,4
Igor Musin,4
Kairat Assanov,3
Anel Abenov,3
Aisha Temirov,3
Anna Kaliyev,5
Yernar Zhumabek,2
Daniyar Shakenov,2
Meruyert Sadykov,2
Derya Dauletov,1
Temirlan Kurmanov,2
Zhanel Celik,3
Miras Esenov,1
Maxim Assanov,4
Yernar Aslan,3
Alibek Smirnov,4
Madina Shakenov,4
Maxim Kaya,1
Aliya Turgenev,2
Laura Ozturk,4
Ksenia Nurgaliyev,2
Denis Ivanov,3
Nurlybek Zhunusov,1
Ekaterina Kassym,3
Adil Serikbay,4
Ilyas Zhunusov,1
Ksenia Popov,3
Gulnaz Makhmud,3
Azamat Abenov,3
Aruzhan Ermek,1
Adil Zhumabek,4
Anel Volkov,3
Ilyas Kuznetsov,2
Nikita Sokolov,2
Sabina Volkov,3
Denis Aliyev,2
Olzhas Volkov,3
Milana Demir,2
Hasan Fedorov,4
Olga Mikhailov,2
Murat Musin,2
Kerem Celik,1
Daria Ibrayev,3
Symbat Omarov,1
Vadim Mikhailov,1
Daniyar Aliyev,2
Ilyas Shakenov,1
Oleg Kilic,1
Derya Amangeldy,2
Aizhan Cetin,2
Nazym Rakhimov,3
Dmitry Aslan,2
Zhanel Kassym,1
Sofia Volkov,5
Elena Temirov,5
Kairat Tleubek,2
Murat Dauletov,4
Sabina Aliyev,2
Artem Mikhailov,3
Akbota Kilic,2
Hasan Tashkenov,3
Timur Esenov,2
Timur Ibrayev,2
Saltanat Orazov,3
Sofia Abenov,2
Ekaterina Celik,4
Sabina Cetin,4
Meruyert Lebedev,5
Kerem Suleimenov,2
Nurzhan Bekov,1
Tatiana Orazov,4
Ksenia Arslan,3
Derya Konysbay,2
Elnur Ibrayev,1
Tatiana Sokolov,3
Laura Turgenev,3
Dinara Kara,3
Nikita Yilmaz,1
Vadim Jumabek,2
Olga Mukanov,1
Nurlan Cetin,3
Zhanel Dauletov,1
Oleg Arslan,4
Aizhan Volkov,5
Tolga Kara,1
Timur Sokolov,2
Elena Baitursyn,2
Zeynep Orazov,3
Aizhan Konysbay,1
Hasan Ermek,2
Tolga Kara,1
Zhanna Ualiyev,3
Anel Temirov,2
Kuanysh Smirnov,2
Sergey Orazov,2
Vlad Kassym,3
Murat Dauletov,3
Amir Kilic,3
Symbat Mikhailov,3
Zhanar Kilic,4
Aruzhan Demir,2
Ilyas Baitursyn,1
Aigul Dauletov,3
Timur Kudaibergen,5
Maria Morozov,4
Zhandos Kaya,4
Talgat Abenov,3
Miras Makhmud,5
Olzhas Suleimenov,2
Kerem Turgenev,3
Elnur Suleimenov,2
Aknur Abenov,3
Akbota Volkov,2
Yerbol Fedorov,1
Olga Daulet,4
Irina Zhunusov,4
Artem Kaya,2
Gulnaz Turgenev,4
Tolga Sokolov,2
Miras Assanov,2
Anel Suleimenov,4
Ainur Bekov,3
Alibek Celik,2
Layla Ermek,1
Igor Ualiyev,3
Serik Yerzhanov,2
Dmitry Kurmanov,2
Anton Baitursyn,1
Vadim Alpysbay,3
Maria Kudaibergen,2
Saltanat Cetin,1
Aigul Yerzhanov,1
Adil Yerzhanov,3
Zeynep Musin,1
Vadim Akhmetov,3
Laura Akhmetov,2
Yerlan Baitursyn,2
Derya Tashkenov,2
Elnur Karimov,3
Madina Nurgaliyev,4
Aliya Orazov,3
Gaukhar Kara,3
Yernar Zhumabek,3
Askar Baiseitov,2
Aigerim Petrov,4
Yulia Nurgaliyev,4
Derya Shakenov,4
Vlad Daulet,1
Roman Mukanov,4
Maria Amangeldy,2
Sultan Bekov,2
Elnur Mukanov,3
Nazym Kara,2
Anton Temirov,2
Ruslan Kilic,3
Sultan Abdirov,1
Aizhan Zhaksylyk,5
Elnur Lebedev,1
Askar Aslan,4
Olzhas Alpysbay,1
Zeynep Alpysbay,3
Miras Aliyev,3
Rasul Serikbay,4
Olga Arslan,2
Derya Fedorov,2
Zhanna Popov,1
Aliya Smirnov,5
Damir Arslan,3
Igor Demir,3
Alisa Volkov,3
Nazerke Ozturk,3
Tolga Kaya,2
Laura Tashkenov,3
Nur Kuznetsov,4
Symbat Kaya,5
Adil Tleubek,5
Yerbol Serikbay,4
Ece Daulet,1
Nurlybek Mikhailov,4
Ersultan Koc,5
Timur Demir,2
Ersultan Fedorov,1
Marat Zhaksylyk,3
Polina Novikov,1
Kirill Celik,3
Andrey Lebedev,1
Rauan Fedorov,4
Vera Assanov,5
Kamila Kurmanov,2
Roman Turgenev,3
Sofia Tashkenov,1
Anna Gabdullin,4
Yulia Serikbay,4
Aliya Volkov,1
Tatiana Orazov,3
Zhansaya Arslan,2
Marat Smirnov,5
Akbota Yilmaz,2
Aknur Kaliyev,3
Aknur Orazov,3
Elif Abenov,3
Zeynep Popov,2
Nikita Esenov,2
Sabina Aliyev,1
Arman Novikov,2
Yulia Mukanov,5
Akbota Esenov,3
Maria Abenov,4
Temirlan Jumabek,1
Derya Aliyev,3
Sabina Kuznetsov,3
Zarina Bekov,3
Kerem Sadykov,4
Baris Kuznetsov,1
Igor Shakenov,4
Zhuldyz Lebedev,5
Alibek Assanov,4
Kerem Sadykov,5
Sultan Zhaksylyk,3
Akbota Popov,2
Aliya Orazov,5
Aigul Sadykov,5
Roman Zhumabek,1
Tatiana Kilic,4
Madina Bolat,3
Nurlybek Koc,2
Emre Ermek,2
Zeynep Koc,5
Nazerke Orazov,1
Milana Daulet,2
Gulnaz Abdirov,3
Vadim Abdirov,2
Karina Nurgaliyev,2
Temirlan Turgenev,2
Serik Morozov,2
Zhansaya Tleubek,3
Ainur Smirnov,1
Artem Abdirov,2
Nurzhan Aliyev,1
Nazym Ermek,3
Daria Baitursyn,1
Sanzhar Karimov,4
Oleg Temirov,5
Yerbol Ualiyev,1
Alina Nurgaliyev,3
Sanzhar Sahin,1
Irina Sahin,1
Anton Mukanov,4
Dana Makhmud,1
Sergey Ivanov,2
Elena Aslan,5
Meruyert Yilmaz,3
Maxim Esenov,2
Yulia Makhmud,3
Arman Ermek,4
Meruyert Kurmanov,2
Aigerim Fedorov,3
Gulnaz Bolat,1
Yulia Zhunusov,4
Karina Sadykov,1
Akbota Jumabek,5
Kerem Kaya,1
Denis Koc,1
Daria Yerzhanov,3
Andrey Kurmanov,4
Zhanel Bekov,2
Ksenia Abenov,1
Timur Mikhailov,2
Pavel Akhmetov,2
Pavel Musin,1
Irina Makhmud,1
Temirlan Amangeldy,4
Olga Yilmaz,3
Kamila Shakenov,5
Dana Cetin,2
Meruyert Zhaksylyk,2
Anna Zhaksylyk,2
Alina Smirnov,5
Nurlybek Dogan,3
Milana Kassym,3
Akbota Sokolov,1
Gulnaz Akhmetov,4
Sergey Baitursyn,1
Yerlan Gabdullin,4
Irina Ibrayev,2
Saltanat Fedorov,5
Askar Kuznetsov,5
Zarina Kassym,1
Yerlan Aslan,2
Zarina Karimov,3
Azamat Ermek,2
Anel Turgenev,3
Kirill Kuznetsov,2
Ersultan Tashkenov,2
Rauan Jumabek,4
Zhanna Lebedev,1
Daria Mikhailov,2
Igor Baiseitov,2
Rauan Volkov,1
Ilyas Zhaksylyk,5
Zhandos Shakenov,3
Serik Omarov,3
Miras Zhumabek,1
Dana Baitursyn,4
Kerem Cetin,5
Rauan Musin,3
Denis Musin,1
Serik Ozturk,3
Temirlan Nurgaliyev,3
Kairat Makhmud,1
Selin Mikhailov,1
Aruzhan Yilmaz,2
Yulia Kurmanov,2
Vera Kaliyev,2
Nikita Kilic,3
Nikita Fedorov,3
Ruslan Bolat,4
Tatiana Zhaksylyk,3
Zhanna Zhumabek,3
Yerbol Kudaibergen,1
Alibek Musin,3
Timur Kara,3
Bauyrzhan Konysbay,3
Adil Demir,1
Islam Kilic,2
Askar Akhmetov,2
Aizhan Turgenev,2
Ekaterina Alpysbay,4
Sofia Ualiyev,2
Anna Dauletov,4
Saltanat Bekov,2
Ece Aslan,3
Aliya Popov,1
Baris Dogan,1
Rauan Kassym,2
Asel Ualiyev,5
Anel Alpysbay,2
Elif Tleubek,2
Gulnaz Baitursyn,4
Denis Bekov,2
Sultan Turgenev,3
Serik Baitursyn,2
Alibek Sokolov,3
Artem Tashkenov,4
Aliya Fedorov,1
Rasul Aslan,3
Irina Aslan,1
Adil Baitursyn,5
Gulnaz Volkov,3
Aigul Serikbay,5
Igor Daulet,1
Dmitry Jumabek,3
Symbat Celik,3
Aknur Morozov,5
Roman Kaliyev,2
Yulia Dauletov,1
Aisha Orazov,3
Aliya Sagyndyk,5
Andrey Ibrayev,1
Kirill Koc,3
Kerem Zhumabek,2
Bauyrzhan Abdirov,2
Dinara Shakenov,2
Roman Mikhailov,4
Dana Ozturk,1
Baris Bolat,1
Nurlan Volkov,2
Dana Tleubek,4
Artem Kara,3
Murat Kilic,1
Anel Lebedev,2
Zhanel Bolat,2
Ersultan Suleimenov,1
Islam Abenov,5
Kamila Dogan,1
Serik Amangeldy,5
Nazerke Yerzhanov,1
Vera Novikov,1
Madina Yerzhanov,2
Azamat Aliyev,3
Selin Popov,2
Vadim Musin,5
Selin Kilic,5
Murat Aslan,5
Vlad Tleubek,2
Ksenia Kuznetsov,3
Balzhan Kaliyev,1
Damir Koc,1
Alibek Smirnov,4
Asel Bolat,3
Aigerim Kuznetsov,1
Dana Ivanov,1
Gulnaz Kaliyev,2
Daria Sagyndyk,2
Anel Ermek,1
Kirill Kurmanov,3
Nurzhan Kaliyev,2
Roman Assanov,1
Aizhan Aliyev,3
Kirill Tleubek,2
Rauan Shakenov,1
Ruslan Celik,3
Aruzhan Ibrayev,4
Oleg Zhunusov,1
Sergey Ibrayev,2
Tolga Morozov,2
Talgat Temirov,3
Irina Ibrayev,5
Zhanna Assanov,2
Yulia Sadykov,3
Alina Kudaibergen,5
Daniyar Esenov,2
Sofia Daulet,3
Kirill Zhunusov,1
Vadim Alpysbay,5
Anel Suleimenov,4
Elif Ermek,2
Zhuldyz Turgenev,3
Zarina Zhumabek,1
Aigerim Kilic,1
Aigul Shakenov,2
Kamila Kara,2
Azamat Akhmetov,4
Zhansaya Zhunusov,5
Zarina Smirnov,1
Yernar Gabdullin,3
Murat Volkov,2
Dmitry Celik,2
Zhansaya Makhmud,1
Igor Aliyev,1
Kairat Suleimenov,1
Zhanar Musin,3
Nurlybek Tleubek,3
Bauyrzhan Baitursyn,2
Bauyrzhan Temirov,2
Damir Kassym,3
Nazerke Aslan,3
Daniyar Morozov,1
Yulia Iskakov,3
Islam Sadykov,4
Elif Sadykov,1
Kerem Koc,4
Aliya Rakhimov,2
Asel Mikhailov,4
Maria Arslan,2
Baris Rakhimov,4
Anton Fedorov,4
Arman Ualiyev,2
Yernar Akhmetov,2
Aigerim Tashkenov,4
Milana Demir,1
Alisa Kaya,3
Saltanat Amangeldy,2
Dias Ivanov,3
Polina Kaya,5
Nurlan Esenov,5
Zhanar Iskakov,3
Amir Temirov,3
Elena Shakenov,2
Milana Koc,1
Symbat Ermek,4
Sergey Gabdullin,5
Daria Esenov,4
Ekaterina Ivanov,2
Alina Yerzhanov,3
Yernar Tashkenov,3
Sofia Lebedev,2
Zhanel Ivanov,3
Layla Ualiyev,5
Sanzhar Karimov,3
Serik Novikov,2
Emre Kurt,5
Bekzat Daulet,3
Yerbol Suleimenov,1
Vera Alpysbay,2
Olzhas Musin,3
Madina Omarov,4
Symbat Ozturk,4
Elena Iskakov,3
Nurlybek Serikbay,2
Denis Sokolov,4
Zhansaya Fedorov,1
Islam Tleubek,3
Nazym Temirov,4
Aisha Amangeldy,3
Polina Zhunusov,2
Aruzhan Aliyev,3
Sergey Ualiyev,1
Nurlybek Aslan,3
Kirill Koc,1
Yernar Bolat,1
Igor Mikhailov,2
Dmitry Abenov,3
Polina Kilic,3
Saltanat Kuznetsov,4
Sergey Ozturk,1
Askar Turgenev,1
Denis Zhunusov,5
Talgat Novikov,1
Maxim Arslan,4
Laura Dogan,3
Pavel Amangeldy,3
Milana Baiseitov,2
Sanzhar Aliyev,3
Alisa Morozov,3
Sultan Fedorov,4
Daniyar Koc,3
Zhandos Morozov,2
Elena Esenov,2
Nazym Baiseitov,3
Anna Tashkenov,4
Daria Arslan,4
Kuanysh Nurgaliyev,2
Balzhan Yilmaz,1
Kuanysh Turgenev,3
Alisa Zhaksylyk,1
Meruyert Akhmetov,1
Milana Sadykov,2
Zhanel Temirov,2
Yernar Dogan,3
Laura Daulet,1
Balzhan Dogan,5
Serik Zhunusov,2
Ekaterina Sagyndyk,1
Balzhan Assanov,5
Omar Novikov,2
Hasan Ermek,4
Nurlybek Baitursyn,2
Temirlan Temirov,1
Meruyert Jumabek,4
Ruslan Ermek,1
Akbota Kara,2
Zhanna Amangeldy,3
Tomiris Shakenov,3
Bekzat Omarov,2
Ksenia Kudaibergen,1
Bekzat Akhmetov,1
Serik Kara,1
Aigerim Zhunusov,3
Meruyert Fedorov,2
Zeynep Alpysbay,1
Vlad Ivanov,4
Dinara Yerzhanov,5
Kirill Shakenov,3
Kuanysh Baitursyn,3
Laura Zhunusov,5
Arman Demir,2
Yulia Ibrayev,1
Ruslan Nurgaliyev,3
Andrey Kaya,2
Baris Mikhailov,2
Sergey Konysbay,2
Yerbol Bolat,3
Vera Mukanov,4
Sofia Kudaibergen,1
Timur Sagyndyk,2
Kairat Kurmanov,3
Kerem Orazov,2
Sultan Demir,5
Ainur Aliyev,3
Tomiris Alpysbay,1
Sergey Nurgaliyev,2
Ksenia Kaya,2
Nur Suleimenov,2
Zhuldyz Shakenov,2
Rasul Karimov,3
Aisha Abdirov,3
Murat Esenov,1
Kirill Baitursyn,5
Ksenia Yilmaz,2
Tolga Karimov,2
Temirlan Sagyndyk,2
Nurlan Baiseitov,2
Ksenia Baiseitov,1
Nurlybek Daulet,2
Adil Kilic,1
Anel Turgenev,1
Igor Arslan,4
Askar Kassym,1
Aizhan Abdirov,5
Aigerim Cetin,2
Zhansaya Zhunusov,1
Gaukhar Yilmaz,2
Rasul Baitursyn,3
Elif Karimov,5
Dmitry Abenov,2
Anel Ibrayev,1
Zeynep Zhunusov,5
Nurlan Tashkenov,4
Zhandos Demir,3
Anton Sokolov,1
Askar Ualiyev,1
Sabina Bolat,3
Nikita Karimov,2
Zarina Musin,1
Zeynep Bekov,4
Emre Gabdullin,4
Saltanat Novikov,5
Anna Aslan,3
Nur Bekov,3
Kairat Zhaksylyk,2
Nurlybek Ivanov,5
Kirill Kurmanov,1
Aizhan Ermek,3
Saltanat Musin,1
Hasan Daulet,2
Olzhas Konysbay,1
Damir Assanov,2
Temirlan Volkov,4
Yernar Cetin,2
Omar Kurmanov,2
Asel Ualiyev,4
Arman Ivanov,2
Kuanysh Abdirov,5
Adil Suleimenov,1
Zhandos Orazov,3
Talgat Aliyev,3
Bekzat Bolat,4
Kuanysh Nurgaliyev,1
Zhanna Suleimenov,2
Kuanysh Kaliyev,4
Nurzhan Zhunusov,1
Aliya Suleimenov,2
Nurlan Zhunusov,3
Dias Kilic,3
Anna Yerzhanov,2
Bekzat Bolat,1
Maxim Celik,2
Igor Jumabek,2
Saltanat Konysbay,4
Sabina Ualiyev,5
Nurzhan Smirnov,2
Gulnaz Ozturk,3
Emre Ozturk,1
Yerbol Tleubek,4
Layla Fedorov,4
Alibek Kaya,1
Hasan Temirov,4
Nurlan Nurgaliyev,4
Zhansaya Kudaibergen,1
Bauyrzhan Lebedev,5
Aizhan Baitursyn,2
Yernar Temirov,2
Oleg Mikhailov,3
Kamila Demir,2
Tatiana Kaya,1
Milana Popov,2
Miras Ozturk,1
Aliya Bekov,1
Nazerke Fedorov,1
Zhanar Abdirov,1
Damir Fedorov,4
Murat Popov,5
Alisa Kaliyev,3
Andrey Mukanov,3
Baris Kilic,2
Kuanysh Aslan,2
Tatiana Alpysbay,1
Bauyrzhan Baitursyn,5
Miras Aslan,2
Nurzhan Ivanov,2
Adil Kaya,3
Kamila Shakenov,1
Aigul Iskakov,2
Zhuldyz Mukanov,1
Alibek Jumabek,2
Dias Tashkenov,4
Ekaterina Karimov,2
Sultan Kurt,2
Kuanysh Ivanov,2
Rauan Baiseitov,1
Serik Demir,4
Zeynep Tashkenov,4
Madina Zhunusov,2
Sabina Demir,1
Askar Temirov,3
Daria Bolat,3
Selin Jumabek,3
Olzhas Kilic,4
Zhandos Morozov,5
Derya Kaya,3
Talgat Dauletov,3
Zhanel Karimov,3
Ekaterina Iskakov,2
Maria Karimov,3
Aigerim Gabdullin,4
Dana Serikbay,3
Dana Shakenov,1
Selin Ozturk,5
Sabina Jumabek,3
Hasan Serikbay,3
Sofia Koc,4
Nurlybek Kilic,2
Zhandos Mikhailov,1
Alina Esenov,1
Serik Suleimenov,3
Zarina Serikbay,3
Karina Zhaksylyk,3
Talgat Sokolov,1
Elena Amangeldy,3
Elnur Baiseitov,2
Selin Ualiyev,4
Ainur Cetin,1
Anna Ibrayev,1
Bauyrzhan Zhunusov,1
Elena Kara,1
Bekzat Aliyev,3
Zarina Sokolov,1
Adil Makhmud,5
Kirill Volkov,1
Zarina Kilic,3
Zhansaya Dogan,2
Bauyrzhan Gabdullin,3
Ersultan Omarov,2
Ece Aslan,5
Anna Zhaksylyk,1
Nur Kilic,2
Anna Shakenov,5
Vera Gabdullin,2
Milana Alpysbay,1
Aruzhan Tleubek,1
Daniyar Ozturk,5
Olzhas Lebedev,4
Ece Ivanov,1
Derya Celik,5
Sultan Bekov,4
Zhuldyz Orazov,3
Damir Abenov,4
Aigerim Dauletov,4
Ainur Amangeldy,5
Olga Kassym,1
Temirlan Serikbay,1
Elnur Cetin,5
Igor Kaya,1
Yerbol Novikov,1
Asel Kilic,4
Alisa Konysbay,2
Zeynep Assanov,4
Derya Karimov,2
Aruzhan Aliyev,1
Kirill Mikhailov,3
Yerlan Yerzhanov,3
Tatiana Iskakov,2
Alisa Serikbay,2
Damir Fedorov,4
Talgat Kaya,3
Milana Kudaibergen,2
Dinara Abenov,3
Miras Cetin,1
Anel Konysbay,5
Ekaterina Baiseitov,1
Ilyas Koc,2
Daniyar Shakenov,3
Saltanat Dauletov,4
Aizhan Alpysbay,3
Anton Turgenev,4
Zhansaya Sagyndyk,1
Denis Kuznetsov,2
Omar Lebedev,2
Zhansaya Daulet,3
Nurzhan Makhmud,1
Yerlan Jumabek,1
Kirill Dauletov,3
Kerem Popov,1
Layla Serikbay,3
Ilyas Suleimenov,2
Ksenia Demir,1
Tomiris Koc,5
Talgat Shakenov,4
Artem Dogan,2
Alisa Esenov,5
Aliya Makhmud,4
Nurlybek Sagyndyk,3
Omar Mikhailov,3
Ersultan Makhmud,4
Temirlan Daulet,2
Damir Morozov,5
Hasan Kuznetsov,1
Olga Suleimenov,2
Karina Mikhailov,1
Ksenia Akhmetov,1
Sergey Arslan,2
Igor Morozov,3
Polina Omarov,3
Damir Yerzhanov,2
Andrey Lebedev,2
Murat Tleubek,5
Maxim Orazov,4
Alina Demir,3
Nazerke Mukanov,2
Azamat Abdirov,3
Meruyert Gabdullin,1
Ersultan Serikbay,4
Karina Cetin,3
Anton Kurmanov,1
Nazym Kara,4
Kuanysh Sadykov,1
Talgat Kara,2
Timur Ivanov,1
Nurlybek Demir,1
Symbat Kilic,3
Islam Amangeldy,2
Arman Akhmetov,2
Dias Smirnov,2
Balzhan Popov,1
Karina Kaliyev,5
Derya Abdirov,2
Sofia Assanov,3
Bekzat Kara,5
Zhuldyz Volkov,5
Askar Kurt,2
Bekzat Celik,2
Omar Yerzhanov,3
Oleg Kara,3
Talgat Aliyev,1
Polina Novikov,5
Aigul Assanov,2
Zhandos Iskakov,2
Serik Yilmaz,3
Nazerke Sahin,2
Denis Kilic,4
Ilyas Zhumabek,2
Rauan Petrov,1
Balzhan Kilic,3
Maria Ozturk,4
Zhanar Yilmaz,2
Talgat Ozturk,4
Symbat Aslan,4
Islam Kuznetsov,4
Bauyrzhan Ibrayev,2
Gulnaz Akhmetov,2
Aigul Karimov,2
Azamat Kurt,2
Islam Ivanov,3
Karina Ermek,1
Temirlan Suleimenov,3
Sultan Abenov,1
Damir Shakenov,4
Zhansaya Kaya,4
Sabina Ivanov,3
Pavel Sagyndyk,2
Dinara Baitursyn,2
Alibek Temirov,3
Alina Aslan,2
Sergey Ermek,1
Saltanat Shakenov,1
Roman Nurgaliyev,4
Bauyrzhan Dauletov,2
Milana Baiseitov,4
Damir Temirov,5
Gaukhar Makhmud,1
Olga Bolat,5
Talgat Koc,2
Layla Baiseitov,2
Zhansaya Demir,4
Symbat Aslan,4
Dias Lebedev,4
Derya Cetin,1
Gulnaz Zhunusov,4
Zhuldyz Musin,2
Elnur Sagyndyk,2
Tolga Ualiyev,3
Islam Tleubek,3
Tolga Mukanov,1
Aisha Kaliyev,4
Yulia Karimov,1
Nikita Kurt,3
Ilyas Orazov,2
Elif Kuznetsov,4
Artem Gabdullin,4
Aruzhan Zhunusov,5
Oleg Makhmud,3
Vera Yerzhanov,1
Daria Sahin,2
Ece Iskakov,3
Baris Shakenov,4
Dmitry Ualiyev,3
Temirlan Abdirov,1
Vadim Bekov,1
Miras Iskakov,4
Olzhas Tashkenov,1
Alibek Sokolov,5
Zarina Akhmetov,4
Aruzhan Akhmetov,5
Sultan Temirov,3
Tomiris Serikbay,1
Elif Koc,1
Nur Kaliyev,2
Alibek Kurmanov,2
Kerem Ibrayev,4
Nikita Kilic,4
Rauan Aslan,3
Symbat Makhmud,3
Milana Rakhimov,4
Ece Baiseitov,3
Talgat Fedorov,2
Islam Ozturk,3
Anton Amangeldy,4
Aizhan Tleubek,2
Daniyar Sahin,2
Anel Kurmanov,1
Ekaterina Nurgaliyev,3
Yerbol Bekov,2
Igor Sadykov,2
Baris Yerzhanov,4
Aigul Tashkenov,2
Ekaterina Assanov,3
Aknur Ualiyev,2
Alina Gabdullin,2
Akbota Abenov,1
Zeynep Petrov,3
Dana Novikov,3
Ilyas Dogan,3
Aigerim Zhunusov,4
Layla Assanov,2
Zhanel Lebedev,1
Serik Sagyndyk,2
Temirlan Bekov,4
Alisa Kurmanov,5
Dinara Lebedev,3
Tomiris Assanov,3
Sergey Kara,3
Miras Dauletov,3
Nazerke Yerzhanov,4
Layla Kassym,4
Daniyar Kurt,1
Miras Novikov,2
Baris Bolat,2
Yulia Aliyev,2
Pavel Demir,3
Derya Kara,2
Islam Kaya,1
Kirill Kaya,1
Azamat Makhmud,1
Nikita Nurgaliyev,3
Anna Musin,3
Kirill Ermek,1
Nazerke Mukanov,2
Olzhas Tleubek,3
Roman Smirnov,3
Talgat Kudaibergen,2
Anna Sadykov,3
Aigul Esenov,4
Emre Alpysbay,4
Milana Alpysbay,1
Milana Nurgaliyev,1
Yulia Yilmaz,3
Baris Daulet,1
Sofia Aliyev,1
Karina Kassym,2
Bauyrzhan Cetin,3
Azamat Petrov,3
Daniyar Lebedev,4
Zhansaya Volkov,3
Tomiris Dogan,1
Balzhan Sokolov,3
Elena Kurmanov,3
Dana Yerzhanov,5
Yerbol Sadykov,5
Pavel Alpysbay,4
Elif Abenov,2
Kuanysh Abdirov,1
Alisa Turgenev,3
Azamat Volkov,2
Ece Cetin,3
Polina Zhumabek,1
Maria Tashkenov,2
Selin Kuznetsov,3
Andrey Zhunusov,4
Sofia Turgenev,1
Elnur Kuznetsov,5
Kuanysh Nurgaliyev,1
Andrey Turgenev,1
Bauyrzhan Yerzhanov,2
Kuanysh Turgenev,1
Akbota Nurgaliyev,1
Adil Zhaksylyk,1
Elnur Nurgaliyev,4
Omar Ibrayev,2
Maxim Kaya,4
Vadim Celik,3
Vera Sagyndyk,1
Talgat Dauletov,3
Murat Tleubek,1
Bekzat Baiseitov,3
Daniyar Temirov,2
Rauan Volkov,2
Kamila Yerzhanov,1
Irina Ivanov,3
Ilyas Lebedev,2
Amir Omarov,5
Alibek Ozturk,3
Saltanat Musin,3
Meruyert Konysbay,5
Kamila Serikbay,2
Aigerim Yilmaz,2
Maria Aslan,4
Laura Baiseitov,1
Balzhan Ivanov,5
Sanzhar Kuznetsov,4
Zhanna Kudaibergen,2
Irina Dogan,1
Madina Sadykov,2
Layla Kaya,3
Aigul Smirnov,2
Irina Novikov,1
Anton Ualiyev,2
Zhanel Makhmud,4
Kuanysh Popov,4
Zhandos Volkov,4
Anna Ivanov,5
Temirlan Kaya,3
Talgat Aslan,1
Vera Ualiyev,3
Alibek Orazov,4
Sabina Yilmaz,5
Sergey Esenov,3
Zhanna Novikov,1
Laura Mukanov,2
Artem Sokolov,2
Hasan Karimov,3
Artem Gabdullin,1
Dinara Mukanov,2
Aknur Dogan,3
Olga Abenov,3
Derya Yilmaz,1
Igor Ivanov,3
Aisha Dogan,1
Zhandos Arslan,1
Dmitry Zhunusov,5
Askar Abdirov,4
Aizhan Yerzhanov,1
Nazerke Koc,3
Anna Sagyndyk,3
Ekaterina Baitursyn,1
Selin Kilic,2
Artem Zhumabek,2
Nurlan Kurmanov,3
Nurlan Kara,4
Yerbol Lebedev,2
Tatiana Koc,3
Dmitry Makhmud,1
Roman Sagyndyk,4
Islam Kaliyev,4
Dinara Smirnov,4
Ilyas Kilic,1
Symbat Akhmetov,2
Symbat Jumabek,3
Gaukhar Sadykov,1
Ksenia Petrov,3
Ilyas Kudaibergen,3
Gulnaz Iskakov,3
Maxim Serikbay,2
Talgat Aslan,5
Sofia Kaya,3
Ilyas Dauletov,3
Ksenia Bolat,2
Sultan Mikhailov,3
Yerlan Sadykov,1
Olga Sadykov,3
Nazym Sagyndyk,2
Bauyrzhan Zhunusov,4
Zhanar Ermek,5
Nurlan Kudaibergen,2
Andrey Esenov,4
Ece Amangeldy,1
Polina Kilic,4
Karina Kudaibergen,1
Olga Baitursyn,1
Gaukhar Sagyndyk,4
Anton Kassym,3
Tomiris Dogan,4
Aruzhan Amangeldy,2
Talgat Sagyndyk,1
Temirlan Lebedev,1
Asel Amangeldy,5
Ekaterina Sadykov,4
Murat Zhaksylyk,1
Zarina Kaya,1
Anel Demir,4
Tomiris Abenov,3
Aruzhan Nurgaliyev,1
Laura Ivanov,1
Alina Ivanov,3
Zarina Musin,3
Omar Ualiyev,1
Yulia Gabdullin,5
Rasul Sagyndyk,3
Ksenia Kurt,3
Nurlan Rakhimov,5
Milana Alpysbay,1
Nurlybek Volkov,2
Nurlybek Baiseitov,4
Ekaterina Fedorov,5
Kirill Temirov,3
Yerbol Zhumabek,2
Kamila Baiseitov,5
Kamila Kara,3
Nurlybek Kaliyev,2
Elena Musin,2
Rasul Kilic,4
Zhandos Sokolov,3
Vlad Mikhailov,1
Timur Iskakov,4
Ersultan Arslan,3
Zhandos Zhunusov,3
Zeynep Petrov,1
Ersultan Temirov,1
Zhandos Ozturk,1
Tolga Kuznetsov,2
Tomiris Dauletov,1
Marat Tashkenov,2
Amir Koc,2
Kerem Yerzhanov,3
Kamila Abenov,3
Dana Kudaibergen,5
Aigul Musin,3
Arman Serikbay,1
Ece Ualiyev,2
Nazym Jumabek,2
Nurzhan Mukanov,1
Maria Sokolov,4
Nurlybek Bekov,2
Elif Sahin,1
Dias Arslan,5
Zhanar Kara,1
Dana Karimov,4
Aizhan Shakenov,4
Omar Demir,1
Olzhas Mukanov,3
Talgat Kuznetsov,3
Alibek Kara,4
Ksenia Dauletov,2
Kairat Iskakov,1
Marat Morozov,1
Ekaterina Bekov,2
Dias Volkov,2
Denis Arslan,5
Igor Yilmaz,2
Ece Ozturk,3
Kirill Temirov,5
Sultan Amangeldy,1
Yerlan Mikhailov,4
Miras Dogan,2
Polina Suleimenov,3
Omar Ozturk,1
Layla Esenov,2
Aisha Abdirov,2
Irina Amangeldy,2
Marat Demir,2
Daria Aslan,5
Maxim Ermek,4
Olga Karimov,3
Denis Zhumabek,2
Serik Nurgaliyev,3
Olzhas Koc,4
Sergey Cetin,1
Alisa Petrov,2
Dinara Novikov,1
Damir Arslan,1
Tatiana Gabdullin,1
Gaukhar Jumabek,1
Damir Morozov,2
Aigul Amangeldy,2
Zhanel Sahin,4
Kamila Arslan,2
Nikita Novikov,2
Nurlybek Volkov,2
Dias Esenov,2
Vadim Baitursyn,4
Nazerke Baiseitov,5
Ksenia Omarov,1
Aigerim Rakhimov,5
Vadim Popov,2
Nurlan Smirnov,4
Zhanna Kara,3
Kuanysh Sagyndyk,4
Adil Tashkenov,1
Ainur Kudaibergen,4
Nur Kaya,3
Kuanysh Sokolov,3
Kamila Kara,5
Meruyert Smirnov,3
Alisa Zhaksylyk,2
Milana Shakenov,2
Anel Mikhailov,3
Talgat Musin,2
Alina Lebedev,4
Sultan Ermek,1
Akbota Celik,2
Aigerim Amangeldy,3
Anel Ibrayev,1
Zhanna Omarov,4
Arman Zhunusov,5
Laura Bekov,3
Pavel Baiseitov,3
Alibek Ozturk,3
Yerbol Yerzhanov,2
Nur Abdirov,1
Bauyrzhan Baiseitov,3
Meruyert Amangeldy,4
Nazerke Ualiyev,1
Dinara Ualiyev,2
Adil Kara,5
Ruslan Omarov,1
Aisha Lebedev,4
Arman Suleimenov,3
Yerlan Omarov,2
Aizhan Celik,1
Roman Kaliyev,1
Zhanar Baitursyn,3
Rasul Akhmetov,3
Timur Bekov,4
Asel Morozov,3
Irina Smirnov,2
Derya Gabdullin,1
Zeynep Kassym,3
Madina Mikhailov,3
Murat Gabdullin,2
Ainur Temirov,5
Ersultan Lebedev,3
Selin Demir,4
Alibek Tleubek,4
Vlad Gabdullin,4
Tatiana Aliyev,4
Nikita Gabdullin,2
Sanzhar Rakhimov,4
Milana Omarov,5
Asel Sadykov,2
Ruslan Karimov,2
Nazerke Ivanov,2
Islam Volkov,2
Talgat Kara,3
Vlad Kudaibergen,3
Nikita Aslan,2
Kamila Ivanov,1
Zhanel Aliyev,1
Anel Bekov,1
Symbat Mukanov,5
Meruyert Popov,3
Olga Sokolov,4
Ainur Tashkenov,4
Elif Sadykov,1
Vadim Tashkenov,1
Gulnaz Karimov,3
Dana Dauletov,1
Maria Jumabek,5
Saltanat Serikbay,4
Yernar Kudaibergen,3
Anel Arslan,1
Nur Nurgaliyev,1
Sanzhar Akhmetov,3
Askar Esenov,2
Aknur Ermek,4
Ece Karimov,2
Aizhan Gabdullin,1
Vlad Temirov,2
Alibek Fedorov,2
Zhandos Alpysbay,1
Denis Kaya,3
Murat Ivanov,4
Nikita Kaya,4
Andrey Mikhailov,4
Maria Celik,2
Balzhan Serikbay,4
Symbat Fedorov,1
Zhanar Fedorov,2
Madina Mukanov,5
Kamila Kuznetsov,1
Pavel Makhmud,2
Zarina Yerzhanov,3
Aigerim Temirov,2
Maxim Demir,3
Ruslan Bekov,3
Elif Amangeldy,3
Dinara Jumabek,3
Marat Kudaibergen,1
Zarina Sagyndyk,2
Tomiris Musin,1
Yerlan Kara,5
Bauyrzhan Makhmud,1
Karina Arslan,2
Akbota Daulet,1
Symbat Mukanov,3
Asel Koc,2
Madina Alpysbay,2
Damir Amangeldy,4
Ruslan Baiseitov,4
Zhanna Gabdullin,1
Zhanel Omarov,4
Marat Abenov,3
Serik Suleimenov,1
Artem Turgenev,4
Temirlan Akhmetov,3
Maria Tleubek,1
Sultan Ermek,5
Daniyar Aliyev,3
Ainur Tashkenov,3
Zhansaya Suleimenov,3
Kerem Kilic,1
Sabina Omarov,3
Aigul Demir,2
Selin Zhumabek,1
Layla Dogan,4
Aigul Aliyev,2
Alisa Fedorov,2
Arman Temirov,1
Elnur Cetin,1
Rasul Yilmaz,3
Yernar Sadykov,4
Daria Daulet,1
Akbota Volkov,2
Anton Esenov,4
Aisha Abdirov,4
Sofia Lebedev,3
Dana Dauletov,3
Maria Temirov,3
Derya Daulet,2
Tolga Volkov,1
Kamila Shakenov,2
Talgat Akhmetov,1
Nurzhan Ermek,2
Meruyert Demir,5
Selin Temirov,1
Elnur Aslan,2
Islam Ozturk,2
Meruyert Arslan,2
Zhanna Temirov,4
Maria Kilic,4
Marat Popov,2
Dmitry Sokolov,1
Sabina Arslan,5
Baris Fedorov,1
Anton Kaliyev,2
Maxim Dauletov,1
Zhandos Ivanov,2
Alisa Baitursyn,3
Elnur Temirov,2
Askar Dauletov,5
Olga Zhaksylyk,1
Nurlybek Bekov,1
Kuanysh Mukanov,5
Laura Bekov,2
Karina Ivanov,3
Igor Ozturk,2
Bekzat Smirnov,1
Gaukhar Mukanov,1
Bauyrzhan Konysbay,3
Zhanna Dauletov,4
Saltanat Karimov,1
Aigul Tashkenov,1
Olzhas Kurt,1
Aknur Mikhailov,1
Polina Kudaibergen,1
Vadim Musin,4
Timur Yerzhanov,2
Ece Zhaksylyk,1
Anton Petrov,1
Aknur Orazov,1
Roman Ualiyev,3
Zhandos Jumabek,2
Pavel Dogan,4
Gulnaz Fedorov,5
Zhuldyz Smirnov,4
Ruslan Yilmaz,3
Aigul Kaliyev,3
Akbota Aslan,1
Ekaterina Shakenov,2
Marat Baiseitov,3
Amir Assanov,1
Aizhan Morozov,1
Aigerim Zhunusov,3
Olzhas Aliyev,5
Kairat Assanov,2
Damir Akhmetov,2
Aruzhan Petrov,3
Symbat Suleimenov,4
Zhanar Ibrayev,3
Meruyert Dogan,3
Nikita Kudaibergen,3
Zhandos Zhaksylyk,5
Arman Dogan,2
Elnur Orazov,2
Murat Tashkenov,1
Marat Sokolov,1
Ksenia Serikbay,3
Zarina Ivanov,3
Aliya Dogan,4
Hasan Kilic,3
Ainur Omarov,1
Anton Ermek,4
Kirill Dogan,1
Igor Kaya,2
Aruzhan Aslan,1
Talgat Turgenev,1
Murat Kudaibergen,5
Rauan Sahin,5
Olga Shakenov,2
Ruslan Shakenov,5
Aruzhan Zhumabek,2
Zhuldyz Baitursyn,3
Arman Kassym,5
Dinara Sokolov,1
Zarina Celik,3
Temirlan Aslan,2
Azamat Aslan,4
Laura Turgenev,2
Elif Kara,4
Nurzhan Dauletov,2
Nikita Temirov,5
Marat Mukanov,3
Serik Rakhimov,1
Aizhan Petrov,1
Islam Novikov,1
Temirlan Ermek,1
Milana Kuznetsov,3
Ruslan Ualiyev,3
Oleg Orazov,4
Asel Yilmaz,3
Kirill Abdirov,3
Talgat Zhaksylyk,2
Vlad Kaya,2
Madina Baiseitov,3
Bauyrzhan Yerzhanov,3
Adil Konysbay,3
Olzhas Daulet,1
Artem Lebedev,2
Arman Kurt,4
Gulnaz Esenov,4
Kairat Karimov,2
Aknur Aslan,4
Ilyas Kilic,1
Dinara Ivanov,1
Sultan Sahin,1
Aliya Yilmaz,3
Anna Yilmaz,2
Amir Ermek,2
Dmitry Omarov,2
Kairat Dogan,2
Aigerim Koc,3
Daniyar Esenov,4
Bauyrzhan Petrov,4
Yerlan Lebedev,5
Azamat Petrov,1
Aisha Lebedev,1
Sergey Kaya,4
Nazerke Fedorov,3
Tomiris Baiseitov,3
Elnur Musin,4
Murat Rakhimov,1
Aruzhan Kuznetsov,4
Zhansaya Kuznetsov,4
Nazym Rakhimov,5
Ksenia Alpysbay,5
Sabina Petrov,1
Dmitry Alpysbay,2
Yernar Gabdullin,4
Bauyrzhan Kilic,1
Aliya Orazov,3
Murat Baitursyn,3
Sabina Ozturk,1
Vadim Tashkenov,3
Denis Yerzhanov,2
Zhanar Akhmetov,1
Asel Zhaksylyk,1
Olga Jumabek,5
Anel Ozturk,5
Selin Ibrayev,1
Amir Yerzhanov,5
Ece Novikov,3
Amir Bekov,3
Ece Serikbay,3
Polina Konysbay,1
Olzhas Musin,2
Zhanar Kilic,5
Hasan Kaliyev,5
Tolga Alpysbay,1
Hasan Akhmetov,4
Maria Shakenov,1
Artem Dauletov,1
Symbat Shakenov,4
Alina Demir,2
Dinara Kassym,3
Roman Ozturk,4
Dana Turgenev,3
Saltanat Tleubek,2
Vlad Kurmanov,5
Zhanel Turgenev,1
Derya Novikov,4
Aizhan Ozturk,3
Symbat Nurgaliyev,1
Vadim Ermek,5
Yernar Musin,5
Askar Kurmanov,5
Zhanna Turgenev,2
Aigul Yerzhanov,1
Derya Ivanov,2
Aknur Petrov,3
Meruyert Kilic,3
Milana Popov,2
Yerlan Esenov,4
Alina Smirnov,3
Vadim Volkov,1
Balzhan Novikov,3
Emre Bolat,2
Nur Yerzhanov,3
Zeynep Yilmaz,4
Baris Petrov,1
Nur Assanov,2
Tolga Jumabek,3
Denis Musin,3
Aizhan Kudaibergen,3
Sofia Zhaksylyk,1
Laura Zhumabek,1
Andrey Konysbay,5
Zhanel Kaliyev,2
Karina Kuznetsov,3
Sofia Jumabek,3
Arman Mukanov,3
Talgat Suleimenov,2
Balzhan Ermek,3
Talgat Assanov,3
Derya Jumabek,5
Gaukhar Aslan,2
Zeynep Kara,1
Nazym Kudaibergen,3
Kirill Popov,3
Akbota Baiseitov,2
Amir Mukanov,3
Zhuldyz Daulet,2
Nurzhan Konysbay,3
Aigul Celik,5
Damir Ermek,4
Emre Mikhailov,5
Murat Iskakov,2
Aisha Kuznetsov,3
Anton Zhumabek,3
Emre Kaya,4
Sabina Sokolov,3
Yernar Ibrayev,3
Gaukhar Kilic,3
Tomiris Serikbay,1
Milana Aslan,1
Dmitry Kaliyev,4
Gaukhar Daulet,2
Ekaterina Rakhimov,3
Igor Dauletov,4
Zeynep Kara,2
Murat Shakenov,5
Amir Kurt,3
Azamat Kara,1
Ersultan Sadykov,2
Nazerke Ermek,4
Sabina Karimov,3
Polina Morozov,4
Ilyas Novikov,2
Daria Ozturk,4
Yerlan Suleimenov,5
Ilyas Abenov,3
Emre Zhaksylyk,3
Karina Yerzhanov,3
Tomiris Novikov,3
Tomiris Ivanov,2
Emre Kara,1
Tolga Kuznetsov,1
Karina Kuznetsov,4
Polina Demir,2
Ersultan Petrov,3
Yerbol Kaya,5
Layla Sadykov,2
Denis Kuznetsov,2
Emre Akhmetov,2
Elena Turgenev,2
Nazym Petrov,1
Dmitry Aliyev,4
Zhanar Kaliyev,3
Roman Nurgaliyev,4
Aisha Ozturk,1
Dias Ibrayev,4
Ece Ualiyev,4
Dana Dogan,5
Vera Celik,4
Yernar Omarov,4
Alibek Alpysbay,2
Anel Aliyev,2
Ece Alpysbay,4
Marat Ualiyev,2
Nazym Amangeldy,4
Aknur Ozturk,3
Sanzhar Aslan,5
Aknur Jumabek,2
Anton Ibrayev,1
Ilyas Ualiyev,1
Nazerke Makhmud,5
Maxim Temirov,1
Nurlybek Aliyev,3
Aizhan Tashkenov,1
Nikita Petrov,3
Olzhas Kilic,1
Vadim Kaya,2
Gulnaz Tashkenov,4
Andrey Zhumabek,2
Igor Zhumabek,1
Kirill Gabdullin,1
Ilyas Kaya,2
Ruslan Assanov,1
Rasul Kurt,3
Madina Orazov,1
Zhanar Daulet,1
Tolga Baiseitov,5
Balzhan Abenov,1
Elif Karimov,5
Amir Popov,1
Baris Orazov,1
Ersultan Daulet,2
Dias Tashkenov,4
Vadim Abdirov,3
Anel Koc,4
Layla Abenov,2
Derya Tashkenov,4
Daria Kara,2
Karina Sagyndyk,3
Artem Jumabek,4
Hasan Koc,1
Nazym Sahin,4
Daria Kuznetsov,3
Zhanar Temirov,3
Kairat Yerzhanov,4
Nurlybek Omarov,5
Yulia Assanov,1
Denis Yerzhanov,1
Kuanysh Alpysbay,5
Nurlan Kudaibergen,5
Olzhas Celik,5
Alibek Tleubek,2
Roman Amangeldy,2
Vera Makhmud,5
Sultan Aliyev,5
Miras Konysbay,1
Yerlan Turgenev,3
Aisha Karimov,1
Dias Omarov,4
Sergey Bekov,4
Yerbol Abenov,3
Zhansaya Amangeldy,2
Zeynep Iskakov,4
Tatiana Mikhailov,3
Marat Akhmetov,4
Daria Yerzhanov,3
Ksenia Demir,4
Meruyert Zhaksylyk,4
Ksenia Yerzhanov,2
Nurzhan Akhmetov,1
Tatiana Ibrayev,3
Daniyar Temirov,3
Denis Jumabek,1
Rasul Ibrayev,3
Vadim Aslan,1
Sofia Kurt,1
Tomiris Assanov,3
Zhanar Ibrayev,1
Ruslan Akhmetov,2
Dias Arslan,3
Bekzat Turgenev,2
Akbota Akhmetov,1
Tolga Dogan,3
Damir Volkov,2
Roman Ozturk,2
Artem Gabdullin,4
Akbota Kurt,2
Gulnaz Akhmetov,3
Gulnaz Iskakov,1
Zeynep Yilmaz,4
Kerem Baitursyn,1
Anna Kuznetsov,5
Dana Esenov,3
Aigul Musin,1
Azamat Volkov,3
Akbota Konysbay,5
Ilyas Ozturk,3
Ilyas Jumabek,3
Yulia Ibrayev,2
Derya Ualiyev,5
Baris Popov,1
Zhuldyz Baitursyn,3
Polina Baitursyn,3
Nurlan Aslan,1
Nurlybek Esenov,2
Zhansaya Lebedev,3
Sabina Cetin,3
Damir Cetin,1
Andrey Arslan,4
Bauyrzhan Makhmud,3
Ekaterina Ozturk,3
Timur Petrov,3
Anton Dauletov,3
Symbat Jumabek,2
Nurzhan Kara,4
Ekaterina Makhmud,3
Derya Makhmud,5
Olzhas Karimov,1
Dana Bolat,5
Elnur Mukanov,3
Aliya Baitursyn,4
Polina Arslan,3
Ruslan Abenov,2
Dias Konysbay,2
Ersultan Shakenov,3
Nurlan Bekov,1
Sultan Baitursyn,3
Igor Baiseitov,1
Ksenia Assanov,4
Zhuldyz Sokolov,1
Kerem Ozturk,2
Nazerke Abenov,1
Sultan Ermek,3
Vadim Jumabek,2
Ilyas Ualiyev,1
Nazerke Novikov,2
Miras Ibrayev,2
Zhanar Demir,3
Gaukhar Morozov,1
Aigerim Baiseitov,2
Aigul Omarov,2
Madina Morozov,2
Nurlybek Rakhimov,2
Ruslan Dauletov,4
Tolga Yilmaz,1
Yernar Demir,2
Vadim Kaliyev,4
Maria Konysbay,5
Karina Smirnov,5
Nur Sagyndyk,3
Talgat Turgenev,3
Sofia Tashkenov,2
Dinara Ivanov,2
Islam Orazov,4
Sabina Dogan,1
Emre Iskakov,4
Irina Orazov,2
Ilyas Fedorov,5
Ekaterina Turgenev,4
Emre Makhmud,3
Zarina Celik,4
Serik Serikbay,3
Ekaterina Amangeldy,2
Alisa Bolat,5
Aigerim Mukanov,4
Layla Celik,3
Miras Ivanov,4
Artem Volkov,3
Sultan Assanov,3
Aruzhan Zhumabek,4
Zhanna Sagyndyk,3
Aizhan Demir,2
Olzhas Dogan,3
Baris Cetin,3
Daniyar Alpysbay,2
Nur Assanov,2
Nurlan Abdirov,3
Karina Sadykov,4
Daniyar Kaliyev,2
Zhuldyz Bekov,1
Sergey Yilmaz,3
Milana Omarov,4
Milana Smirnov,3
Tatiana Shakenov,1
Ilyas Amangeldy,4
Laura Zhaksylyk,5
Aliya Yerzhanov,3
Maria Kilic,2
Nur Kaya,3
Ilyas Yerzhanov,1
Dmitry Zhaksylyk,1
Murat Baitursyn,3
Tatiana Orazov,1
Nur Omarov,3
Nurzhan Suleimenov,5
Symbat Iskakov,3
Serik Esenov,2
Asel Kurt,1
Karina Konysbay,4
Kuanysh Akhmetov,5
Bauyrzhan Kaliyev,2
Aliya Iskakov,2
Derya Gabdullin,1
Alibek Popov,3
Ekaterina Arslan,3
Sergey Assanov,1
Maxim Suleimenov,4
Timur Konysbay,2
Sofia Sagyndyk,4
Zhansaya Aslan,2
Akbota Demir,4
Islam Abenov,2
Roman Popov,3
Zhandos Popov,5
Meruyert Abdirov,1
Artem Assanov,4
Maxim Akhmetov,5
Vadim Kuznetsov,1
Sofia Kurt,1
Karina Tleubek,5
Kairat Esenov,1
Karina Karimov,1
Sabina Zhunusov,2
Sanzhar Kara,5
Derya Iskakov,1
Vlad Daulet,2
Selin Abenov,3
Askar Sokolov,2
Temirlan Alpysbay,3
Nikita Kurmanov,1
Daria Kaliyev,3
Talgat Amangeldy,3
Tatiana Sahin,3
Zhanel Smirnov,3
Vera Morozov,3
Maxim Alpysbay,3
Kerem Yerzhanov,1
Rasul Koc,5
Balzhan Bekov,2
Kerem Baitursyn,3
Talgat Bekov,2
Aigerim Jumabek,3
Yerlan Aslan,4
Zarina Kurmanov,1
Ruslan Aliyev,3
Yernar Lebedev,2
Ainur Temirov,3
Zhuldyz Baiseitov,1
Bauyrzhan Kudaibergen,4
Rauan Ozturk,2
Gulnaz Gabdullin,4
Dias Ermek,3
Vlad Bekov,1
Kirill Volkov,4
Yerlan Kurt,5
Aknur Aslan,3
Hasan Ermek,5
Azamat Konysbay,2
Nurlybek Lebedev,4
Aknur Alpysbay,4
Alina Koc,3
Zhanar Ibrayev,4
Daria Lebedev,4
Milana Amangeldy,4
Azamat Gabdullin,4
Marat Mukanov,4
Ruslan Kurt,2
Kairat Amangeldy,3
Ksenia Sagyndyk,2
Zarina Demir,2
Irina Kassym,5
Polina Petrov,4
Kirill Ibrayev,2
Talgat Popov,2
Nikita Orazov,5
Omar Makhmud,4
Tolga Demir,1
Tolga Gabdullin,1
Azamat Musin,3
Islam Celik,1
Roman Temirov,1
Aisha Kurt,4
Elnur Dogan,1
Madina Smirnov,1
Alina Musin,3
Aizhan Konysbay,5
Ilyas Kaliyev,2
Zhanna Volkov,2
Tomiris Sadykov,4
Polina Kilic,5
Milana Bekov,3
Artem Gabdullin,1
Amir Baitursyn,2
Zhuldyz Tashkenov,3
Denis Bolat,4
Adil Kaliyev,2
Rauan Daulet,3
Ainur Kilic,2
Vera Turgenev,4
Olzhas Makhmud,4
Maria Bekov,5
Aigerim Kurt,1
Denis Baiseitov,3
Ilyas Kudaibergen,2
Irina Jumabek,2
Emre Ibrayev,2
Dinara Rakhimov,2
Saltanat Mikhailov,2
Polina Ivanov,4
Andrey Aliyev,2
Zeynep Sagyndyk,3
Maria Kara,1
Gaukhar Jumabek,1
Omar Zhumabek,1
Gaukhar Morozov,4
Milana Serikbay,1
Maxim Suleimenov,5
Nazerke Assanov,4
Ece Morozov,1
Denis Kurmanov,3
Irina Zhumabek,2
Aizhan Sagyndyk,2
Alina Yilmaz,2
Ruslan Alpysbay,2
Laura Ozturk,2
Dias Kaya,1
Denis Zhaksylyk,1
Dana Baitursyn,4
Sanzhar Baitursyn,4
Nurlybek Turgenev,2
Aisha Nurgaliyev,3
Adil Baitursyn,5
Maria Petrov,3
Aigerim Nurgaliyev,1
Dmitry Jumabek,3
Arman Orazov,3
Yernar Popov,3
Sabina Koc,2
Askar Koc,2
Daniyar Ermek,3
Symbat Kurt,1
Dana Konysbay,1
Nikita Abenov,1
Sanzhar Yilmaz,1
Dinara Volkov,3
Kamila Kilic,2
Roman Celik,1
Kirill Tashkenov,3
Amir Demir,5
Nurlan Ivanov,2
Elif Aliyev,5
Elif Ivanov,5
Kuanysh Petrov,3
Nurlan Sokolov,1
Vera Arslan,3
Layla Gabdullin,2
Yernar Morozov,1
Murat Koc,5
Nazym Baitursyn,4
Zhansaya Iskakov,4
Rauan Kaliyev,1
Ruslan Abdirov,1
Aisha Karimov,1
Zhandos Ozturk,3
Aisha Ermek,3
Ersultan Kurmanov,5
Ilyas Aliyev,5
Kuanysh Esenov,1
Zhansaya Tashkenov,5
Kirill Nurgaliyev,2
Maxim Celik,3
Andrey Turgenev,2
Rasul Koc,1
Madina Suleimenov,1
Ekaterina Abenov,3
Gaukhar Kara,1
Aisha Turgenev,4
Artem Musin,3
Vadim Kaya,4
Damir Gabdullin,3
Maxim Assanov,2
Kamila Aliyev,3
Aruzhan Serikbay,2
Elnur Kassym,5
Roman Dogan,3
Anna Kurt,2
Saltanat Popov,3
Selin Omarov,1
Nazerke Sokolov,4
Olga Morozov,2
Akbota Koc,1
Nurlan Smirnov,1
Ilyas Turgenev,3
Kuanysh Ualiyev,3
Rauan Zhaksylyk,2
Asel Zhunusov,2
Olzhas Yerzhanov,1
Tolga Ivanov,2
Ruslan Arslan,3
Vera Esenov,3
Tatiana Sadykov,1
Sanzhar Ivanov,1
Miras Nurgaliyev,4
Aisha Iskakov,3
Gulnaz Petrov,2
Anton Cetin,2
Serik Kara,5
Madina Dogan,2
Vadim Ozturk,2
Vadim Aliyev,3
Azamat Kurmanov,2
Aknur Nurgaliyev,1
Balzhan Kaya,3
Dana Tashkenov,3
Sanzhar Kudaibergen,4
Temirlan Sokolov,3
Nurlybek Lebedev,1
Elif Daulet,2
Damir Sadykov,3
Ksenia Celik,4
Dinara Ibrayev,2
Asel Yilmaz,2
Zhanna Zhumabek,3
Saltanat Serikbay,3
Polina Arslan,2
Saltanat Novikov,2
Gaukhar Demir,3
Polina Zhumabek,1
Bekzat Petrov,2
Timur Arslan,1
Yulia Morozov,3
Timur Gabdullin,1
Karina Sagyndyk,2
Anel Makhmud,2
Irina Musin,3
Nazerke Omarov,4
Yulia Assanov,3
Meruyert Jumabek,5
Polina Morozov,1
Artem Cetin,4
Sultan Lebedev,1
Rauan Turgenev,4
Aknur Shakenov,1
Aigul Kilic,2
Bauyrzhan Mikhailov,2
Roman Amangeldy,3
Zarina Kaliyev,1
Milana Fedorov,1
Baris Ermek,1
Zhanar Abenov,1
Ekaterina Akhmetov,2
Baris Lebedev,5
Asel Akhmetov,2
Tatiana Daulet,2
Yernar Mukanov,3
Daria Ermek,3
Rasul Esenov,5
Baris Petrov,4
Olzhas Sahin,1
Symbat Smirnov,3
Nikita Kudaibergen,5
Dana Volkov,3
Marat Konysbay,1
Maxim Serikbay,1
Ainur Ualiyev,4
Zeynep Demir,3
Aliya Mikhailov,2
Miras Mikhailov,5
Olga Makhmud,1
Oleg Aslan,2
Talgat Omarov,5
Yernar Volkov,2
Sabina Orazov,3
Karina Alpysbay,4
Tatiana Koc,1
Balzhan Morozov,4
Kuanysh Mukanov,1
Laura Kilic,2
Tatiana Arslan,3
Madina Kurt,2
Anna Kuznetsov,1
Aruzhan Karimov,1
Islam Omarov,1
Anel Ozturk,1
Omar Serikbay,5
Yerbol Sagyndyk,1
Yerbol Abenov,3
Zhandos Demir,4
Oleg Kassym,2
Yerlan Kara,2
Artem Baiseitov,1
Nurlybek Sokolov,5
Elnur Fedorov,2
Gulnaz Kaya,3
Damir Kuznetsov,2
Aigul Sokolov,1
Aknur Fedorov,2
Oleg Sadykov,2
Alisa Shakenov,5
Kuanysh Akhmetov,2
Ekaterina Turgenev,4
Aliya Dauletov,2
Damir Zhunusov,2
Derya Esenov,3
Nazym Temirov,3
Yernar Musin,2
Zhandos Bekov,3
Adil Zhaksylyk,1
Kuanysh Abenov,2
Maria Koc,3
Gaukhar Baiseitov,2
Saltanat Iskakov,3
Sanzhar Tleubek,4
Sofia Konysbay,1
Nurzhan Jumabek,1
Tatiana Baitursyn,2
Adil Iskakov,2
Gulnaz Makhmud,3
Miras Ozturk,5
Bekzat Sokolov,3
Vera Sadykov,3
Aliya Yerzhanov,3
Tomiris Kara,4
Rauan Karimov,3
Zhanel Kaliyev,2
Anna Kaya,1
Gaukhar Yilmaz,2
Aigerim Serikbay,2
Asel Zhaksylyk,2
Bauyrzhan Celik,1
Vlad Kaliyev,2
Nurlybek Musin,3
Alisa Mikhailov,3
Nurlan Shakenov,2
Zhanel Abenov,3
Madina Aslan,3
Miras Abenov,3
Dias Zhaksylyk,2
Nurzhan Demir,4
Karina Ibrayev,2
Askar Baiseitov,2
Artem Iskakov,1
Anel Mikhailov,2
Nurlan Volkov,1
Serik Mukanov,1
Vera Yerzhanov,3
Kerem Ualiyev,1
Amir Celik,2
Vadim Kassym,3
Sofia Kaya,2
Gulnaz Turgenev,2
Tatiana Suleimenov,3
Bauyrzhan Kaliyev,5
Asel Morozov,3
Nurzhan Abdirov,2
Sanzhar Yilmaz,4
Zarina Cetin,2
Ilyas Jumabek,2
Oleg Yilmaz,2
Yerbol Ermek,2
Elena Temirov,3
Maxim Serikbay,4
Derya Omarov,3
Olzhas Iskakov,3
Gaukhar Petrov,4
Islam Alpysbay,4
Laura Zhunusov,4
Pavel Yilmaz,1
Tomiris Kudaibergen,1
Gulnaz Kaya,3
Irina Demir,4
Serik Sadykov,1
Sabina Ibrayev,2
Timur Kurmanov,1
Yernar Serikbay,1
Ersultan Koc,1
Tomiris Abdirov,1
Roman Arslan,1
Zhanna Shakenov,1
Marat Zhaksylyk,2
Elif Konysbay,3
Derya Akhmetov,3
Nurzhan Kassym,1
Kirill Ibrayev,2
Kairat Aslan,3
Ksenia Ibrayev,1
Polina Novikov,4
Asel Musin,1
Aigerim Kurt,5
Maxim Baitursyn,1
Bekzat Rakhimov,4
Selin Zhaksylyk,1
Aisha Abdirov,2
Sanzhar Kurmanov,4
Dmitry Morozov,3
Yernar Kilic,1
Ilyas Tashkenov,2
Rasul Kassym,2
Asel Assanov,3
Ksenia Kurmanov,1
Yerlan Tleubek,3
Alibek Sahin,4
Milana Rakhimov,2
Nikita Assanov,5
Elnur Kuznetsov,3
Kuanysh Esenov,4
Pavel Ualiyev,1
Murat Karimov,3
Ksenia Ualiyev,5
Ruslan Cetin,2
Tomiris Yerzhanov,2
Zhansaya Aliyev,3
Saltanat Bolat,3
Kairat Nurgaliyev,4
Anna Ibrayev,3
Roman Kassym,3
Temirlan Temirov,2
Andrey Morozov,3
Olga Volkov,4
Alibek Assanov,3
Artem Petrov,1
Elif Serikbay,2
Ainur Orazov,4
Damir Koc,2
Aisha Kurmanov,5
Sabina Assanov,5
Zhandos Amangeldy,4
Daria Assanov,3
Timur Baitursyn,2
Aliya Koc,1
Aizhan Kaya,2
Saltanat Ibrayev,2
Anna Baitursyn,2
Yerbol Sadykov,3
Kerem Orazov,1
Marat Kurmanov,1
Miras Tashkenov,2
Kuanysh Zhunusov,2
Aruzhan Popov,2
Roman Ibrayev,1
Anel Orazov,3
Yerbol Aslan,2
Madina Demir,1
Kuanysh Kaya,1
Alisa Sahin,2
Sabina Koc,3
Alisa Dauletov,2
Kairat Omarov,2
Yerlan Tashkenov,5
Yernar Kurmanov,2
Ersultan Esenov,1
Aruzhan Zhaksylyk,1
Sanzhar Smirnov,2
Roman Omarov,4
Nurlan Dauletov,3
Omar Kaya,5
Tatiana Suleimenov,2
Pavel Bolat,2
Kairat Smirnov,2
Derya Konysbay,3
Aizhan Gabdullin,2
Layla Temirov,4
Nurlybek Baiseitov,2
Kairat Ivanov,3
Layla Iskakov,3
Timur Abdirov,2
Kirill Ermek,5
Daria Ermek,1
Gaukhar Baitursyn,1
Timur Kurt,2
Adil Sagyndyk,3
Symbat Fedorov,2
Azamat Baiseitov,3
Tolga Amangeldy,2
Baris Kara,3
Roman Sagyndyk,2
Ruslan Temirov,4
Milana Kaya,5
Tomiris Yilmaz,1
Daria Baiseitov,2
Hasan Novikov,3
Balzhan Nurgaliyev,1
Tolga Turgenev,1
Aigul Volkov,3
Daria Ermek,3
Meruyert Lebedev,2
Vlad Lebedev,2
Daria Popov,1
Adil Bolat,4
Yerlan Celik,3
Irina Suleimenov,1
Igor Iskakov,2
Sanzhar Suleimenov,3
Yerbol Abenov,2
Layla Musin,1
Nur Karimov,1
Olzhas Baiseitov,4
Asel Ozturk,3
Temirlan Ualiyev,2
Timur Demir,5
Roman Zhaksylyk,4
Pavel Aliyev,2
Bauyrzhan Konysbay,5
Alibek Omarov,2
Daniyar Popov,5
Selin Celik,1
Murat Ozturk,1
Omar Kuznetsov,1
Ksenia Fedorov,1
Balzhan Tleubek,1
Maria Bolat,4
Anel Rakhimov,1
Madina Abenov,1
Elif Fedorov,1
Azamat Aliyev,4
Aigul Amangeldy,2
Alisa Assanov,5
Ruslan Gabdullin,1
Layla Gabdullin,2
Damir Yilmaz,3
Tomiris Morozov,1
Nazerke Sahin,1
Vlad Ivanov,2
Yerlan Demir,1
Alisa Kaya,4
Islam Serikbay,4
Sergey Mukanov,4
Nurzhan Makhmud,3
Nazerke Petrov,4
Aliya Dogan,3
Balzhan Abenov,4
Omar Alpysbay,1
Daria Abenov,5
Laura Zhumabek,4
Aruzhan Baitursyn,2
Kuanysh Abdirov,2
Vlad Abdirov,5
Igor Cetin,1
Alibek Mukanov,5
Zhuldyz Daulet,3
Meruyert Volkov,2
Nurlybek Konysbay,3
Timur Smirnov,2
Symbat Petrov,2
Sabina Sahin,4
Symbat Koc,1
Tatiana Sahin,5
Roman Koc,1
Ainur Kudaibergen,3
Yernar Esenov,2
Aigul Mukanov,2
Ainur Bolat,3
Madina Shakenov,1
Irina Smirnov,3
Bekzat Dauletov,3
Akbota Mukanov,2
Ekaterina Akhmetov,3
Ksenia Tleubek,2
Serik Kassym,4
Selin Zhumabek,4
Nazerke Turgenev,5
Bekzat Makhmud,4
Vlad Sokolov,3
Dmitry Sadykov,4
Baris Kurmanov,4
Tatiana Yerzhanov,2
Zhanna Shakenov,1
Arman Alpysbay,1
Aizhan Esenov,1
Maxim Kuznetsov,4
Dmitry Kurmanov,1
Daniyar Aliyev,1
Kerem Kaya,3
Rasul Ermek,2
Tatiana Shakenov,4
Ainur Ermek,4
Ksenia Karimov,3
Ekaterina Ozturk,3
Anna Kaya,1
Irina Ermek,4
Murat Koc,1
Kerem Bekov,4
Yulia Konysbay,5
Sergey Omarov,2
Madina Ualiyev,2
Aigerim Tleubek,5
Talgat Zhunusov,2
Aruzhan Tashkenov,1
Murat Kuznetsov,3
Nazerke Kurmanov,1
Aizhan Sadykov,1
Andrey Zhunusov,2
Sultan Gabdullin,5
Emre Suleimenov,5
Bekzat Ivanov,2
Yerlan Baitursyn,1
Ksenia Demir,5
Ekaterina Ozturk,2
Sergey Makhmud,2
Asel Cetin,4
Dias Arslan,1
Bauyrzhan Daulet,1
Kirill Smirnov,4
Sofia Kudaibergen,2
Damir Novikov,2
Polina Esenov,2
Zarina Popov,5
Vadim Volkov,4
Zarina Karimov,3
Rauan Ivanov,1
Daria Amangeldy,1
Dinara Karimov,4
Gaukhar Aliyev,2
Sofia Sahin,4
Azamat Ozturk,1
Kerem Kilic,1
Azamat Makhmud,1
Daria Jumabek,1
Kamila Makhmud,2
Kirill Arslan,3
Sofia Makhmud,4
Nurlybek Ermek,1
Sabina Turgenev,1
Nikita Celik,2
Rauan Kilic,4
Oleg Rakhimov,5
Rauan Serikbay,3
Nikita Koc,1
Meruyert Aliyev,1
Daria Kilic,2
Aisha Bekov,3
Kirill Suleimenov,1
Olzhas Cetin,5
Talgat Arslan,3
Vlad Ivanov,2
Vlad Ermek,3
Alibek Omarov,2
Tomiris Zhumabek,2
Zhansaya Omarov,3
Olga Mukanov,5
Ilyas Zhunusov,1
Serik Kilic,5
Baris Lebedev,2
Denis Temirov,4
Elnur Tleubek,2
Murat Ozturk,3
Rasul Daulet,3
Yerbol Celik,4
Yerlan Demir,5
Karina Abenov,4
Zhansaya Aslan,2
Aigerim Ivanov,3
Olga Nurgaliyev,4
Miras Yilmaz,3
Zhansaya Nurgaliyev,3
Nazym Gabdullin,1
Askar Kara,5
Ainur Kara,2
Aknur Aslan,1
Rauan Temirov,2
Aruzhan Tleubek,3
Rauan Fedorov,4
Symbat Ermek,2
Meruyert Shakenov,4
Selin Arslan,2
Artem Esenov,3
Aigul Jumabek,2
Aisha Zhaksylyk,4
Layla Abdirov,1
Tolga Baiseitov,1
Irina Demir,4
Anton Assanov,4
Alisa Kurt,4
Zhansaya Popov,2
Yernar Alpysbay,1
Gaukhar Popov,1
Asel Sadykov,4
Azamat Celik,5
Talgat Zhumabek,1
Miras Serikbay,4
Yernar Ualiyev,3
Roman Morozov,1
Tomiris Yerzhanov,3
Kairat Amangeldy,2
Alibek Iskakov,3
Elif Kurt,4
Asel Sagyndyk,5
Anna Kuznetsov,1
Karina Kara,2
Kamila Daulet,1
Saltanat Dauletov,4
Elnur Makhmud,5
Asel Sokolov,1
Kirill Kurmanov,5
Emre Sagyndyk,2
Rasul Aliyev,5
Derya Ermek,1
Talgat Yilmaz,2
Aruzhan Esenov,3
Vadim Kurt,4
Arman Kassym,4
Olga Nurgaliyev,4
Zhuldyz Sahin,4
Aisha Kara,1
Roman Sahin,3
Karina Cetin,4
Tolga Kara,4
Saltanat Abenov,3
Tatiana Kilic,2
Aruzhan Sahin,2
Sabina Ermek,4
Vera Amangeldy,1
Sabina Koc,3
Miras Kilic,2
Murat Bekov,3
Hasan Aslan,2
Anna Karimov,3
Maxim Ualiyev,2
Maria Kaya,1
Dinara Cetin,1
Dinara Nurgaliyev,1
Kerem Gabdullin,2
Temirlan Bekov,3
Bekzat Ibrayev,3
Aizhan Assanov,1
Murat Novikov,1
Sultan Koc,3
Gaukhar Kassym,5
Dias Kuznetsov,1
Roman Ermek,1
Elif Smirnov,4
Alibek Dogan,4
Nur Kurmanov,3
Kerem Kudaibergen,2
Kairat Shakenov,3
Damir Arslan,4
Aigul Daulet,4
Askar Morozov,3
Olga Yerzhanov,5
Alina Arslan,2
Roman Sadykov,3
Derya Kaya,1
Sofia Orazov,2
Zeynep Kilic,5
Vlad Kurt,4
Miras Lebedev,3
Nurzhan Popov,1
Elena Aliyev,2
Bauyrzhan Fedorov,5
Talgat Omarov,4
Aisha Iskakov,4
Roman Novikov,5
Aigerim Nurgaliyev,3
Aknur Akhmetov,1
Alibek Konysbay,1
Tatiana Bolat,2
Damir Fedorov,3
Alibek Bekov,2
Yulia Lebedev,1
Nazerke Assanov,4
Emre Esenov,3
Aknur Kuznetsov,4
Islam Kara,4
Bekzat Smirnov,5
Kirill Zhumabek,4
Sergey Baiseitov,2
Nazerke Omarov,4
Ece Abdirov,1
Talgat Kaya,5
Symbat Alpysbay,5
Daniyar Petrov,4
Derya Ivanov,2
Serik Shakenov,4
Amir Lebedev,1
Anel Suleimenov,4
Roman Mukanov,3
Alisa Kuznetsov,5
Dinara Ermek,1
Baris Morozov,3
Alibek Abenov,1
Sofia Tashkenov,3
Olzhas Kassym,1
Anton Mikhailov,3
Aizhan Aslan,3
Alibek Popov,3
Milana Ermek,4
Ece Ivanov,2
Layla Sahin,2
Ilyas Ivanov,3
Irina Amangeldy,1
Derya Tleubek,3
Zhanel Makhmud,2
Maria Abdirov,1
Anton Bekov,4
Zhanna Turgenev,1
Akbota Koc,1
Elif Petrov,2
Ilyas Mukanov,5
Aknur Serikbay,2
Askar Temirov,3
Hasan Tashkenov,1
Nazym Abenov,2
Layla Aliyev,2
Andrey Kara,1
Rauan Sahin,3
Azamat Omarov,2
Sultan Iskakov,1
Aruzhan Petrov,2
Arman Tashkenov,5
Yulia Omarov,2
Nikita Mikhailov,4
Ilyas Abenov,2
Murat Dogan,1
Asel Akhmetov,2
Tolga Zhumabek,3
Polina Fedorov,1
Sultan Kurmanov,1
Dana Amangeldy,1
Marat Bolat,3
Ekaterina Fedorov,3
Dmitry Tleubek,2
Serik Sahin,4
Oleg Kara,2
Hasan Nurgaliyev,4
Marat Baiseitov,2
Kirill Fedorov,4
Igor Kaya,1
Nurlan Aslan,3
Zhanna Gabdullin,1
Zhanna Kurt,1
Kerem Iskakov,1
Gulnaz Kara,4
Damir Esenov,3
Milana Akhmetov,2
Alibek Esenov,3
Ilyas Fedorov,2
Omar Aslan,4
Damir Tleubek,1
Nurzhan Mukanov,3
Nur Koc,4
Aliya Bekov,4
Ainur Koc,3
Dana Karimov,3
Bekzat Assanov,3
Sofia Koc,2
Ainur Kaliyev,3
Layla Aliyev,3
Azamat Jumabek,2
Ece Aslan,3
Gulnaz Assanov,1
Murat Kurmanov,2
Sultan Aliyev,3
Yerbol Turgenev,3
Nikita Smirnov,2
Nurlan Petrov,3
Layla Mukanov,4
Zhansaya Baitursyn,2
Aisha Zhaksylyk,4
Aizhan Ivanov,1
Damir Fedorov,2
Nazerke Smirnov,1
Islam Petrov,5
Rauan Kilic,2
Yerbol Mukanov,3
Nurzhan Popov,2
Alisa Sahin,2
Pavel Bolat,1
Symbat Demir,5
Artem Iskakov,2
Arman Tashkenov,2
Islam Kurmanov,3
Adil Abdirov,4
Sofia Lebedev,3
Igor Cetin,2
Kerem Celik,5
Baris Sagyndyk,4
Alibek Temirov,5
Anton Kaliyev,4
Anna Ibrayev,3
Damir Kassym,4
Tatiana Zhumabek,1
Ece Sadykov,3
Nurlybek Turgenev,3
Arman Musin,4
Yulia Ivanov,2
Nikita Zhaksylyk,5
Ece Fedorov,3
Daniyar Fedorov,3
Dana Demir,5
Aliya Konysbay,1
Anton Demir,3
Balzhan Sagyndyk,1
Daria Koc,2
Ekaterina Musin,2
Saltanat Daulet,5
Adil Abenov,4
Miras Dogan,5
Zhansaya Yilmaz,1
Baris Sagyndyk,2
Damir Aslan,3
Amir Aliyev,4
Anton Morozov,2
Alibek Ivanov,1
Zhanel Kudaibergen,3
Zhandos Mukanov,2
Omar Sagyndyk,4
Omar Omarov,3
Saltanat Cetin,2
Daniyar Yilmaz,2
Omar Lebedev,1
Zhanar Tashkenov,2
Emre Baiseitov,2
Dana Petrov,2
Laura Abdirov,4
Baris Arslan,1
Olga Dogan,1
Zhanar Rakhimov,4
Anel Arslan,3
Yulia Daulet,3
Zhanar Gabdullin,3
Sultan Kurmanov,1
Laura Orazov,2
Daniyar Ozturk,3
Sergey Rakhimov,5
Tolga Celik,2
Yerbol Baiseitov,4
Zhanna Abenov,5
Temirlan Akhmetov,2
Laura Yilmaz,2
Zeynep Shakenov,4
Emre Ivanov,1
Dias Temirov,4
Milana Mikhailov,3
Baris Zhunusov,5
Aruzhan Nurgaliyev,3
Maria Nurgaliyev,4
Tomiris Demir,2
Hasan Kassym,2
Dmitry Yerzhanov,1
Anna Abenov,3
Nurlan Abenov,3
Madina Sagyndyk,2
Askar Baiseitov,2
Aruzhan Suleimenov,2
Vlad Konysbay,1
Maxim Omarov,4
Zeynep Orazov,2
Madina Ibrayev,2
Dana Ivanov,1
Gulnaz Amangeldy,5
Zeynep Arslan,2
Madina Ermek,4
Vlad Volkov,1
Ilyas Makhmud,3
Aknur Ibrayev,2
Artem Bolat,1
Zhanar Ermek,3
Olzhas Aslan,4
Zhansaya Kara,4
Igor Kassym,2
Zhanar Fedorov,1
Ersultan Kassym,2
Dias Kaya,5
Elnur Aliyev,3
Rauan Turgenev,1
Miras Fedorov,4
Rasul Daulet,5
Daria Serikbay,3
Akbota Kaliyev,1
Zhanna Assanov,3
Balzhan Temirov,5
Rauan Jumabek,5
Aigul Celik,2
Sofia Dogan,3
Yernar Konysbay,1
Irina Volkov,4
Sultan Serikbay,5
Alibek Popov,3
Marat Sagyndyk,2
Vadim Sadykov,3
Yulia Orazov,1
Andrey Serikbay,1
Damir Celik,3
Ruslan Kilic,5
Dinara Celik,4
Miras Omarov,4
Kairat Novikov,1
Kerem Dogan,1
Aknur Tleubek,3
Vera Amangeldy,5
Aizhan Temirov,2
Irina Shakenov,3
Anna Temirov,3
Zhandos Karimov,3
Sofia Makhmud,4
Sofia Kurt,3
Alisa Kara,1
Aisha Makhmud,3
Saltanat Ualiyev,5
Anton Suleimenov,1
Marat Morozov,3
Baris Nurgaliyev,4
Igor Mikhailov,2
Zeynep Omarov,3
Ersultan Sokolov,3
Zhanna Ermek,2
Madina Kurmanov,4
Timur Kassym,1
Nurlan Kaliyev,1
Nazerke Sokolov,3
Bekzat Yerzhanov,3
Dias Bekov,5
Azamat Baiseitov,3
Azamat Yerzhanov,4
Daniyar Akhmetov,1
Zhanna Suleimenov,2
Olzhas Kaliyev,3
Ersultan Shakenov,3
Zhanna Daulet,3
Rauan Baiseitov,5
Marat Baiseitov,3
Zhansaya Cetin,1
Elena Kassym,1
Baris Musin,3
Oleg Celik,3
Yernar Orazov,5
Olga Esenov,1
Ruslan Suleimenov,2
Kuanysh Demir,1
Rauan Dauletov,2
Emre Shakenov,4
Gaukhar Morozov,1
Zhanel Arslan,5
Dias Assanov,1
Ekaterina Iskakov,2
Gaukhar Aliyev,2
Aizhan Shakenov,1
Polina Assanov,3
Saltanat Akhmetov,2
Yernar Kilic,4
Alibek Aslan,1
Timur Zhaksylyk,1
Amir Morozov,1
Marat Sadykov,1
Nurzhan Kaya,4
Kamila Sadykov,1
Vera Kurmanov,3
Olzhas Makhmud,2
Sultan Petrov,5
Elif Daulet,4
Polina Smirnov,3
Asel Ivanov,3
Bauyrzhan Novikov,3
Murat Novikov,1
Kirill Baitursyn,1
Alisa Zhaksylyk,4
Ruslan Morozov,2
Timur Sadykov,1
Murat Sagyndyk,1
Aigerim Bolat,1
Marat Ualiyev,1
Zhuldyz Celik,2
Selin Kurmanov,3
Denis Tleubek,1
Nur Abdirov,1
Aigul Dogan,4
Laura Mukanov,1
Alisa Alpysbay,3
Murat Akhmetov,3
Aliya Turgenev,1
Olzhas Rakhimov,5
Elena Volkov,3
Denis Baiseitov,2
Kuanysh Aliyev,3
Aliya Musin,3
Yerbol Omarov,4
Ainur Iskakov,2
Miras Popov,1
Nazerke Petrov,3
Nazerke Yilmaz,5
Gaukhar Koc,3
Selin Volkov,5
Zarina Kara,3
Asel Kaya,2
Karina Kaya,3
Aknur Ualiyev,3
Timur Sadykov,3
Emre Zhumabek,2
Ersultan Abdirov,4
Aliya Tleubek,5
Karina Ualiyev,2
Kamila Kara,5
Temirlan Orazov,5
Oleg Nurgaliyev,3
Serik Demir,4
Ilyas Abenov,1
Maria Suleimenov,2
Damir Nurgaliyev,3
Ekaterina Smirnov,4
Alisa Kaliyev,2
Denis Abdirov,1
Asel Kaya,5
Dmitry Ermek,1
Omar Abenov,5
Tomiris Kaliyev,5
Bekzat Ibrayev,1
Meruyert Kurmanov,4
Aruzhan Musin,4
Nurlybek Rakhimov,3
Zhanar Kudaibergen,4
Aigerim Ozturk,5
Selin Demir,3
Nazym Kaliyev,2
Zhanel Bekov,1
Nur Smirnov,3
Bekzat Popov,1
Aigerim Alpysbay,3
Yerlan Zhunusov,3
Gaukhar Bekov,5
Zhanna Omarov,2
Derya Ibrayev,1
Dinara Orazov,1
Arman Suleimenov,2
Rauan Bekov,5
Bauyrzhan Koc,2
Murat Gabdullin,2
Denis Sahin,5
Polina Zhumabek,4
Omar Kassym,1
Gulnaz Makhmud,4
Akbota Serikbay,1
Alibek Karimov,1
Selin Sadykov,1
Sabina Tleubek,1
Azamat Serikbay,2
Nikita Petrov,3
Andrey Daulet,4
Vera Koc,1
Asel Daulet,2
Aruzhan Kaya,3
Adil Omarov,1
Laura Tleubek,3
Yulia Amangeldy,3
Sanzhar Konysbay,2
Islam Ualiyev,1
Nazerke Petrov,4
Aisha Assanov,5
Dinara Kurmanov,1
Anna Makhmud,4
Elnur Sokolov,2
Kairat Turgenev,2
Zeynep Ermek,2
Nikita Popov,2
Vera Bolat,2
Milana Nurgaliyev,4
Alina Turgenev,3
Daniyar Smirnov,4
Temirlan Makhmud,2
Zhuldyz Turgenev,2
Milana Novikov,1
Tolga Lebedev,3
Anel Bekov,1
Ksenia Ivanov,3
Laura Dauletov,1
Kuanysh Zhunusov,5
Nurlan Ozturk,4
Sultan Kara,4
Vadim Temirov,1
Nur Zhumabek,3
Karina Fedorov,2
Aisha Assanov,3
Milana Abenov,1
Dana Aliyev,3
Nikita Novikov,4
Kirill Celik,3
Aruzhan Sokolov,2
Yernar Orazov,1
Dinara Shakenov,3
Elif Baitursyn,2
Ainur Aslan,1
Vera Sagyndyk,2
Karina Jumabek,3
Nazym Shakenov,1
Temirlan Makhmud,4
Nurlybek Morozov,1
Dias Gabdullin,2
Olga Serikbay,3
Laura Iskakov,3
Asel Kassym,2
Dias Bekov,1
Kerem Temirov,3
Damir Orazov,2
Ersultan Sadykov,5
Aisha Jumabek,4
Maria Assanov,1
Ekaterina Sahin,2
Elena Kudaibergen,3
Irina Abenov,2
Alibek Rakhimov,2
Zhanel Kassym,3
Daria Ozturk,4
Tomiris Kuznetsov,5
Olzhas Kassym,1
Zeynep Mukanov,1
Aigul Dogan,5
Aisha Petrov,3
Derya Ualiyev,3
Tolga Serikbay,5
Ksenia Kilic,4
Yerbol Zhumabek,3
Balzhan Novikov,4
Zarina Bekov,3
Asel Assanov,4
Tatiana Celik,4
Saltanat Demir,5
Zhanar Amangeldy,1
Nazerke Orazov,5
Temirlan Cetin,3
Nikita Dogan,1
Selin Cetin,3
Artem Dogan,2
Daniyar Musin,5
Maria Mukanov,1
Karina Kassym,1
Aisha Yerzhanov,1
Aruzhan Ibrayev,5
Dana Ozturk,3
Polina Serikbay,3
Symbat Konysbay,2
Nurzhan Turgenev,1
Gaukhar Tleubek,1
Anel Kudaibergen,1
Karina Abdirov,3
Polina Zhaksylyk,2
Temirlan Ivanov,2
Damir Karimov,1
Vlad Konysbay,5
Dinara Sahin,3
Aigerim Daulet,3
Karina Shakenov,4
Olga Daulet,1
Aruzhan Sagyndyk,2
Bauyrzhan Iskakov,3
Kairat Mikhailov,1
Nazerke Orazov,3
Amir Volkov,2
Tomiris Kilic,2
Asel Kassym,4
Nikita Ualiyev,1
Olzhas Demir,3
Sabina Shakenov,3
Karina Ivanov,3
Hasan Morozov,1
Elnur Baiseitov,3
Pavel Zhunusov,2
Bekzat Shakenov,4
Islam Demir,4
Ruslan Popov,4
Aizhan Kassym,2
Sergey Assanov,3
Adil Zhaksylyk,2
Alibek Iskakov,1
Sanzhar Tashkenov,1
Tatiana Aliyev,3
Tatiana Yilmaz,5
Aknur Zhaksylyk,1
Asel Koc,2
Zhanna Daulet,2
Nazerke Arslan,3
Zhanel Koc,2
Nazerke Zhunusov,1
Serik Zhaksylyk,2
Oleg Konysbay,1
Aizhan Ibrayev,4
Nazym Assanov,1
Bauyrzhan Dogan,2
Kuanysh Aliyev,4
Azamat Novikov,2
Anel Petrov,2
Rasul Popov,4
Anna Suleimenov,2
Talgat Kurmanov,2
Roman Konysbay,1
Zhandos Sokolov,2
Yernar Kaya,3
Andrey Tashkenov,5
Baris Bekov,1
Daria Zhumabek,2
Ksenia Dogan,3
Sergey Abdirov,2
Daniyar Demir,3
Nurlan Yerzhanov,1
Oleg Dauletov,2
Rasul Rakhimov,2
Nazym Zhumabek,1
Miras Koc,4
Daria Sokolov,1
Yernar Gabdullin,4
Tolga Lebedev,2
Alisa Bekov,1
Talgat Suleimenov,2
Askar Esenov,2
Nazerke Abenov,4
Alibek Aslan,5
Aliya Omarov,3
Ece Rakhimov,5
Nurzhan Makhmud,2
Emre Kudaibergen,2
Emre Serikbay,3
Symbat Iskakov,1
Bauyrzhan Aliyev,1
Dmitry Popov,1
Aruzhan Amangeldy,1
Ilyas Zhaksylyk,4
Anel Kuznetsov,1
Nurlybek Turgenev,3
Sergey Novikov,5
Amir Kuznetsov,5
Islam Zhumabek,3
Bekzat Iskakov,1
Dana Abdirov,2
Oleg Celik,4
Selin Konysbay,3
Nazerke Kaya,2
Aigerim Kurmanov,1
Rasul Temirov,1
Vlad Cetin,2
Nur Abenov,4
Elena Morozov,1
Irina Turgenev,3
Aigul Ermek,1
Layla Karimov,2
Oleg Karimov,3
Zhanel Orazov,5
Nur Lebedev,2
Alisa Zhunusov,2
Zhanel Tleubek,2
Zhanar Kurmanov,1
Irina Kara,2
Igor Tashkenov,2
Yernar Dauletov,2
Kairat Iskakov,1
Aisha Iskakov,3
Amir Popov,5
Zhanar Tashkenov,2
Maxim Musin,2
Ruslan Kilic,1
Laura Sokolov,2
Amir Koc,1
Denis Temirov,3
Milana Aliyev,2
Polina Yerzhanov,2
Tomiris Iskakov,2
Daniyar Kilic,3
Dana Kuznetsov,5
Balzhan Ivanov,1
Islam Arslan,2
Baris Musin,3
Nikita Smirnov,1
Timur Yerzhanov,2
Serik Volkov,1
Temirlan Karimov,5
Olga Ozturk,2
Emre Kilic,4
Symbat Baitursyn,3
Vlad Dogan,1
Adil Petrov,2
Damir Makhmud,5
Elif Zhumabek,2
Yernar Petrov,1
Dana Ualiyev,3
Nikita Celik,3
Ilyas Zhaksylyk,3
Vadim Turgenev,2
Emre Aliyev,4
Tolga Zhumabek,1
Polina Zhunusov,1
Marat Smirnov,2
Daniyar Yerzhanov,2
Maria Zhumabek,1
Dias Aslan,3
Yulia Shakenov,3
Symbat Konysbay,1
Alina Sokolov,2
Gulnaz Omarov,2
Serik Baitursyn,2
Aizhan Volkov,2
Alibek Sadykov,3
Gulnaz Omarov,3
Arman Bolat,2
Zeynep Sadykov,4
Maxim Morozov,3
Pavel Morozov,2
Yerlan Aslan,2
Vadim Aslan,1
Anton Bolat,5
Aizhan Koc,4
Kairat Ozturk,2
Elena Petrov,4
Serik Orazov,3
Denis Bekov,2
Andrey Volkov,1
Ersultan Arslan,3
Yulia Suleimenov,4
Zhanar Ermek,3
Elnur Koc,2
Artem Bolat,1
Vlad Suleimenov,2
Zhanel Ozturk,4
Temirlan Abenov,4
Kairat Kudaibergen,2
Karina Kurmanov,3
Nurlybek Kudaibergen,1
Elena Novikov,2
Ilyas Zhumabek,1
Akbota Demir,4
Nazerke Shakenov,3
Oleg Yilmaz,1
Milana Musin,3
Kerem Suleimenov,1
Bekzat Bolat,3
Ekaterina Zhaksylyk,1
Yerlan Alpysbay,2
Balzhan Koc,5
Dinara Kara,4
Aigul Lebedev,2
Timur Kuznetsov,3
Alisa Baitursyn,3
Arman Esenov,3
Miras Kuznetsov,1
Hasan Ermek,5
Kerem Esenov,5
Kairat Omarov,3
Sergey Abdirov,4
Layla Musin,5
Irina Alpysbay,5
Zhandos Daulet,4
Marat Ozturk,5
Balzhan Ualiyev,3
Elnur Makhmud,1
Zhanar Omarov,2
Nurlan Mukanov,2
Anton Iskakov,1
Anna Arslan,3
Milana Ivanov,1
Denis Kudaibergen,4
Gaukhar Zhunusov,1
Alibek Makhmud,2
Nazerke Abdirov,4
Elnur Dauletov,2
Zarina Kara,4
Denis Aslan,1
Islam Kurt,1
Damir Suleimenov,2
Sergey Cetin,3
Sultan Dauletov,3
Temirlan Mikhailov,1
Temirlan Temirov,3
Artem Suleimenov,2
Layla Cetin,2
Milana Smirnov,3
Aisha Aslan,3
Yulia Assanov,5
Ersultan Cetin,3
Anna Orazov,5
Selin Suleimenov,4
Talgat Abenov,3
Askar Dogan,3
Vera Morozov,3
Akbota Dogan,2
Temirlan Aliyev,4
Dinara Smirnov,2
Tolga Nurgaliyev,4
Symbat Akhmetov,2
Pavel Ivanov,2
Zhanna Aliyev,2
Sanzhar Orazov,3
Alina Kara,1
Azamat Ivanov,5
Zhanel Karimov,5
Ece Ivanov,2
Vlad Tashkenov,1
Omar Turgenev,2
Nazym Kara,4
Saltanat Makhmud,2
Ksenia Demir,2
Dana Alpysbay,2
Yernar Yilmaz,5
Tolga Kuznetsov,1
Anton Volkov,2
Nurlybek Daulet,4
Igor Popov,2
Zarina Orazov,2
Olga Yerzhanov,1
Bauyrzhan Shakenov,5
Aizhan Volkov,4
Aigerim Mikhailov,1
Omar Abdirov,2
Aliya Tleubek,2
Sultan Kudaibergen,2
Ksenia Kudaibergen,2
Adil Novikov,5
Kirill Makhmud,2
Dinara Demir,1
Miras Abdirov,1
Ece Akhmetov,5
Ruslan Smirnov,4
Rauan Ermek,2
Olga Bekov,4
Miras Kurmanov,2
Artem Bekov,4
Anton Mikhailov,2
Yulia Amangeldy,4
Tomiris Akhmetov,1
Polina Amangeldy,4
Aknur Tleubek,1
Ainur Musin,1
Aigul Jumabek,1
Nazym Jumabek,1
Talgat Kilic,2
Meruyert Serikbay,3
Marat Sadykov,4
Tolga Petrov,4
Polina Musin,1
Zhuldyz Kurt,5
Elnur Esenov,3
Aruzhan Arslan,1
Symbat Temirov,1
Kuanysh Volkov,3
Murat Sadykov,1
Baris Bekov,4
Kamila Ermek,4
Elnur Celik,4
Dinara Kara,2
Roman Jumabek,1
Kamila Mikhailov,3
Aigul Daulet,4
Nur Ibrayev,3
Sofia Rakhimov,3
Maxim Gabdullin,2
Sultan Kilic,3
Serik Assanov,1
Kuanysh Zhunusov,5
Yernar Kaliyev,1
Alibek Serikbay,2
Meruyert Aliyev,2
Baris Baitursyn,3
Roman Koc,3
Miras Bolat,3
Dias Daulet,1
Asel Baiseitov,4
Zhuldyz Baitursyn,4
Zarina Demir,1
Anton Dogan,2
Zhanar Koc,5
Daria Novikov,1
Askar Cetin,3
Gulnaz Demir,2
Olga Tleubek,1
Aisha Kurmanov,2
Akbota Kassym,1
Islam Kurmanov,1
Kamila Ibrayev,2
Yulia Orazov,1
Irina Orazov,3
Ece Lebedev,2
Temirlan Sagyndyk,1
Derya Suleimenov,2
Aizhan Ermek,1
Sergey Amangeldy,3
Ekaterina Smirnov,4
Pavel Kurt,2
Balzhan Aliyev,5
Ilyas Nurgaliyev,5
Sultan Demir,4
Nurlybek Tleubek,2
Olga Zhumabek,3
Tatiana Fedorov,2
Elnur Gabdullin,1
Talgat Kuznetsov,1
Zhanar Ualiyev,3
Azamat Iskakov,3
Aizhan Kara,1
Ekaterina Popov,4
Karina Kilic,2
Yerlan Omarov,2
Zhandos Petrov,4
Daniyar Kaya,5
Dinara Shakenov,1
Elnur Ibrayev,1
Maxim Akhmetov,2
Meruyert Cetin,5
Aknur Kaya,2
Ece Tashkenov,3
Pavel Kurt,2
Aknur Kaliyev,2
Nurlybek Turgenev,2
Yulia Konysbay,1
Igor Sadykov,3
Alibek Temirov,4
Yerlan Morozov,4
Igor Zhaksylyk,3
Madina Celik,1
Tolga Popov,1
Igor Popov,1
Artem Esenov,4
Laura Ivanov,5
Rasul Aliyev,5
Anton Kassym,1
Pavel Musin,3
Askar Makhmud,3
Dinara Kara,2
Yerbol Sokolov,3
Igor Temirov,4
Ilyas Rakhimov,3
Symbat Petrov,2
Anel Baiseitov,1
Anna Karimov,3
Omar Abdirov,5
Tatiana Ozturk,2
Aruzhan Kuznetsov,4
Aigerim Esenov,2
Timur Kara,3
Kerem Ozturk,4
Ainur Iskakov,1
Vadim Sadykov,5
Sanzhar Mikhailov,1
Kairat Lebedev,2
Timur Dogan,3
Saltanat Morozov,3
Temirlan Rakhimov,5
Adil Popov,4
Bauyrzhan Zhumabek,3
Zhansaya Turgenev,3
Yernar Nurgaliyev,3
Elena Dauletov,2
Olga Smirnov,2
Nur Celik,2
Selin Ermek,5
Hasan Abdirov,4
Ece Sahin,2
Kirill Abenov,2
Zhanel Celik,2
Aruzhan Kurmanov,1
Nazym Ibrayev,2
Artem Temirov,1
Vlad Popov,3
Tatiana Makhmud,1
Adil Zhaksylyk,2
Balzhan Abenov,1
Artem Yilmaz,4
Balzhan Jumabek,5
Sofia Zhumabek,2
Daria Karimov,3
Daniyar Alpysbay,5
Ece Bolat,3
Damir Karimov,3
Anna Sagyndyk,1
Balzhan Dauletov,3
Igor Ozturk,3
Kuanysh Nurgaliyev,3
Zhanna Tleubek,4
Nazerke Kudaibergen,2
Vlad Suleimenov,4
Ksenia Kuznetsov,4
Ruslan Temirov,3
Zhandos Gabdullin,2
Aknur Demir,3
Olga Sokolov,5
Serik Zhaksylyk,1
Damir Assanov,1
Selin Baitursyn,1
Daria Omarov,1
Yulia Smirnov,1
Selin Ermek,1
Alibek Baiseitov,4
Aigerim Rakhimov,1
Dana Bekov,1
Temirlan Esenov,3
Zhuldyz Kurt,1
Anel Omarov,3
Sultan Ozturk,3
Islam Ibrayev,1
Alisa Bekov,3
Tolga Jumabek,4
Rauan Turgenev,1
Alisa Arslan,2
Artem Dogan,1
Elnur Cetin,3
Nurzhan Kara,2
Nazerke Dogan,4
Omar Sagyndyk,4
Ilyas Bekov,4
Laura Cetin,5
Kairat Nurgaliyev,3
Symbat Aslan,1
Bauyrzhan Kara,1
Sergey Dogan,1
Anton Sahin,5
Temirlan Ozturk,2
Ilyas Esenov,3
Alisa Daulet,5
Gulnaz Mikhailov,4
Aliya Tashkenov,5
Elena Amangeldy,1
Arman Zhumabek,4
Talgat Sokolov,4
Sultan Sagyndyk,4
Talgat Bekov,2
Balzhan Kilic,2
Vadim Celik,1
Zhansaya Zhumabek,2
Miras Ermek,2
Marat Tleubek,3
Zhanna Sahin,4
Sultan Abdirov,1
Tatiana Omarov,1
Ilyas Musin,2
Nazym Lebedev,1
Maxim Mukanov,5
Hasan Zhumabek,5
Anton Esenov,1
Nazym Yerzhanov,1
Vlad Suleimenov,5
Symbat Abdirov,2
Laura Popov,3
Elnur Abenov,2
Sultan Fedorov,4
Elif Abdirov,1
Gaukhar Morozov,4
Islam Abenov,2
Ersultan Petrov,1
Marat Kaya,3
Milana Gabdullin,2
Sofia Baiseitov,3
Sultan Cetin,4
Timur Kara,2
Emre Gabdullin,2
Zhanel Abenov,3
Kairat Akhmetov,2
Denis Aslan,1
Kamila Kilic,2
Aizhan Jumabek,3
Marat Suleimenov,1
Karina Jumabek,5
Dana Baiseitov,1
Zhanel Volkov,2
Irina Bekov,1
Amir Aliyev,1
Azamat Mikhailov,4
Madina Kilic,1
Elif Abenov,2
Zhanel Serikbay,4
Dmitry Makhmud,2
Aruzhan Jumabek,3
Islam Koc,2
Milana Zhunusov,5
Olzhas Yilmaz,1
Vera Abdirov,3
Baris Jumabek,5
Tomiris Nurgaliyev,5
Zhuldyz Koc,3
Bauyrzhan Gabdullin,2
Vlad Dogan,1
Kuanysh Tleubek,3
Tomiris Konysbay,5
Ersultan Volkov,3
Asel Bekov,1
Rasul Mikhailov,4
Yernar Sokolov,2
Meruyert Ozturk,5
Anton Celik,1
Maxim Suleimenov,5
Nurlan Rakhimov,2
Aisha Sadykov,4
Vera Esenov,2
Sergey Akhmetov,3
Anel Bekov,2
Miras Dauletov,5
Yulia Temirov,1
Polina Fedorov,2
Baris Petrov,3
Temirlan Aslan,1
Omar Celik,4
Rauan Iskakov,4
Adil Orazov,1
Nurlan Amangeldy,2
Omar Mukanov,2
Aizhan Musin,1
Artem Sagyndyk,4
Tomiris Sagyndyk,1
Sergey Kilic,5
Aruzhan Kudaibergen,4
Serik Jumabek,3
Saltanat Alpysbay,1
Kuanysh Makhmud,1
Sanzhar Kuznetsov,4
Murat Morozov,1
Amir Makhmud,1
Aisha Suleimenov,3
Aliya Cetin,2
Nurzhan Ualiyev,2
Aizhan Ozturk,5
Nurlybek Rakhimov,2
Dinara Bekov,2
Nur Kaya,2
Polina Zhumabek,3
Sultan Gabdullin,1
Maria Smirnov,3
Balzhan Volkov,4
Hasan Lebedev,2
Aigerim Kilic,1
Zhansaya Dauletov,3
Emre Iskakov,2
Alina Popov,3
Murat Bekov,5
Maxim Lebedev,4
Zeynep Celik,4
Ilyas Zhaksylyk,1
Zeynep Popov,1
Marat Petrov,1
Karina Serikbay,3
Temirlan Iskakov,5
Rasul Turgenev,3
Amir Ualiyev,5
Nazym Sadykov,2
Adil Shakenov,1
Asel Konysbay,4
Kairat Esenov,3
Talgat Lebedev,3
Aruzhan Nurgaliyev,1
Maria Mikhailov,3
Zhanna Shakenov,5
Zarina Petrov,5
Tomiris Ibrayev,3
Rauan Kurmanov,1
Laura Orazov,2
Sofia Kaya,3
Balzhan Yilmaz,1
Polina Kilic,2
Damir Morozov,2
Sultan Zhumabek,2
Baris Mikhailov,3
Omar Gabdullin,2
Ainur Celik,3
Aisha Kudaibergen,1
Layla Tashkenov,2
Polina Ibrayev,3
Nikita Novikov,4
Islam Shakenov,3
Rauan Akhmetov,1
Elena Aliyev,2
Aknur Yerzhanov,3
Vlad Sokolov,3
Serik Morozov,5
Temirlan Omarov,2
Marat Novikov,2
Serik Demir,4
Timur Sokolov,3
Rauan Kurmanov,2
Amir Smirnov,4
Polina Abdirov,3
Rasul Suleimenov,3
Nurzhan Demir,3
Nikita Novikov,1
Saltanat Ermek,1
Zhanna Kuznetsov,1
Kairat Esenov,1
Nazerke Sahin,3
Aliya Morozov,1
Ece Ivanov,2
Madina Jumabek,2
Ersultan Ermek,1
Artem Zhaksylyk,1
Nur Cetin,3
Askar Arslan,2
Sabina Sagyndyk,4
Anton Kudaibergen,1
Bekzat Kaya,1
Daria Kurt,3
Layla Konysbay,3
Bekzat Amangeldy,4
Anton Esenov,1
Alibek Zhaksylyk,4
Kirill Gabdullin,2
Serik Amangeldy,4
Aknur Sokolov,2
Aknur Fedorov,4
Tomiris Rakhimov,2
Nazym Assanov,3
Aisha Zhunusov,2
Zeynep Abenov,1
Balzhan Bekov,2
Anna Abdirov,2
Asel Celik,1
Daniyar Yilmaz,4
Olzhas Kilic,1
Nazerke Cetin,3
Ksenia Musin,1
Sofia Smirnov,2
Yerbol Kara,1
Nazerke Iskakov,4
Zhanel Rakhimov,2
Nazym Kaya,1
Zhandos Sahin,3
Irina Cetin,1
Nazerke Sadykov,2
Olzhas Petrov,3
Roman Zhumabek,1
Bekzat Sokolov,1
Tatiana Karimov,4
Zhanar Bolat,4
Anna Fedorov,2
Saltanat Baitursyn,3
Murat Ozturk,4
Anel Jumabek,3
Ekaterina Iskakov,4
Zhansaya Konysbay,2
Artem Sadykov,3
Hasan Kaliyev,5
Askar Bekov,2
Kuanysh Aliyev,2
Azamat Baitursyn,1
Laura Novikov,3
Aizhan Kaya,2
Nazerke Fedorov,3
Aizhan Kassym,1
Ilyas Zhaksylyk,1
Dias Kuznetsov,5
Sanzhar Sagyndyk,1
Kamila Akhmetov,1
Alibek Aliyev,3
Dias Kurmanov,1
Ksenia Sagyndyk,1
Sofia Morozov,3
Kuanysh Karimov,2
Irina Amangeldy,4
Aizhan Omarov,3
Anna Nurgaliyev,5
Tomiris Makhmud,3
Roman Nurgaliyev,1
Zhanar Jumabek,3
Ainur Aliyev,3
Pavel Baiseitov,2
Ilyas Daulet,1
Artem Jumabek,3
Laura Shakenov,2
Bauyrzhan Smirnov,1
Aliya Rakhimov,1
Talgat Baiseitov,2
Serik Kuznetsov,3
Kamila Zhaksylyk,4
Karina Ualiyev,3
Layla Rakhimov,3
Dana Aslan,3
Olzhas Gabdullin,1
Gulnaz Aslan,3
Sultan Turgenev,4
Anel Lebedev,5
Olzhas Lebedev,1
Vlad Konysbay,1
Emre Ivanov,2
Maxim Musin,2
Madina Amangeldy,2
Nur Aliyev,5
Alina Cetin,3
Marat Bekov,5
Dmitry Mukanov,2
Akbota Popov,2
Elnur Zhunusov,1
Kirill Serikbay,5
Selin Mikhailov,1
Gulnaz Alpysbay,3
Madina Temirov,1
Yernar Kuznetsov,3
Karina Tleubek,2
Rauan Kilic,2
Elif Konysbay,2
Aliya Assanov,1
Aknur Tleubek,4
Gaukhar Arslan,3
Ainur Lebedev,5
Selin Kudaibergen,1
Baris Morozov,5
Emre Amangeldy,3
Talgat Musin,1
Maxim Sadykov,1
Islam Smirnov,1
Emre Bolat,2
Yernar Zhaksylyk,2
Yernar Kurt,3
Olzhas Zhunusov,3
Zhanna Sagyndyk,1
Artem Zhumabek,2
Sofia Daulet,1
Madina Novikov,3
Yerlan Bekov,2
Yulia Ozturk,2
Nazym Karimov,1
Vera Petrov,3
Anel Abdirov,2
Ainur Esenov,1
Ece Popov,2
Kerem Celik,2
Miras Yilmaz,3
Tatiana Kurmanov,5
Adil Serikbay,1
Igor Mukanov,5
Igor Aliyev,1
Selin Demir,3
Sergey Ozturk,2
Ersultan Ibrayev,2
Polina Assanov,1
Aruzhan Novikov,2
Yulia Suleimenov,4
Aisha Konysbay,1
Ekaterina Amangeldy,2
Timur Kilic,2
Hasan Petrov,2
Kuanysh Cetin,1
Alibek Esenov,2
Aisha Mikhailov,5
Aigerim Orazov,1
Murat Sagyndyk,1
Ruslan Dogan,2
Aigul Morozov,3
Laura Suleimenov,2
Symbat Abdirov,1
Meruyert Tleubek,4
Bekzat Karimov,2
Daniyar Sokolov,3
Ece Kudaibergen,1
Karina Kuznetsov,2
Arman Akhmetov,3
Ekaterina Sahin,3
Nur Abenov,5
Selin Rakhimov,1
Vadim Suleimenov,1
Damir Alpysbay,4
Amir Mikhailov,5
Pavel Lebedev,2
Arman Assanov,2
Damir Kilic,3
Kuanysh Nurgaliyev,1
Gaukhar Morozov,1
Tolga Suleimenov,1
Talgat Bekov,3
Rauan Esenov,2
Ece Baitursyn,4
Hasan Dauletov,5
Nurlybek Smirnov,5
Selin Lebedev,1
Alina Abdirov,5
Milana Tashkenov,1
Zhanna Koc,3
Dias Ozturk,3
Ainur Popov,3
Aisha Tashkenov,5
Aisha Ermek,3
Kerem Kaya,3
Layla Sahin,3
Kamila Mikhailov,4
Aknur Zhaksylyk,5
Rasul Demir,4
Yerlan Demir,2
Yulia Sagyndyk,5
Meruyert Dogan,4
Artem Bekov,1
Alina Smirnov,4
Timur Dauletov,2
Aruzhan Yerzhanov,2
Baris Demir,3
Nurlan Dogan,4
Akbota Ermek,1
Dinara Karimov,3
Artem Dogan,1
Dias Ivanov,3
Zhanna Sagyndyk,1
Dinara Omarov,1
Marat Rakhimov,3
Alibek Aliyev,2
Ruslan Demir,4
Bauyrzhan Sadykov,3
Zhansaya Cetin,3
Yerbol Smirnov,1
Dana Aslan,2
Oleg Zhumabek,3
Ece Tashkenov,1
Sofia Musin,1
Ilyas Alpysbay,2
Layla Suleimenov,4
Gaukhar Abdirov,3
Laura Kudaibergen,1
Igor Zhunusov,1
Damir Demir,2
Aigul Turgenev,2
Adil Omarov,3
Derya Celik,1
Maxim Zhumabek,3
Nikita Aliyev,5
Ksenia Jumabek,3
Ece Konysbay,4
Denis Turgenev,4
Hasan Zhumabek,1
Aliya Dauletov,2
Kairat Dogan,3
Amir Abenov,3
Zhandos Iskakov,1
Pavel Rakhimov,1
Zhansaya Fedorov,5
Damir Alpysbay,4
Serik Sahin,1
Oleg Baiseitov,3
Baris Cetin,3
Aigul Rakhimov,1
Sabina Volkov,2
Sultan Koc,3
Temirlan Assanov,2
Talgat Omarov,2
Dias Zhumabek,1
Kamila Ozturk,1
Aknur Smirnov,5
Kirill Turgenev,1
Zhanel Kurt,4
Daria Kara,1
Derya Mikhailov,1
Anton Omarov,1
Ece Suleimenov,5
Temirlan Tleubek,2
Nurlan Bekov,2
Zhandos Aliyev,1
Aizhan Kuznetsov,2
Yulia Assanov,2
Yerlan Abenov,4
Symbat Karimov,1
Ilyas Alpysbay,5
Kairat Assanov,4
Zhansaya Omarov,3
Zhandos Daulet,1
Yerbol Aliyev,4
Polina Assanov,5
Yerbol Jumabek,2
Asel Arslan,3
Aisha Suleimenov,1
Yulia Popov,1
Adil Lebedev,1
Nurlan Mikhailov,3
Gaukhar Kaya,1
Timur Koc,2
Milana Petrov,3
Temirlan Sagyndyk,1
Ksenia Bekov,2
Karina Temirov,1
Andrey Fedorov,3
Zeynep Sadykov,2
Hasan Karimov,5
Rauan Zhaksylyk,1
Zhuldyz Kaya,1
Nur Abenov,1
Alibek Akhmetov,2
Nurlan Ozturk,1
Ece Yerzhanov,4
Bauyrzhan Mikhailov,2
Artem Musin,5
Ece Kurmanov,2
Kuanysh Zhunusov,3
Anton Ozturk,2
Dias Alpysbay,3
Layla Nurgaliyev,3
Zhandos Ibrayev,2
Sanzhar Celik,1
Dias Ozturk,3
Murat Assanov,2
Alibek Kilic,2
Igor Baitursyn,5
Kairat Temirov,5
Dana Musin,3
Alibek Shakenov,1
Saltanat Bekov,5
Miras Ozturk,5
Meruyert Sokolov,4
Alina Petrov,5
Arman Morozov,1
Hasan Turgenev,3
Baris Karimov,2
Ekaterina Koc,1
Gaukhar Kassym,5
Selin Omarov,4
Elnur Novikov,3
Tatiana Turgenev,3
Elif Cetin,2
Nazerke Popov,2
Anna Koc,4
Alibek Aliyev,2
Ainur Sagyndyk,1
Kuanysh Temirov,5
Ece Celik,3
Alisa Gabdullin,3
Asel Esenov,1
Ece Turgenev,3
Omar Kurmanov,5
Ekaterina Sahin,1
Zhanel Aslan,3
Symbat Dauletov,3
Daria Koc,1
Tomiris Konysbay,5
Maria Kudaibergen,3
Anna Abenov,3
Maria Konysbay,1
Yerbol Serikbay,3
Daniyar Suleimenov,5
Yernar Serikbay,1
Zhanna Amangeldy,2
Murat Nurgaliyev,3
Tatiana Esenov,1
Serik Konysbay,2
Elif Morozov,4
Roman Baiseitov,1
Kuanysh Sadykov,1
Bauyrzhan Kilic,3
Ersultan Sahin,3
Polina Karimov,4
Nurlybek Esenov,1
Dinara Aslan,3
Bekzat Suleimenov,5
Pavel Serikbay,4
Tatiana Shakenov,3
Sanzhar Baiseitov,1
Yerbol Sagyndyk,4
Yerbol Temirov,3
Milana Assanov,5
Zhansaya Tleubek,2
Miras Kudaibergen,1
Selin Aslan,5
Selin Koc,1
Tomiris Alpysbay,2
Bekzat Sagyndyk,1
Andrey Sagyndyk,4
Baris Volkov,3
Baris Bekov,5
Ekaterina Arslan,1
Saltanat Volkov,2
Hasan Koc,2
Talgat Aliyev,2
Askar Kara,2
Balzhan Cetin,1
Aknur Ivanov,2
Ainur Arslan,3
Dana Kara,5
Andrey Kudaibergen,3
Yernar Musin,1
Laura Yilmaz,1
Ruslan Jumabek,3
Nikita Abenov,1
Daniyar Sagyndyk,1
Karina Kaliyev,4
Zhanel Abenov,4
Askar Musin,3
Meruyert Volkov,1
Aigerim Zhumabek,3
Sofia Kudaibergen,2
Vlad Daulet,2
Andrey Lebedev,1
Temirlan Musin,3
Kairat Nurgaliyev,2
Aigerim Kudaibergen,5
Sofia Gabdullin,3
Nazym Assanov,1
Talgat Alpysbay,4
Alina Abdirov,2
Sanzhar Tashkenov,4
Selin Musin,1
Ksenia Zhunusov,2
Polina Kaliyev,3
Anel Ibrayev,4
Sultan Nurgaliyev,2
Ainur Abdirov,1
Rasul Morozov,3
Yerbol Fedorov,1
Vadim Zhaksylyk,5
Bauyrzhan Sadykov,5
Kairat Petrov,3
Askar Tashkenov,1
Sergey Shakenov,1
Elnur Serikbay,4
Murat Musin,3
Marat Akhmetov,3
Rasul Yilmaz,2
Anton Musin,1
Dmitry Abenov,1
Andrey Fedorov,5
Yulia Volkov,2
Igor Mikhailov,5
Islam Sadykov,1
Nazerke Arslan,3
Kerem Volkov,4
Zhanel Kaya,4
Alina Zhunusov,5
Temirlan Lebedev,5
Rauan Jumabek,3
Maxim Kaliyev,4
Ilyas Kurt,2
Nurlan Ozturk,2
Nazerke Novikov,1
Maria Tashkenov,4
Islam Morozov,3
Alisa Mukanov,1
Emre Kuznetsov,3
Zhansaya Aliyev,1
Zhansaya Esenov,2
Zhanna Assanov,1
Olzhas Kaliyev,4
Azamat Abdirov,4
Sanzhar Kaya,4
Tatiana Kilic,3
Tolga Kassym,2
Olzhas Ualiyev,5
Kirill Zhaksylyk,4
Askar Musin,4
Yernar Jumabek,3
Yerlan Turgenev,2
Kuanysh Yerzhanov,1
Yernar Kuznetsov,1
Meruyert Esenov,1
Andrey Rakhimov,4
Sanzhar Temirov,2
Ekaterina Tleubek,1
Saltanat Sahin,1
Maxim Morozov,1
Gulnaz Rakhimov,1
Kirill Shakenov,3
Kamila Sahin,1
Yernar Ualiyev,5
Zhanar Baitursyn,1
Aizhan Smirnov,1
Ersultan Zhumabek,3
Layla Zhumabek,2
Akbota Volkov,3
Anton Lebedev,3
Nikita Aliyev,3
Kamila Kaya,5
Elena Koc,1
Karina Cetin,2
Artem Smirnov,5
Marat Kurmanov,2
Roman Bekov,3
Zhanar Zhaksylyk,3
Kirill Musin,2
Bekzat Shakenov,1
Zhansaya Kilic,4
Layla Celik,2
Daniyar Kaliyev,2
Aknur Aliyev,3
Nurlan Fedorov,4
Nurlan Makhmud,3
Rasul Nurgaliyev,1
Nikita Baiseitov,1
Layla Baiseitov,3
Zhandos Arslan,4
Elena Arslan,3
Islam Zhumabek,3
Ruslan Iskakov,4
Adil Ualiyev,2
Anel Turgenev,3
Zhanar Serikbay,2
Arman Kassym,1
Nurlan Sadykov,3
Gaukhar Bolat,2
Asel Zhumabek,2
Amir Demir,3
Emre Aliyev,1
Zhanar Iskakov,1
Daria Abenov,1
Ekaterina Kurmanov,2
Dinara Yerzhanov,1
Sabina Smirnov,2
Ekaterina Bolat,2
Sultan Sahin,1
Igor Arslan,2
Nurlan Mikhailov,3
Dana Amangeldy,1
Zhanna Popov,1
Murat Ermek,3
Ersultan Ermek,2
Layla Nurgaliyev,1
Zarina Kaya,2
Igor Popov,3
Zhanel Temirov,5
Yerbol Suleimenov,2
Miras Tashkenov,3
Bekzat Dogan,3
Rasul Ualiyev,2
Dmitry Iskakov,2
Andrey Dauletov,5
Rauan Kudaibergen,2
Bauyrzhan Amangeldy,1
Milana Ermek,1
Sofia Kurmanov,4
Sofia Kurmanov,1
Ilyas Kurt,3
Tolga Kaya,3
Damir Yilmaz,1
Aisha Assanov,1
Dinara Yilmaz,4
Nurzhan Akhmetov,3
Elnur Makhmud,3
Zhuldyz Ualiyev,2
Kerem Kurmanov,1
Zhuldyz Arslan,2
Murat Bekov,5
Baris Jumabek,3
Polina Jumabek,2
Emre Baiseitov,3
Andrey Temirov,4
Alibek Mikhailov,3
Olzhas Kassym,3
Dana Smirnov,3
Zeynep Orazov,2
Aigerim Amangeldy,1
Nur Kudaibergen,4
Kerem Morozov,1
Elif Kara,3
Rasul Abenov,1
Gaukhar Rakhimov,5
Andrey Cetin,1
Meruyert Bolat,3
Sabina Mikhailov,2
Alisa Yilmaz,1
Aisha Petrov,1
Derya Kudaibergen,3
Aknur Sokolov,3
Zhansaya Suleimenov,4
Ksenia Ibrayev,4
Aknur Novikov,4
Aliya Shakenov,2
Arman Gabdullin,2
Asel Kara,1
Amir Morozov,5
Ruslan Fedorov,4
Elnur Morozov,5
Serik Omarov,2
Bekzat Omarov,3
Aigul Bolat,2
Damir Ermek,2
Anel Ermek,3
Gaukhar Mikhailov,1
Dias Aliyev,3
Alina Yerzhanov,1
Vadim Ermek,5
Zhanar Kaya,4
Ece Jumabek,1
Zeynep Temirov,1
Amir Arslan,4
Selin Turgenev,1
Nazerke Jumabek,3
Olga Ermek,1
Alibek Tashkenov,3
Kirill Ozturk,2
Emre Cetin,3
Alina Kilic,3
Marat Makhmud,5
Sabina Lebedev,1
Damir Tleubek,2
Dinara Alpysbay,1
Miras Volkov,2
Dias Kaya,4
Kirill Dogan,2
Karina Tashkenov,2
Maria Novikov,1
Pavel Gabdullin,1
Rasul Ermek,2
Adil Yerzhanov,3
Talgat Baiseitov,1
Daria Alpysbay,1
Olzhas Kaya,3
Vlad Alpysbay,3
Maxim Ibrayev,1
Igor Musin,3
Anel Kurmanov,1
Ece Musin,1
Arman Bekov,2
Denis Sokolov,3
Amir Musin,1
Ece Sahin,5
Ekaterina Aliyev,3
Rasul Dauletov,5
Baris Konysbay,2
Artem Yerzhanov,1
Temirlan Akhmetov,4
Akbota Sahin,2
Oleg Makhmud,4
Yulia Musin,3
Tomiris Lebedev,1
Kairat Sahin,5
Serik Morozov,2
Zarina Morozov,2
Zhanna Ivanov,1
Irina Suleimenov,2
Karina Morozov,5
Zhansaya Suleimenov,1
Balzhan Cetin,4
Baris Bolat,2
Bekzat Amangeldy,2
Dmitry Sokolov,5
Kirill Orazov,2
Layla Zhaksylyk,1
Tomiris Lebedev,1
Sofia Bolat,4
Nur Rakhimov,5
Gulnaz Turgenev,1
Alibek Kuznetsov,3
Selin Ivanov,1
Alibek Popov,2
Nurzhan Aliyev,4
Vera Akhmetov,3
Ece Gabdullin,2
Ruslan Esenov,4
Elif Karimov,2
Ece Alpysbay,5
Laura Ozturk,3
Tomiris Koc,1
Kairat Ibrayev,2
Arman Aslan,4
Igor Kaliyev,5
Vadim Tashkenov,2
Zhanna Abenov,3
Laura Rakhimov,4
Kuanysh Dauletov,3
Nazym Ozturk,5
Kamila Kaya,4
Maria Rakhimov,5
Irina Kilic,1
Temirlan Turgenev,2
Polina Ermek,4
Daria Dogan,5
Artem Orazov,2
Yulia Esenov,2
Kamila Zhumabek,1
Marat Kilic,1
Anton Orazov,4
Akbota Orazov,1
Daniyar Abenov,1
Laura Aliyev,1
Damir Iskakov,5
Saltanat Abenov,3
Yulia Konysbay,1
Nurlybek Turgenev,2
Kirill Petrov,3
Marat Orazov,1
Daria Kurmanov,1
Talgat Novikov,1
Zhanar Ibrayev,1
Kamila Temirov,5
Ece Dauletov,1
Nazerke Kurmanov,1
Arman Yilmaz,4
Yernar Bekov,2
Kamila Arslan,5
Gaukhar Mikhailov,3
Ersultan Kuznetsov,3
Temirlan Petrov,1
Madina Tashkenov,1
Kerem Baitursyn,3
Aruzhan Orazov,4
Aigul Kuznetsov,1
Kuanysh Volkov,2
Alibek Kudaibergen,1
Sofia Alpysbay,4
Azamat Bolat,3
Aigerim Zhaksylyk,3
Nikita Demir,1
Maria Amangeldy,5
Layla Omarov,3
Zhanel Assanov,1
Nurlybek Zhunusov,1
Talgat Konysbay,5
Ruslan Konysbay,3
Maria Kaya,1
Serik Nurgaliyev,2
Zeynep Kassym,3
Omar Tleubek,3
Denis Akhmetov,3
Aruzhan Konysbay,2
Timur Dauletov,2
Omar Tashkenov,5
Vlad Novikov,4
Madina Zhumabek,2
Nikita Abenov,2
Ersultan Yilmaz,5
Zhuldyz Arslan,1
Ksenia Sahin,1
Marat Baitursyn,3
Zhanar Dauletov,4
Layla Kuznetsov,2
Bauyrzhan Zhumabek,5
Nurlan Assanov,3
Selin Novikov,1
Vera Tashkenov,2
Sultan Tashkenov,3
Maria Fedorov,3
Igor Kara,5
Yerbol Yilmaz,2
Yernar Aslan,3
Aisha Baitursyn,3
Yerlan Musin,2
Anton Baitursyn,2
Kirill Ivanov,1
Ilyas Sahin,1
Timur Kilic,2
Laura Demir,1
Sultan Tashkenov,2
Yernar Kuznetsov,2
Miras Suleimenov,3
Elif Suleimenov,5
Selin Zhumabek,1
Nazerke Abdirov,2
Alina Zhunusov,3
Oleg Mukanov,3
Tomiris Volkov,1
Timur Akhmetov,4
Zhansaya Amangeldy,1
Derya Makhmud,3
Adil Amangeldy,4
Adil Aslan,2
Ece Novikov,1
Sergey Abenov,4
Marat Volkov,1
Kairat Ozturk,2
Omar Mikhailov,1
Daria Shakenov,3
Damir Yilmaz,4
Kuanysh Baitursyn,4
Murat Kara,1
Yulia Arslan,3
Maxim Zhumabek,2
Denis Musin,1
Olga Tleubek,2
Alibek Kassym,2
Emre Kurt,3
Adil Amangeldy,2
Andrey Ivanov,2
Aigul Koc,1
Miras Daulet,1
Islam Amangeldy,5
Askar Koc,3
Aigerim Popov,1
Zarina Kurmanov,1
Symbat Kurmanov,3
Ersultan Rakhimov,1
Serik Karimov,4
Adil Novikov,5
Ksenia Kassym,4
Hasan Jumabek,3
Aisha Cetin,4
Akbota Yilmaz,2
Dana Ermek,3
Damir Koc,2
Ekaterina Yilmaz,4
Omar Sadykov,4
Omar Kurmanov,1
Miras Iskakov,2
Kairat Demir,1
Bekzat Kurt,4
Rasul Dauletov,3
Maria Jumabek,3
Adil Arslan,5
Akbota Sagyndyk,4
Selin Ozturk,3
Zhansaya Konysbay,2
Daniyar Assanov,1
Nazerke Smirnov,2
Sofia Sahin,5
Ersultan Ermek,5
Derya Rakhimov,5
Karina Iskakov,2
Nurlybek Sokolov,3
Balzhan Tashkenov,4
Artem Kurt,1
Elif Kudaibergen,2
Polina Arslan,2
Daria Zhaksylyk,2
Damir Turgenev,2
Zhanna Abdirov,4
Vera Yerzhanov,1
Arman Mukanov,4
Bauyrzhan Orazov,1
Dmitry Petrov,2
Elena Baitursyn,4
Zarina Abenov,3
Sanzhar Akhmetov,5
Symbat Musin,3
Irina Akhmetov,4
Rauan Demir,5
Milana Yilmaz,3
Igor Kuznetsov,3
Nurzhan Temirov,1
Talgat Bolat,3
Elena Zhaksylyk,3
Anna Serikbay,2
Omar Celik,1
Milana Kaliyev,4
Daniyar Ozturk,4
Azamat Morozov,1
Nikita Ivanov,3
Karina Popov,1
Ekaterina Omarov,1
Dana Kassym,4
Aliya Popov,1
Gulnaz Arslan,4
Azamat Nurgaliyev,3
Amir Tleubek,4
Dmitry Baitursyn,2
Andrey Ozturk,1
Madina Koc,3
Zhanna Demir,2
Temirlan Kara,3
Anna Amangeldy,1
Islam Kurt,3
Ksenia Zhunusov,4
Symbat Kurmanov,2
Milana Ualiyev,1
Daria Mukanov,1
Pavel Zhumabek,3
Milana Koc,5
Nurlybek Musin,5
Daniyar Zhunusov,2
Zhandos Serikbay,5
Nurzhan Jumabek,3
Tatiana Volkov,3
Aruzhan Ibrayev,1
Kamila Abenov,3
Anton Daulet,1
Aizhan Baitursyn,3
Rasul Arslan,1
Talgat Volkov,1
Nurzhan Zhumabek,2
Yerbol Mukanov,3
Olga Arslan,5
Karina Esenov,2
Islam Arslan,5
Talgat Cetin,2
Rauan Nurgaliyev,2
Elena Cetin,1
Kirill Zhumabek,2
Madina Abenov,2
Dinara Popov,2
Yulia Baitursyn,1
Bauyrzhan Jumabek,4
Laura Zhaksylyk,3
Gulnaz Musin,3
Olzhas Gabdullin,3
Alisa Jumabek,1
Tatiana Baitursyn,2
Adil Aliyev,3
Tatiana Orazov,2
Derya Zhumabek,1
Daria Ualiyev,3
Kerem Ualiyev,2
Gulnaz Temirov,3
Anel Sahin,3
Aknur Volkov,1
Elena Shakenov,1
Aruzhan Smirnov,3
Bauyrzhan Popov,4
Alina Esenov,3
Sultan Alpysbay,5
Vlad Zhaksylyk,1
Ruslan Alpysbay,2
Asel Lebedev,2
Milana Petrov,1
Karina Cetin,4
Bauyrzhan Akhmetov,5
Pavel Aslan,2
Zhansaya Petrov,1
Nazerke Dogan,3
Polina Bolat,1
Vadim Assanov,4
Bekzat Tashkenov,1
Gulnaz Iskakov,1
Elif Kudaibergen,1
Miras Jumabek,2
Zarina Ualiyev,4
Zhanna Esenov,2
Symbat Kudaibergen,3
Anton Ivanov,4
Azamat Morozov,4
Balzhan Serikbay,5
Tatiana Makhmud,3
Alina Makhmud,3
Zhuldyz Ualiyev,1
Yulia Kara,2
Zhanna Arslan,1
Irina Kassym,2
Maxim Sahin,1
Irina Kaya,3
Rauan Aliyev,2
Rauan Esenov,1
Temirlan Demir,3
Elena Demir,2
Maria Kurmanov,1
Amir Ozturk,3
Maxim Ualiyev,3
Symbat Lebedev,1
Zhuldyz Baitursyn,3
Aisha Shakenov,4
Milana Tleubek,3
Yerbol Fedorov,1
Vadim Smirnov,2
Nazym Assanov,1
Tomiris Tashkenov,4
Milana Zhaksylyk,3
Zhansaya Kaliyev,2
Olga Serikbay,3
Zhuldyz Baitursyn,1
Azamat Lebedev,1
Symbat Karimov,2
Tatiana Sokolov,4
Emre Popov,3
Aruzhan Popov,4
Rauan Yilmaz,1
Bekzat Volkov,1
Rasul Zhaksylyk,1
Zeynep Sadykov,3
Nurlybek Turgenev,2
Temirlan Aslan,4
Ece Zhunusov,1
Timur Assanov,5
Tatiana Ibrayev,2
Zhandos Jumabek,5
Daniyar Kilic,3
Vadim Ermek,4
Ekaterina Sokolov,2
Maria Akhmetov,2
Artem Kudaibergen,2
Roman Abdirov,3
Rauan Lebedev,4
Oleg Abdirov,4
Dana Volkov,3
Sultan Petrov,3
Asel Lebedev,2
Nazym Gabdullin,1
Nurzhan Aslan,2
Amir Assanov,2
Dmitry Mikhailov,1
Andrey Omarov,2
Yerlan Orazov,5
Murat Kurmanov,3
Yulia Ualiyev,3
Nazym Kurmanov,2
Nurzhan Temirov,5
Zhuldyz Koc,1
Zhandos Zhaksylyk,3
Meruyert Yilmaz,1
Damir Amangeldy,3
Olzhas Assanov,1
Maria Musin,4
Vera Baiseitov,1
Ilyas Sokolov,1
Symbat Dogan,5
Ainur Zhumabek,4
Aruzhan Konysbay,1
Baris Ibrayev,1
Polina Daulet,1
Andrey Sadykov,1
Temirlan Ermek,2
Ainur Petrov,2
Omar Kuznetsov,4
Sergey Alpysbay,2
Kuanysh Kilic,3
Temirlan Koc,2
Temirlan Assanov,2
Dana Tleubek,4
Yulia Kuznetsov,1
Nazym Aslan,3
Nurlan Assanov,2
Zhuldyz Abdirov,3
Hasan Yerzhanov,2
Sanzhar Koc,2
Islam Nurgaliyev,3
Yerbol Kilic,4
Emre Popov,1
Islam Kaliyev,4
Milana Koc,2
Zhuldyz Abdirov,1
Kairat Zhaksylyk,4
Alina Orazov,1
Meruyert Celik,2
Arman Sahin,2
Emre Popov,5
Nazerke Kudaibergen,3
Aisha Akhmetov,2
Vera Ivanov,1
Zhanar Kara,4
Aigul Arslan,5
Zeynep Celik,1
Karina Novikov,4
Temirlan Karimov,1
Anna Omarov,1
Kerem Novikov,3
Vlad Cetin,4
Elif Suleimenov,3
Dmitry Popov,5
Amir Kuznetsov,3
Aizhan Ozturk,3
Ece Temirov,2
Maxim Mikhailov,2
Gulnaz Bolat,5
Zeynep Demir,1
Vera Koc,2
Madina Abenov,5
Rasul Arslan,2
Adil Rakhimov,2
Gaukhar Tleubek,1
Daria Fedorov,3
Murat Tleubek,3
Nazym Esenov,2
Roman Konysbay,1
Igor Assanov,4
Sofia Temirov,2
Tatiana Smirnov,4
Balzhan Koc,5
Maria Temirov,4
Selin Esenov,2
Nazerke Makhmud,4
Miras Ibrayev,1
Vera Musin,2
Miras Kuznetsov,1
Nurlan Kaya,1
Nikita Arslan,4
Aknur Suleimenov,3
Sergey Volkov,5
Ece Arslan,2
Damir Dogan,4
Elif Zhunusov,4
Kuanysh Ualiyev,1
Tomiris Kuznetsov,4
Vadim Shakenov,3
Aigul Smirnov,1
Ekaterina Kilic,1
Hasan Gabdullin,3
Tatiana Sagyndyk,3
Igor Iskakov,2
Nazym Assanov,3
Artem Ibrayev,3
Talgat Nurgaliyev,3
Balzhan Arslan,5
Damir Rakhimov,4
Oleg Zhunusov,2
Aizhan Mukanov,1
Askar Akhmetov,1
Kairat Konysbay,3
Ece Kudaibergen,1
Polina Nurgaliyev,4
Daniyar Alpysbay,4
Nurlan Nurgaliyev,1
Dinara Ozturk,1
Nikita Musin,2
Karina Nurgaliyev,3
Zhuldyz Orazov,4
Elif Bekov,1
Igor Kilic,3
Murat Temirov,2
Yernar Nurgaliyev,3
Sergey Ermek,3
Sabina Ibrayev,2
Vlad Gabdullin,4
Aisha Dogan,5
Amir Sahin,3
Ilyas Yilmaz,4
Aisha Nurgaliyev,3
Nazym Musin,1
Zhanel Mikhailov,4
Sergey Esenov,3
Zarina Musin,5
Anel Ozturk,4
Zhuldyz Temirov,3
Sultan Sokolov,4
Igor Sagyndyk,1
Kirill Kaliyev,2
Kuanysh Akhmetov,1
Symbat Fedorov,4
Murat Esenov,4
Timur Zhumabek,3
Sultan Amangeldy,3
Ruslan Turgenev,3
Aigul Tleubek,2
Zhanar Suleimenov,1
Milana Akhmetov,2
Amir Koc,3
Derya Koc,3
Akbota Petrov,2
Nurzhan Koc,3
Murat Arslan,5
Roman Morozov,3
Sultan Nurgaliyev,3
Gulnaz Musin,5
Zhanel Sahin,2
Ainur Kurmanov,2
Zarina Celik,3
Elif Gabdullin,1
Kirill Mikhailov,1
Pavel Akhmetov,2
Kerem Ermek,4
Milana Smirnov,4
Serik Popov,2
Gulnaz Assanov,2
Ainur Jumabek,4
Yernar Tashkenov,3
Dmitry Temirov,2
Nurzhan Zhaksylyk,2
Ece Serikbay,3
Maria Celik,2
Kirill Kara,2
Alina Volkov,2
Dinara Zhunusov,4
Zhanna Rakhimov,1
Kerem Smirnov,4
Rauan Iskakov,1
Murat Zhaksylyk,3
Omar Jumabek,2
Aknur Kaya,3
Daniyar Suleimenov,1
Ilyas Jumabek,2
Nurzhan Rakhimov,1
Sabina Tleubek,4
Dias Abenov,2
Nurlybek Ibrayev,1
Nazerke Aliyev,3
Vlad Yilmaz,1
Zhanar Ivanov,2
Zhuldyz Volkov,5
Zhanel Amangeldy,4
Baris Zhunusov,3
Kirill Volkov,3
Ainur Suleimenov,3
Islam Sadykov,1
Oleg Abdirov,3
Roman Zhaksylyk,3
Dmitry Kassym,3
Kairat Kudaibergen,1
Sultan Turgenev,2
Alibek Volkov,3
Aizhan Petrov,3
Nurzhan Musin,1
Nurzhan Temirov,1
Alibek Dogan,3
Dana Mikhailov,2
Yerlan Konysbay,5
Vera Alpysbay,1
Sofia Ivanov,3
Sultan Ibrayev,1
Nurzhan Ualiyev,3
Ersultan Suleimenov,3
Zhanel Tashkenov,1
Yulia Konysbay,3
Polina Fedorov,3
Kerem Omarov,5
Meruyert Petrov,3
Bekzat Smirnov,2
Nurlan Lebedev,3
Roman Zhunusov,4
Olzhas Rakhimov,1
Elena Musin,1
Arman Zhumabek,3
Anna Tleubek,3
Anton Esenov,3
Daria Aliyev,3
Kuanysh Kuznetsov,3
Madina Popov,2
Denis Serikbay,2
Sanzhar Shakenov,3
Zhanel Kurmanov,2
Gaukhar Ualiyev,3
Marat Assanov,1
Alibek Aliyev,3
Pavel Kaya,1
Ruslan Kurt,2
Elnur Kuznetsov,1
Baris Sahin,3
Ruslan Suleimenov,4
Amir Aslan,3
Andrey Esenov,3
Bauyrzhan Ivanov,1
Damir Assanov,2
Sabina Musin,2
Aliya Mukanov,4
Daniyar Volkov,3
Zhandos Zhunusov,1
Azamat Bolat,3
Zeynep Omarov,3
Dias Kara,1
Omar Fedorov,4
Kuanysh Kaliyev,4
Rauan Ozturk,1
Oleg Jumabek,2
Aisha Kilic,3
Aknur Lebedev,2
Murat Gabdullin,3
Pavel Ivanov,1
Roman Sadykov,3
Elena Makhmud,1
Aliya Kassym,3
Alibek Serikbay,4
Zarina Kurt,2
Ersultan Mikhailov,1
Temirlan Dogan,4
Madina Esenov,1
Aknur Kurt,1
Yerbol Zhunusov,1
Askar Zhaksylyk,2
Miras Ibrayev,2
Nazerke Bekov,4
Alibek Abenov,2
Ilyas Gabdullin,2
Tatiana Orazov,4
Artem Temirov,2
Oleg Temirov,4
Maxim Rakhimov,3
Symbat Ivanov,2
Saltanat Akhmetov,3
Talgat Yerzhanov,3
Nazym Serikbay,1
Derya Sokolov,2
Serik Demir,4
Sultan Ermek,3
Oleg Dogan,4
Olga Baitursyn,3
Olga Kurt,1
Gaukhar Kurt,2
Maria Yerzhanov,3
Derya Petrov,4
Anel Abdirov,3
Nurlan Kilic,2
Andrey Ozturk,1
Selin Musin,5
Aigerim Baitursyn,2
Ilyas Kudaibergen,4
Alina Kuznetsov,1
Damir Mikhailov,1
Zeynep Rakhimov,1
Maria Konysbay,2
Maria Musin,2
Serik Omarov,4
Sergey Jumabek,5
Meruyert Volkov,1
Bekzat Demir,1
Tatiana Kaya,5
Anna Dogan,5
Nazerke Ozturk,5
Milana Kurmanov,3
Islam Ivanov,3
Zeynep Koc,2
Karina Novikov,1
Aizhan Sahin,3
Amir Ibrayev,2
Balzhan Kara,4
Anton Konysbay,1
Damir Daulet,1
Dinara Musin,3
Dinara Zhumabek,4
Alibek Iskakov,2
Nurlybek Musin,4
Zhanel Akhmetov,1
Yulia Smirnov,2
Aigerim Orazov,3
Aigul Serikbay,1
Nazym Kudaibergen,3
Saltanat Kaya,5
Tomiris Novikov,3
Zhanel Rakhimov,4
Irina Sadykov,4
Serik Kaliyev,4
Bauyrzhan Sahin,1
Meruyert Petrov,5
Selin Bolat,3
Olga Koc,1
Olzhas Koc,3
Ekaterina Turgenev,3
Miras Tleubek,5
Elnur Kudaibergen,3
Nikita Kudaibergen,2
Baris Daulet,5
Yerbol Zhumabek,4
Elnur Morozov,2
Zhansaya Yilmaz,2
Alina Mikhailov,3
Alibek Sadykov,1
Pavel Aliyev,2
Sanzhar Koc,3
Zarina Tashkenov,2
Arman Kara,4
Maria Zhumabek,2
Baris Makhmud,2
Alina Kurt,4
Murat Abdirov,1
Gaukhar Aliyev,2
Nurlybek Ozturk,4
Temirlan Yilmaz,1
Adil Celik,2
Anton Nurgaliyev,1
Daria Morozov,3
Kerem Omarov,2
Sultan Esenov,3
Symbat Smirnov,2
Laura Orazov,1
Nikita Serikbay,5
Artem Bekov,2
Zhansaya Arslan,2
Marat Bolat,4
Arman Zhaksylyk,2
Saltanat Kurmanov,4
Rasul Kudaibergen,4
Anton Kudaibergen,3
Zeynep Tleubek,1
Elnur Kurmanov,2
Laura Rakhimov,2
Sanzhar Tleubek,2
Nikita Cetin,4
Yerbol Fedorov,1
Maria Omarov,2
Zhuldyz Bekov,2
Elif Ermek,3
Vera Kaya,3
Dias Sahin,1
Ruslan Ualiyev,1
Artem Smirnov,4
Murat Mukanov,3
Zhansaya Fedorov,2
Dias Konysbay,2
Aigerim Makhmud,2
Rasul Tleubek,2
Arman Sadykov,5
Marat Kara,1
Dmitry Kara,1
Azamat Jumabek,4
Miras Musin,1
Rasul Novikov,5
Zhanar Bolat,4
Saltanat Tleubek,3
Nazerke Baitursyn,5
Zhanar Demir,3
Nurlan Orazov,2
Sabina Ibrayev,5
Murat Daulet,2
Yerbol Omarov,1
Aizhan Orazov,4
Denis Fedorov,2
Damir Kurt,2
Kairat Baiseitov,1
Anel Sahin,3
Aigerim Fedorov,2
Zhansaya Amangeldy,2
Asel Volkov,1
Denis Abenov,1
Roman Ermek,2
Maxim Aslan,2
Bekzat Rakhimov,4
Balzhan Fedorov,1
Omar Zhumabek,4
Nurzhan Petrov,4
Balzhan Abenov,3
Gulnaz Amangeldy,3
Aigul Cetin,1
Kirill Lebedev,3
Emre Amangeldy,3
Ainur Orazov,1
Derya Abdirov,1
Nurlan Bekov,2
Amir Volkov,2
Elena Morozov,3
Amir Ibrayev,3
Daria Tashkenov,2
Bekzat Daulet,2
Igor Aliyev,1
Derya Konysbay,1
Kuanysh Kaliyev,1
Gaukhar Cetin,2
Sabina Makhmud,1
Vlad Jumabek,5
Zeynep Abenov,1
Gulnaz Cetin,2
Sabina Petrov,1
Aigerim Suleimenov,2
Tolga Karimov,3
Andrey Mukanov,1
Ainur Lebedev,1
Bekzat Akhmetov,2
Kerem Nurgaliyev,3
Timur Shakenov,3
Ekaterina Iskakov,1
Askar Rakhimov,3
Nazym Zhaksylyk,2
Ksenia Lebedev,1
Yerbol Kaliyev,4
Nazerke Abdirov,1
Rasul Ivanov,4
Zarina Sadykov,1
Zeynep Ivanov,3
Anna Ivanov,2
Polina Zhunusov,2
Sabina Makhmud,1
Denis Fedorov,2
Nazerke Sagyndyk,1
Zhandos Rakhimov,2
Murat Abdirov,1
Meruyert Dauletov,5
Oleg Tleubek,2
Kuanysh Petrov,4
Roman Popov,5
Dmitry Fedorov,3
Murat Sokolov,2
Andrey Sokolov,2
Artem Nurgaliyev,2
Irina Lebedev,5
Azamat Mikhailov,3
Asel Shakenov,1
Tatiana Bolat,3
Irina Daulet,3
Miras Makhmud,4
Tatiana Kuznetsov,1
Marat Kurmanov,2
Selin Kaya,1
Ksenia Mikhailov,2
Aliya Aslan,3
Kirill Jumabek,4
Gaukhar Lebedev,4
Adil Volkov,2
Bekzat Bolat,3
Aigul Esenov,2
Islam Lebedev,4
Miras Aliyev,4
Alisa Kurmanov,2
Elif Daulet,2
Temirlan Kuznetsov,1
Sanzhar Ermek,3
Nur Shakenov,2
Asel Kurmanov,2
Zarina Petrov,4
Bauyrzhan Jumabek,3
Anel Celik,4
Yulia Abdirov,5
Madina Arslan,3
Pavel Sahin,2
Artem Celik,2
Temirlan Ualiyev,1
Nurzhan Dogan,2
Anel Petrov,3
Zhandos Ivanov,5
Alina Sokolov,2
Pavel Lebedev,4
Oleg Kuznetsov,5
Islam Turgenev,3
Sabina Suleimenov,4
Zeynep Smirnov,2
Maria Turgenev,3
Hasan Temirov,4
Karina Petrov,3
Murat Makhmud,3
Tomiris Kudaibergen,4
Sultan Kaliyev,4
Gulnaz Ualiyev,1
Elnur Arslan,1
Igor Serikbay,2
Layla Koc,2
Aigul Nurgaliyev,3
Tatiana Alpysbay,5
Anel Cetin,3
Zhanar Suleimenov,5
Igor Zhumabek,1
Maria Aslan,3
Vadim Celik,3
Miras Iskakov,3
Tomiris Popov,3
Alina Kassym,3
Arman Mikhailov,3
Tatiana Makhmud,3
Alibek Yerzhanov,4
Emre Temirov,5
Madina Baitursyn,4
Kerem Novikov,1
Nazerke Kudaibergen,5
Azamat Akhmetov,4
Rasul Kaya,3
Yerlan Mukanov,3
Nurlybek Ivanov,2
Aigerim Celik,2
Askar Kaliyev,2
Sultan Akhmetov,4
Baris Kurmanov,2
Sabina Baiseitov,2
Selin Sahin,2
Daria Kurt,2
Layla Omarov,1
Bekzat Shakenov,1
Emre Novikov,4
Sofia Aslan,3
Maria Tashkenov,1
Pavel Aliyev,1
Maria Jumabek,2
Adil Ivanov,1
Elif Zhumabek,1
Dinara Sagyndyk,2
Bauyrzhan Bolat,4
Zhanel Baitursyn,2
Yulia Celik,2
Vera Temirov,5
Selin Gabdullin,3
Karina Kurmanov,1
Gaukhar Ualiyev,1
Alina Ivanov,1
Meruyert Kara,3
Ksenia Kuznetsov,2
Irina Aliyev,3
Amir Iskakov,3
Aliya Rakhimov,1
Irina Nurgaliyev,3
Marat Temirov,1
Gaukhar Ualiyev,4
Dias Zhaksylyk,2
Nurlan Kurmanov,5
Karina Konysbay,2
Elif Gabdullin,2
Miras Mukanov,3
Gaukhar Orazov,4
Baris Amangeldy,1
Maxim Akhmetov,3
Igor Sahin,5
Oleg Alpysbay,3
Roman Ozturk,4
Ece Arslan,4
Irina Iskakov,5
Islam Morozov,3
Vadim Kuznetsov,2
Ilyas Konysbay,3
Yulia Serikbay,5
Daniyar Baiseitov,4
Zeynep Mukanov,4
Zhanar Esenov,2
Bekzat Suleimenov,4
Yerlan Zhumabek,1
Bekzat Bolat,4
Meruyert Temirov,3
Tolga Kurmanov,4
Arman Turgenev,3
Temirlan Shakenov,2
Aknur Suleimenov,1
Vlad Shakenov,2
Maria Fedorov,2
Olga Nurgaliyev,1
Sanzhar Bekov,3
Timur Dogan,2
Aigerim Daulet,2
Nazerke Kurmanov,4
Elena Abenov,2
Dias Alpysbay,2
Igor Gabdullin,1
Sultan Demir,2
Dmitry Omarov,3
Murat Arslan,1
Marat Serikbay,5
Aigerim Smirnov,1
Kerem Smirnov,2
Talgat Amangeldy,1
Adil Ualiyev,1
Madina Ibrayev,3
Zhuldyz Fedorov,1
Murat Sagyndyk,3
Zeynep Smirnov,2
Damir Dauletov,1
Kerem Esenov,2
Olzhas Kudaibergen,1
Ksenia Ermek,4
Rauan Orazov,3
Tolga Tashkenov,1
Nazerke Zhumabek,2
Serik Konysbay,2
Milana Morozov,4
Irina Kilic,4
Damir Kilic,3
Daria Ivanov,3
Elnur Rakhimov,2
Adil Tashkenov,2
Sultan Morozov,2
Aizhan Orazov,3
Amir Abenov,1
Daria Fedorov,2
Askar Celik,2
Aknur Shakenov,1
Olga Aslan,1
Aruzhan Baitursyn,2
Denis Daulet,5
Omar Baiseitov,4
Amir Aliyev,5
Dmitry Volkov,2
Nazerke Iskakov,1
Nurlan Zhaksylyk,1
Damir Morozov,1
Serik Sahin,3
Vadim Dauletov,4
Azamat Fedorov,2
Karina Kilic,1
Irina Arslan,5
Yernar Kurt,4
Polina Shakenov,2
Nurlan Lebedev,2
Tomiris Tleubek,2
Zarina Dauletov,5
Alina Konysbay,5
Kerem Bekov,2
Nazym Baiseitov,2
Nur Ibrayev,3
Kairat Mikhailov,3
Milana Kilic,2
Temirlan Amangeldy,1
Kirill Kudaibergen,3
Murat Zhumabek,1
Symbat Yilmaz,4
Arman Volkov,1
Anna Ibrayev,3
Dias Musin,3
Marat Tleubek,3
Alisa Ibrayev,2
Rauan Amangeldy,1
Tolga Cetin,3
Anna Rakhimov,2
Maxim Dogan,1
Alibek Jumabek,3
Gaukhar Kuznetsov,3
Aigul Makhmud,3
Kuanysh Popov,3
Dmitry Bolat,2
Ersultan Nurgaliyev,1
Zhansaya Akhmetov,3
Rauan Cetin,5
Saltanat Assanov,3
Vadim Volkov,3
Olga Musin,3
Gaukhar Baiseitov,1
Karina Abdirov,2
Ekaterina Ualiyev,3
Daniyar Temirov,3
Nikita Aslan,5
Talgat Rakhimov,2
Nurlybek Iskakov,4
Derya Zhunusov,1
Dias Bekov,5
Nurzhan Ualiyev,3
Ksenia Serikbay,1
Igor Dogan,2
Nurzhan Ibrayev,2
Madina Ivanov,1
Nurlan Turgenev,1
Yernar Assanov,1
Talgat Novikov,5
Nurzhan Petrov,5
Sultan Volkov,3
Alisa Dauletov,4
Anna Tashkenov,3
Talgat Celik,4
Gulnaz Kuznetsov,2
Yerbol Yerzhanov,5
Alibek Suleimenov,1
Layla Sahin,3
Alisa Aliyev,4
Meruyert Bekov,1
Arman Musin,1
Sofia Novikov,1
Milana Tashkenov,5
Maxim Abdirov,1
Murat Temirov,4
Kairat Koc,1
Akbota Orazov,3
Gaukhar Musin,3
Aizhan Volkov,1
Kamila Jumabek,1
Nikita Kurmanov,3
Alina Demir,5
Kamila Zhumabek,3
Sergey Dauletov,4
Tolga Rakhimov,1
Ilyas Nurgaliyev,3
Zhanna Sadykov,1
Rasul Mukanov,3
Tatiana Kudaibergen,3
Maxim Zhaksylyk,2
Denis Abenov,4
Baris Ozturk,3
Serik Nurgaliyev,3
Aruzhan Demir,1
Omar Abenov,1
Akbota Makhmud,3
Asel Rakhimov,1
Asel Ibrayev,3
Vera Baiseitov,4
Aizhan Iskakov,1
Selin Zhumabek,3
Meruyert Arslan,3
Kerem Assanov,2
Bauyrzhan Kudaibergen,4
Azamat Kaya,5
Elena Tleubek,1
Olga Konysbay,1
Vlad Sadykov,5
Nikita Gabdullin,2
Milana Bolat,2
Arman Musin,2
Anton Zhunusov,2
Murat Abdirov,2
Sanzhar Alpysbay,3
Marat Fedorov,1
Zhuldyz Musin,3
Laura Sadykov,4
Damir Mikhailov,2
Meruyert Nurgaliyev,3
Anton Akhmetov,2
Nurlan Sagyndyk,1
Askar Ivanov,5
Aisha Abdirov,2
Artem Dogan,5
Olga Koc,3
Olzhas Mukanov,3
Andrey Sokolov,3
Meruyert Esenov,1
Kairat Yilmaz,2
Amir Aslan,2
Zhanar Abdirov,3
Serik Tleubek,5
Meruyert Yilmaz,4
Sabina Temirov,5
Yernar Kurmanov,2
Gulnaz Arslan,3
Nur Kara,4
Roman Smirnov,5
Polina Kurt,4
Ksenia Petrov,3
Sergey Dogan,3
Zhanar Sadykov,1
Adil Arslan,3
Kirill Zhaksylyk,1
Vera Aslan,2
Alina Zhaksylyk,1
Dinara Popov,3
Zhuldyz Assanov,2
Olzhas Suleimenov,1
Ruslan Serikbay,2
Aizhan Arslan,2
Elnur Ivanov,2
Askar Novikov,3
Alina Yerzhanov,1
Askar Baitursyn,5
Ersultan Petrov,4
Adil Esenov,5
Nur Mikhailov,1
Ersultan Omarov,3
Adil Dauletov,4
Artem Konysbay,4
Tatiana Kuznetsov,3
Sergey Novikov,1
Maria Sagyndyk,5
Tomiris Demir,4
Ece Iskakov,5
Elif Kurmanov,4
Vera Zhunusov,3
Anton Abdirov,2
Karina Amangeldy,2
Yerlan Mikhailov,4
Emre Arslan,3
Dinara Konysbay,3
Talgat Dauletov,3
Bekzat Mukanov,3
Adil Akhmetov,3
Marat Bekov,3
Alisa Turgenev,3
Azamat Dauletov,2
Elnur Rakhimov,3
Emre Demir,1
Kerem Popov,1
Serik Rakhimov,2
Ksenia Ivanov,5
Akbota Novikov,2
Andrey Sadykov,5
Adil Kilic,1
Nurlan Temirov,4
Zeynep Cetin,1
Denis Ivanov,4
Roman Zhunusov,2
Tomiris Sokolov,1
Roman Smirnov,4
Symbat Kilic,1
Nazerke Kurmanov,4
Temirlan Novikov,4
Temirlan Kurt,4
Irina Kurmanov,4
Bauyrzhan Sagyndyk,4
Layla Kaya,3
Anton Baiseitov,4
Zhanel Karimov,2
Maria Sagyndyk,2
Tatiana Ivanov,3
Akbota Aslan,2
Tolga Kuznetsov,1
Zhanna Akhmetov,1
Zeynep Ivanov,2
Temirlan Rakhimov,3
Aigerim Mikhailov,4
Olzhas Omarov,1
Oleg Alpysbay,2
Nur Kurmanov,3
Polina Lebedev,2
Artem Nurgaliyev,1
Tolga Kara,3
Azamat Orazov,1
Ksenia Serikbay,3
Arman Baitursyn,1
Adil Morozov,2
Balzhan Kurt,4
Daniyar Ivanov,1
Miras Lebedev,3
Andrey Kaliyev,3
Zhanna Lebedev,1
Kuanysh Tashkenov,3
Marat Musin,2
Timur Dogan,3
Adil Kudaibergen,2
Olga Kaliyev,1
Olga Sadykov,5
Nurlybek Demir,3
Madina Konysbay,2
Baris Yilmaz,3
Ruslan Aliyev,2
Bekzat Kara,3
Irina Kara,3
Askar Sahin,5
Ersultan Alpysbay,5
Karina Shakenov,1
Hasan Novikov,3
Serik Bekov,3
Aizhan Ualiyev,1
Meruyert Ermek,1
Denis Yilmaz,1
Aliya Assanov,3
Tomiris Abdirov,1
Nur Bekov,1
Selin Akhmetov,3
Karina Serikbay,2
Dana Suleimenov,1
Hasan Karimov,5
Akbota Morozov,2
Damir Kassym,3
Rauan Serikbay,2
Rauan Kara,4
Derya Sokolov,4
Baris Mikhailov,1
Timur Ozturk,3
Asel Omarov,2
Oleg Petrov,3
Aisha Serikbay,1
Hasan Yerzhanov,3
Olzhas Petrov,5
Dana Nurgaliyev,3
Yerlan Baitursyn,3
Roman Aslan,2
Aliya Novikov,4
Symbat Mikhailov,2
Damir Bolat,2
Nurlan Tashkenov,1
Pavel Kuznetsov,1
Azamat Ualiyev,3
Nur Turgenev,3
Derya Kudaibergen,3
Anton Rakhimov,3
Temirlan Petrov,2
Ruslan Fedorov,4
Rasul Arslan,3
Sultan Kudaibergen,4
Yernar Demir,2
Ersultan Kaya,5
Nikita Mukanov,1
Aruzhan Novikov,2
Elnur Karimov,4
Layla Suleimenov,5
Asel Zhunusov,5
Dmitry Ozturk,4
Miras Nurgaliyev,1
Dinara Baitursyn,3
Talgat Mukanov,3
Maria Ibrayev,5
Anton Koc,2
Sofia Abenov,2
Layla Shakenov,2
Kamila Ibrayev,3
Rauan Musin,1
Irina Fedorov,4
Adil Makhmud,4
Sanzhar Lebedev,1
Ece Tashkenov,2
Layla Koc,2
Kuanysh Kara,5
Irina Mikhailov,3
Selin Serikbay,3
Anel Aliyev,1
Zhandos Zhaksylyk,3
Saltanat Temirov,1
Yulia Ivanov,3
Tatiana Sadykov,2
Kamila Sokolov,1
Islam Ibrayev,3
Nurzhan Alpysbay,4
Yernar Sahin,5
Meruyert Akhmetov,3
Akbota Rakhimov,4
Vlad Konysbay,1
Kamila Temirov,4
Murat Ermek,2
Kerem Ibrayev,5
Tatiana Arslan,4
Yerbol Bolat,3
Azamat Zhumabek,3
Gulnaz Kilic,4
Zhanar Akhmetov,3
Bauyrzhan Kara,1
Irina Koc,1
Azamat Suleimenov,3
Tomiris Baitursyn,1
Aigul Gabdullin,1
Ekaterina Mukanov,1
Balzhan Orazov,2
Temirlan Kilic,3
Zhanel Kaliyev,1
Ersultan Novikov,3
Saltanat Mikhailov,1
Elnur Yilmaz,3
Temirlan Rakhimov,4
Layla Iskakov,2
Islam Omarov,1
Damir Dogan,1
Oleg Tashkenov,5
Zhansaya Popov,1
Murat Abenov,2
Aisha Jumabek,1
Olga Kara,1
Dias Fedorov,3
Roman Shakenov,4
Dmitry Tashkenov,5
Tatiana Aslan,2
Vera Musin,1
Islam Bolat,3
Serik Kuznetsov,3
Nikita Sahin,5
Ainur Ibrayev,2
Vlad Akhmetov,1
Alisa Morozov,1
Emre Tleubek,2
Nurlybek Sahin,1
Gaukhar Arslan,1
Irina Rakhimov,4
Daniyar Dogan,1
Layla Mikhailov,3
Nurlybek Omarov,1
Murat Omarov,2
Ece Mikhailov,5
Timur Ivanov,1
Layla Arslan,4
Balzhan Temirov,3
Akbota Dogan,2
Alina Musin,4
Alina Sahin,1
Saltanat Dauletov,1
Nazym Dauletov,1
Milana Abenov,4
Dmitry Alpysbay,4
Daria Omarov,4
Sanzhar Nurgaliyev,1
Yerbol Esenov,3
Zhanel Ivanov,3
Aliya Temirov,1
Daria Yerzhanov,3
Polina Ivanov,3
Irina Shakenov,5
Baris Dogan,3
Symbat Amangeldy,1
Saltanat Ozturk,3
Zarina Karimov,2
Gaukhar Zhaksylyk,3
Dana Zhunusov,1
Sabina Lebedev,4
Kuanysh Kilic,2
Oleg Lebedev,5
Denis Omarov,1
Pavel Shakenov,3
Zarina Baiseitov,2
Yernar Cetin,3
Tatiana Orazov,2
Daniyar Tleubek,5
Dana Kudaibergen,1
Talgat Kudaibergen,2
Aruzhan Amangeldy,4
Daria Fedorov,1
Anel Iskakov,3
Askar Karimov,3
Miras Ermek,5
Maria Jumabek,1
Amir Omarov,2
Ersultan Fedorov,1
Askar Karimov,4
Ruslan Volkov,5
Vadim Jumabek,4
Yulia Fedorov,1
Sofia Karimov,1
Tolga Nurgaliyev,2
Ece Ozturk,1
Zhanna Serikbay,5
Pavel Cetin,2
Ainur Ozturk,4
Symbat Demir,5
Selin Zhunusov,1
Ekaterina Bolat,1
Kirill Zhumabek,1
Talgat Arslan,3
Alisa Serikbay,4
Rasul Zhunusov,2
Saltanat Kurmanov,1
Nazerke Gabdullin,2
Nikita Sagyndyk,2
Denis Omarov,3
Pavel Kurt,1
Nurlybek Ozturk,1
Askar Sadykov,1
Miras Sadykov,1
Kairat Cetin,3
Aigul Lebedev,1
Yerbol Kaya,2
Islam Daulet,1
Anel Zhumabek,4
Omar Nurgaliyev,3
Rasul Rakhimov,1
Anton Smirnov,1
Karina Kassym,1
Nazym Esenov,2
Aknur Musin,4
Daria Temirov,5
Olga Zhunusov,3
Miras Mikhailov,1
Alibek Musin,4
Ersultan Zhaksylyk,1
Yernar Dauletov,2
Aigerim Ozturk,5
Anna Baiseitov,2
Damir Kassym,2
Tatiana Arslan,2
Derya Zhunusov,2
Alina Sahin,3
Alisa Ozturk,5
Serik Mukanov,5
Nazym Sadykov,3
Nazerke Kaya,1
Milana Amangeldy,1
Sultan Sagyndyk,1
Nazerke Omarov,1
Marat Kaliyev,2
Timur Zhunusov,2
Akbota Shakenov,5
Derya Morozov,3
Talgat Daulet,3
Asel Abenov,3
Ainur Orazov,4
Kamila Gabdullin,2
Derya Zhunusov,2
Anna Zhaksylyk,4
Maxim Ivanov,2
Zhandos Baiseitov,4
Adil Morozov,1
Dinara Kurmanov,4
Nazerke Ibrayev,1
Islam Morozov,2
Talgat Lebedev,2
Damir Kilic,3
Sergey Temirov,1
Alisa Cetin,1
Nur Orazov,2
Dana Abdirov,1
Nikita Kuznetsov,1
Nur Musin,3
Anna Zhaksylyk,3
Zhuldyz Jumabek,1
Akbota Kaya,1
Elena Orazov,4
Igor Tashkenov,2
Zarina Akhmetov,3
Emre Serikbay,1
Sofia Tashkenov,1
Yernar Esenov,1
Pavel Amangeldy,5
Sanzhar Serikbay,3
Elif Alpysbay,1
Yerlan Mikhailov,2
Milana Bekov,4
Selin Dogan,4
Ksenia Koc,2
Islam Yilmaz,1
Sergey Kudaibergen,1
Anna Akhmetov,3
Ersultan Sahin,4
Olzhas Sadykov,1
Balzhan Kassym,1
Azamat Petrov,1
Oleg Mukanov,5
Gulnaz Smirnov,1
Daniyar Alpysbay,3
Vadim Kudaibergen,3
Rasul Celik,1
Meruyert Musin,1
Nazerke Ibrayev,1
Layla Sahin,3
Daniyar Konysbay,2
Anel Mukanov,2
Polina Sadykov,1
Anna Zhumabek,3
Nur Rakhimov,3
Bekzat Turgenev,3
Ruslan Kudaibergen,1
Baris Zhunusov,2
Olzhas Cetin,2
Aizhan Ibrayev,5
Hasan Kurt,2
Zhanel Tleubek,4
Saltanat Iskakov,4
Zarina Sagyndyk,2
Nazym Turgenev,3
Timur Kassym,5
Laura Kassym,2
Pavel Kudaibergen,4
Tolga Gabdullin,5
Pavel Amangeldy,3
Anna Mukanov,1
Meruyert Musin,5
Tolga Iskakov,3
Bekzat Bolat,3
Elena Kuznetsov,1
Milana Ibrayev,2
Zhanna Ivanov,2
Adil Omarov,2
Nur Ozturk,1
Anel Rakhimov,1
Yulia Fedorov,2
Olzhas Arslan,3
Elena Ermek,5
Daniyar Zhumabek,3
Kirill Sagyndyk,1
Aliya Iskakov,3
Bekzat Bekov,2
Andrey Tashkenov,1
Andrey Cetin,4
Kirill Ibrayev,2
Zhandos Kurmanov,5
Marat Sahin,5
Emre Musin,1
Meruyert Konysbay,1
Gulnaz Lebedev,1
Zhanna Abenov,5
Talgat Daulet,2
Anton Sagyndyk,1
Zhansaya Kudaibergen,2
Andrey Ozturk,3
Alina Akhmetov,3
Zarina Dogan,2
Serik Dogan,2
Bauyrzhan Musin,5
Amir Mukanov,4
Zhanel Kurt,1
Temirlan Kudaibergen,2
Damir Novikov,2
Anel Ozturk,2
Sabina Koc,4
Ilyas Zhumabek,2
Pavel Daulet,1
Tolga Aliyev,3
Sergey Kurt,3
Nurzhan Ivanov,2
Layla Sokolov,2
Dias Arslan,3
Serik Assanov,1
Aknur Rakhimov,1
Kairat Morozov,3
Nurlan Ibrayev,1
Nikita Gabdullin,3
Pavel Musin,3
Anel Gabdullin,2
Pavel Abdirov,1
Nurlan Temirov,4
Aigerim Tleubek,4
Artem Kaya,4
Yerlan Kilic,1
Vlad Sokolov,1
Zeynep Celik,5
Tomiris Shakenov,3
Hasan Dogan,1
Damir Tashkenov,2
Yerlan Kara,2
Anton Kara,4
Zhandos Nurgaliyev,3
Asel Mikhailov,2
Bekzat Gabdullin,2
Baris Nurgaliyev,5
Ersultan Musin,5
Zhanar Petrov,2
Maria Fedorov,5
Kamila Jumabek,4
Asel Kilic,3
Oleg Popov,3
Serik Yilmaz,2
Aknur Iskakov,2
Emre Sahin,3
Meruyert Sahin,5
Rasul Bolat,1
Sanzhar Demir,4
Asel Sahin,1
Dias Dauletov,1
Nikita Kara,3
Yulia Ozturk,2
Zhandos Ozturk,3
Zarina Kudaibergen,3
Ksenia Sahin,4
Roman Kurmanov,3
Dinara Nurgaliyev,2
Rasul Omarov,1
Nurlybek Ualiyev,1
Olzhas Daulet,3
Anel Lebedev,3
Layla Shakenov,2
Daria Baitursyn,2
Dinara Kaliyev,2
Vadim Sadykov,1
Zarina Kurt,4
Marat Sadykov,1
Zeynep Omarov,5
Irina Zhunusov,1
Sanzhar Mukanov,1
Vera Ermek,2
Hasan Petrov,1
Timur Yilmaz,2
Elena Tleubek,2
Kuanysh Ermek,1
Karina Volkov,2
Symbat Dogan,1
Oleg Kara,3
Islam Fedorov,1
Marat Akhmetov,4
Dana Bolat,1
Selin Kilic,1
Yerlan Demir,1
Miras Morozov,3
Murat Iskakov,2
Nurlan Kilic,3
Bauyrzhan Baitursyn,4
Igor Mukanov,5
Kerem Gabdullin,4
Irina Volkov,2
Zhanna Zhunusov,1
Alibek Karimov,3
Rasul Kurmanov,1
Artem Bekov,1
Anel Musin,3
Talgat Yilmaz,1
Islam Zhaksylyk,3
Yerbol Omarov,3
Azamat Jumabek,4
Alisa Bolat,1
Aigul Assanov,2
Yerbol Makhmud,3
Layla Kassym,1
Balzhan Petrov,1
Yulia Sadykov,5
Yulia Gabdullin,4
Tatiana Ermek,3
Amir Arslan,3
Asel Petrov,2
Kerem Esenov,3
Selin Zhaksylyk,1
Polina Morozov,5
Yerlan Tleubek,4
Tomiris Kuznetsov,2
Aisha Abdirov,4
Balzhan Esenov,3
Ksenia Mikhailov,4
Talgat Popov,1
Karina Dauletov,2
Askar Orazov,3
Islam Assanov,3
Rauan Gabdullin,3
Sabina Kilic,1
Olga Shakenov,2
Oleg Tleubek,2
Zarina Turgenev,3
Ekaterina Suleimenov,3
Dinara Fedorov,1
Marat Abdirov,1
Yernar Tashkenov,1
Azamat Gabdullin,1
Zhansaya Abenov,2
Denis Serikbay,2
Alibek Tleubek,3
Murat Yilmaz,3
Zeynep Omarov,2
Artem Lebedev,3
Derya Jumabek,2
Zarina Morozov,2
Zhansaya Yilmaz,1
Marat Koc,3
Yerbol Karimov,3
Azamat Kurmanov,3
Aruzhan Nurgaliyev,5
Bauyrzhan Nurgaliyev,3
Zeynep Kara,4
Amir Serikbay,4
Igor Lebedev,3
Nazerke Assanov,1
Nazerke Kara,3
Zeynep Zhaksylyk,1
Dana Karimov,3
Adil Assanov,4
Alibek Kassym,1
Anton Bolat,3
Maria Esenov,3
Zhuldyz Kaliyev,1
Kamila Mikhailov,1
Anton Amangeldy,4
Gaukhar Musin,3
Vadim Kuznetsov,2
Tolga Demir,1
Olga Assanov,1
Igor Temirov,1
Gulnaz Amangeldy,1
Zhanel Kurt,1
Islam Mukanov,1
Alina Ermek,4
Nurlan Kurmanov,2
Nur Musin,1
Saltanat Ivanov,1
Vlad Akhmetov,5
Ekaterina Karimov,3
Dmitry Ualiyev,4
Asel Sokolov,1
Damir Ermek,5
Balzhan Iskakov,2
Aruzhan Lebedev,2
Yulia Ualiyev,4
Akbota Temirov,2
Hasan Suleimenov,3
Ekaterina Koc,2
Yulia Volkov,1
Igor Karimov,1
Saltanat Dauletov,3
Sabina Ozturk,5
Murat Zhaksylyk,1
Ekaterina Esenov,3
Irina Akhmetov,4
Kirill Suleimenov,3
Aknur Lebedev,1
Bauyrzhan Popov,2
Hasan Kassym,3
Serik Kurmanov,3
Karina Nurgaliyev,3
Amir Rakhimov,1
Zhanna Assanov,1
Daniyar Dauletov,3
Yulia Musin,1
Polina Makhmud,5
Olzhas Yerzhanov,5
Timur Baiseitov,3
Irina Kuznetsov,4
Elif Mukanov,5
Anton Assanov,1
Yerlan Esenov,3
Pavel Abdirov,1
Asel Akhmetov,5
Anton Kurt,2
Nazerke Kudaibergen,2
Daniyar Baitursyn,2
Emre Ivanov,2
Alisa Suleimenov,4
Zhuldyz Yerzhanov,2
Dinara Jumabek,5
Pavel Suleimenov,3
Omar Serikbay,1
Zhansaya Dauletov,1
Aizhan Bolat,3
Serik Tleubek,2
Ece Serikbay,2
Milana Kuznetsov,3
Kamila Ermek,2
Vadim Ozturk,1
Daria Demir,3
Kairat Dauletov,3
Dinara Zhunusov,4
Kamila Bolat,4
Tatiana Turgenev,3
Zeynep Lebedev,3
Alina Demir,1
Daniyar Novikov,2
Kerem Amangeldy,1
Elena Dogan,5
Dana Karimov,1
Laura Temirov,4
Madina Ibrayev,3
Rasul Kuznetsov,1
Olzhas Kuznetsov,1
Alibek Smirnov,3
Timur Abdirov,3
Roman Ualiyev,2
Karina Zhumabek,1
Gulnaz Ibrayev,2
Sanzhar Zhumabek,4
Nazym Koc,4
Roman Zhumabek,3
Meruyert Bekov,5
Baris Konysbay,2
Elif Ozturk,5
Madina Rakhimov,4
Akbota Sahin,4
Adil Karimov,2
Zhandos Ualiyev,5
Bauyrzhan Kurmanov,2
Zhanel Assanov,5
Baris Volkov,1
Zhandos Musin,3
Balzhan Koc,1
Murat Aliyev,2
Zhansaya Dauletov,4
Madina Aslan,3
Olzhas Smirnov,5
Selin Ermek,4
Rauan Alpysbay,2
Alisa Konysbay,1
Azamat Jumabek,3
Daniyar Ivanov,3
Yulia Novikov,2
Omar Demir,4
Karina Ivanov,2
Yerlan Sagyndyk,3
Bauyrzhan Alpysbay,5
Gulnaz Ibrayev,2
Aigerim Koc,3
Laura Kudaibergen,5
Olzhas Zhumabek,1
Saltanat Koc,3
Bekzat Dauletov,5
Elnur Rakhimov,3
Maxim Rakhimov,5
Marat Omarov,3
Tomiris Abenov,3
Pavel Kaya,4
Kuanysh Konysbay,3
Irina Rakhimov,1
Zhuldyz Dauletov,2
Sanzhar Shakenov,1
Kerem Temirov,3
Amir Dogan,1
Nikita Zhunusov,3
Alisa Nurgaliyev,2
Kirill Tashkenov,2
Yernar Baitursyn,2
Bauyrzhan Celik,1
Kerem Volkov,2
Hasan Baitursyn,2
Arman Aslan,2
Zeynep Tashkenov,2
Marat Ualiyev,4
Yulia Shakenov,2
Daria Rakhimov,2
Nikita Zhumabek,1
Islam Kara,1
Nurlybek Kurt,2
Zhanna Kaya,2
Adil Sagyndyk,2
Aizhan Aslan,2
Andrey Kuznetsov,4
Symbat Sokolov,3
Dias Sahin,2
Olga Sagyndyk,3
Ilyas Zhunusov,3
Saltanat Sahin,5
Arman Jumabek,3
Aknur Karimov,1
Talgat Cetin,3
Talgat Shakenov,1
Arman Lebedev,2
Artem Kurmanov,4
Alina Orazov,1
Milana Baiseitov,3
Aigerim Shakenov,2
Tolga Ozturk,3
Polina Lebedev,1
Dmitry Yerzhanov,3
Timur Iskakov,3
Talgat Ibrayev,4
Daniyar Lebedev,3
Derya Kara,4
Meruyert Baitursyn,4
Aigul Serikbay,1
Zhuldyz Ozturk,1
Kairat Sadykov,1
Selin Sahin,3
Nurlan Celik,1
Baris Baiseitov,3
Emre Kilic,2
Ekaterina Sokolov,2
Anna Nurgaliyev,3
Aigul Assanov,4
Aisha Popov,2
Yerbol Orazov,1
Kerem Akhmetov,2
Artem Mukanov,3
Olzhas Sadykov,3
Emre Alpysbay,5
Emre Koc,1
Timur Dogan,3
Talgat Bolat,1
Polina Lebedev,1
Sergey Turgenev,1
Nazym Novikov,4
Vlad Morozov,2
Alisa Celik,4
Kuanysh Ivanov,2
Ece Ivanov,3
Milana Sagyndyk,2
Vadim Koc,2
Arman Mukanov,3
Oleg Alpysbay,3
Rauan Celik,2
Anton Gabdullin,1
Ilyas Abdirov,1
Elif Iskakov,2
Tolga Dauletov,5
Zhandos Kurmanov,2
Bekzat Zhunusov,1
Zhanel Novikov,4
Omar Shakenov,4
Alina Serikbay,1
Zhanna Zhumabek,3
Andrey Arslan,1
Askar Dogan,1
Alibek Iskakov,1
Bekzat Smirnov,5
Daria Kaya,3
Nurlybek Smirnov,1
Artem Aslan,1
Roman Zhunusov,1
Daniyar Dauletov,1
Akbota Aliyev,2
Serik Zhunusov,5
Olga Rakhimov,4
Zarina Kilic,2
Layla Dogan,4
Dmitry Musin,3
Gulnaz Rakhimov,5
Serik Fedorov,3
Serik Jumabek,4
Arman Rakhimov,2
Arman Baiseitov,1
Islam Ualiyev,1
Ilyas Zhunusov,1
Sanzhar Daulet,1
Layla Arslan,2
Laura Turgenev,3
Zhanel Mukanov,1
Aizhan Suleimenov,3
Milana Omarov,1
Dinara Aslan,2
Layla Yilmaz,2
Aigerim Lebedev,3
Irina Zhaksylyk,3
Rauan Kara,2
Anton Rakhimov,3
Emre Assanov,4
Andrey Akhmetov,1
Vera Shakenov,5
Miras Baitursyn,2
Gulnaz Jumabek,5
Yernar Sahin,1
Arman Alpysbay,4
Zhandos Suleimenov,3
Timur Aslan,3
Talgat Rakhimov,2
Arman Makhmud,1
Dias Kilic,2
Nazym Bolat,1
Yerlan Sahin,2
Yerbol Akhmetov,1
Aizhan Sadykov,1
Milana Celik,4
Omar Koc,1
Akbota Koc,3
Anton Esenov,1
Baris Yilmaz,2
Aigul Novikov,4
Zhandos Ermek,2
Zhanel Karimov,1
Zhansaya Serikbay,2
Asel Orazov,3
Ilyas Aliyev,3
Yerbol Kaliyev,1
Nurzhan Alpysbay,2
Ece Daulet,1
Damir Abenov,1
Miras Orazov,2
Zhandos Dogan,2
Tomiris Ermek,1
Zhuldyz Morozov,3
Ksenia Sagyndyk,3
Murat Celik,3
Karina Zhaksylyk,2
Aknur Amangeldy,2
Nazerke Bekov,1
Ainur Smirnov,1
Anel Fedorov,2
Aruzhan Turgenev,4
Nazym Kaliyev,2
Maxim Omarov,2
Aliya Smirnov,1
Ekaterina Turgenev,1
Pavel Serikbay,2
Layla Sahin,3
Selin Karimov,4
Madina Ivanov,3
Dmitry Ibrayev,2
Yerbol Rakhimov,2
Talgat Ozturk,1
Maria Kara,1
Timur Kassym,4
Talgat Ivanov,2
Anna Akhmetov,2
Kuanysh Ozturk,3
Milana Lebedev,1
Arman Zhunusov,2
Yernar Jumabek,2
Arman Aliyev,3
Kerem Kurmanov,2
Ece Musin,5
Ece Popov,3
Kerem Gabdullin,4
Yerbol Kassym,1
Tomiris Abenov,1
Aruzhan Nurgaliyev,1
Sofia Volkov,2
Zhansaya Ualiyev,1
Kerem Daulet,1
Elif Ivanov,3
Roman Celik,4
Gaukhar Mukanov,1
Nurlybek Akhmetov,2
Kuanysh Temirov,3
Elif Serikbay,4
Irina Kuznetsov,1
Ruslan Fedorov,5
Igor Koc,2
Kerem Kaya,1
Pavel Kara,2
Hasan Suleimenov,3
Vera Kaya,1
Nazym Mikhailov,1
Oleg Esenov,1
Yerlan Aslan,1
Madina Iskakov,3
Anton Kassym,5
Symbat Kaya,3
Ece Morozov,3
Elena Baiseitov,3
Maria Omarov,4
Talgat Esenov,4
Miras Abdirov,1
Laura Aslan,2
Aigul Kaya,2
Zarina Celik,3
Dmitry Kurt,2
Laura Esenov,2
Sabina Aslan,3
Zhandos Rakhimov,2
Nurlan Konysbay,1
Kerem Kassym,5
Vlad Mikhailov,4
Adil Demir,4
Dana Aslan,3
Rauan Assanov,2
Gulnaz Mikhailov,1
Azamat Sahin,3
Aliya Turgenev,1
Ersultan Kuznetsov,2
Sanzhar Bolat,4
Alisa Demir,2
Ilyas Baiseitov,5
Sabina Omarov,2
Zhansaya Amangeldy,3
Zhuldyz Suleimenov,5
Aizhan Demir,3
Aruzhan Yerzhanov,3
Dana Yilmaz,1
Layla Mukanov,3
Maria Gabdullin,1
Dinara Karimov,1
Tolga Ermek,2
Yulia Kara,5
Madina Karimov,4
Dias Abenov,2
Laura Iskakov,4
Yerbol Omarov,2
Kirill Celik,1
Zarina Nurgaliyev,1
Sergey Serikbay,1
Yulia Dogan,5
Ersultan Novikov,2
Nurlybek Fedorov,2
Oleg Novikov,1
Symbat Daulet,2
Dias Dauletov,3
Kamila Morozov,1
Arman Alpysbay,3
Olzhas Sokolov,1
Anton Kurmanov,4
Timur Fedorov,5
Zhanel Celik,1
Roman Abdirov,4
Zarina Nurgaliyev,2
Zhansaya Omarov,4
Kerem Omarov,3
Ilyas Serikbay,4
Aigul Ibrayev,1
Aigerim Mukanov,5
Derya Kaya,3
Irina Koc,3
Olga Lebedev,5
Balzhan Ermek,2
Bauyrzhan Kassym,4
Pavel Makhmud,3
Meruyert Iskakov,2
Islam Abdirov,3
Nurlan Kaya,1
Sergey Nurgaliyev,4
Kirill Karimov,2
Symbat Arslan,3
Vadim Alpysbay,1
Anel Ivanov,2
Vadim Petrov,2
Nurzhan Kilic,2
Aizhan Dogan,2
Yerlan Amangeldy,1
Dias Shakenov,2
Damir Musin,2
Aigerim Yerzhanov,5
Nurlybek Tleubek,4
Rasul Zhunusov,2
Tomiris Suleimenov,1
Yernar Kurmanov,5
Emre Sagyndyk,4
Bauyrzhan Tashkenov,3
Nikita Cetin,4
Nazerke Lebedev,2
Sultan Kaya,1
Elena Koc,1
Alina Lebedev,5
Layla Novikov,4
Olzhas Demir,1
Damir Petrov,4
Azamat Omarov,3
Denis Arslan,2
Adil Volkov,3
Askar Konysbay,1
Hasan Kara,3
Baris Rakhimov,2
Murat Musin,5
Bauyrzhan Cetin,3
Aigul Novikov,4
Gulnaz Yilmaz,1
Roman Tleubek,4
Marat Sadykov,1
Serik Esenov,2
Nikita Bolat,1
Gaukhar Mikhailov,1
Aliya Konysbay,2
Vlad Baiseitov,2
Askar Mikhailov,3
Maxim Bolat,1
Elena Esenov,1
Milana Arslan,1
Dmitry Yilmaz,5
Dmitry Sahin,1
Adil Esenov,3
Tatiana Turgenev,3
Nazym Celik,1
Kairat Kurmanov,5
Talgat Iskakov,2
Marat Bekov,2
Akbota Nurgaliyev,3
Murat Kara,2
Olga Zhaksylyk,1
Emre Karimov,1
Zhanar Tleubek,4
Yernar Lebedev,2
Maria Rakhimov,1
Ksenia Popov,3
Islam Fedorov,4
Zhandos Gabdullin,1
Omar Assanov,2
Nurlan Demir,5
Artem Mukanov,5
Karina Popov,1
Derya Omarov,2
Sultan Lebedev,1
Vlad Sagyndyk,3
Aliya Zhaksylyk,3
Tomiris Kassym,1
Elena Cetin,2
Maria Kara,5
Rauan Daulet,3
Ece Volkov,2
Zeynep Kuznetsov,1
Vadim Assanov,2
Maxim Esenov,5
Zeynep Bolat,3
Ersultan Ualiyev,3
Kirill Aslan,3
Islam Zhumabek,4
Artem Bolat,1
Dana Popov,2
Elif Kaliyev,1
Dinara Abdirov,5
Ruslan Ivanov,2
Gaukhar Akhmetov,2
Zarina Gabdullin,2
Alibek Dauletov,2
Ksenia Rakhimov,3
Vadim Shakenov,1
Sergey Baitursyn,3
Damir Sahin,5
Baris Petrov,1
Yulia Kudaibergen,4
Aizhan Lebedev,4
Askar Omarov,4
Alisa Dauletov,5
Maria Sadykov,1
Nazerke Baiseitov,1
Roman Sokolov,2
Gulnaz Zhaksylyk,1
Zhanna Zhumabek,1
Igor Kurt,3
Kamila Morozov,2
Miras Morozov,3
Kamila Dauletov,1
Dias Sadykov,4
Talgat Volkov,3
Sabina Abenov,2
Yulia Jumabek,4
Igor Zhunusov,5
Daniyar Dauletov,2
Sabina Sahin,5
Yerlan Amangeldy,1
Derya Petrov,3
Omar Baitursyn,3
Damir Esenov,1
Baris Popov,3
Olga Aliyev,2
Talgat Bekov,3
Madina Serikbay,5
Sanzhar Dogan,1
Vlad Zhumabek,3
Selin Kaliyev,1
Yulia Shakenov,1
Aliya Serikbay,2
Talgat Musin,1
Nazym Tashkenov,1
Vera Daulet,2
Dmitry Volkov,4
Zhansaya Smirnov,2
Bauyrzhan Zhunusov,4
Polina Kilic,3
Alibek Ermek,1
Sultan Yilmaz,3
Ruslan Novikov,3
Balzhan Shakenov,2
Ksenia Kassym,2
Yulia Koc,3
Maxim Tashkenov,2
Vera Amangeldy,3
Balzhan Ozturk,2
Akbota Orazov,3
Madina Fedorov,3
Nikita Abdirov,3
Pavel Baitursyn,2
Marat Aslan,1
Aliya Ozturk,5
Tomiris Abenov,2
Ainur Kuznetsov,3
Gulnaz Amangeldy,3
Amir Orazov,3
Alibek Kuznetsov,3
Rasul Shakenov,3
Maxim Lebedev,3
Serik Ivanov,1
Sergey Musin,3
Olzhas Smirnov,2
Murat Yilmaz,2
Dias Iskakov,1
Nazerke Dauletov,3
Elnur Suleimenov,2
Ksenia Musin,1
Laura Nurgaliyev,4
Ruslan Dauletov,1
Aisha Suleimenov,3
Gaukhar Akhmetov,4
Meruyert Karimov,1
Roman Nurgaliyev,3
Omar Esenov,2
Zarina Kassym,3
Sofia Arslan,1
Olga Kaya,3
Vera Zhunusov,3
Maxim Smirnov,1
Elena Lebedev,4
Alibek Makhmud,3
Sultan Musin,1
Nurlybek Celik,5
Hasan Turgenev,2
Marat Serikbay,2
Nazym Kuznetsov,3
Karina Sahin,5
Ece Suleimenov,3
Denis Morozov,4
Nurlan Zhumabek,3
Tolga Zhumabek,1
Emre Celik,3
Zhanel Nurgaliyev,3
Vadim Celik,2
Hasan Mukanov,5
Sultan Dogan,4
Vadim Daulet,1
Bauyrzhan Morozov,2
Alibek Kuznetsov,4
Gaukhar Dogan,5
Maria Baitursyn,2
Karina Amangeldy,4
Yulia Kurmanov,4
Azamat Dogan,2
Zhanel Jumabek,5
Islam Lebedev,4
Nur Tashkenov,4
Bauyrzhan Iskakov,4
Oleg Koc,3
Vera Serikbay,2
Maxim Celik,2
Zhansaya Mukanov,1
Vera Assanov,2
Andrey Ivanov,3
Yerlan Arslan,3
Andrey Bolat,2
Artem Baitursyn,1
Andrey Fedorov,5
Olzhas Esenov,5
Sultan Kara,2
Layla Orazov,4
Olzhas Ualiyev,1
Zhanel Smirnov,2
Dmitry Kassym,2
Aliya Assanov,3
Maxim Omarov,3
Aizhan Koc,3
Ersultan Musin,1
Aliya Makhmud,3
Karina Koc,5
Dias Nurgaliyev,4
Dmitry Yerzhanov,3
Murat Nurgaliyev,3
Alisa Omarov,1
Sergey Ermek,1
Andrey Ivanov,3
Kairat Kilic,1
Kamila Morozov,4
Islam Demir,4
Talgat Kaya,2
Aknur Petrov,3
Olga Ermek,4
Layla Kara,1
Talgat Makhmud,1
Dinara Bekov,3
Bauyrzhan Jumabek,4
Vadim Aliyev,1
Dana Kassym,2
Saltanat Demir,3
Meruyert Orazov,3
Maria Lebedev,3
Zhuldyz Gabdullin,3
Ersultan Mikhailov,1
Karina Gabdullin,2
Omar Amangeldy,3
Akbota Suleimenov,2
Nurlan Sokolov,1
Milana Kaya,5
Yerlan Sahin,2
Elena Kilic,3
Ersultan Konysbay,3
Polina Dauletov,2
Zhanna Assanov,1
Alina Makhmud,1
Vadim Alpysbay,2
Sultan Ermek,2
Ilyas Kara,3
Ruslan Novikov,4
Rauan Sokolov,4
Meruyert Sokolov,2
Dinara Tashkenov,2
Zhanna Shakenov,1
Baris Yilmaz,2
Aizhan Yerzhanov,4
Azamat Dogan,2
Saltanat Kaliyev,4
Alisa Bolat,1
Gaukhar Smirnov,4
Dinara Daulet,1
Arman Cetin,1
Asel Temirov,3
Serik Kurmanov,1
Zhuldyz Konysbay,4
Zarina Zhunusov,5
Alisa Musin,4
Sofia Baiseitov,1
Layla Kara,1
Vera Volkov,3
Emre Sahin,3
Askar Kudaibergen,4
Arman Daulet,4
Yerlan Dauletov,5
Aizhan Alpysbay,1
Serik Ozturk,3
Emre Novikov,3
Temirlan Kassym,5
Dias Novikov,5
Ekaterina Yilmaz,1
Nur Sadykov,3
Rauan Novikov,1
Dmitry Kurmanov,3
Maria Ibrayev,2
Milana Karimov,2
Azamat Arslan,3
Roman Kudaibergen,5
Tomiris Sagyndyk,4
Yerlan Fedorov,1
Zhanna Suleimenov,2
Nurlybek Dauletov,5
Polina Zhumabek,4
Maxim Zhunusov,3
Aizhan Fedorov,2
Ekaterina Temirov,1
Sultan Petrov,2
Olga Kudaibergen,3
Sabina Iskakov,1
Milana Ivanov,4
Meruyert Kassym,4
Igor Volkov,4
Symbat Alpysbay,1
Zhuldyz Ualiyev,2
Arman Baitursyn,1
Sergey Sadykov,5
Azamat Koc,3
Elena Turgenev,4
Denis Zhunusov,1
Askar Daulet,1
Gaukhar Popov,5
Selin Karimov,1
Aisha Nurgaliyev,3
Milana Kaya,1
Milana Assanov,3
Rauan Serikbay,3
Emre Kudaibergen,2
Ksenia Orazov,1
Olga Baitursyn,1
Nurzhan Orazov,2
Nurlan Demir,2
Sofia Esenov,3
Gulnaz Akhmetov,1
Anton Bekov,4
Gulnaz Mikhailov,2
Vera Gabdullin,1
Nur Dauletov,5
Kairat Baitursyn,1
Artem Cetin,3
Damir Serikbay,3
Aknur Omarov,3
Serik Volkov,4
Alisa Sadykov,5
Roman Cetin,2
Murat Nurgaliyev,1
Meruyert Bekov,1
Dmitry Jumabek,4
Tomiris Bekov,3
Laura Baiseitov,2
Meruyert Fedorov,3
Zhanar Baiseitov,5
Igor Jumabek,5
Dmitry Petrov,2
Sabina Assanov,2
Maxim Demir,3
Emre Aslan,1
Arman Ibrayev,3
Kerem Konysbay,2
Kerem Sokolov,3
Kerem Kurt,1
Bekzat Arslan,3
Murat Alpysbay,1
Nur Dogan,4
Ersultan Sahin,2
Vera Lebedev,2
Layla Nurgaliyev,2
Zhuldyz Zhumabek,4
Karina Aslan,4
Zhanel Mukanov,3
Sergey Serikbay,1
Baris Mukanov,4
Zhanel Kara,4
Polina Kudaibergen,2
Aigul Akhmetov,1
Polina Demir,1
Serik Baiseitov,3
Zeynep Turgenev,1
Ece Sokolov,1
Ece Fedorov,2
Alina Temirov,2
Denis Omarov,3
Nurlybek Popov,1
Olga Cetin,2
Polina Morozov,3
Dias Abdirov,4
Yernar Kurt,3
Ece Sokolov,3
Ersultan Sahin,2
Nurlan Bekov,3
Zeynep Orazov,4
Irina Kaliyev,1
Maria Kaya,1
Kairat Ozturk,2
Arman Dogan,4
Dmitry Cetin,1
Zeynep Popov,5
Serik Bolat,1
Yulia Aslan,1
Rasul Celik,1
Yerlan Sadykov,3
Timur Baitursyn,3
Omar Esenov,3
Adil Jumabek,1
Marat Esenov,4
Serik Kuznetsov,3
Timur Assanov,1
Yulia Sagyndyk,2
Azamat Tashkenov,2
Roman Rakhimov,5
Asel Daulet,1
Ekaterina Mikhailov,3
Meruyert Bekov,2
Aizhan Kaya,2
Sanzhar Yerzhanov,3
Rasul Mukanov,3
Yernar Kaliyev,2
Sergey Turgenev,1
Temirlan Sagyndyk,5
Zhanar Petrov,4
Zeynep Esenov,1
Askar Sagyndyk,2
Balzhan Makhmud,1
Vadim Alpysbay,1
Azamat Amangeldy,2
Tatiana Nurgaliyev,5
Oleg Esenov,3
Elnur Zhaksylyk,3
Sanzhar Omarov,2
Timur Temirov,4
Rauan Demir,3
Balzhan Baiseitov,4
Askar Jumabek,5
Saltanat Daulet,4
Olzhas Jumabek,4
Vlad Mukanov,2
Elena Yilmaz,1
Karina Suleimenov,1
Islam Kurt,4
Dana Temirov,4
Zhanel Nurgaliyev,4
Kirill Dogan,3
Meruyert Tleubek,4
Yerlan Tleubek,2
Anton Kassym,4
Temirlan Kara,3
Bekzat Mikhailov,2
Aruzhan Smirnov,2
Layla Karimov,3
Dias Dauletov,3
Ruslan Abenov,5
Nur Sadykov,4
Alibek Tleubek,1
Zarina Yerzhanov,4
Amir Daulet,3
Olga Zhumabek,2
Sanzhar Ualiyev,3
Zhanna Lebedev,1
Dmitry Demir,3
Irina Kurmanov,5
Dinara Novikov,2
Temirlan Sadykov,2
Zhanel Mukanov,1
Gaukhar Kurmanov,5
Alibek Yilmaz,2
Hasan Makhmud,2
Elena Makhmud,4
Dinara Sahin,4
Serik Abdirov,3
Pavel Shakenov,4
Temirlan Volkov,4
Milana Akhmetov,1
Bekzat Rakhimov,4
Karina Kara,2
Yerbol Kaliyev,3
Amir Iskakov,3
Emre Lebedev,3
Asel Kassym,3
Dias Dauletov,2
Aisha Karimov,4
Karina Bolat,5
Ersultan Aliyev,2
Emre Daulet,3
Zhandos Abenov,4
Nur Akhmetov,3
Kerem Sagyndyk,3
Ersultan Yilmaz,2
Zarina Tashkenov,1
Akbota Dogan,2
Maria Kuznetsov,3
Zarina Jumabek,5
Karina Tashkenov,2
Zhanar Bekov,4
Sanzhar Dogan,3
Aruzhan Demir,2
Kuanysh Sokolov,3
Aizhan Baitursyn,1
Alisa Popov,4
Azamat Tashkenov,4
Nikita Petrov,4
Sergey Arslan,1
Roman Amangeldy,1
Denis Kilic,4
Rauan Musin,1
Artem Koc,1
Timur Jumabek,1
Nurlan Aliyev,3
Bauyrzhan Orazov,2
Talgat Ozturk,5
Ruslan Arslan,3
Zhuldyz Shakenov,5
Maxim Kilic,4
Tolga Lebedev,4
Temirlan Akhmetov,4
Daniyar Abdirov,3
Dinara Gabdullin,2
Alibek Tashkenov,5
Andrey Novikov,4
Zhandos Yerzhanov,1
Selin Sadykov,4
Artem Musin,2
Ece Serikbay,5
Kirill Temirov,2
Meruyert Kilic,1
Irina Kilic,1
Asel Yerzhanov,1
Daniyar Dogan,5
Sergey Celik,5
Kirill Zhunusov,1
Bekzat Omarov,3
Dana Serikbay,3
Miras Ibrayev,3
Kamila Celik,3
Dias Orazov,5
Dana Orazov,2
Gulnaz Zhunusov,3
Sergey Suleimenov,3
Kairat Musin,4
Ece Dogan,4
Vadim Orazov,2
Yernar Abdirov,3
Ainur Jumabek,3
Sanzhar Karimov,4
Andrey Kurmanov,2
Alibek Sahin,1
Vera Abdirov,2
Elif Zhunusov,4
Hasan Abenov,3
Temirlan Nurgaliyev,2
Zhandos Shakenov,2
Gaukhar Ozturk,2
Balzhan Jumabek,4
Anton Ibrayev,3
Timur Bolat,3
Aknur Kudaibergen,2
Aliya Koc,1
Ekaterina Kuznetsov,5
Azamat Nurgaliyev,2
Elena Ermek,2
Rauan Kara,2
Nur Ibrayev,4
Kirill Ozturk,1
Alina Zhaksylyk,2
Andrey Omarov,3
Meruyert Novikov,2
Aruzhan Tleubek,5
Talgat Novikov,3
Denis Tashkenov,4
Dana Ualiyev,1
Murat Koc,4
Maxim Kilic,4
Tomiris Yerzhanov,3
Ilyas Orazov,3
Igor Koc,3
Nur Kudaibergen,3
Arman Makhmud,4
Madina Bolat,1
Alisa Ivanov,3
Dias Jumabek,2
Nazerke Rakhimov,1
Zhanar Baitursyn,4
Zhandos Kara,3
Laura Baiseitov,1
Maria Volkov,5
Aruzhan Abenov,3
Aliya Volkov,4
Askar Baiseitov,1
Derya Orazov,3
Azamat Musin,2
Milana Baitursyn,3
Amir Sadykov,5
Vlad Kuznetsov,1
Dias Kara,4
Yulia Kuznetsov,3
Adil Kuznetsov,1
Nur Assanov,2
Sergey Ozturk,3
Meruyert Smirnov,2
Dana Smirnov,5
Zhuldyz Petrov,2
Zhanar Ermek,5
Kuanysh Demir,2
Yerbol Volkov,2
Miras Zhaksylyk,2
Zarina Popov,2
Baris Lebedev,5
Yulia Tashkenov,4
Dinara Alpysbay,2
Andrey Tleubek,1
Maria Bolat,2
Vadim Ozturk,3
Alisa Temirov,1
Murat Musin,1
Meruyert Kilic,1
Aruzhan Fedorov,2
Askar Baitursyn,1
Igor Ibrayev,2
Denis Turgenev,1
Nazym Zhaksylyk,2
Akbota Koc,1
Zhanna Dogan,5
Alina Iskakov,4
Yerlan Petrov,2
Tomiris Ualiyev,1
Milana Volkov,3
Islam Daulet,4
Arman Shakenov,3
Kerem Bolat,3
Yernar Karimov,1
Aisha Kurt,1
Dias Aliyev,4
Dinara Nurgaliyev,1
Irina Suleimenov,3
Irina Dogan,1
Vera Aslan,3
Derya Zhaksylyk,3
Ece Popov,5
Marat Karimov,2
Aruzhan Abenov,4
Amir Smirnov,3
Akbota Bekov,4
Kuanysh Kassym,2
Nazym Kuznetsov,1
Ece Ualiyev,1
Aliya Sahin,2
Arman Zhunusov,1
Saltanat Mukanov,2
Serik Gabdullin,3
Ainur Mikhailov,3
Tolga Zhaksylyk,3
Sultan Ermek,4
Olzhas Sokolov,2
Alina Mikhailov,1
Anton Morozov,1
Artem Yerzhanov,2
Bekzat Petrov,2
Adil Kurmanov,2
Damir Zhaksylyk,2
Ainur Novikov,5
Sanzhar Konysbay,2
Vera Smirnov,4
Milana Kuznetsov,3
Anton Dogan,2
Vadim Petrov,2
Aliya Lebedev,2
Olga Orazov,3
Kirill Kurt,3
Azamat Kilic,2
Bauyrzhan Alpysbay,2
Hasan Akhmetov,2
Islam Zhunusov,4
Ekaterina Baitursyn,1
Nurlan Ermek,1
Kerem Esenov,2
Murat Yerzhanov,2
Dinara Sahin,3
Balzhan Yilmaz,1
Nazerke Jumabek,3
Oleg Bekov,3
Rauan Kuznetsov,5
Yulia Bolat,4
Arman Dauletov,5
Maria Mikhailov,1
Yernar Morozov,3
Vlad Demir,1
Zhansaya Baiseitov,2
Akbota Karimov,4
Maria Baitursyn,3
Dana Kurt,3
Roman Jumabek,2
Olga Smirnov,3
Tatiana Omarov,2
Aliya Novikov,1
Nurzhan Smirnov,1
Aizhan Kurt,1
Anton Popov,2
Madina Musin,1
Kirill Ivanov,1
Karina Mikhailov,1
Dias Konysbay,1
Aliya Amangeldy,2
Nazym Turgenev,1
Bekzat Yilmaz,1
Olga Bolat,3
Polina Temirov,3
Balzhan Volkov,4
Saltanat Karimov,1
Anel Nurgaliyev,2
Vadim Mukanov,2
Olga Bolat,4
Laura Omarov,3
Nurzhan Yilmaz,1
Daniyar Gabdullin,1
Aknur Petrov,5
Damir Popov,2
Vadim Amangeldy,4
Irina Konysbay,3
Alisa Volkov,4
Talgat Petrov,2
Ece Arslan,1
Murat Bekov,1
Nikita Nurgaliyev,3
Rasul Kassym,1
Anton Kaya,3
Aliya Kassym,1
Zhandos Abdirov,1
Gulnaz Konysbay,3
Tomiris Karimov,3
Zhandos Bekov,1
Elif Mikhailov,1
Daniyar Volkov,1
Nikita Abdirov,2
Aruzhan Serikbay,1
Ersultan Ermek,3
Arman Temirov,2
Rauan Alpysbay,3
Zeynep Kilic,5
Tatiana Kaya,5
Arman Esenov,5
Serik Temirov,2
Zarina Popov,5
Dana Suleimenov,3
Bekzat Akhmetov,3
Igor Popov,1
Saltanat Daulet,1
Islam Konysbay,3
Gulnaz Aliyev,5
Ersultan Yilmaz,3
Pavel Assanov,1
Asel Demir,1
Serik Smirnov,4
Dinara Ibrayev,4
Zeynep Nurgaliyev,5
Aisha Ozturk,2
Kirill Jumabek,3
Kerem Abenov,1
Maxim Zhunusov,1
Dana Bekov,1
Roman Ibrayev,3
Kamila Baiseitov,3
Olga Lebedev,3
Saltanat Abdirov,3
Tomiris Petrov,2
Elena Dogan,2
Bekzat Gabdullin,1
Pavel Yilmaz,5
Ece Popov,1
Temirlan Bekov,2
Anton Musin,4
Talgat Mukanov,4
Daniyar Smirnov,1
Madina Smirnov,2
Zhansaya Yilmaz,1
Bauyrzhan Daulet,1
Igor Shakenov,1
Amir Aslan,3
Yulia Abdirov,1
Elnur Bolat,4
Emre Baiseitov,3
Tolga Zhaksylyk,4
Anna Kurt,4
Alina Kurt,1
Ainur Yilmaz,2
Azamat Ivanov,5
Saltanat Temirov,3
Ece Ozturk,1
Ilyas Zhaksylyk,2
Kirill Esenov,4
Andrey Yilmaz,3
Balzhan Serikbay,3
Arman Zhaksylyk,2
Meruyert Alpysbay,3
Zhanar Kaya,2
Zeynep Kuznetsov,4
Nazerke Bekov,2
Karina Omarov,2
Ruslan Kuznetsov,5
Dinara Konysbay,1
Dinara Ermek,1
Selin Kara,2
Nur Baiseitov,1
Daria Musin,2
Nikita Sokolov,5
Ekaterina Tashkenov,1
Yulia Sadykov,3
Dmitry Daulet,1
Timur Akhmetov,2
Selin Yerzhanov,5
Selin Cetin,2
Igor Sahin,1
Zarina Zhunusov,3
Nazym Volkov,2
Yerlan Yilmaz,2
Bekzat Sagyndyk,5
Ruslan Kara,1
Hasan Omarov,3
Elena Bekov,3
Tomiris Koc,2
Saltanat Zhunusov,1
Irina Ermek,1
Elnur Ualiyev,3
Rauan Musin,1
Ainur Sahin,5
Yulia Bekov,3
Zhuldyz Aslan,4
Omar Lebedev,2
Bekzat Sokolov,5
Zhansaya Sagyndyk,4
Irina Kurmanov,3
Kerem Cetin,1
Maria Dauletov,4
Aknur Serikbay,2
Sanzhar Baitursyn,2
Zhanel Sahin,1
Yerlan Rakhimov,1
Aigul Baiseitov,1
Ksenia Baiseitov,3
Ainur Kaliyev,5
Aisha Makhmud,1
Azamat Volkov,5
Azamat Celik,1
Aliya Rakhimov,1
Dana Koc,2
Maxim Sokolov,3
Tolga Aslan,1
Ekaterina Iskakov,2
Yerlan Arslan,3
Nazym Kara,1
Hasan Makhmud,1
Balzhan Musin,1
Maxim Dauletov,4
Milana Kaliyev,3
Yulia Demir,2
Zhanel Abdirov,2
Bauyrzhan Arslan,4
Dinara Ozturk,4
Ece Arslan,1
Sergey Kilic,4
Denis Musin,2
Dinara Bekov,3
Aizhan Tashkenov,1
Gulnaz Kurt,3
Artem Lebedev,3
Olga Mikhailov,4
Sultan Karimov,5
Gulnaz Iskakov,5
Dana Ivanov,1
Denis Jumabek,1
Arman Karimov,2
Karina Koc,3
Dmitry Demir,1
Aisha Abenov,2
Azamat Bolat,3
Nurzhan Zhumabek,2
Olzhas Koc,2
Denis Rakhimov,3
Aigul Alpysbay,2
Nazym Nurgaliyev,2
Zhansaya Kurt,5
Kairat Dauletov,5
Nazerke Daulet,3
Sofia Kaya,4
Anel Sahin,3
Balzhan Bekov,4
Askar Cetin,1
Anna Fedorov,1
Tatiana Serikbay,1
Ainur Jumabek,4
Layla Mikhailov,2
Amir Abenov,1
Askar Tashkenov,2
Alisa Tashkenov,4
Marat Amangeldy,2
Vlad Dauletov,1
Kirill Kudaibergen,3
Anel Cetin,3
Layla Celik,3
Emre Kurt,4
Aruzhan Yilmaz,2
Emre Mukanov,5
Polina Aslan,5
Baris Kuznetsov,3
Igor Sadykov,3
Alina Zhunusov,5
Balzhan Sokolov,1
Yerlan Dauletov,1
Nazym Ualiyev,2
Kirill Abdirov,1
Vlad Lebedev,3
Emre Fedorov,1
Sofia Jumabek,2
Bekzat Sahin,1
Nurlybek Koc,2
Nur Temirov,5
Yulia Amangeldy,4
Zhanar Sokolov,1
Aruzhan Yilmaz,4
Dmitry Kassym,3
Amir Akhmetov,3
Serik Suleimenov,4
Sergey Kudaibergen,2
Kuanysh Rakhimov,5
Anel Zhaksylyk,3
Aigul Popov,3
Nur Suleimenov,2
Zhanna Musin,3
Yerlan Serikbay,4
Vera Arslan,1
Alisa Kaya,3
Sanzhar Nurgaliyev,2
Aliya Gabdullin,2
Bekzat Kuznetsov,4
Zhandos Kuznetsov,3
Aisha Baiseitov,4
Sabina Ivanov,5
Ruslan Assanov,2
Kamila Kudaibergen,1
Elnur Ermek,1
Dinara Zhunusov,5
Ainur Turgenev,3
Alina Arslan,3
Laura Abenov,2
Adil Dauletov,1
Ainur Assanov,2
Kerem Ibrayev,3
Vadim Ozturk,1
Laura Esenov,2
Selin Mikhailov,2
Nazerke Daulet,4
Dmitry Karimov,4
Dana Musin,1
Baris Mikhailov,3
Akbota Fedorov,2
Zeynep Tashkenov,1
Saltanat Yerzhanov,1
Baris Zhunusov,2
Aliya Kuznetsov,2
Nikita Amangeldy,4
Irina Kara,3
Nurlybek Zhumabek,3
Dana Kara,4
Yerbol Mukanov,1
Aliya Petrov,4
Olzhas Aslan,4
Karina Kaya,3
Madina Akhmetov,2
Asel Suleimenov,2
Vlad Baiseitov,3
Dias Omarov,2
Emre Amangeldy,3
Islam Cetin,1
Gulnaz Fedorov,3
Miras Baiseitov,5
Saltanat Nurgaliyev,4
Ksenia Konysbay,4
Ece Jumabek,5
Rasul Zhaksylyk,3
Akbota Tashkenov,3
Askar Sagyndyk,4
Irina Ibrayev,1
Tomiris Temirov,2
Nurlan Mukanov,1
Sanzhar Celik,1
Meruyert Iskakov,3
Anel Yerzhanov,1
Karina Aliyev,2
Derya Zhumabek,2
Zhandos Yilmaz,3
Zhanna Tleubek,2
Adil Omarov,1
Polina Cetin,2
Madina Bekov,1
Ruslan Zhumabek,2
Daria Kaliyev,2
Dinara Kuznetsov,1
Kairat Serikbay,5
Damir Musin,4
Nurzhan Kaliyev,2
Emre Shakenov,2
Aruzhan Karimov,2
Vlad Novikov,2
Igor Bolat,4
Nazerke Makhmud,4
Balzhan Morozov,4
Maxim Cetin,3
Akbota Sagyndyk,5
Temirlan Alpysbay,4
Baris Konysbay,1
Gaukhar Demir,4
Denis Ivanov,2
Kuanysh Orazov,3
Anel Mukanov,2
Hasan Arslan,1
Aisha Bolat,2
Murat Omarov,2
Vadim Makhmud,3
Nikita Kurmanov,3
Nazerke Mikhailov,2
Sultan Yilmaz,1
Kuanysh Koc,2
Maria Musin,2
Asel Akhmetov,1
Nazerke Assanov,5
Oleg Bekov,2
Alisa Akhmetov,4
Miras Zhaksylyk,3
Nur Assanov,1
Alisa Popov,2
Akbota Tleubek,3
Sergey Tashkenov,4
Vera Kaya,1
Nazerke Abenov,3
Hasan Orazov,2
Daria Suleimenov,3
Nazerke Daulet,5
Gaukhar Sadykov,5
Dmitry Novikov,4
Zhanar Celik,2
Olzhas Popov,5
Anel Tashkenov,3
Maria Aliyev,3
Gulnaz Sokolov,1
Aruzhan Arslan,3
Serik Makhmud,2
Selin Temirov,4
Timur Kara,4
Anel Serikbay,2
Aknur Yilmaz,3
Balzhan Mikhailov,2
Nurzhan Nurgaliyev,1
Gulnaz Tleubek,4
Ersultan Konysbay,2
Nazym Novikov,2
Sultan Sokolov,1
Zhanel Karimov,2
Maxim Karimov,2
Gulnaz Tashkenov,3
Ruslan Arslan,3
Bekzat Popov,3
Aliya Abdirov,4
Roman Esenov,2
Daria Zhumabek,2
Damir Mikhailov,3
Elena Ozturk,3
Gaukhar Popov,3
Balzhan Ivanov,2
Laura Konysbay,4
Zhuldyz Popov,5
Layla Abdirov,4
Gulnaz Jumabek,1
Dana Suleimenov,2
Talgat Esenov,2
Rasul Shakenov,5
Daniyar Bolat,4
Zhansaya Kurmanov,4
Saltanat Turgenev,5
Nurlybek Zhumabek,1
Ekaterina Sagyndyk,3
Sabina Novikov,3
Nurlan Aslan,2
Arman Kudaibergen,1
Vadim Serikbay,3
Balzhan Koc,4
Anna Nurgaliyev,4
Arman Tashkenov,3
Kairat Novikov,1
Aruzhan Rakhimov,2
Aknur Suleimenov,5
Olga Kurt,2
Gulnaz Ozturk,3
Aruzhan Novikov,4
Ainur Karimov,1
Dias Dauletov,3
Zhuldyz Mukanov,2
Maxim Makhmud,4
Asel Rakhimov,3
Zhanna Fedorov,1
Marat Zhaksylyk,3
Aigul Suleimenov,1
Alisa Popov,2
Omar Aslan,1
Ersultan Morozov,5
Tolga Orazov,1
Pavel Iskakov,2
Zhanna Makhmud,4
Elif Baitursyn,3
Islam Konysbay,4
Denis Sokolov,3
Gaukhar Abdirov,1
Ekaterina Nurgaliyev,3
Timur Bolat,3
Nazym Bekov,1
Ilyas Sahin,3
Madina Esenov,2
Sofia Tashkenov,3
Denis Jumabek,3
Kuanysh Rakhimov,1
Zhanar Alpysbay,1
Zeynep Koc,1
Aigul Akhmetov,1
Nurlan Alpysbay,3
Polina Kaya,5
Asel Kilic,5
Symbat Demir,1
Kuanysh Kilic,2
Timur Demir,4
Saltanat Kurt,3
Zhandos Fedorov,3
Zhansaya Baiseitov,5
Kerem Fedorov,1
Alina Gabdullin,3
Artem Temirov,1
Madina Bekov,2
Polina Volkov,4
Zhandos Kuznetsov,2
Emre Rakhimov,1
Nur Musin,2
Emre Lebedev,5
Selin Amangeldy,1
Selin Makhmud,1
Aizhan Akhmetov,1
Nikita Amangeldy,1
Selin Sadykov,4
Nur Sokolov,1
Andrey Baiseitov,2
Nurlybek Nurgaliyev,1
Maria Yerzhanov,3
Rauan Tleubek,1
Aliya Ibrayev,1
Laura Makhmud,2
Kairat Kara,1
Vlad Kurmanov,1
Aliya Iskakov,4
Meruyert Ozturk,4
Anton Serikbay,1
Vlad Cetin,1
Bauyrzhan Assanov,3
Miras Zhaksylyk,3
Maria Kilic,5
Yulia Turgenev,2
Yerbol Sagyndyk,1
Milana Orazov,3
Miras Kurt,2
Gaukhar Kara,2
Nur Kurmanov,2
Nurzhan Kaya,3
Zhansaya Ibrayev,1
Yulia Zhunusov,1
Dmitry Shakenov,1
Nurlybek Ermek,1
Yerlan Daulet,1
Symbat Smirnov,3
Sergey Kassym,4
Temirlan Lebedev,1
Maria Temirov,3
Serik Yerzhanov,1
Bekzat Ermek,1
Yernar Tashkenov,3
Omar Alpysbay,1
Artem Esenov,2
Hasan Popov,2
Rasul Arslan,3
Aknur Esenov,3
Zarina Arslan,2
Timur Baiseitov,2
Nikita Zhaksylyk,5
Layla Koc,2
Zhanel Mikhailov,3
Yerbol Demir,3
Anel Nurgaliyev,2
Nurlan Konysbay,5
Artem Kara,2
Pavel Volkov,1
Hasan Omarov,2
Nazym Zhumabek,4
Zarina Ozturk,2
Roman Koc,3
Oleg Jumabek,3
Yerbol Baitursyn,4
Kerem Shakenov,1
Omar Dauletov,2
Zhuldyz Ozturk,1
Kamila Sahin,4
Ece Zhunusov,2
Madina Serikbay,3
Ksenia Gabdullin,4
Yernar Amangeldy,1
Timur Kaliyev,1
Nur Suleimenov,4
Sergey Tashkenov,2
Zhanel Smirnov,2
Aruzhan Daulet,3
Arman Lebedev,5
Gaukhar Koc,3
Azamat Turgenev,5
Zhuldyz Ivanov,1
Anton Volkov,3
Nur Koc,2
Miras Arslan,1
Symbat Bolat,2
Baris Assanov,1
Dias Cetin,3
Saltanat Serikbay,4
Anel Ualiyev,1
Ersultan Abdirov,5
Meruyert Aliyev,4
Nurlybek Sadykov,2
Dinara Smirnov,2
Pavel Aliyev,2
Dias Sadykov,3
Anton Zhunusov,2
Aknur Volkov,2
Alisa Dauletov,3
Talgat Tashkenov,4
Rasul Petrov,1
Madina Dauletov,1
Vadim Alpysbay,2
Nikita Aliyev,1
Hasan Ualiyev,1
Yulia Morozov,2
Nikita Cetin,3
Derya Cetin,1
Adil Aslan,4
Dmitry Yilmaz,2
Zeynep Fedorov,3
Aigul Cetin,3
Tolga Zhumabek,1
Alina Suleimenov,2
Marat Zhunusov,3
Anton Aslan,4
Akbota Yilmaz,3
Elena Daulet,5
Ersultan Sagyndyk,5
Zarina Amangeldy,5
Murat Zhaksylyk,4
Nikita Abenov,1
Dmitry Ozturk,3
Azamat Rakhimov,2
Bauyrzhan Koc,1
Irina Zhumabek,2
Nazym Sadykov,1
Anna Demir,2
Maria Esenov,1
Alibek Gabdullin,4
Vadim Celik,4
Alibek Zhunusov,1
Sofia Assanov,3
Dias Iskakov,4
Pavel Alpysbay,1
Rauan Ozturk,4
Zeynep Jumabek,4
Vera Kuznetsov,4
Olzhas Bekov,4
Roman Mikhailov,3
Azamat Turgenev,2
Zhandos Ualiyev,5
Dana Zhaksylyk,2
Alisa Jumabek,2
Damir Kilic,3
Maxim Celik,4
Miras Kudaibergen,3
Serik Kuznetsov,3
Zarina Iskakov,3
Ainur Assanov,2
Artem Novikov,3
Hasan Rakhimov,1
Elnur Kudaibergen,4
Marat Kaliyev,5
Kerem Konysbay,2
Murat Akhmetov,1
Elnur Suleimenov,1
Zarina Jumabek,4
Ainur Lebedev,4
Alisa Volkov,3
Kairat Mukanov,1
Dmitry Zhaksylyk,3
Arman Shakenov,3
Ksenia Kara,5
Serik Novikov,3
Nurzhan Amangeldy,1
Askar Kaliyev,4
Karina Lebedev,5
Ece Temirov,2
Ece Omarov,5
Zhuldyz Karimov,1
Maxim Tleubek,1
Oleg Volkov,4
Bekzat Ozturk,2
Maxim Amangeldy,5
Layla Demir,5
Vera Baiseitov,5
Ekaterina Bolat,3
Pavel Smirnov,1
Alisa Popov,3
Derya Karimov,4
Anton Kilic,3
Elif Orazov,4
Olga Omarov,2
Zhansaya Amangeldy,1
Olzhas Baiseitov,1
Marat Kilic,5
Kerem Demir,3
Dana Zhaksylyk,3
Maria Rakhimov,3
Madina Celik,2
Zhansaya Baitursyn,2
Bauyrzhan Dauletov,4
Meruyert Baiseitov,2
Elnur Kassym,3
Nur Mukanov,1
Timur Serikbay,1
Sanzhar Aslan,1
Rauan Rakhimov,3
Aisha Nurgaliyev,1
Zhandos Lebedev,2
Nur Abenov,5
Tolga Kurmanov,4
Damir Yilmaz,1
Zhanel Sahin,1
Sergey Aliyev,2
Derya Mikhailov,1
Hasan Turgenev,2
Nazym Aliyev,1
Anton Rakhimov,2
Kirill Akhmetov,1
Olga Baitursyn,3
Ersultan Cetin,3
Kirill Zhumabek,5
Baris Orazov,1
Nazerke Celik,1
Ersultan Amangeldy,3
Nikita Volkov,4
Zarina Orazov,4
Kerem Cetin,1
Sanzhar Zhaksylyk,3
Talgat Baiseitov,4
Igor Dauletov,2
Olga Baitursyn,4
Sanzhar Sagyndyk,2
Zhuldyz Kilic,1
Irina Kara,4
Kairat Ivanov,3
Zhanna Tashkenov,3
Daniyar Bolat,2
Olga Assanov,2
Serik Kudaibergen,1
Bekzat Kara,1
Aizhan Sadykov,3
Tatiana Kuznetsov,3
Akbota Petrov,1
Ruslan Turgenev,2
Zarina Kassym,1
Alisa Sagyndyk,3
Sabina Kurmanov,2
Omar Shakenov,1
Denis Zhunusov,2
Yerbol Sagyndyk,1
Kamila Kudaibergen,1
Ilyas Mikhailov,2
Pavel Ivanov,3
Zarina Temirov,2
Olga Ermek,1
Aisha Kaya,2
Yernar Sokolov,1
Akbota Sadykov,3
Damir Amangeldy,5
Tomiris Orazov,4
Aigul Tashkenov,3
Sofia Zhaksylyk,1
Asel Kassym,4
Hasan Daulet,3
Dmitry Popov,3
Andrey Bolat,2
Yerlan Rakhimov,4
Zhanar Kuznetsov,1
Dmitry Sokolov,1
Adil Gabdullin,2
Arman Kudaibergen,3
Alina Dogan,2
Aruzhan Ibrayev,3
Aisha Orazov,3
Denis Kara,1
Murat Ivanov,2
Ersultan Ualiyev,3
Maria Assanov,4
Aliya Yilmaz,1
Ilyas Cetin,1
Alibek Turgenev,3
Azamat Kassym,2
Gaukhar Sadykov,3
Nazym Kudaibergen,3
Aruzhan Serikbay,1
Hasan Kassym,1
Islam Arslan,5
Aigul Daulet,3
Temirlan Zhunusov,1
Aigerim Dauletov,1
Artem Abdirov,5
Zhuldyz Abdirov,3
Dana Kuznetsov,2
Aknur Bekov,4
Marat Zhumabek,1
Ainur Bekov,4
Vadim Shakenov,4
Arman Baiseitov,3
Nazerke Assanov,1
Miras Volkov,3
Ksenia Tleubek,5
Igor Gabdullin,3
Sanzhar Sokolov,3
Meruyert Koc,2
Symbat Daulet,4
Nurzhan Tleubek,2
Hasan Suleimenov,4
Akbota Fedorov,1
Aliya Smirnov,5
Murat Baiseitov,2
Ruslan Baitursyn,5
Baris Ivanov,1
Rauan Fedorov,1
Aruzhan Ualiyev,4
Olzhas Celik,4
Aliya Abenov,4
Artem Akhmetov,1
Tolga Demir,1
Azamat Dauletov,1
Akbota Turgenev,4
Ruslan Kassym,5
Zhandos Daulet,1
Temirlan Esenov,3
Balzhan Bekov,3
Roman Konysbay,1
Nurlybek Morozov,1
Vadim Alpysbay,1
Rasul Gabdullin,4
Roman Ozturk,5
Alibek Karimov,2
Dinara Tashkenov,1
Selin Morozov,5
Ksenia Dauletov,2
Aigul Aliyev,5
Balzhan Yerzhanov,4
Oleg Sahin,2
Alibek Shakenov,3
Dana Zhumabek,1
Vlad Bolat,1
Ece Kurmanov,2
Aigul Ivanov,1
Aliya Ozturk,5
Laura Kudaibergen,4
Polina Sagyndyk,4
Zhuldyz Sokolov,1
Ainur Ermek,1
Serik Karimov,5
Talgat Cetin,1
Marat Novikov,1
Sultan Assanov,2
Roman Nurgaliyev,1
Layla Sadykov,1
Akbota Kurmanov,3
Anna Bolat,3
Zhanna Amangeldy,1
Nurlan Ualiyev,3
Islam Sagyndyk,3
Symbat Morozov,3
Nurlybek Mikhailov,4
Gulnaz Mukanov,3
Vera Zhunusov,4
Maria Volkov,2
Ersultan Lebedev,2
Akbota Orazov,3
Polina Zhaksylyk,4
Aigul Musin,1
Vadim Demir,1
Oleg Fedorov,1
Sultan Tashkenov,3
Alibek Dogan,1
Yulia Kilic,5
Aisha Dauletov,4
Miras Konysbay,3
Karina Kilic,1
Aigerim Aliyev,4
Roman Fedorov,2
Ilyas Tashkenov,1
Temirlan Yilmaz,5
Vadim Omarov,1
Pavel Bolat,2
Ilyas Jumabek,1
Zhandos Demir,2
Azamat Zhumabek,5
Aruzhan Esenov,2
Dinara Baitursyn,5
Kerem Novikov,1
Vlad Yilmaz,1
Serik Dogan,2
Andrey Yilmaz,3
Kamila Baiseitov,2
Andrey Demir,1
Aisha Nurgaliyev,2
Omar Kassym,5
Nikita Turgenev,1
Aigul Mukanov,1
Emre Alpysbay,1
Sultan Ibrayev,3
Zhansaya Sokolov,1
Yulia Ibrayev,3
Zhansaya Yerzhanov,1
Yulia Sahin,1
Roman Ualiyev,3
Maxim Gabdullin,1
Arman Sagyndyk,1
Vadim Konysbay,4
Rasul Orazov,1
Aigerim Celik,5
Vlad Zhaksylyk,4
Nur Iskakov,2
Sanzhar Mukanov,3
Laura Sahin,1
Kamila Sadykov,1
Murat Arslan,3
Anton Smirnov,5
Gulnaz Mukanov,3
Alina Bekov,1
Ece Novikov,2
Aizhan Bolat,2
Talgat Temirov,2
Ece Volkov,3
Anton Aliyev,2
Olga Temirov,5
Anna Gabdullin,1
Dana Musin,2
Gaukhar Rakhimov,1
Miras Sokolov,2
Yerlan Suleimenov,2
Vlad Kuznetsov,3
Zarina Akhmetov,3
Miras Karimov,2
Zeynep Daulet,2
Tatiana Abdirov,2
Nazerke Popov,1
Polina Abenov,3
Zhanna Assanov,5
Artem Nurgaliyev,3
Ekaterina Arslan,3
Artem Kassym,4
Asel Ualiyev,1
Emre Suleimenov,4
Ekaterina Morozov,5
Aknur Daulet,3
Alisa Zhaksylyk,2
Vera Ivanov,1
Sultan Celik,3
Symbat Zhumabek,3
Zhanar Assanov,1
Zhandos Karimov,4
Kerem Bolat,2
Kairat Popov,2
Adil Orazov,3
Baris Fedorov,3
Akbota Abdirov,3
Kairat Ivanov,4
Vadim Sokolov,3
Saltanat Sokolov,1
Olga Demir,3
Yerbol Aslan,1
Vadim Aslan,1
Sultan Musin,3
Talgat Daulet,3
Maxim Karimov,2
Sultan Baiseitov,1
Aizhan Akhmetov,1
Hasan Karimov,4
Daniyar Kudaibergen,2
Nurlan Zhunusov,2
Asel Kurt,2
Nazerke Volkov,1
Maxim Volkov,2
Sanzhar Mikhailov,4
Timur Zhaksylyk,5
Kuanysh Karimov,5
Sabina Tleubek,3
Askar Kurt,2
Pavel Kara,4
Yernar Abenov,4
Bauyrzhan Jumabek,4
Kamila Kuznetsov,3
Elnur Gabdullin,3
Dinara Sadykov,4
Damir Aliyev,3
Sanzhar Dogan,1
Igor Tashkenov,2
Zhandos Popov,2
Tatiana Esenov,1
Madina Gabdullin,1
Oleg Bekov,2
Daniyar Kara,3
Olga Baiseitov,1
Pavel Fedorov,3
Anna Serikbay,3
Balzhan Amangeldy,3
Hasan Jumabek,3
Zeynep Zhaksylyk,4
Irina Baitursyn,1
Olga Akhmetov,3
Vadim Musin,1
Daria Aliyev,2
Zhuldyz Turgenev,3
Amir Dogan,2
Islam Omarov,5
Artem Alpysbay,1
Zhansaya Suleimenov,2
Dmitry Demir,3
Yulia Koc,2
Symbat Karimov,3
Aliya Abdirov,5
Zhanar Yilmaz,1
Omar Omarov,2
Gulnaz Shakenov,2
Kuanysh Aslan,2
Alisa Baiseitov,1
Vera Tashkenov,3
Rasul Bekov,3
Aruzhan Ualiyev,1
Murat Bekov,3
Elena Ibrayev,4
Talgat Sahin,1
Ruslan Kassym,3
Anel Karimov,2
Anna Yerzhanov,3
Temirlan Esenov,1
Aruzhan Ivanov,5
Denis Kassym,3
Azamat Sagyndyk,1
Murat Kurt,1
Arman Temirov,3
Akbota Suleimenov,1
Bauyrzhan Zhunusov,4
Timur Petrov,3
Askar Alpysbay,2
Tatiana Zhaksylyk,2
Olzhas Kaliyev,4
Vera Demir,5
Nurzhan Sadykov,2
Ainur Baitursyn,3
Kerem Musin,5
Igor Kilic,4
Damir Sokolov,5
Zhuldyz Kurmanov,2
Nazerke Ualiyev,5
Irina Kara,3
Tolga Petrov,2
Nurlybek Temirov,2
Laura Fedorov,1
Zhansaya Sagyndyk,1
Laura Ozturk,2
Tatiana Baiseitov,4
Alina Orazov,5
Ruslan Aslan,3
Selin Karimov,1
Aruzhan Bolat,3
Zeynep Kassym,2
Gulnaz Amangeldy,5
Sofia Morozov,1
Damir Baiseitov,3
Yerlan Sokolov,2
Layla Akhmetov,2
Yerbol Jumabek,1
Ruslan Rakhimov,5
Emre Kudaibergen,2
Damir Sahin,1
Saltanat Suleimenov,3
Maxim Zhaksylyk,5
Asel Kilic,5
Zhanel Celik,1
Ece Kassym,3
Anna Alpysbay,1
Nikita Sokolov,2
Madina Omarov,3
Nurlan Ivanov,2
Dmitry Suleimenov,3
Amir Yilmaz,3
Emre Serikbay,3
Selin Abdirov,2
Madina Smirnov,1
Azamat Rakhimov,1
Kuanysh Morozov,5
Nurlan Sagyndyk,3
Adil Tleubek,3
Aizhan Kurmanov,3
Tolga Konysbay,2
Talgat Orazov,3
Milana Ermek,2
Nurzhan Sahin,2
Nurlan Koc,2
Laura Demir,1
Ilyas Petrov,3
Askar Sahin,1
Nazym Aslan,3
Murat Iskakov,4
Ersultan Kassym,2
Temirlan Esenov,1
Ece Abdirov,2
Dias Akhmetov,3
Bekzat Ualiyev,2
Ruslan Kuznetsov,3
Elena Koc,3
Layla Suleimenov,1
Symbat Zhunusov,1
Nazerke Kaliyev,3
Symbat Sadykov,3
Omar Daulet,2
Arman Kurmanov,1
Sofia Abdirov,3
Timur Lebedev,2
Artem Petrov,2
Talgat Kudaibergen,2
Dinara Omarov,2
Olga Sadykov,2
Madina Rakhimov,2
Symbat Serikbay,1
Ksenia Koc,4
Aigul Iskakov,1
Kuanysh Sadykov,2
Murat Dogan,1
Serik Ivanov,2
Serik Musin,2
Andrey Rakhimov,3
Azamat Orazov,4
Ece Morozov,4
Polina Dauletov,2
Vera Serikbay,3
Kerem Ivanov,3
Askar Karimov,2
Nazym Mukanov,1
Madina Zhumabek,2
Tatiana Petrov,2
Askar Ibrayev,1
Sanzhar Akhmetov,2
Yerbol Baiseitov,3
Bekzat Kassym,1
Yerlan Volkov,1
Ekaterina Temirov,2
Sanzhar Ualiyev,4
Aigerim Zhunusov,1
Ersultan Morozov,5
Aruzhan Kuznetsov,2
Karina Temirov,4
Emre Temirov,1
Dinara Suleimenov,3
Nazerke Makhmud,3
Anton Makhmud,5
Sergey Serikbay,1
Zhandos Baiseitov,2
Zhandos Lebedev,1
Olzhas Kilic,1
Nikita Volkov,2
Ekaterina Smirnov,3
Vadim Zhumabek,4
Ksenia Suleimenov,3
Zhanna Assanov,3
Dinara Mikhailov,2
Aruzhan Turgenev,5
Pavel Popov,1
Sabina Petrov,2
Nurzhan Baiseitov,1
Akbota Kassym,1
Talgat Alpysbay,1
Maria Koc,3
Dinara Nurgaliyev,2
Kairat Serikbay,1
Madina Kudaibergen,2
Kuanysh Konysbay,2
Asel Ermek,1
Irina Gabdullin,3
Adil Arslan,1
Oleg Zhumabek,1
Kirill Morozov,2
Zarina Zhumabek,1
Sultan Yilmaz,2
Elnur Mikhailov,2
Askar Morozov,1
Hasan Kuznetsov,5
Sofia Kurt,3
Dias Karimov,2
Aliya Volkov,4
Zhansaya Kilic,3
Daniyar Abdirov,5
Saltanat Demir,2
Denis Baitursyn,4
Yulia Alpysbay,1
Elnur Zhumabek,1
Timur Lebedev,2
Aizhan Tleubek,5
Kamila Petrov,3
Askar Mukanov,5
Timur Bolat,1
Meruyert Novikov,2
Nurlybek Dauletov,3
Kairat Sahin,3
Anna Kurt,1
Asel Kilic,1
Laura Amangeldy,2
Vera Kudaibergen,3
Damir Novikov,4
Tatiana Koc,3
Baris Novikov,4
Aisha Nurgaliyev,1
Layla Suleimenov,1
Derya Kudaibergen,3
Omar Yilmaz,5
Oleg Sagyndyk,2
Dmitry Lebedev,2
Laura Serikbay,5
Rauan Mikhailov,1
Denis Ualiyev,3
Denis Nurgaliyev,1
Azamat Tashkenov,3
Ruslan Smirnov,4
Azamat Dauletov,2
Aknur Serikbay,1
Damir Sokolov,2
Sanzhar Esenov,4
Vlad Orazov,1
Yulia Iskakov,5
Yerbol Mikhailov,3
Hasan Turgenev,2
Elena Sokolov,5
Miras Demir,3
Aruzhan Esenov,1
Zhanel Mukanov,2
Zeynep Baiseitov,4
Aisha Temirov,1
Dinara Shakenov,1
Talgat Fedorov,5
Karina Kara,2
Sergey Omarov,3
Gulnaz Abenov,3
Ece Kassym,3
Roman Lebedev,2
Layla Popov,4
Daniyar Fedorov,4
Zhuldyz Dogan,5
Ksenia Alpysbay,2
Nurlybek Iskakov,3
Nazerke Karimov,4
Kirill Yerzhanov,3
Elnur Kassym,3
Marat Lebedev,1
Alibek Akhmetov,2
Gaukhar Zhunusov,2
Tomiris Novikov,5
Aknur Akhmetov,2
Gulnaz Fedorov,5
Yulia Arslan,3
Denis Zhaksylyk,3
Amir Novikov,1
Nurlybek Zhaksylyk,2
Rasul Celik,4
Murat Tashkenov,1
Dinara Petrov,3
Nur Kuznetsov,3
Alisa Popov,1
Islam Cetin,5
Ainur Nurgaliyev,3
Madina Celik,1
Zhanna Fedorov,1
Amir Zhaksylyk,3
Miras Abenov,4
Vera Baiseitov,3
Sofia Tleubek,3
Yernar Yerzhanov,3
Nurlybek Volkov,3
Aigerim Celik,2
Kerem Zhunusov,1
Askar Kassym,3
Milana Demir,2
Madina Baitursyn,1
Alisa Demir,5
Rauan Kurmanov,1
Asel Tashkenov,5
Daniyar Ualiyev,2
Olga Ibrayev,3
Elnur Kaya,2
Madina Abdirov,3
Tolga Zhunusov,3
Arman Bekov,4
Dmitry Kudaibergen,3
Kirill Aslan,1
Murat Assanov,3
Roman Suleimenov,3
Nikita Kaliyev,1
Elnur Shakenov,5
Damir Kudaibergen,3
Elif Lebedev,3
Nurlan Novikov,2
Nurzhan Zhunusov,2
Serik Mukanov,1
Hasan Zhaksylyk,1
Nurzhan Bekov,1
Rauan Volkov,1
Aruzhan Novikov,3
Nazym Temirov,2
Gulnaz Kurt,4
Daniyar Ualiyev,2
Gulnaz Cetin,4
Aisha Fedorov,1
Maxim Konysbay,2
Denis Ermek,3
Anton Kudaibergen,4
Nazym Temirov,3
Laura Kudaibergen,2
Temirlan Rakhimov,3
Zhanel Daulet,5
Yernar Akhmetov,3
Adil Musin,3
Selin Bolat,3
Damir Shakenov,2
Sabina Tashkenov,2
Nazym Abenov,2
Aliya Baiseitov,3
Aigul Morozov,2
Islam Dogan,4
Ersultan Sahin,1
Arman Tleubek,5
Denis Kilic,4
Zhansaya Koc,2
Daria Kurt,3
Elena Dauletov,1
Zhanel Gabdullin,3
Aruzhan Mukanov,1
Balzhan Bolat,3
Vlad Mukanov,2
Miras Zhumabek,2
Baris Arslan,4
Olga Temirov,3
Sultan Bekov,4
Zhanel Celik,3
Emre Bolat,2
Ece Aliyev,2
Ruslan Kaya,2
Damir Gabdullin,2
Olzhas Ibrayev,3
Bauyrzhan Yilmaz,2
Emre Novikov,1
Yerlan Zhaksylyk,2
Asel Sagyndyk,3
Yulia Novikov,1
Denis Koc,3
Azamat Volkov,3
Sanzhar Tleubek,2
Ainur Ivanov,3
Nikita Kaya,4
Dana Baitursyn,3
Anel Karimov,2
Elnur Aslan,4
Anton Zhunusov,5
Miras Ibrayev,5
Asel Morozov,2
Ksenia Gabdullin,3
Zhanna Amangeldy,2
Rauan Aliyev,5
Pavel Konysbay,2
Derya Omarov,1
Karina Omarov,3
Alisa Yerzhanov,1
Yerbol Tashkenov,1
Rauan Akhmetov,1
Nazym Lebedev,4
Nurlan Smirnov,1
Yernar Makhmud,4
Gaukhar Tleubek,1
Alibek Rakhimov,4
Amir Ivanov,1
Baris Esenov,2
Zhansaya Ualiyev,1
Emre Assanov,3
Askar Bekov,2
Kerem Daulet,1
Elnur Zhaksylyk,2
Zhansaya Mikhailov,3
Timur Kurt,2
Nurzhan Tashkenov,1
Rauan Koc,5
Madina Dauletov,4
Kerem Yerzhanov,5
Sultan Sokolov,4
Daniyar Kurt,3
Artem Mikhailov,5
Ersultan Akhmetov,4
Aruzhan Sagyndyk,2
Anton Yerzhanov,3
Balzhan Fedorov,2
Zeynep Petrov,2
Akbota Popov,4
Dias Bekov,1
Kerem Aliyev,1
Yernar Dauletov,4
Zhansaya Kaya,1
Omar Tashkenov,4
Sergey Ivanov,2
Azamat Kurt,3
Ilyas Temirov,2
Sanzhar Tleubek,3
Aknur Nurgaliyev,4
Anel Tashkenov,1
Daria Zhaksylyk,1
Amir Gabdullin,3
Saltanat Iskakov,2
Vlad Akhmetov,3
Aknur Sahin,1
Aigerim Kara,4
Aizhan Sadykov,1
Laura Jumabek,4
Amir Karimov,3
Ekaterina Mikhailov,1
Olzhas Cetin,3
Dinara Cetin,5
Bekzat Celik,1
Zhanar Popov,1
Temirlan Morozov,2
Islam Arslan,2
Alina Konysbay,5
Zhanna Morozov,5
Akbota Kaliyev,4
Sergey Arslan,3
Sultan Kara,2
Daniyar Ozturk,4
Aknur Petrov,3
Zhandos Mukanov,3
Nazym Amangeldy,4
Kairat Temirov,1
Dinara Novikov,3
Roman Makhmud,1
Aruzhan Dogan,2
Akbota Dauletov,4
Andrey Ozturk,5
Zhansaya Yerzhanov,1
Vlad Ibrayev,2
Layla Popov,1
Aknur Suleimenov,5
Sultan Fedorov,3
Emre Musin,2
Gaukhar Dogan,2
Andrey Sokolov,1
Pavel Bekov,5
Tatiana Ozturk,2
Layla Kuznetsov,4
Bekzat Morozov,3
Zhandos Nurgaliyev,4
Kirill Serikbay,1
Zhanar Omarov,5
Arman Ermek,1
Roman Ibrayev,1
Aigerim Kurt,1
Zhuldyz Bekov,2
Aigul Kuznetsov,5
Maria Celik,1
Irina Suleimenov,2
Milana Kurmanov,1
Rasul Kurmanov,1
Kerem Kara,1
Miras Mukanov,2
Gaukhar Yilmaz,2
Olzhas Turgenev,1
Ilyas Bekov,2
Zhanel Karimov,4
Amir Konysbay,2
Gulnaz Sahin,1
Vlad Turgenev,4
Ainur Turgenev,1
Anton Nurgaliyev,1
Zhanna Celik,1
Kirill Shakenov,2
Timur Iskakov,1
Dinara Iskakov,2
Daniyar Sagyndyk,3
Saltanat Akhmetov,2
Amir Shakenov,1
Olzhas Kuznetsov,2
Aliya Sokolov,2
Aigul Aslan,2
Ainur Suleimenov,1
Adil Sahin,4
Alisa Konysbay,3
Yerlan Sagyndyk,2
Yerbol Sahin,4
Zarina Ozturk,1
Denis Rakhimov,2
Madina Kaliyev,4
Layla Musin,4
Ruslan Abenov,2
Dana Kurmanov,3
Nazym Dogan,1
Dmitry Popov,3
Yerlan Esenov,4
Tatiana Zhaksylyk,1
Aigerim Tashkenov,3
Nurlybek Turgenev,5
Saltanat Rakhimov,2
Kamila Ivanov,2
Tatiana Tashkenov,1
Islam Gabdullin,1
Roman Kurmanov,2
Bekzat Fedorov,2
Zhanel Ibrayev,3
Meruyert Yilmaz,3
Ersultan Musin,1
Omar Daulet,3
Vadim Sagyndyk,5
Olzhas Kaliyev,4
Igor Ivanov,3
Zeynep Ermek,2
Vadim Zhunusov,2
Karina Abdirov,5
Dana Ualiyev,3
Daria Kaya,5
Miras Kuznetsov,3
Alibek Kudaibergen,2
Irina Turgenev,2
Zhansaya Sahin,4
Olga Sagyndyk,1
Islam Koc,5
Aknur Sadykov,5
Symbat Ozturk,3
Selin Mukanov,5
Nurlybek Kurt,5
Ece Zhaksylyk,3
Aruzhan Kurt,1
Omar Popov,4
Maria Koc,4
Omar Alpysbay,2
Nur Akhmetov,1
Sabina Daulet,1
Ekaterina Demir,1
Aizhan Gabdullin,1
Igor Konysbay,2
Laura Celik,2
Bauyrzhan Serikbay,4
Vera Bolat,3
Vadim Morozov,2
Vera Karimov,3
Balzhan Daulet,3
Ilyas Suleimenov,1
Elnur Koc,1
Daria Novikov,4
Dmitry Kilic,1
Gaukhar Morozov,3
Elnur Smirnov,2
Daniyar Mukanov,3
Dinara Yerzhanov,2
Baris Popov,1
Symbat Abenov,3
Aliya Bolat,1
Aknur Kurmanov,3
Alibek Daulet,2
Ersultan Ivanov,3
Ersultan Iskakov,1
Aizhan Kaya,2
Ksenia Tashkenov,2
Hasan Zhumabek,3
Marat Akhmetov,1
Selin Kudaibergen,3
Elif Demir,1
Zhuldyz Daulet,3
Nazerke Shakenov,3
Serik Iskakov,1
Hasan Yilmaz,2
Daria Celik,3
Omar Kudaibergen,2
Azamat Iskakov,4
Zhuldyz Abenov,3
Milana Ibrayev,5
Karina Zhunusov,1
Ilyas Omarov,2
Islam Mukanov,3
Anel Smirnov,4
Dmitry Assanov,3
Ekaterina Iskakov,2
Selin Daulet,3
Sergey Kaya,1
Miras Smirnov,4
Anel Serikbay,3
Nazerke Orazov,3
Ainur Zhaksylyk,5
Miras Baitursyn,1
Alina Baiseitov,5
Yernar Kuznetsov,1
Timur Suleimenov,1
Adil Zhunusov,2
Gaukhar Celik,2
Tatiana Bolat,3
Gaukhar Kudaibergen,3
Kerem Yilmaz,5
Aigul Kurmanov,4
Serik Abdirov,3
Yerlan Sadykov,3
Yerbol Yerzhanov,5
Igor Akhmetov,1
Sanzhar Tleubek,1
Arman Turgenev,4
Rauan Karimov,3
Tatiana Kuznetsov,3
Elnur Abenov,2
Asel Kurt,3
Artem Bolat,5
Alisa Zhumabek,2
Sergey Tleubek,3
Kirill Kaya,1
Akbota Zhaksylyk,3
Baris Zhaksylyk,3
Timur Morozov,4
Temirlan Lebedev,2
Vadim Baitursyn,1
Ksenia Zhaksylyk,1
Nurlybek Kilic,2
Sabina Zhumabek,4
Tomiris Amangeldy,4
Ersultan Rakhimov,1
Tolga Cetin,2
Laura Kaya,1
Ece Konysbay,4
Dana Yerzhanov,4
Laura Kaliyev,4
Emre Lebedev,3
Talgat Kara,1
Karina Sadykov,3
Derya Musin,3
Dana Sokolov,5
Andrey Ibrayev,1
Tatiana Popov,4
Islam Ibrayev,2
Ekaterina Musin,4
Balzhan Zhaksylyk,1
Damir Shakenov,2
Islam Popov,3
Saltanat Celik,3
Saltanat Celik,3
Zarina Bekov,2
Nurlan Kuznetsov,2
Elif Tashkenov,3
Karina Shakenov,2
Nazym Tashkenov,3
Ksenia Demir,1
Alisa Ualiyev,2
Yernar Dogan,4
Azamat Sokolov,1
Daria Musin,5
Marat Temirov,3
Ksenia Zhaksylyk,2
Zeynep Bolat,1
Aliya Amangeldy,4
Sofia Dogan,2
Pavel Yilmaz,1
Bekzat Sahin,4
Selin Sahin,2
Akbota Zhaksylyk,1
Anel Popov,1
Kirill Tleubek,4
Daniyar Omarov,1
Aisha Omarov,2
Anel Konysbay,1
Alibek Orazov,3
Irina Tleubek,2
Aizhan Bekov,1
Zhanna Shakenov,1
Sergey Ermek,5
Timur Esenov,2
Karina Dogan,5
Alibek Aliyev,4
Timur Aslan,1
Saltanat Demir,2
Omar Petrov,5
Ersultan Musin,2
Rasul Kuznetsov,5
Miras Kaliyev,4
Emre Popov,3
Kuanysh Kurt,1
Balzhan Celik,4
Aigul Tleubek,2
Nazym Sadykov,1
Ece Nurgaliyev,4
Irina Fedorov,2
Kamila Abenov,2
Nur Kara,1
Zarina Bolat,5
Yerbol Morozov,1
Amir Kuznetsov,1
Asel Ibrayev,4
Elena Daulet,2
Dana Serikbay,4
Aizhan Kaya,1
Dias Morozov,2
Zhandos Iskakov,1
Tatiana Yilmaz,2
Marat Kilic,1
Milana Cetin,5
Askar Amangeldy,2
Zhansaya Koc,3
Symbat Jumabek,2
Gulnaz Kurt,1
Vera Kaya,3
Zhanar Alpysbay,3
Alisa Dogan,2
Talgat Koc,3
Layla Zhumabek,2
Zhanar Yilmaz,2
Damir Jumabek,3
Tomiris Novikov,4
Kuanysh Novikov,5
Askar Kara,3
Igor Kaliyev,3
Milana Kaya,1
Damir Zhunusov,5
Saltanat Ualiyev,4
Karina Yilmaz,1
Vadim Temirov,1
Kuanysh Ibrayev,3
Askar Ermek,1
Tolga Orazov,1
Ersultan Bekov,4
Timur Abdirov,3
Zeynep Ualiyev,3
Asel Mikhailov,3
Maria Petrov,4
Artem Kara,1
Olzhas Yilmaz,3
Selin Demir,4
Anel Iskakov,5
Islam Amangeldy,2
Kairat Dauletov,3
Anna Kurt,5
Emre Serikbay,4
Aliya Ozturk,1
Roman Orazov,3
Vera Koc,5
Oleg Suleimenov,1
Kerem Bolat,4
Damir Kurmanov,2
Sergey Cetin,4
Tatiana Zhunusov,5
Nazerke Mikhailov,2
Saltanat Mukanov,2
Nurlybek Kassym,1
Rauan Yilmaz,1
Aigul Smirnov,1
Zhanel Alpysbay,2
Sofia Yilmaz,5
Timur Baitursyn,2
Zhanna Rakhimov,4
Akbota Amangeldy,5
Akbota Kudaibergen,5
Dias Rakhimov,2
Azamat Volkov,2
Amir Kassym,5
Ainur Yerzhanov,3
Elena Orazov,5
Irina Shakenov,2
Olga Ivanov,4
Sultan Volkov,2
Kamila Jumabek,2
Oleg Temirov,3
Tomiris Rakhimov,3
Irina Ibrayev,1
Maria Ivanov,3
Tatiana Popov,3
Oleg Morozov,5
Aknur Sahin,1
Zhanna Zhaksylyk,1
Kirill Ualiyev,3
Arman Yerzhanov,3
Gulnaz Aslan,1
Ekaterina Dogan,2
Temirlan Shakenov,3
Aknur Iskakov,1
Ilyas Konysbay,4
Talgat Volkov,1
Sultan Rakhimov,2
Nurlan Sahin,4
Islam Demir,4
Denis Iskakov,1
Sofia Popov,3
Layla Ibrayev,5
Damir Orazov,5
Gulnaz Zhunusov,3
Elif Kaya,5
Tomiris Kudaibergen,2
Sanzhar Fedorov,1
Ainur Ermek,2
Zhanel Ibrayev,5
Nikita Novikov,4
Maria Mikhailov,5
Vera Kuznetsov,2
Serik Cetin,1
Amir Dogan,1
Anel Rakhimov,4
Aliya Shakenov,2
Elnur Zhumabek,3
Nikita Dogan,5
Rauan Dogan,5
Bauyrzhan Dauletov,2
Omar Demir,2
Ainur Tleubek,3
Nazym Mukanov,3
Daria Sadykov,3
Bekzat Omarov,2
Nurzhan Demir,1
Timur Makhmud,4
Rasul Ivanov,3
Bauyrzhan Kaya,3
Rauan Gabdullin,2
Aliya Esenov,2
Layla Jumabek,2
Andrey Gabdullin,5
Ekaterina Dogan,5
Symbat Temirov,3
Tomiris Demir,2
Ksenia Bekov,1
Yulia Rakhimov,2
Sergey Amangeldy,1
Kairat Bekov,3
Serik Akhmetov,2
Nurlan Fedorov,1
Akbota Abdirov,3
Gaukhar Makhmud,3
Daria Yilmaz,5
Yernar Arslan,1
Nur Amangeldy,1
Artem Kurt,1
Aigul Turgenev,2
Tomiris Ualiyev,4
Nurlybek Kassym,3
Nurlan Ivanov,4
Zhanna Daulet,1
Aliya Bolat,2
Adil Kuznetsov,1
Aisha Serikbay,2
Nur Bolat,3
Nikita Demir,3
Ece Smirnov,1
Nur Temirov,2
Roman Karimov,1
Vera Kassym,4
Miras Fedorov,2
Ainur Kaliyev,3
Bekzat Zhaksylyk,5
Islam Nurgaliyev,4
Anna Volkov,2
Vlad Mukanov,1
Ksenia Daulet,2
Gaukhar Konysbay,4
Alisa Nurgaliyev,2
Asel Novikov,5
Balzhan Turgenev,3
Gaukhar Volkov,2
Karina Tashkenov,5
Sanzhar Tleubek,2
Dana Yilmaz,3
Olga Celik,3
Ruslan Baiseitov,3
Ksenia Konysbay,2
Tomiris Tleubek,1
Artem Popov,3
Nurlybek Zhaksylyk,2
Bekzat Kurmanov,2
Kairat Sadykov,1
Rauan Arslan,3
Sultan Kilic,1
Asel Gabdullin,4
Emre Tleubek,3
Ilyas Aliyev,5
Ainur Turgenev,1
Olga Koc,1
Baris Popov,2
Dana Makhmud,4
Aizhan Baiseitov,5
Aigul Zhumabek,2
Aliya Tleubek,4
Aliya Sadykov,3
Nikita Lebedev,1
Dinara Bolat,3
Vadim Temirov,1
Maria Abenov,2
Zhanel Kassym,1
Ruslan Assanov,1
Alisa Tashkenov,3
Murat Sagyndyk,3
Aknur Baitursyn,3
Laura Makhmud,3
Serik Novikov,2
Islam Sagyndyk,2
Selin Tleubek,4
Yulia Shakenov,1
Murat Smirnov,3
Layla Sadykov,1
Oleg Esenov,3
Rasul Zhunusov,1
Daria Kurt,1
Anton Sokolov,5
Maxim Kudaibergen,1
Ekaterina Alpysbay,3
Rasul Mikhailov,3
Alina Kurt,1
Igor Ermek,1
Daria Popov,2
Serik Musin,5
Temirlan Kara,1
Zhanel Kaliyev,2
Daria Kassym,1
Baris Alpysbay,4
Tolga Serikbay,2
Sultan Tashkenov,4
Nurlybek Sadykov,4
Timur Bolat,2
Serik Akhmetov,1
Amir Mukanov,2
Saltanat Gabdullin,3
Layla Aliyev,3
Ersultan Suleimenov,1
Kirill Mukanov,1
Vera Konysbay,1
Derya Yerzhanov,3
Kairat Novikov,2
Dinara Arslan,2
Aliya Mukanov,3
Vadim Volkov,2
Derya Novikov,1
Zarina Orazov,3
Askar Ualiyev,4
Aruzhan Abenov,1
Kuanysh Smirnov,1
Serik Zhumabek,3
Hasan Suleimenov,2
Laura Smirnov,2
Aigerim Shakenov,2
Elif Fedorov,1
Kerem Ozturk,3
Dmitry Bolat,2
Aizhan Arslan,4
Islam Baiseitov,1
Kuanysh Ozturk,4
Yerlan Kudaibergen,2
Sabina Iskakov,2
Dias Arslan,2
Ksenia Jumabek,1
Nurzhan Zhumabek,5
Emre Mukanov,1
Nur Suleimenov,2
Sultan Abenov,4
Aknur Konysbay,1
Ruslan Abenov,3
Miras Baitursyn,3
Zhanar Ibrayev,4
Dmitry Suleimenov,4
Ainur Musin,1
Ilyas Arslan,3
Yerlan Makhmud,1
Madina Ibrayev,2
Sofia Iskakov,4
Bekzat Zhunusov,1
Ruslan Zhaksylyk,1
Sultan Sahin,4
Ainur Mukanov,2
Sabina Dogan,3
Nurlan Smirnov,4
Ainur Baitursyn,1
Nazym Kassym,5
Maxim Serikbay,3
Ilyas Makhmud,2
Ksenia Serikbay,3
Zarina Zhaksylyk,3
Kuanysh Kaya,5
Sultan Iskakov,2
Marat Amangeldy,1
Nikita Kurmanov,1
Maria Jumabek,3
Alibek Yerzhanov,3
Polina Demir,4
Omar Dauletov,3
Gulnaz Fedorov,1
Sanzhar Konysbay,4
Zhuldyz Zhaksylyk,2
Roman Fedorov,3
Aigul Amangeldy,2
Arman Makhmud,2
Tatiana Suleimenov,3
Aizhan Kurmanov,1
Aizhan Ibrayev,2
Amir Yilmaz,2
Zarina Karimov,1
Nur Mukanov,3
Derya Lebedev,1
Ksenia Yerzhanov,2
Olzhas Nurgaliyev,4
Alibek Ivanov,2
Amir Celik,2
Miras Kaliyev,2
Layla Iskakov,3
Aknur Omarov,3
Hasan Suleimenov,2
Zeynep Morozov,2
Sabina Ozturk,3
Askar Celik,1
Zhandos Kurmanov,2
Oleg Amangeldy,5
Ksenia Shakenov,3
Aknur Gabdullin,3
Nur Ualiyev,2
Alibek Kara,1
Olga Abdirov,1
Nikita Ibrayev,3
Alibek Arslan,5
Selin Suleimenov,1
Marat Alpysbay,4
Vadim Mikhailov,1
Oleg Shakenov,1
Dinara Amangeldy,1
Pavel Zhaksylyk,2
Zarina Dogan,3
Aigerim Kuznetsov,3
Dinara Shakenov,2
Saltanat Kaliyev,4
Zhuldyz Popov,4
Zhansaya Zhunusov,3
Yerlan Cetin,5
Kamila Kaliyev,3
Anel Arslan,1
Zhuldyz Alpysbay,3
Zeynep Esenov,1
Rauan Esenov,4
Olga Koc,3
Meruyert Mukanov,4
Yerbol Suleimenov,3
Akbota Sagyndyk,1
Dmitry Amangeldy,1
Olzhas Cetin,5
Anel Kaya,5
Vera Zhaksylyk,4
Islam Yerzhanov,3
Aigerim Zhumabek,2
Nikita Kara,2
Omar Kilic,3
Nikita Akhmetov,1
Alisa Kurt,2
Maxim Aslan,3
Artem Nurgaliyev,1
Aliya Kassym,4
Vadim Aliyev,1
Gulnaz Fedorov,3
Anna Cetin,2
Aknur Bekov,3
Yernar Ermek,2
Derya Zhaksylyk,3
Elena Gabdullin,2
Nurzhan Mikhailov,5
Sabina Iskakov,3
Alibek Bekov,1
Vera Baitursyn,4
Aknur Dauletov,2
Tatiana Jumabek,1
Aigul Dauletov,5
Nazerke Morozov,4
Alisa Karimov,1
Denis Jumabek,5
Aigerim Gabdullin,3
Ainur Esenov,3
Nikita Serikbay,4
Ece Kudaibergen,2
Saltanat Bekov,5
Aknur Ivanov,3
Aigerim Dauletov,5
Oleg Omarov,4
Gulnaz Sagyndyk,1
Askar Sokolov,3
Alisa Temirov,4
Dana Alpysbay,1
Alibek Petrov,1
Miras Bekov,2
Nur Rakhimov,1
Zhanel Kassym,3
Askar Novikov,4
Anna Orazov,1
Saltanat Cetin,3
Murat Ibrayev,5
Zhansaya Arslan,1
Ainur Karimov,4
Layla Ualiyev,2
Miras Kara,4
Tatiana Daulet,2
Tomiris Omarov,3
Polina Zhunusov,2
Meruyert Zhaksylyk,5
Dinara Kaya,4
Bekzat Dauletov,4
Adil Shakenov,2
Nur Baitursyn,5
Nur Popov,3
Zhanel Daulet,2
Polina Nurgaliyev,4
Zhanar Dauletov,3
Alisa Konysbay,1
Ece Amangeldy,4
Aigul Ivanov,2
Milana Zhaksylyk,4
Murat Tashkenov,3
Temirlan Jumabek,1
Zarina Kurmanov,1
Adil Iskakov,3
Selin Ermek,2
Amir Abenov,1
Elnur Daulet,5
Tolga Nurgaliyev,1
Denis Petrov,4
Olzhas Kilic,2
Bauyrzhan Cetin,1
Damir Aliyev,3
Anna Ibrayev,1
Aknur Assanov,2
Ilyas Sadykov,1
Yerbol Celik,1
Serik Bekov,1
Symbat Kilic,2
Ersultan Tashkenov,1
Karina Sadykov,2
Aisha Assanov,5
Ece Omarov,1
Balzhan Zhunusov,1
Anel Lebedev,3
Dmitry Popov,4
Elena Koc,2
Pavel Alpysbay,4
Yulia Fedorov,1
Temirlan Omarov,5
Alibek Aliyev,2
Aizhan Kurmanov,2
Bauyrzhan Suleimenov,5
Zeynep Sahin,2
Aizhan Gabdullin,3
Polina Tleubek,3
Dmitry Alpysbay,2
Serik Yilmaz,4
Temirlan Zhumabek,4
Kairat Morozov,4
Yerbol Zhunusov,4
Damir Petrov,1
Baris Konysbay,1
Asel Konysbay,3
Hasan Esenov,3
Symbat Amangeldy,2
Anna Iskakov,1
Baris Esenov,3
Aigul Kara,1
Gaukhar Alpysbay,2
Nurlybek Kaliyev,1
Aknur Zhaksylyk,1
Ece Orazov,4
Vadim Nurgaliyev,3
Olga Karimov,2
Vera Celik,1
Ersultan Fedorov,2
Nur Mikhailov,1
Alina Gabdullin,5
Murat Esenov,4
Ainur Kudaibergen,2
Dias Aslan,1
Madina Aliyev,4
Anel Gabdullin,3
Pavel Kara,3
Vlad Rakhimov,1
Milana Yilmaz,2
Elnur Iskakov,3
Aknur Turgenev,2
Kerem Smirnov,2
Azamat Yerzhanov,1
Yulia Sahin,5
Zhanna Assanov,1
Meruyert Novikov,5
Bekzat Dauletov,3
Meruyert Yilmaz,1
Rauan Sokolov,4
Maxim Konysbay,5
Zhanna Kaliyev,3
Layla Serikbay,4
Alisa Suleimenov,4
Kirill Novikov,5
Tomiris Daulet,4
Maria Tleubek,2
Daniyar Ualiyev,5
Oleg Aliyev,2
Saltanat Koc,3
Milana Assanov,1
Marat Omarov,1
Yernar Zhaksylyk,3
Igor Ivanov,5
Murat Kuznetsov,3
Zhansaya Smirnov,5
Tolga Alpysbay,4
Damir Ualiyev,2
Timur Amangeldy,1
Zhanna Ivanov,3
Nurlan Baitursyn,3
Dinara Kurt,4
Dias Kurt,3
Pavel Kaliyev,3
Layla Kaliyev,4
Daniyar Koc,2
Zhandos Ozturk,1
Omar Tashkenov,4
Ece Nurgaliyev,1
Emre Esenov,3
Azamat Mikhailov,2
Marat Sagyndyk,4
Ksenia Sadykov,2
Kuanysh Jumabek,2
Kairat Zhunusov,3
Vlad Morozov,2
Zhanar Zhumabek,2
Aisha Ozturk,1
Anton Sagyndyk,1
Pavel Sahin,5
Balzhan Kaliyev,2
Omar Sagyndyk,1
Akbota Smirnov,3
Azamat Karimov,1
Denis Petrov,3
Murat Rakhimov,5
Elena Konysbay,1
Sultan Dogan,2
Damir Kilic,3
Temirlan Fedorov,1
Meruyert Kilic,3
Ilyas Gabdullin,5
Zhandos Alpysbay,3
Vlad Kuznetsov,2
Derya Sadykov,3
Amir Omarov,2
Ainur Gabdullin,1
Rasul Orazov,3
Yerbol Assanov,4
Zhanel Aliyev,3
Vadim Omarov,2
Yulia Aliyev,1
Ilyas Novikov,3
Marat Sahin,2
Igor Mikhailov,5
Zhuldyz Alpysbay,2
Zhanar Kurt,2
Igor Amangeldy,1
Pavel Mikhailov,4
Denis Makhmud,2
Ruslan Volkov,3
Aliya Tashkenov,2
Madina Volkov,2
Askar Kaliyev,1
Artem Sadykov,2
Alibek Ozturk,5
Yerbol Zhumabek,4
Akbota Dogan,2
Ekaterina Tleubek,2
Kamila Zhaksylyk,3
Omar Zhunusov,2
Tomiris Ibrayev,2
Talgat Makhmud,1
Selin Ozturk,1
Alibek Gabdullin,1
Adil Celik,2
Rasul Baitursyn,1
Ksenia Baitursyn,1
Andrey Aliyev,1
Kirill Kaya,4
Maria Ibrayev,2
Kuanysh Konysbay,2
Serik Omarov,1
Zarina Ermek,1
Daniyar Aslan,2
Dana Fedorov,2
Anton Morozov,1
Asel Temirov,3
Igor Jumabek,3
Akbota Kara,3
Olzhas Shakenov,4
Andrey Lebedev,1
Anton Baitursyn,1
Kairat Abdirov,3
Roman Abenov,2
Dmitry Mikhailov,3
Polina Temirov,2
Baris Dauletov,2
Maxim Fedorov,3
Adil Karimov,1
Madina Popov,2
Alina Arslan,1
Irina Cetin,2
Temirlan Kara,1
Roman Ermek,3
Alisa Rakhimov,3
Symbat Zhunusov,5
Artem Kilic,1
Rauan Mukanov,2
Ainur Bolat,1
Polina Jumabek,2
Meruyert Kurt,2
Miras Baitursyn,5
Maria Zhunusov,4
Dias Ualiyev,5
Gulnaz Karimov,1
Adil Turgenev,4
Nurlan Ozturk,4
Aisha Yilmaz,3
Alisa Mikhailov,2
Aizhan Baitursyn,5
Nikita Cetin,3
Temirlan Kara,3
Zhanar Popov,2
Layla Cetin,5
Zhansaya Temirov,1
Roman Konysbay,2
Zhuldyz Yilmaz,4
Ruslan Bolat,2
Zhanel Zhaksylyk,4
Temirlan Sahin,3
Yernar Ivanov,3
Elif Sahin,2
Kuanysh Kurt,2
Gaukhar Musin,1
Saltanat Dauletov,2
Aruzhan Abenov,5
Zhanar Ivanov,2
Sultan Abenov,2
Kerem Musin,2
Derya Nurgaliyev,3
Aliya Dogan,4
Karina Gabdullin,4
Damir Koc,3
Elnur Demir,3
Amir Sagyndyk,4
Adil Rakhimov,3
Kamila Alpysbay,3
Balzhan Lebedev,3
Nurlybek Zhaksylyk,4
Irina Musin,5
Bauyrzhan Kara,2
Sabina Mikhailov,3
Baris Zhunusov,3
Derya Dauletov,3
Elif Demir,4
Oleg Fedorov,4
Yerlan Yerzhanov,2
Maria Yilmaz,3
Elnur Smirnov,1
Laura Demir,3
Zarina Popov,4
Nur Omarov,3
Oleg Dogan,3
Aigul Aliyev,2
Ruslan Sagyndyk,4
Kerem Kuznetsov,3
Zhanel Volkov,2
Nikita Ermek,3
Selin Kurmanov,2
Vlad Orazov,3
Tatiana Smirnov,3
Maxim Esenov,3
Zhanar Orazov,2
Serik Mikhailov,1
Dinara Kara,1
Milana Orazov,5
Daniyar Esenov,2
Kerem Jumabek,1
Miras Mikhailov,1
Emre Arslan,3
Ruslan Ualiyev,4
Kairat Turgenev,2
Zhanel Musin,2
Saltanat Ivanov,3
Elif Alpysbay,1
Yerbol Omarov,3
Adil Temirov,1
Sergey Kaliyev,2
Omar Gabdullin,1
Rasul Aliyev,5
Ilyas Kilic,5
Yernar Ermek,3
Askar Karimov,1
Tatiana Baitursyn,5
Rauan Mukanov,3
Saltanat Yilmaz,5
Symbat Arslan,4
Talgat Shakenov,3
Olzhas Suleimenov,2
Andrey Abdirov,3
Elena Turgenev,5
Derya Serikbay,2
Kamila Kassym,5
Balzhan Musin,3
Vadim Morozov,4
Zhuldyz Kassym,2
Symbat Koc,1
Tolga Sahin,1
Dana Iskakov,2
Elena Baiseitov,4
Ilyas Ibrayev,3
Kuanysh Sadykov,3
Serik Kuznetsov,3
Adil Dauletov,1
Talgat Tashkenov,3
Aisha Kuznetsov,3
Azamat Alpysbay,1
Zhanna Aslan,1
Aigerim Arslan,1
Tolga Abenov,4
Yulia Tashkenov,1
Aliya Nurgaliyev,1
Zhanar Aslan,1
Andrey Assanov,2
Zhanna Iskakov,3
Selin Petrov,1
Emre Yerzhanov,1
Talgat Celik,2
Amir Zhaksylyk,5
Meruyert Temirov,2
Ilyas Ozturk,3
Aigul Dauletov,3
Dinara Aliyev,3
Nikita Kurmanov,1
Talgat Dogan,2
Vlad Cetin,3
Zarina Dauletov,1
Symbat Kudaibergen,1
Gulnaz Iskakov,1
Nurlybek Kassym,3
Maxim Aliyev,3
Zhansaya Daulet,3
Saltanat Kuznetsov,2
Vera Mikhailov,4
Gaukhar Popov,5
Sabina Gabdullin,4
Ece Kaliyev,2
Zhansaya Bolat,4
Zhanna Smirnov,1
Madina Zhumabek,2
Ersultan Kaya,1
Nurlybek Amangeldy,1
Dias Yilmaz,2
Vlad Ualiyev,2
Dinara Fedorov,1
Milana Suleimenov,5
Alisa Ualiyev,3
Andrey Tleubek,5
Nurlan Popov,2
Igor Kassym,1
Aknur Alpysbay,3
Olzhas Demir,4
Andrey Abdirov,2
Arman Baiseitov,3
Dias Orazov,3
Artem Aliyev,3
Sanzhar Celik,3
Yernar Sadykov,2
Ekaterina Konysbay,4
Tomiris Arslan,2
Akbota Nurgaliyev,1
Nurlybek Demir,3
Timur Ualiyev,2
Yulia Serikbay,5
Bekzat Ivanov,1
Yerbol Lebedev,5
Symbat Volkov,4
Nurlybek Kuznetsov,1
Aknur Temirov,3
Hasan Kudaibergen,3
Gaukhar Kurmanov,3
Tomiris Tleubek,1
Kamila Kurt,4
Kuanysh Jumabek,3
Ruslan Ozturk,4
Akbota Ibrayev,1
Zarina Sahin,3
Layla Mikhailov,1
Kairat Rakhimov,3
Bauyrzhan Abenov,5
Elena Baitursyn,2
Derya Arslan,3
Artem Zhumabek,3
Elif Koc,4
Gulnaz Makhmud,4
Karina Karimov,4
Anel Jumabek,1
Gulnaz Ualiyev,1
Timur Ivanov,2
Milana Gabdullin,2
Yerbol Tleubek,5
Sofia Ibrayev,3
Selin Ermek,2
Elnur Daulet,3
Ainur Ivanov,1
Andrey Demir,2
Elif Temirov,1
Maxim Mikhailov,5
Daria Kara,2
Rauan Abdirov,4
Dinara Bekov,1
Nurlybek Ivanov,1
Amir Alpysbay,2
Symbat Volkov,1
Nurlan Petrov,3
Askar Kilic,1
Denis Sahin,1
Daria Sahin,4
Alisa Sagyndyk,3
Zhanna Omarov,3
Elif Baiseitov,2
Vlad Mikhailov,3
Olga Ermek,2
Ilyas Kara,1
Aruzhan Popov,3
Sofia Zhunusov,3
Daniyar Yerzhanov,1
Yerbol Kaya,1
Yulia Daulet,1
Islam Amangeldy,1
Oleg Ozturk,4
Vera Volkov,4
Nur Dauletov,2
Damir Morozov,1
Aisha Lebedev,3
Ece Rakhimov,4
Aliya Tleubek,5
Adil Kassym,1
Maria Ozturk,3
Anel Iskakov,3
Meruyert Arslan,1
Yernar Assanov,1
Damir Zhunusov,2
Ekaterina Ermek,3
Serik Tashkenov,3
Omar Baiseitov,3
Laura Kaya,3
Nazym Tleubek,5
Symbat Koc,3
Damir Baitursyn,4
Kairat Sagyndyk,1
Zhanel Baitursyn,2
Tatiana Yilmaz,4
Sanzhar Assanov,2
Rauan Sahin,3
Layla Gabdullin,2
Aknur Fedorov,4
Aigul Gabdullin,5
Vadim Morozov,1
Maxim Mukanov,4
Murat Bolat,5
Denis Arslan,4
Islam Kurmanov,3
Nikita Baiseitov,1
Dmitry Kilic,3
Bekzat Sagyndyk,2
Alibek Daulet,3
Ersultan Omarov,4
Zhuldyz Temirov,3
Tomiris Turgenev,5
Polina Ibrayev,5
Emre Gabdullin,1
Arman Sadykov,2
Meruyert Bolat,4
Tolga Karimov,1
Irina Celik,1
Balzhan Orazov,1
Baris Temirov,1
Saltanat Morozov,3
Tomiris Suleimenov,1
Daria Yerzhanov,4
Talgat Esenov,1
Amir Dogan,1
Ilyas Kurt,3
Dana Ermek,2
Roman Temirov,1
Ekaterina Demir,1
Ece Volkov,3
Elif Demir,2
Nazerke Kaliyev,3
Islam Ivanov,2
Murat Musin,1
Elnur Kara,2
Vadim Serikbay,3
Zhansaya Kara,3
Nazym Gabdullin,3
Baris Kuznetsov,4
Rasul Jumabek,1
Anel Mukanov,2
Zeynep Ermek,2
Damir Dauletov,2
Igor Tashkenov,4
Ekaterina Mikhailov,3
Anna Ivanov,5
Anna Dauletov,3
Miras Karimov,1
Layla Aslan,1
Elena Gabdullin,4
Gaukhar Zhumabek,3
Ece Petrov,5
Aruzhan Suleimenov,3
Daria Alpysbay,2
Olga Musin,3
Selin Daulet,3
Aknur Orazov,5
Temirlan Omarov,2
Nurzhan Baiseitov,2
Tolga Abdirov,3
Laura Sokolov,3
Denis Mukanov,1
Symbat Baiseitov,4
Emre Jumabek,3
Emre Karimov,5
Zhansaya Ermek,1
Daniyar Esenov,4
Ece Ivanov,5
Artem Petrov,2
Symbat Aliyev,2
Zhandos Kaliyev,1
Temirlan Zhaksylyk,3
Kuanysh Zhumabek,1
Alibek Orazov,1
Aliya Gabdullin,3
Aigerim Amangeldy,4
Talgat Akhmetov,5
Baris Amangeldy,4
Daniyar Fedorov,5
Rauan Aliyev,3
Dmitry Ualiyev,3
Miras Kara,1
Emre Popov,5
Yulia Zhumabek,1
Talgat Smirnov,4
Aisha Ozturk,3
Baris Daulet,5
Maria Sahin,4
Derya Smirnov,4
Asel Orazov,4
Yulia Dauletov,5
Alina Omarov,2
Timur Fedorov,3
Sergey Arslan,1
Yerbol Karimov,4
Rauan Cetin,4
Amir Sahin,4
Ekaterina Rakhimov,5
Saltanat Assanov,2
Zarina Volkov,1
Alina Kurt,2
Serik Assanov,4
Rasul Kurmanov,2
Aigerim Cetin,2
Yerlan Kaya,2
Kamila Amangeldy,4
Timur Morozov,5
Aruzhan Zhunusov,3
Adil Petrov,2
Alina Amangeldy,3
Polina Kilic,2
Maxim Kudaibergen,1
Vera Kassym,3
Nikita Nurgaliyev,2
Aruzhan Yerzhanov,3
Pavel Temirov,3
Vadim Abenov,3
Alibek Turgenev,5
Dmitry Nurgaliyev,1
Igor Tleubek,2
Saltanat Yerzhanov,2
Nurzhan Morozov,1
Andrey Ermek,4
Aigerim Ivanov,1
Amir Smirnov,4
Omar Dogan,2
Yulia Tleubek,5
Aknur Smirnov,2
Vadim Kudaibergen,3
Sanzhar Turgenev,4
Ece Cetin,3
Andrey Lebedev,4
Ainur Turgenev,4
Kamila Petrov,1
Omar Kurt,4
Nazym Zhumabek,2
Vadim Celik,2
Zhanna Kudaibergen,4
Yulia Ualiyev,1
Sabina Omarov,1
Nikita Abdirov,3
Zarina Mikhailov,2
Talgat Aliyev,2
Ersultan Kurt,4
Symbat Ibrayev,4
Asel Sahin,2
Sultan Musin,1
Gulnaz Turgenev,1
Pavel Morozov,1
Askar Smirnov,2
Zhanel Abenov,3
Dana Kara,1
Kerem Orazov,2
Dmitry Smirnov,5
Madina Iskakov,1
Oleg Temirov,4
Timur Bolat,3
Alisa Sagyndyk,1
Nurzhan Gabdullin,3
Roman Zhaksylyk,5
Maxim Iskakov,2
Serik Ualiyev,1
Madina Musin,3
Anna Karimov,1
Gaukhar Serikbay,1
Kirill Petrov,1
Talgat Assanov,3
Igor Kuznetsov,3
Kairat Sahin,5
Karina Arslan,2
Irina Daulet,3
Dmitry Kaliyev,3
Symbat Dogan,3
Balzhan Tashkenov,5
Oleg Esenov,1
Sergey Ualiyev,2
Ilyas Morozov,2
Omar Tashkenov,1
Laura Turgenev,1
Pavel Smirnov,2
Aigerim Amangeldy,5
Aliya Ualiyev,1
Nazerke Lebedev,4
Sabina Yerzhanov,3
Yulia Mukanov,1
Sanzhar Ualiyev,1
Aizhan Kara,5
Vadim Baiseitov,3
Nikita Smirnov,4
Sultan Sahin,3
Derya Shakenov,3
Arman Celik,3
Ruslan Tashkenov,2
Zhansaya Kudaibergen,3
Elnur Novikov,2
Zhanel Daulet,2
Omar Sadykov,3
Akbota Kaya,1
Maxim Amangeldy,3
Gaukhar Lebedev,1
Alina Daulet,2
Vera Abenov,1
Kamila Dogan,3
Ksenia Daulet,5
Tolga Yerzhanov,1
Alibek Ozturk,3
Nurlan Zhunusov,2
Irina Assanov,1
Islam Kaliyev,1
Rauan Popov,3
Elena Dauletov,2
Omar Zhunusov,3
Zarina Kurt,3
Ksenia Sadykov,2
Polina Musin,4
Damir Baitursyn,2
Aigerim Assanov,3
Anel Zhunusov,1
Ainur Shakenov,3
Kamila Aslan,3
Irina Iskakov,2
Olga Musin,2
Karina Celik,3
Alina Sadykov,3
Rasul Ermek,3
Ainur Zhumabek,1
Aisha Kassym,3
Asel Yerzhanov,4
Maxim Serikbay,5
Sabina Sagyndyk,1
Ainur Lebedev,1
Anna Mukanov,2
Roman Mukanov,3
Ruslan Ivanov,4
Rasul Sagyndyk,4
Polina Sadykov,2
Olzhas Cetin,2
Elena Konysbay,3
Aruzhan Kudaibergen,2
Daniyar Daulet,3
Karina Amangeldy,3
Zhansaya Esenov,3
Igor Esenov,2
Nazym Alpysbay,3
Milana Suleimenov,5
Elnur Ibrayev,2
Bauyrzhan Ibrayev,3
Zeynep Kurmanov,2
Nur Kilic,4
Alina Ibrayev,1
Timur Alpysbay,2
Ruslan Baitursyn,2
Rauan Abdirov,1
Zhanel Baiseitov,3
Serik Nurgaliyev,2
Zhuldyz Dogan,4
Talgat Karimov,5
Askar Iskakov,5
Vadim Iskakov,1
Igor Baiseitov,3
Daria Omarov,2
Zhandos Gabdullin,3
Bauyrzhan Fedorov,5
Dana Mikhailov,2
Omar Ermek,1
Polina Koc,2
Temirlan Petrov,2
Damir Kurt,1
Aliya Kara,3
Serik Turgenev,4
Aisha Demir,3
Ersultan Bolat,2
Olzhas Sahin,3
Daria Nurgaliyev,4
Zhansaya Mukanov,2
Maria Lebedev,5
Oleg Iskakov,2
Murat Konysbay,1
Adil Zhaksylyk,3
Hasan Lebedev,3
Zhuldyz Yilmaz,3
Zhuldyz Kara,5
Layla Makhmud,3
Vadim Serikbay,2
Yerlan Lebedev,3
Karina Orazov,2
Aizhan Nurgaliyev,3
Gaukhar Rakhimov,3
Olzhas Makhmud,2
Tomiris Kaya,2
Emre Rakhimov,2
Zeynep Abenov,3
Meruyert Abdirov,2
Alina Arslan,1
Aizhan Aslan,3
Ece Rakhimov,4
Saltanat Cetin,4
Layla Turgenev,2
Ekaterina Omarov,5
Roman Mikhailov,5
Serik Kilic,1
Sultan Petrov,3
Marat Kurmanov,2
Ksenia Rakhimov,3
Azamat Celik,4
Olzhas Mikhailov,4
Zarina Kaya,2
Bekzat Kara,4
Aisha Smirnov,2
Aigerim Bolat,2
Vadim Ibrayev,4
Rasul Zhunusov,2
Bauyrzhan Ualiyev,1
Talgat Iskakov,3
Timur Zhumabek,2
Marat Rakhimov,3
Elif Shakenov,3
Emre Zhumabek,4
Karina Temirov,3
Alisa Serikbay,1
Alisa Petrov,4
Aliya Yerzhanov,4
Nur Kara,3
Zhandos Abenov,5
Daniyar Akhmetov,4
Aigerim Zhaksylyk,2
Dinara Rakhimov,3
Igor Akhmetov,5
Nurlybek Daulet,3
Hasan Popov,4
Aigul Assanov,3
Anna Tleubek,4
Balzhan Ualiyev,1
Denis Arslan,2
Kerem Cetin,3
Oleg Kudaibergen,3
Yerbol Lebedev,3
Layla Assanov,1
Kamila Tleubek,3
Hasan Ualiyev,1
Elena Ermek,1
Zarina Bekov,3
Meruyert Arslan,2
Serik Celik,4
Sabina Musin,3
Asel Fedorov,2
Vlad Kaliyev,2
Dmitry Nurgaliyev,2
Aigul Abdirov,1
Bauyrzhan Kassym,1
Elena Kassym,3
Marat Amangeldy,5
Akbota Shakenov,2
Nazerke Temirov,4
Serik Iskakov,4
Denis Mukanov,2
Zhuldyz Kuznetsov,1
Aliya Suleimenov,1
Aisha Omarov,2
Milana Konysbay,4
Pavel Tleubek,2
Milana Akhmetov,2
Aigul Kilic,3
Daniyar Tleubek,3
Dana Tashkenov,5
Dinara Serikbay,1
Olga Yerzhanov,3
Aigul Kara,3
Olzhas Novikov,1
Nikita Konysbay,1
Dias Yerzhanov,2
Dana Demir,5
Dinara Makhmud,2
Bauyrzhan Amangeldy,2
Vlad Mukanov,1
Aknur Tashkenov,2
Alisa Musin,2
Tatiana Abdirov,3
Miras Zhumabek,1
Elena Zhaksylyk,3
Ekaterina Kurt,3
Zhandos Omarov,5
Laura Assanov,4
Andrey Nurgaliyev,3
Tomiris Abdirov,2
Vlad Omarov,1
Kuanysh Musin,2
Adil Gabdullin,5
Maria Baiseitov,1
Alibek Temirov,1
Marat Daulet,1
Sanzhar Kara,1
Zhanel Novikov,1
Nazym Morozov,2
Denis Esenov,2
Balzhan Bolat,2
Serik Kaya,3
Rasul Baiseitov,2
Aigul Suleimenov,2
Denis Makhmud,1
Dmitry Arslan,2
Kirill Kilic,1
Olga Akhmetov,3
Layla Mikhailov,3
Aruzhan Sagyndyk,3
Nazerke Karimov,1
Gaukhar Temirov,5
Ilyas Lebedev,2
Rasul Serikbay,5
Aigul Novikov,1
Askar Musin,2
Askar Kurt,5
Vadim Kudaibergen,1
Alisa Aliyev,5
Igor Konysbay,2
Aizhan Dogan,3
Denis Amangeldy,2
Azamat Zhumabek,4
Omar Popov,1
Alina Abdirov,2
Ilyas Konysbay,1
Laura Jumabek,3
Madina Morozov,3
Omar Arslan,1
Kerem Abdirov,1
Damir Fedorov,2
Timur Musin,1
Ksenia Rakhimov,1
Derya Aslan,3
Bekzat Ualiyev,1
Nurlybek Ualiyev,2
Aigul Novikov,1
Oleg Tashkenov,5
Emre Ibrayev,3
Olzhas Sahin,2
Sultan Rakhimov,4
Balzhan Abdirov,5
Dias Mukanov,3
Dana Bekov,1
Meruyert Turgenev,3
Andrey Lebedev,3
Daria Karimov,4
Rasul Temirov,5
Symbat Zhunusov,3
Sultan Lebedev,4
Adil Kaya,2
Adil Ozturk,2
Ainur Baitursyn,3
Ksenia Kaliyev,3
Aliya Zhunusov,3
Nur Petrov,4
Aliya Zhumabek,1
Adil Ibrayev,4
Akbota Kassym,4
Ainur Rakhimov,2
Marat Tashkenov,3
Gulnaz Arslan,2
Aliya Baiseitov,1
Asel Smirnov,5
Nurlan Bekov,5
Artem Abenov,1
Dana Aliyev,1
Elif Ozturk,4
Derya Aslan,3
Balzhan Bekov,3
Aizhan Demir,1
Layla Zhunusov,4
Gulnaz Iskakov,3
Elif Zhaksylyk,1
Irina Ibrayev,3
Dana Ivanov,2
Sofia Bolat,3
Denis Temirov,3
Omar Kurmanov,3
Sanzhar Yerzhanov,1
Nurlan Makhmud,3
Oleg Temirov,2
Ekaterina Zhunusov,3
Sultan Kaya,1
Yerlan Musin,4
Rauan Gabdullin,3
Aknur Turgenev,1
Andrey Novikov,2
Sultan Konysbay,3
Symbat Konysbay,4
Anna Volkov,5
Serik Dogan,1
Asel Mukanov,2
Nur Shakenov,2
Karina Ivanov,1
Kairat Arslan,1
Karina Celik,4
Ece Baiseitov,5
Temirlan Omarov,2
Balzhan Zhumabek,2
Aizhan Bolat,3
Meruyert Turgenev,2
Balzhan Ualiyev,3
Aisha Volkov,3
Dinara Morozov,1
Talgat Kurmanov,3
Meruyert Tleubek,1
Nur Popov,4
Roman Arslan,2
Kerem Rakhimov,5
Bekzat Sagyndyk,2
Sultan Karimov,5
Olzhas Cetin,3
Meruyert Shakenov,3
Zhuldyz Gabdullin,4
Zhansaya Esenov,4
Milana Bekov,2
Alina Ozturk,3
Elnur Koc,1
Murat Tashkenov,5
Askar Ibrayev,2
Talgat Alpysbay,4
Olga Iskakov,1
Sofia Kara,2
Nikita Sokolov,1
Maria Cetin,1
Saltanat Volkov,3
Balzhan Abenov,2
Aizhan Ermek,1
Akbota Daulet,5
Zhanna Zhunusov,3
Nurlan Suleimenov,1
Sergey Turgenev,3
Emre Sahin,4
Asel Ivanov,3
Amir Fedorov,5
Anel Ualiyev,3
Nazym Abenov,2
Tolga Ivanov,2
Maria Serikbay,4
Elena Fedorov,4
Hasan Demir,2
Irina Kurt,1
Sanzhar Ualiyev,4
Alibek Amangeldy,3
Amir Volkov,2
Ksenia Celik,1
Sofia Koc,2
Gulnaz Abenov,3
Yerlan Sadykov,1
Layla Ozturk,2
Rasul Karimov,3
Temirlan Akhmetov,3
Sultan Bekov,2
Symbat Ibrayev,2
Azamat Kara,4
Oleg Ozturk,1
Kamila Abenov,2
Derya Fedorov,5
Daria Musin,5
Sofia Kaliyev,3
Nazerke Baitursyn,3
Saltanat Shakenov,5
Igor Aslan,5
Islam Zhaksylyk,4
Rasul Baitursyn,5
Zhandos Ozturk,3
Zeynep Zhunusov,1
Karina Assanov,2
Zhuldyz Sagyndyk,4
Gulnaz Bekov,5
Karina Kurmanov,1
Daniyar Abdirov,1
Kuanysh Yerzhanov,2
Aisha Cetin,3
Adil Sahin,4
Omar Tashkenov,2
Sultan Lebedev,4
Daria Abenov,3
Tomiris Kuznetsov,3
Zhanel Gabdullin,4
Serik Novikov,2
Zarina Kuznetsov,3
Nurlybek Kuznetsov,3
Timur Aliyev,3
Alibek Kilic,1
Igor Akhmetov,5
Islam Konysbay,3
Ersultan Abdirov,4
Artem Cetin,2
Zhanar Lebedev,4
Zeynep Musin,4
Roman Kassym,1
Ruslan Petrov,3
Ilyas Arslan,2
Serik Alpysbay,2
Oleg Novikov,3
Nurlybek Rakhimov,4
Hasan Petrov,2
Sabina Smirnov,5
Sanzhar Demir,2
Balzhan Kilic,4
Aizhan Demir,4
Nur Ibrayev,3
Zhansaya Dogan,2
Artem Bolat,2
Marat Akhmetov,2
Dana Serikbay,1
Alisa Ibrayev,1
Tatiana Abdirov,3
Pavel Ualiyev,2
Hasan Nurgaliyev,2
Saltanat Kaliyev,2
Aizhan Petrov,3
Kamila Baiseitov,1
Maria Kaliyev,1
Marat Bekov,2
Andrey Dogan,1
Sofia Daulet,3
Milana Gabdullin,2
Vlad Yerzhanov,3
Olga Zhaksylyk,2
Kamila Kudaibergen,3
Pavel Volkov,3
Anton Ozturk,3
Daniyar Alpysbay,1
Derya Iskakov,4
Nazerke Dogan,2
Azamat Makhmud,1
Meruyert Ivanov,1
Adil Cetin,5
Vlad Ibrayev,2
Kuanysh Kuznetsov,2
Nurlybek Ualiyev,3
Olzhas Celik,5
Aizhan Turgenev,1
Sultan Zhaksylyk,3
Zhandos Kilic,2
Damir Kuznetsov,1
Derya Karimov,3
Denis Esenov,1
Kairat Popov,2
Ruslan Kaya,3
Gulnaz Kaliyev,1
Vera Makhmud,1
Saltanat Demir,3
Alina Suleimenov,2
Aruzhan Alpysbay,2
Zeynep Nurgaliyev,1
Alina Abenov,2
Zarina Kurmanov,1
Aruzhan Orazov,2
Kamila Kurt,5
Hasan Serikbay,1
Islam Alpysbay,1
Artem Sahin,1
Kirill Temirov,1
Dana Novikov,1
Laura Petrov,3
Meruyert Makhmud,2
Talgat Suleimenov,2
Sultan Popov,1
Talgat Celik,4
Nurlan Popov,4
Daria Shakenov,2
Nur Kaya,3
Serik Assanov,1
Tolga Omarov,2
Tolga Koc,3
Azamat Kuznetsov,4
Ece Ualiyev,3
Sofia Iskakov,1
Marat Popov,3
Meruyert Karimov,1
Timur Yerzhanov,3
Sofia Daulet,1
Sanzhar Kudaibergen,5
Selin Bolat,5
Azamat Sagyndyk,3
Elnur Yerzhanov,1
Pavel Nurgaliyev,4
Rauan Tashkenov,1
Timur Fedorov,1
Tatiana Aliyev,2
Damir Assanov,3
Zhandos Turgenev,2
Aigerim Ivanov,1
Rauan Koc,2
Baris Assanov,1
Ainur Novikov,3
Daria Ozturk,1
Aliya Esenov,4
Rasul Baitursyn,3
Timur Dogan,1
Dana Zhaksylyk,1
Dias Lebedev,1
Nazerke Karimov,2
Selin Smirnov,3
Polina Tleubek,3
Balzhan Esenov,4
Olga Ozturk,1
Kuanysh Sadykov,1
Rauan Nurgaliyev,3
Yerlan Kuznetsov,3
Yerlan Ibrayev,2
Pavel Ozturk,3
Olzhas Novikov,1
Kamila Petrov,3
Nazerke Kaliyev,4
Oleg Mikhailov,4
Maria Omarov,4
Balzhan Iskakov,4
Emre Bolat,1
Gulnaz Kassym,1
Andrey Jumabek,5
Gaukhar Assanov,4
Nurlybek Akhmetov,3
Aruzhan Nurgaliyev,1
Temirlan Omarov,2
Zhansaya Orazov,2
Daria Ermek,4
Zhanar Nurgaliyev,4
Talgat Petrov,5
Alibek Abdirov,1
Zeynep Tashkenov,3
Alisa Abdirov,1
Nur Abdirov,2
Balzhan Tashkenov,4
Yerlan Koc,3
Karina Morozov,4
Kirill Zhunusov,3
Amir Kurmanov,2
Denis Abenov,1
Anel Jumabek,1
Zeynep Sadykov,3
Ksenia Kurt,2
Anton Jumabek,5
Tatiana Temirov,3
Aisha Yerzhanov,5
Nurzhan Omarov,2
Bekzat Kurt,5
Ece Omarov,1
Aknur Zhaksylyk,5
Rauan Kaliyev,5
Anton Ermek,2
Miras Ivanov,4
Arman Esenov,1
Omar Novikov,1
Meruyert Turgenev,3
Temirlan Kurmanov,1
Ece Rakhimov,1
Dias Ermek,1
Hasan Kilic,2
Maria Tashkenov,5
Alisa Kudaibergen,4
Layla Sahin,3
Andrey Orazov,3
Kirill Ermek,3
Yulia Jumabek,2
Oleg Zhunusov,5
Kerem Celik,2
Rasul Assanov,3
Rasul Tashkenov,2
Zarina Abenov,1
Daniyar Orazov,3
Rauan Fedorov,1
Azamat Nurgaliyev,1
Elif Kaliyev,2
Olzhas Yilmaz,3
Amir Popov,3
Selin Kara,2
Polina Rakhimov,1
Nurlan Koc,2
Dias Abenov,3
Irina Baitursyn,3
Yulia Nurgaliyev,4
Dmitry Sahin,2
Artem Shakenov,2
Dmitry Ivanov,3
Hasan Kuznetsov,2
Zhanar Ualiyev,3
Laura Arslan,3
Polina Aliyev,4
Aigul Dogan,5
Kirill Dogan,4
Azamat Ivanov,1
Gulnaz Zhaksylyk,5
Ksenia Serikbay,3
Daria Abenov,2
Temirlan Arslan,1
Ainur Abdirov,1
Balzhan Shakenov,5
Nazerke Amangeldy,5
Andrey Kuznetsov,1
Zhandos Daulet,3
Tatiana Baiseitov,3
Zhanna Kudaibergen,3
Islam Yilmaz,4
Hasan Ibrayev,1
Nurlybek Petrov,3
Hasan Lebedev,4
Maxim Baiseitov,2
Saltanat Sokolov,3
Nur Demir,4
Saltanat Kara,1
Daniyar Yerzhanov,3
Hasan Konysbay,3
Elena Kudaibergen,1
Dias Kilic,3
Layla Volkov,1
Igor Popov,2
Kirill Sadykov,3
Maxim Cetin,1
Anel Suleimenov,4
Igor Aslan,3
Aruzhan Suleimenov,2
Bekzat Popov,2
Selin Cetin,3
Dana Iskakov,2
Ilyas Kara,3
Ersultan Kuznetsov,5
Tomiris Kuznetsov,3
Kerem Suleimenov,3
Zhuldyz Kaya,3
Nur Kaya,1
Kerem Popov,2
Kairat Kurmanov,1
Igor Demir,2
Sergey Bekov,2
Dias Turgenev,4
Murat Kurmanov,2
Madina Morozov,2
Aisha Yerzhanov,4
Karina Amangeldy,1
Adil Amangeldy,4
Anna Yilmaz,2
Adil Kurt,1
Zhuldyz Baiseitov,3
Amir Omarov,5
Serik Kassym,5
Sofia Tleubek,3
Omar Popov,5
Sanzhar Kilic,4
Maria Omarov,2
Aknur Ualiyev,2
Aizhan Kaya,1
Damir Abenov,3
Anel Ermek,4
Talgat Akhmetov,1
Anel Nurgaliyev,3
Nurlan Novikov,2
Elena Musin,2
Ksenia Kurmanov,3
Kairat Bekov,5
Polina Morozov,2
Elif Assanov,2
Maria Sagyndyk,1
Murat Zhaksylyk,2
Layla Zhaksylyk,2
Akbota Orazov,4
Elena Mikhailov,2
Elif Zhaksylyk,4
Aknur Zhumabek,1
Bauyrzhan Dauletov,3
Akbota Gabdullin,1
Madina Cetin,1
Zhansaya Assanov,5
Oleg Morozov,2
Murat Tleubek,4
Layla Mikhailov,2
Sergey Kurmanov,3
Baris Baiseitov,1
Aruzhan Kaya,5
Askar Mukanov,3
Yerlan Abenov,3
Zhuldyz Omarov,2
Nurzhan Bekov,1
Kerem Tashkenov,4
Rasul Mikhailov,3
Nazerke Karimov,3
Zarina Celik,3
Alibek Celik,2
Layla Ibrayev,1
Laura Petrov,1
Nurzhan Ibrayev,2
Oleg Kurt,1
Murat Ivanov,4
Milana Yilmaz,3
Igor Makhmud,4
Sultan Musin,1
Milana Dauletov,4
Alina Fedorov,4
Marat Bekov,1
Bekzat Zhumabek,1
Miras Fedorov,2
Oleg Abenov,2
Elena Omarov,2
Symbat Suleimenov,1
Timur Sahin,1
Hasan Demir,4
Ksenia Dogan,3
Dinara Yilmaz,5
Denis Koc,4
Gaukhar Cetin,1
Rasul Nurgaliyev,4
Ilyas Esenov,1
Emre Musin,4
Islam Alpysbay,1
Aizhan Makhmud,3
Symbat Dauletov,2
Elena Bekov,2
Vadim Arslan,2
Vlad Yilmaz,3
Anton Sokolov,3
Yulia Yilmaz,2
Zarina Alpysbay,2
Olga Esenov,1
Artem Zhaksylyk,3
Zhuldyz Kurt,2
Vera Rakhimov,3
Nur Abdirov,5
Derya Mikhailov,2
Layla Koc,5
Layla Ozturk,2
Bekzat Amangeldy,2
Zhanna Morozov,3
Aruzhan Kurmanov,2
Ilyas Tleubek,4
Yerlan Tashkenov,2
Tolga Jumabek,1
Gulnaz Sagyndyk,3
Asel Konysbay,3
Nikita Abenov,3
Aknur Abdirov,5
Dias Kuznetsov,2
Zhandos Assanov,3
Olzhas Sokolov,5
Zhandos Kudaibergen,1
Zeynep Dogan,2
Meruyert Abenov,5
Anel Abenov,4
Temirlan Petrov,4
Ruslan Koc,4
Murat Omarov,1
Zhanna Jumabek,4
Zarina Kara,4
Anna Karimov,3
Symbat Volkov,1
Nur Orazov,1
Baris Assanov,4
Aigul Ibrayev,3
Layla Koc,2
Yernar Shakenov,1
Yernar Dauletov,1
Askar Amangeldy,3
Ersultan Kurt,1
Serik Arslan,2
Daniyar Kudaibergen,3
Zarina Aslan,3
Timur Sahin,3
Nurlan Temirov,1
Ece Dauletov,5
Ekaterina Dauletov,1
Gulnaz Serikbay,3
Yulia Nurgaliyev,1
Kirill Orazov,2
Olzhas Gabdullin,3
Layla Volkov,3
Vadim Kaya,1
Vlad Kaliyev,5
Murat Mikhailov,1
Emre Makhmud,1
Azamat Baitursyn,1
Miras Kurmanov,3
Daria Sahin,2
Zarina Baitursyn,1
Igor Yerzhanov,1
Sabina Dogan,1
Rauan Iskakov,2
Tatiana Sahin,2
Zeynep Yilmaz,5
Nur Celik,3
Roman Esenov,3
Nur Abenov,1
Artem Dauletov,2
Alibek Makhmud,1
Ekaterina Dogan,2
Ersultan Cetin,1
Oleg Bolat,2
Madina Demir,5
Ilyas Kaliyev,3
Nazerke Ermek,5
Kirill Ozturk,4
Daniyar Ibrayev,5
Dmitry Morozov,2
Denis Sadykov,4
Zarina Kilic,2
Arman Abdirov,1
Anna Novikov,1
Symbat Sagyndyk,2
Aliya Petrov,3
Tomiris Mikhailov,1
Nur Ibrayev,2
Aliya Petrov,2
Zarina Temirov,1
Zhandos Abenov,2
Layla Nurgaliyev,1
Yulia Ibrayev,1
Selin Rakhimov,2
Kuanysh Abenov,2
Islam Ermek,1
Madina Daulet,5
Zarina Dauletov,4
Akbota Kuznetsov,4
Aliya Karimov,5
Ekaterina Dogan,2
Damir Arslan,5
Polina Konysbay,1
Milana Ozturk,1
Ekaterina Smirnov,1
Yerlan Orazov,2
Milana Akhmetov,3
Aliya Iskakov,1
Ekaterina Novikov,1
Saltanat Ibrayev,5
Emre Ualiyev,5
Baris Nurgaliyev,2
Elnur Alpysbay,2
Denis Temirov,3
Yerbol Kudaibergen,2
Zhansaya Koc,4
Daria Makhmud,2
Meruyert Kilic,3
Alina Kuznetsov,2
Marat Ibrayev,3
Dmitry Abenov,2
Irina Konysbay,3
Amir Temirov,2
Zhansaya Cetin,3
Miras Mukanov,4
Elif Yilmaz,3
Gulnaz Aslan,5
Gaukhar Aliyev,1
Nikita Ermek,1
Adil Zhumabek,1
Maxim Turgenev,2
Rauan Sahin,4
Zhanar Iskakov,2
Tatiana Iskakov,1
Adil Gabdullin,1
Dinara Yerzhanov,4
Miras Fedorov,1
Daria Kurmanov,5
Olga Karimov,3
Derya Omarov,1
Daniyar Sahin,4
Layla Celik,3
Yernar Temirov,3
Alisa Zhaksylyk,4
Nazym Fedorov,1
Gulnaz Celik,1
Saltanat Mikhailov,2
Zhanna Kara,1
Anton Kurmanov,2
Dias Zhunusov,3
Ilyas Kaya,5
Anna Popov,1
Vadim Lebedev,3
Nurzhan Akhmetov,1
Olga Celik,5
Oleg Zhaksylyk,1
Dmitry Suleimenov,1
Yulia Zhunusov,3
Tomiris Nurgaliyev,2
Ainur Gabdullin,1
Tomiris Shakenov,1
Olga Novikov,2
Aizhan Baiseitov,1
Baris Sagyndyk,2
Madina Kurt,5
Hasan Kaya,1
Askar Ualiyev,1
Ersultan Sagyndyk,5
Amir Bolat,1
Igor Orazov,5
Alisa Shakenov,5
Askar Popov,2
Nurzhan Kurt,1
Dmitry Nurgaliyev,2
Layla Tashkenov,1
Alibek Amangeldy,2
Zhanna Konysbay,1
Ece Orazov,3
Elnur Zhaksylyk,1
Vera Rakhimov,3
Aknur Bekov,1
Temirlan Demir,3
Madina Kara,3
Omar Zhaksylyk,3
Nazym Kara,3
Azamat Sahin,2
Layla Konysbay,5
Zhanel Konysbay,2
Dmitry Tleubek,2
Nurlan Turgenev,1
Azamat Sokolov,2
Arman Daulet,2
Adil Iskakov,3
Nurlybek Alpysbay,2
Tolga Fedorov,1
Igor Alpysbay,3
Nazerke Kilic,4
Daniyar Konysbay,1
Talgat Kassym,1
Sofia Daulet,1
Emre Turgenev,4
Sanzhar Tleubek,1
Laura Abenov,1
Nazerke Kassym,3
Karina Tleubek,1
Marat Alpysbay,3
Bauyrzhan Kurmanov,5
Aigul Koc,1
Nurlan Turgenev,1
Vera Sokolov,1
Artem Konysbay,1
Nazym Bolat,1
Amir Ivanov,3
Nikita Kilic,3
Artem Bolat,2
Derya Omarov,3
Layla Orazov,1
Rauan Mikhailov,4
Oleg Petrov,3
Selin Esenov,4
Nur Popov,1
Aigul Ivanov,3
Layla Shakenov,1
Ekaterina Smirnov,2
Anel Konysbay,1
Elena Kassym,2
Ilyas Yerzhanov,1
Nikita Ibrayev,4
Dmitry Esenov,3
Aizhan Rakhimov,4
Omar Ualiyev,2
Irina Gabdullin,3
Zeynep Kassym,2
Olga Assanov,3
Vera Abenov,3
Nazerke Kassym,1
Aliya Lebedev,4
Madina Kurmanov,2
Yulia Sadykov,4
Yulia Makhmud,5
Alisa Amangeldy,2
Bauyrzhan Koc,1
Hasan Abdirov,1
Askar Abenov,4
Zhansaya Kurmanov,2
Anton Sahin,3
Karina Nurgaliyev,1
Arman Koc,1
Dmitry Tleubek,2
Aliya Esenov,4
Irina Tleubek,3
Emre Zhumabek,2
Aigul Smirnov,4
Kairat Koc,2
Serik Sagyndyk,2
Amir Arslan,5
Talgat Kurt,1
Layla Kaya,1
Symbat Alpysbay,2
Ersultan Baiseitov,4
Olga Musin,2
Kamila Zhaksylyk,3
Hasan Alpysbay,2
Zhansaya Zhumabek,2
Zhanna Gabdullin,5
Gulnaz Daulet,1
Anel Kaliyev,4
Ersultan Kudaibergen,3
Yerlan Ibrayev,4
Anel Yerzhanov,4
Bauyrzhan Zhaksylyk,3
Symbat Rakhimov,2
Ersultan Yerzhanov,2
Yerlan Zhumabek,1
Marat Kara,5
Ruslan Fedorov,1
Gulnaz Mikhailov,2
Derya Temirov,1
Selin Ibrayev,4
Polina Arslan,2
Tatiana Daulet,1
Zhuldyz Cetin,2
Dinara Abenov,1
Igor Makhmud,3
Zhanna Ibrayev,3
Serik Tleubek,1
Zeynep Smirnov,1
Laura Kurmanov,5
Elif Fedorov,5
Vadim Yilmaz,1
Yulia Morozov,2
Zhuldyz Baitursyn,3
Tomiris Sokolov,3
Olga Fedorov,2
Hasan Novikov,4
Zhanna Temirov,3
Nikita Makhmud,1
Dana Demir,3
Elena Aslan,2
Tolga Zhunusov,5
Nurzhan Baitursyn,1
Tatiana Tleubek,1
Elena Jumabek,1
Nurzhan Nurgaliyev,3
Baris Dogan,2
Zhandos Zhaksylyk,2
Tatiana Makhmud,2
Anel Sokolov,1
Nazym Daulet,3
Kamila Yerzhanov,4
Sabina Arslan,2
Zhuldyz Zhumabek,5
Aigul Orazov,2
Aizhan Aliyev,3
Miras Yerzhanov,2
Baris Sokolov,2
Askar Kurmanov,1
Alisa Alpysbay,1
Kairat Assanov,1
Anel Volkov,3
Nurzhan Ualiyev,1
Dana Lebedev,5
Anna Omarov,3
Baris Temirov,2
Anna Aslan,2
Andrey Kudaibergen,1
Vlad Kudaibergen,2
Akbota Kurmanov,1
Talgat Kudaibergen,3
Arman Suleimenov,2
Vadim Esenov,1
Nikita Kudaibergen,5
Nurlan Akhmetov,4
Meruyert Kilic,2
Karina Tleubek,1
Akbota Daulet,5
Elnur Petrov,4
Elif Popov,3
Gulnaz Iskakov,3
Nazerke Mukanov,2
Serik Baitursyn,4
Dmitry Konysbay,1
Gulnaz Serikbay,2
Aigerim Sadykov,3
Bekzat Kaliyev,2
Alibek Dauletov,3
Nurzhan Ibrayev,2
Aknur Kaya,3
Miras Baiseitov,1
Saltanat Jumabek,3
Hasan Abenov,3
Alisa Smirnov,1
Elnur Akhmetov,1
Asel Demir,1
Sergey Esenov,2
Dias Tleubek,3
Akbota Kaya,1
Vera Kurt,1
Vera Volkov,2
Islam Ivanov,3
Yernar Kaya,1
Dmitry Serikbay,3
Aigerim Tashkenov,2
Akbota Koc,3
Irina Gabdullin,1
Dinara Abenov,1
Karina Sadykov,2
Laura Kurmanov,1
Temirlan Ivanov,4
Daria Demir,4
Zhanel Ibrayev,3
Yerbol Zhumabek,2
Aisha Shakenov,2
Askar Gabdullin,1
Laura Suleimenov,4
Zhanel Smirnov,3
Talgat Tashkenov,3
Adil Abdirov,2
Amir Ibrayev,3
Vadim Rakhimov,2
Kairat Arslan,1
Layla Baitursyn,1
Denis Kilic,1
Madina Konysbay,5
Zhandos Fedorov,4
Tolga Ibrayev,3
Anton Cetin,3
Meruyert Gabdullin,3
Marat Kuznetsov,2
Zhanna Cetin,3
Dias Kuznetsov,1
Zeynep Kudaibergen,2
Aknur Assanov,1
Ilyas Daulet,4
Andrey Mikhailov,4
Ilyas Koc,1
Zhanel Bolat,2
Nazerke Sokolov,2
Karina Dauletov,1
Vera Smirnov,3
Andrey Amangeldy,2
Polina Sagyndyk,1
Dmitry Bolat,3
Emre Jumabek,3
Sanzhar Sokolov,2
Roman Turgenev,5
Ainur Iskakov,5
Miras Lebedev,2
Arman Sahin,3
Sofia Bolat,3
Symbat Ozturk,2
Nurzhan Smirnov,1
Omar Baiseitov,1
Nazym Morozov,3
Ekaterina Mikhailov,1
Damir Serikbay,3
Dana Aliyev,5
Arman Rakhimov,2
Sanzhar Musin,1
Sofia Petrov,1
Daria Shakenov,3
Andrey Dauletov,1
Symbat Daulet,1
Nur Karimov,3
Layla Koc,1
Bekzat Kassym,2
Baris Fedorov,5
Ece Shakenov,1
Nur Popov,5
Hasan Kurmanov,1
Yerlan Makhmud,1
Nurlybek Fedorov,2
Karina Kuznetsov,3
Kairat Omarov,1
Yerbol Suleimenov,5
Zhuldyz Zhunusov,1
Nurlybek Tashkenov,4
Zhansaya Kuznetsov,5
Askar Gabdullin,2
Asel Alpysbay,3
Balzhan Temirov,3
Denis Volkov,2
Ilyas Sadykov,4
Andrey Esenov,1
Oleg Temirov,4
Sergey Musin,1
Derya Kudaibergen,3
Dana Nurgaliyev,4
Nazym Kudaibergen,3
Selin Orazov,3
Arman Konysbay,4
Islam Lebedev,5
Bauyrzhan Sahin,3
Elif Abenov,3
Zhandos Tleubek,2
Layla Dauletov,2
Vlad Kuznetsov,3
Vlad Serikbay,4
Nikita Amangeldy,3
Elnur Omarov,3
Karina Zhunusov,1
Sanzhar Nurgaliyev,4
Zarina Kurmanov,1
Aigerim Abenov,1
Milana Dauletov,2
Adil Kassym,4
Kirill Zhaksylyk,1
Zhanna Kaliyev,3
Symbat Kassym,1
Alina Bekov,4
Aknur Akhmetov,3
Dana Suleimenov,2
Maria Novikov,2
Miras Bekov,3
Ersultan Kurt,1
Dmitry Celik,2
Tomiris Kuznetsov,3
Timur Alpysbay,2
Nurlan Makhmud,3
Aigul Sokolov,2
Emre Kaya,2
Yulia Koc,2
Igor Dogan,2
Azamat Daulet,3
Zhandos Kaliyev,3
Temirlan Yilmaz,2
Gaukhar Abdirov,2
Nurlan Popov,1
Tatiana Kara,3
Alisa Tleubek,1
Dias Ivanov,2
Dinara Kudaibergen,2
Zhandos Konysbay,3
Dinara Esenov,5
Saltanat Daulet,4
Rasul Kaliyev,5
Kairat Baitursyn,1
Vera Daulet,2
Laura Kaliyev,3
Kerem Turgenev,5
Ersultan Kaya,3
Ksenia Kassym,4
Ersultan Mukanov,3
Anton Gabdullin,1
Tolga Shakenov,3
Maxim Shakenov,3
Anton Smirnov,2
Alisa Bolat,4
Aigul Baiseitov,3
Aknur Ermek,3
Aigul Jumabek,1
Pavel Kurt,1
Akbota Jumabek,3
Amir Kuznetsov,4
Zarina Volkov,4
Serik Dogan,5
Nazerke Makhmud,5
Aknur Petrov,5
Roman Kudaibergen,1
Madina Petrov,2
Daniyar Fedorov,2
Kirill Bekov,2
Damir Omarov,4
Anel Ualiyev,2
Serik Baiseitov,3
Ainur Kudaibergen,2
Yerbol Assanov,3
Balzhan Alpysbay,3
Denis Yerzhanov,5
Kairat Demir,5
Dinara Mukanov,2
Rasul Kuznetsov,2
Igor Kilic,3
Tomiris Rakhimov,1
Alibek Baitursyn,4
Arman Makhmud,5
Elena Sahin,4
Olga Lebedev,2
Aisha Kassym,2
Madina Omarov,2
Emre Rakhimov,4
Arman Ibrayev,1
Polina Sokolov,1
Marat Jumabek,2
Zhuldyz Novikov,2
Anel Shakenov,3
Dana Yerzhanov,5
Daria Gabdullin,2
Selin Smirnov,5
Murat Kilic,1
Elena Temirov,1
Sultan Shakenov,3
Gulnaz Rakhimov,2
Anna Amangeldy,4
Talgat Abenov,2
Nikita Kara,3
Aknur Bolat,3
Elena Karimov,5
Dias Bekov,3
Olga Kara,5
Aknur Amangeldy,4
Ruslan Celik,1
Elnur Nurgaliyev,1
Vlad Kassym,3
Zhansaya Jumabek,1
Layla Iskakov,3
Bekzat Kudaibergen,3
Ainur Akhmetov,1
Ainur Shakenov,2
Nurzhan Kilic,2
Zhandos Shakenov,2
Talgat Shakenov,3
Artem Smirnov,4
Gaukhar Serikbay,5
Timur Mikhailov,3
Olzhas Kilic,3
Nikita Alpysbay,2
Arman Alpysbay,2
Tatiana Rakhimov,2
Kerem Yilmaz,4
Timur Arslan,3
Gaukhar Lebedev,5
Vera Sokolov,5
Adil Ivanov,1
Gulnaz Ualiyev,1
Nurlybek Fedorov,2
Talgat Serikbay,3
Dias Yerzhanov,4
Aliya Zhumabek,2
Temirlan Karimov,5
Sultan Serikbay,4
Sergey Musin,2
Nazym Sagyndyk,2
Zhanel Novikov,2
Symbat Demir,1
Rasul Shakenov,4
Aizhan Temirov,5
Anel Ibrayev,1
Nazerke Zhunusov,3
Vlad Bolat,3
Aisha Aliyev,1
Sergey Shakenov,2
Maria Konysbay,1
Madina Mikhailov,3
Zhuldyz Kaliyev,3
Igor Makhmud,1
Daria Kurmanov,2
Ece Aliyev,1
Askar Abenov,5
Timur Demir,4
Amir Arslan,5
Sergey Yilmaz,3
Balzhan Zhunusov,3
Elena Zhumabek,5
Laura Bolat,1
Kerem Zhumabek,3
Anton Bekov,2
Sultan Gabdullin,4
Saltanat Sahin,5
Aruzhan Kaya,4
Tatiana Tashkenov,1
Akbota Dogan,2
Adil Dogan,5
Temirlan Volkov,3
Kerem Gabdullin,2
Layla Kurmanov,4
Bekzat Aliyev,1
Dinara Temirov,2
Aisha Dogan,2
Azamat Gabdullin,3
Kerem Yerzhanov,3
Zarina Yilmaz,4
Artem Lebedev,5
Zhanel Ualiyev,1
Aizhan Novikov,2
Rasul Sahin,1
Akbota Gabdullin,3
Sultan Arslan,5
Rauan Makhmud,2
Miras Shakenov,2
Derya Kurt,3
Sultan Sadykov,1
Temirlan Abdirov,5
Hasan Serikbay,1
Nur Zhunusov,2
Bekzat Mukanov,4
Elena Koc,4
Zeynep Ualiyev,4
Derya Kurmanov,1
Vera Zhaksylyk,4
Denis Mikhailov,3
Milana Kassym,3
Maria Zhumabek,4
Zhanel Mukanov,3
Islam Dogan,4
Elnur Volkov,2
Alisa Aslan,1
Talgat Kuznetsov,5
Elena Jumabek,3
Vlad Shakenov,1
Rauan Novikov,3
Ilyas Tashkenov,5
Gulnaz Ualiyev,1
Sergey Makhmud,4
Tatiana Kassym,4
Daria Zhunusov,1
Zhanar Volkov,1
Baris Assanov,2
Selin Akhmetov,3
Maxim Yilmaz,1
Gaukhar Kassym,1
Hasan Suleimenov,3
Ruslan Abenov,5
Gaukhar Aslan,1
Kirill Abenov,1
Laura Nurgaliyev,4
Dinara Konysbay,2
Ruslan Amangeldy,3
Asel Aliyev,1
Islam Sadykov,5
Sabina Kurt,4
Bauyrzhan Novikov,4
Zhanar Sahin,2
Nur Sahin,4
Vlad Morozov,1
Anel Sahin,1
Denis Kassym,4
Serik Sadykov,5
Zeynep Ermek,5
Rasul Arslan,2
Anel Kaya,1
Baris Novikov,1
Timur Turgenev,4
Nur Lebedev,4
Askar Kudaibergen,2
Vadim Cetin,2
Andrey Karimov,3
Roman Serikbay,2
Elena Mukanov,1
Arman Volkov,5
Layla Yerzhanov,1
Ilyas Alpysbay,5
Arman Assanov,2
Marat Zhaksylyk,2
Oleg Tleubek,3
Sergey Jumabek,3
Serik Karimov,1
Dmitry Fedorov,1
Sabina Kara,2
Kamila Sahin,4
Zhanel Volkov,3
Tatiana Kilic,4
Bekzat Orazov,2
Ece Orazov,2
Nazerke Baiseitov,3
Elif Rakhimov,5
Tomiris Kuznetsov,3
Ersultan Smirnov,4
Balzhan Kaliyev,1
Kerem Assanov,4
Emre Musin,2
Talgat Fedorov,3
Kerem Mikhailov,3
Dmitry Rakhimov,3
Nikita Dogan,3
Ersultan Sahin,1
Arman Yerzhanov,3
Balzhan Orazov,5
Vadim Akhmetov,2
Zhansaya Smirnov,3
Akbota Ermek,2
Derya Kudaibergen,3
Yulia Shakenov,1
Selin Nurgaliyev,5
Elif Nurgaliyev,1
Serik Zhaksylyk,3
Nikita Kilic,1
Alina Kuznetsov,4
Adil Dogan,2
Maxim Sadykov,2
Aruzhan Musin,3
Zhanna Celik,1
Nurlan Bekov,3
Asel Sadykov,2
Zarina Smirnov,2
Elena Zhumabek,1
Dana Aliyev,1
Sultan Zhaksylyk,4
Nikita Kara,3
Asel Cetin,4
Ece Ibrayev,3
Olzhas Gabdullin,3
Daria Musin,4
Olzhas Arslan,4
Ece Sokolov,3
Miras Orazov,3
Milana Iskakov,3
Omar Celik,2
Timur Jumabek,3
Tatiana Temirov,4
Zhanna Akhmetov,5
Pavel Kaya,5
Daniyar Morozov,1
Maria Temirov,1
Andrey Celik,3
Anna Kuznetsov,5
Alina Ozturk,5
Aliya Kilic,3
Zhandos Omarov,1
Anna Sagyndyk,1
Balzhan Koc,2
Elena Kilic,1
Aigul Fedorov,1
Denis Abenov,3
Rasul Celik,5
Denis Sokolov,4
Aigul Sadykov,2
Aigul Lebedev,2
Aruzhan Bolat,1
Vera Zhaksylyk,4
Zhanna Tleubek,3
Ersultan Assanov,2
Murat Ibrayev,2
Elif Karimov,2
Igor Tashkenov,1
Zhuldyz Yilmaz,1
Amir Kurmanov,1
Hasan Konysbay,4
Daniyar Dauletov,2
Sofia Zhunusov,3
Nazym Volkov,3
Derya Baitursyn,2
Irina Zhumabek,3
Arman Kurt,4
Aigul Smirnov,2
Sanzhar Jumabek,5
Tatiana Konysbay,3
Zhanna Orazov,3
Gaukhar Baitursyn,5
Akbota Mikhailov,2
Baris Makhmud,3
Alisa Jumabek,1
Symbat Musin,1
Gaukhar Mikhailov,3
Anna Ermek,3
Alina Ivanov,4
Zarina Lebedev,4
Laura Orazov,1
Miras Bolat,4
Maria Shakenov,1
Sofia Iskakov,3
Kairat Petrov,4
Tolga Nurgaliyev,3
Polina Sagyndyk,2
Laura Makhmud,4
Sofia Novikov,2
Marat Mikhailov,1
Nur Tashkenov,4
Ruslan Kara,1
Ekaterina Tashkenov,1
Artem Orazov,3
Symbat Abenov,2
Vadim Abenov,1
Talgat Kurt,1
Andrey Kurmanov,1
Nurzhan Abdirov,2
Tatiana Alpysbay,3
Elena Temirov,3
Ekaterina Bolat,2
Nurlybek Bolat,2
Bekzat Ualiyev,5
Yulia Ualiyev,2
Ersultan Kassym,5
Vadim Zhumabek,4
Ksenia Mukanov,1
Askar Jumabek,4
Nurlan Rakhimov,4
Rauan Sagyndyk,4
Elena Temirov,5
Nikita Koc,2
Serik Morozov,2
Andrey Morozov,5
Kamila Ivanov,2
Selin Lebedev,2
Dmitry Esenov,5
Marat Popov,2
Zarina Sadykov,2
Aruzhan Alpysbay,5
Ksenia Daulet,3
Aigerim Volkov,1
Daria Karimov,2
Dana Omarov,2
Serik Mukanov,4
Asel Aliyev,3
Kairat Kuznetsov,2
Anna Sadykov,3
Talgat Zhumabek,2
Aisha Kilic,3
Dias Cetin,1
Laura Omarov,4
Zhuldyz Celik,1
Adil Assanov,1
Gaukhar Arslan,4
Marat Iskakov,5
Aruzhan Baiseitov,3
Sabina Lebedev,2
Aknur Iskakov,5
Yerbol Kuznetsov,3
Dana Kassym,2
Symbat Dogan,4
Ruslan Ermek,1
Vlad Omarov,3
Laura Sadykov,3
Emre Morozov,1
Emre Baiseitov,1
Gaukhar Sokolov,4
Marat Zhumabek,2
Nurzhan Fedorov,3
Aizhan Baitursyn,1
Akbota Mikhailov,5
Tomiris Popov,5
Adil Aslan,1
Tomiris Kudaibergen,4
Derya Suleimenov,2
Andrey Sagyndyk,3
Daniyar Dauletov,3
Zeynep Orazov,1
Ruslan Kaya,2
Yernar Baitursyn,5
Pavel Petrov,3
Meruyert Ualiyev,1
Oleg Fedorov,1
Islam Iskakov,2
Baris Sokolov,1
Andrey Rakhimov,4
Madina Kaya,3
Serik Ermek,1
Amir Nurgaliyev,1
Gulnaz Kara,5
Tolga Kaya,5
Islam Volkov,3
Kamila Kassym,1
Maxim Ozturk,3
Balzhan Karimov,3
Ece Nurgaliyev,3
Bekzat Akhmetov,2
Sabina Kuznetsov,4
Marat Jumabek,2
Aigerim Kara,4
Olzhas Kudaibergen,1
Zhuldyz Turgenev,5
Aruzhan Amangeldy,1
Ersultan Serikbay,4
Elena Smirnov,4
Alina Zhumabek,1
Sabina Ivanov,2
Zeynep Aslan,5
Kuanysh Zhunusov,5
Maria Jumabek,4
Talgat Sokolov,1
Timur Sokolov,4
Rauan Sahin,3
Amir Omarov,3
Maxim Kurt,5
Ainur Mikhailov,2
Gaukhar Demir,2
Temirlan Kassym,4
Serik Mukanov,3
Gaukhar Abenov,5
Nikita Kaya,3
Dinara Tashkenov,3
Zhanar Iskakov,3
Dias Zhaksylyk,3
Kirill Kaliyev,3
Anna Suleimenov,5
Nurlybek Aslan,4
Akbota Tashkenov,2
Zhanna Rakhimov,1
Aizhan Yerzhanov,4
Zhandos Kassym,5
Alibek Turgenev,2
Rauan Sadykov,5
Rauan Zhumabek,1
Ersultan Arslan,1
Kirill Daulet,1
Nurlybek Karimov,1
Anton Tleubek,5
Zarina Temirov,5
Irina Temirov,2
Igor Kassym,1
Zhansaya Ualiyev,2
Nikita Ibrayev,5
Derya Abdirov,1
Derya Kassym,1
Maria Tashkenov,4
Zhanel Omarov,3
Oleg Kurt,3
Irina Zhaksylyk,3
Zhandos Petrov,2
Madina Suleimenov,5
Amir Lebedev,2
Karina Orazov,2
Olzhas Bolat,2
Yulia Daulet,1
Sofia Orazov,1
Ruslan Esenov,2
Omar Rakhimov,5
Kirill Kurmanov,4
Olzhas Suleimenov,1
Symbat Morozov,1
Gulnaz Popov,2
Polina Kuznetsov,5
Akbota Sahin,5
Nur Ivanov,4
Ilyas Orazov,4
Gulnaz Turgenev,2
Nikita Morozov,3
Zhuldyz Sadykov,3
Milana Tleubek,2
Sultan Morozov,5
Talgat Abdirov,2
Madina Celik,2
Alina Orazov,2
Aisha Musin,1
Baris Ualiyev,2
Balzhan Sadykov,2
Tolga Ivanov,1
Serik Ibrayev,1
Nurlan Novikov,2
Symbat Smirnov,1
Selin Demir,3
Sofia Mikhailov,5
Marat Koc,4
Talgat Koc,4
Kairat Orazov,5
Sabina Nurgaliyev,4
Zhanna Alpysbay,4
Selin Arslan,2
Daniyar Mukanov,1
Arman Yilmaz,2
Ekaterina Ibrayev,2
Gaukhar Alpysbay,1
Ruslan Popov,2
Roman Gabdullin,2
Azamat Kassym,4
Talgat Turgenev,1
Zarina Daulet,3
Akbota Kudaibergen,3
Islam Temirov,4
Saltanat Gabdullin,1
Zhansaya Abdirov,4
Aknur Zhumabek,5
Ekaterina Omarov,4
Damir Ibrayev,4
Laura Kurt,5
Damir Turgenev,4
Zhanna Kurmanov,3
Irina Baiseitov,3
Dmitry Fedorov,3
Rasul Zhumabek,4
Zhanel Orazov,4
Elnur Arslan,3
Zhanna Jumabek,1
Timur Musin,2
Yulia Aslan,2
Aisha Shakenov,3
Oleg Yilmaz,2
Selin Bolat,1
Baris Sokolov,1
Nurlan Sokolov,3
Dana Suleimenov,3
Timur Abdirov,3
Polina Kassym,1
Nur Aslan,3
Aknur Konysbay,1
Bauyrzhan Aslan,4
Timur Celik,1
Aigerim Lebedev,3
Kairat Kuznetsov,3
Kirill Ibrayev,1
Balzhan Turgenev,4
Damir Suleimenov,1
Elnur Esenov,3
Polina Mikhailov,3
Aigul Tleubek,4
Zhanna Makhmud,5
Murat Kara,2
Alisa Popov,2
Yulia Serikbay,1
Ruslan Kilic,4
Zhanar Assanov,5
Kerem Gabdullin,3
Maxim Jumabek,5
Islam Koc,3
Yulia Konysbay,3
Saltanat Baiseitov,2
Sergey Ualiyev,3
Rasul Abenov,4
Yerbol Volkov,4
Aigul Volkov,2
Roman Celik,4
Sabina Alpysbay,3
Maria Tashkenov,4
Azamat Kudaibergen,3
Tomiris Kaya,1
Nazym Cetin,5
Omar Demir,2
Laura Lebedev,2
Pavel Kilic,1
Kirill Omarov,3
Sergey Suleimenov,3
Roman Kaya,4
Karina Popov,3
Rauan Sahin,2
Meruyert Aliyev,4
Pavel Dauletov,3
Symbat Tashkenov,2
Zhandos Kurt,1
Anton Ibrayev,5
Asel Gabdullin,3
Azamat Ozturk,4
Ilyas Ibrayev,1
Karina Kurmanov,4
Igor Morozov,3
Meruyert Ualiyev,2
Tatiana Aliyev,2
Sofia Sokolov,1
Dmitry Petrov,4
Omar Volkov,4
Zeynep Esenov,4
Timur Kuznetsov,5
Maxim Sokolov,3
Milana Kilic,3
Bekzat Jumabek,3
Zhanna Novikov,3
Asel Karimov,2
Layla Aslan,3
Ekaterina Mikhailov,5
Amir Tleubek,2
Derya Baitursyn,2
Marat Cetin,3
Milana Novikov,2
Daniyar Musin,3
Dana Akhmetov,4
Azamat Temirov,3
Serik Ermek,3
Maria Amangeldy,3
Dias Yilmaz,4
Aruzhan Koc,5
Zhanna Zhaksylyk,3
Olga Aslan,2
Kirill Turgenev,3
Kirill Ivanov,1
Azamat Suleimenov,5
Azamat Baitursyn,4
Karina Aslan,2
Selin Kuznetsov,1
Nurlan Fedorov,1
Nur Kaliyev,1
Tatiana Abdirov,4
Ekaterina Omarov,3
Marat Kurmanov,2
Nikita Zhunusov,3
Ksenia Ozturk,1
Kerem Kara,1
Vlad Demir,1
Kamila Akhmetov,3
Zeynep Volkov,2
Nur Mukanov,2
Zhanel Jumabek,2
Elena Kurmanov,3
Zhanar Alpysbay,2
Roman Ivanov,2
Artem Temirov,1
Saltanat Gabdullin,1
Ilyas Fedorov,4
Zeynep Turgenev,3
Anna Ivanov,5
Marat Konysbay,2
Milana Temirov,4
Sergey Novikov,2
Nikita Konysbay,3
Islam Turgenev,3
Sergey Tashkenov,1
Nurlan Esenov,4
Tomiris Karimov,3
Alina Yilmaz,3
Aruzhan Demir,2
Yulia Aliyev,1
Tomiris Novikov,4
Omar Orazov,1
Sultan Dogan,2
Zhuldyz Shakenov,1
Aruzhan Yerzhanov,3
Anton Kurmanov,3
Igor Sagyndyk,2
Sabina Suleimenov,1
Gaukhar Baitursyn,1
Rauan Jumabek,1
Ksenia Turgenev,2
Kamila Aliyev,1
Dana Sagyndyk,5
Ilyas Demir,3
Ece Kara,3
Aigerim Daulet,3
Meruyert Ibrayev,2
Tomiris Morozov,2
Balzhan Abenov,3
Elnur Novikov,4
Yernar Kurmanov,3
Elena Abenov,3
Bekzat Sadykov,3
Aruzhan Mikhailov,1
Baris Kara,4
Aigerim Ivanov,4
Elif Aliyev,4
Ainur Popov,3
Selin Mikhailov,2
Meruyert Karimov,2
Dmitry Ozturk,3
Aknur Omarov,1
Zarina Kassym,2
Vera Aliyev,1
Alina Sadykov,1
Ksenia Musin,4
Amir Zhunusov,2
Damir Mikhailov,1
Olga Temirov,2
Anton Shakenov,3
Vadim Zhunusov,3
Baris Popov,4
Roman Zhaksylyk,1
Sanzhar Ivanov,4
Islam Yerzhanov,1
Baris Baiseitov,3
Tatiana Arslan,2
Talgat Novikov,1
Dinara Shakenov,3
Denis Musin,1
Kuanysh Volkov,5
Nazym Kaya,2
Asel Mukanov,2
Laura Temirov,3
Aruzhan Ibrayev,2
Vlad Zhumabek,2
Roman Akhmetov,5
Nurzhan Amangeldy,4
Dana Kara,1
Alibek Kassym,2
Aigerim Kara,1
Bauyrzhan Iskakov,3
Sergey Iskakov,5
Ksenia Rakhimov,2
Olga Iskakov,1
Elnur Volkov,5
Elnur Kilic,5
Madina Ivanov,3
Sanzhar Zhaksylyk,3
Derya Petrov,3
Aizhan Sagyndyk,1
Daniyar Ozturk,4
Nazym Sokolov,3
Sergey Esenov,3
Omar Musin,5
Maxim Temirov,3
Roman Dauletov,1
Alisa Makhmud,5
Aisha Kaliyev,3
Sofia Alpysbay,4
Aruzhan Yilmaz,3
Ksenia Zhaksylyk,3
Alisa Ozturk,4
Baris Morozov,1
Aknur Kara,1
Aknur Cetin,2
Zhanel Sagyndyk,1
Zarina Abenov,3
Dias Bolat,1
Kerem Demir,3
Madina Aliyev,5
Timur Omarov,4
Symbat Amangeldy,2
Denis Mukanov,2
Sultan Kuznetsov,1
Zhanna Yerzhanov,2
Sanzhar Ozturk,1
Daniyar Jumabek,3
Sabina Smirnov,3
Aizhan Karimov,3
Dana Nurgaliyev,4
Islam Yilmaz,1
Ilyas Bekov,1
Meruyert Jumabek,1
Maxim Bolat,1
Yerlan Zhumabek,3
Omar Amangeldy,3
Nurzhan Dogan,4
Timur Petrov,3
Tolga Temirov,4
Baris Dogan,5
Madina Kilic,5
Aizhan Kuznetsov,3
Balzhan Musin,4
Alibek Rakhimov,3
Balzhan Gabdullin,3
Temirlan Demir,4
Nikita Ibrayev,3
Dana Sahin,1
Zhandos Baitursyn,3
Nurlan Daulet,2
Anton Iskakov,2
Zeynep Abenov,1
Talgat Daulet,4
Damir Volkov,2
Azamat Ermek,2
Tatiana Aliyev,1
Nurzhan Morozov,3
Selin Yerzhanov,3
Madina Karimov,2
Symbat Kassym,3
Emre Abenov,4
Nikita Mikhailov,1
Elena Dauletov,2
Bauyrzhan Bekov,2
Andrey Volkov,2
Dias Bekov,1
Elif Amangeldy,1
Baris Kassym,2
Aigul Kudaibergen,4
Temirlan Akhmetov,3
Zeynep Gabdullin,2
Zeynep Omarov,4
Vera Shakenov,2
Andrey Zhaksylyk,3
Aruzhan Serikbay,2
Azamat Orazov,3
Laura Kaliyev,5
Murat Smirnov,1
Omar Kilic,2
Sabina Popov,1
Azamat Cetin,5
Ece Alpysbay,3
Olga Lebedev,2
Kirill Yerzhanov,2
Ekaterina Yilmaz,2
Karina Kilic,1
Emre Dauletov,5
Timur Arslan,1
Zeynep Cetin,4
Omar Kudaibergen,2
Elif Volkov,3
Rasul Daulet,2
Tatiana Mikhailov,2
Ece Zhunusov,2
Kerem Tashkenov,3
Gaukhar Akhmetov,3
Askar Zhaksylyk,3
Anna Kassym,1
Alibek Arslan,3
Yulia Kurmanov,1
Tomiris Mukanov,2
Damir Tashkenov,1
Sultan Aslan,4
Dias Gabdullin,3
Temirlan Mikhailov,3
Ilyas Sagyndyk,4
Nurlan Dogan,1
Saltanat Temirov,2
Gaukhar Ozturk,4
Vera Omarov,2
Kerem Bekov,1
Damir Alpysbay,4
Kirill Makhmud,1
Symbat Tashkenov,2
Anna Sagyndyk,2
Aizhan Demir,2
Laura Makhmud,3
Ersultan Sadykov,1
Maria Morozov,3
Polina Mukanov,1
Olzhas Popov,2
Aruzhan Zhaksylyk,4
Elnur Cetin,1
Dmitry Novikov,1
Alina Dogan,5
Zarina Rakhimov,2
Igor Serikbay,1
Tomiris Kara,1
Aruzhan Demir,1
Asel Sadykov,1
Timur Ozturk,3
Temirlan Temirov,1
Ksenia Kurt,4
Symbat Yerzhanov,1
Bekzat Aliyev,5
Nurzhan Musin,3
Vera Yerzhanov,2
Selin Zhaksylyk,3
Artem Yilmaz,2
Maria Sagyndyk,3
Anel Mikhailov,3
Yerbol Alpysbay,2
Symbat Bolat,1
Yerbol Popov,1
Ksenia Kuznetsov,2
Laura Kurmanov,2
Anton Kara,1
Alibek Orazov,4
Emre Turgenev,2
Hasan Kaliyev,3
Zeynep Volkov,2
Igor Akhmetov,1
Aruzhan Kurt,4
Oleg Sokolov,1
Selin Rakhimov,1
Nazym Musin,2
Artem Abenov,1
Nazerke Lebedev,4
Askar Dauletov,1
Daniyar Kilic,3
Gulnaz Akhmetov,4
Ece Mikhailov,5
Kerem Cetin,1
Nurlan Kuznetsov,4
Yernar Serikbay,1
Ilyas Lebedev,1
Yerbol Sahin,3
Serik Lebedev,3
Marat Kurmanov,3
Elnur Nurgaliyev,1
Nikita Morozov,1
Sofia Karimov,3
Daria Kilic,3
Irina Yilmaz,2
Olzhas Dauletov,4
Zhanar Temirov,3
Aigerim Kassym,4
Nurlybek Bekov,5
Anel Gabdullin,3
Hasan Zhunusov,2
Olzhas Yerzhanov,4
Serik Daulet,2
Gaukhar Abdirov,1
Zhansaya Aliyev,4
Murat Dauletov,2
Murat Baiseitov,3
Vera Baitursyn,1
Olga Kuznetsov,4
Daniyar Zhunusov,1
Elena Zhaksylyk,2
Meruyert Dogan,5
Aigerim Bolat,2
Ece Koc,4
Askar Ualiyev,2
Aliya Bekov,4
Tomiris Kuznetsov,5
Murat Bekov,3
Madina Zhumabek,4
Igor Mikhailov,5
Bekzat Volkov,2
Sergey Bolat,1
Murat Aslan,2
Damir Zhaksylyk,2
Yulia Sahin,2
Timur Esenov,3
Gaukhar Kuznetsov,1
Aizhan Gabdullin,2
Kamila Rakhimov,1
Aisha Aslan,2
Sultan Turgenev,3
Marat Kuznetsov,2
Zhanna Tleubek,4
Ece Tleubek,4
Sultan Serikbay,4
Asel Baiseitov,1
Alina Zhaksylyk,1
Azamat Nurgaliyev,3
Layla Baiseitov,5
Igor Nurgaliyev,1
Bauyrzhan Smirnov,4
Dana Morozov,3
Talgat Suleimenov,4
Artem Kaliyev,4
Kuanysh Omarov,3
Roman Koc,2
Elif Nurgaliyev,4
Ekaterina Cetin,1
Symbat Tleubek,2
Timur Novikov,4
Zhanna Jumabek,4
Yernar Novikov,1
Sabina Turgenev,1
Gulnaz Kaliyev,1
Ersultan Mikhailov,3
Bekzat Cetin,3
Kerem Mikhailov,2
Irina Morozov,3
Elif Popov,3
Temirlan Kudaibergen,3
Aruzhan Zhaksylyk,5
Akbota Ibrayev,4
Timur Novikov,1
Polina Musin,2
Ersultan Kuznetsov,4
Vadim Zhunusov,1
Amir Orazov,3
Temirlan Alpysbay,4
Zhanel Celik,2
Olzhas Sahin,3
Yulia Abdirov,1
Maria Akhmetov,1
Saltanat Dauletov,5
Kairat Rakhimov,5
Gulnaz Baiseitov,2
Olga Abenov,4
Baris Volkov,3
Tatiana Novikov,1
Zhanna Kuznetsov,4
Asel Orazov,2
Olga Zhaksylyk,5
Dana Amangeldy,5
Sultan Popov,2
Maxim Bekov,2
Irina Kurt,4
Sergey Temirov,2
Ekaterina Amangeldy,1
Igor Morozov,2
Vadim Aliyev,1
Alibek Celik,4
Sabina Amangeldy,3
Omar Aliyev,2
Selin Mikhailov,1
Zhansaya Rakhimov,3
Denis Konysbay,2
Gaukhar Konysbay,3
Maria Fedorov,3
Elnur Dauletov,1
Yernar Musin,2
Gaukhar Ibrayev,2
Murat Sagyndyk,2
Alibek Yerzhanov,2
Sultan Serikbay,1
Bekzat Tashkenov,4
Anel Aliyev,2
Artem Tleubek,3
Layla Sokolov,1
Dana Celik,5
Laura Kara,1
Rasul Shakenov,1
Vera Yilmaz,1
Ruslan Volkov,1
Akbota Kilic,1
Bekzat Novikov,5
Maria Ozturk,3
Tolga Kaliyev,3
Ilyas Assanov,1
Maxim Sagyndyk,3
Nur Karimov,2
Nazerke Assanov,2
Tatiana Smirnov,1
Alina Sagyndyk,4
Emre Abenov,1
Vlad Novikov,2
Zhansaya Bekov,5
Artem Sokolov,2
Hasan Cetin,3
Polina Nurgaliyev,2
Maria Esenov,1
Anna Daulet,3
Omar Ivanov,1
Dmitry Bekov,5
Sultan Zhunusov,1
Miras Zhunusov,3
Nazym Aliyev,1
Anel Sokolov,2
Vera Abenov,1
Andrey Baitursyn,2
Nurlybek Iskakov,3
Arman Baitursyn,5
Vera Sagyndyk,1
Vera Kudaibergen,1
Elif Sokolov,1
Maxim Aslan,2
Akbota Kuznetsov,1
Ainur Omarov,2
Anna Sagyndyk,5
Daria Bekov,4
Irina Sadykov,1
Kamila Baiseitov,4
Ksenia Omarov,5
Akbota Bekov,1
Olzhas Zhaksylyk,1
Vadim Mikhailov,1
Olzhas Jumabek,4
Aruzhan Temirov,2
Murat Kara,3
Olzhas Zhumabek,3
Dinara Abenov,4
Damir Celik,4
Ece Yerzhanov,2
Igor Akhmetov,2
Kerem Mukanov,1
Aknur Karimov,3
Zhansaya Dauletov,1
Madina Ualiyev,2
Tatiana Temirov,2
Amir Turgenev,3
Anna Abdirov,3
Temirlan Dauletov,3
Maria Zhumabek,5
Temirlan Kara,3
Askar Morozov,2
Kamila Abdirov,2
Igor Abenov,5
Vlad Tleubek,3
Karina Bolat,2
Akbota Daulet,3
Ece Serikbay,4
Aigerim Kara,4
Igor Daulet,3
Temirlan Esenov,2
Serik Dogan,4
Arman Popov,3
Zhanna Karimov,3
Nurlybek Iskakov,5
Karina Nurgaliyev,3
Elena Aliyev,4
Rauan Kurt,2
Kairat Baitursyn,3
Sofia Celik,5
Zhanna Ermek,2
Aizhan Yilmaz,2
Aigerim Yerzhanov,1
Damir Aslan,2
Sofia Volkov,1
Nikita Baitursyn,3
Irina Yerzhanov,2
Symbat Dogan,2
Elif Fedorov,5
Timur Demir,3
Kamila Aslan,4
Zhanna Amangeldy,3
Murat Jumabek,2
Elena Abenov,1
Maria Mikhailov,3
Tolga Esenov,2
Tomiris Petrov,3
Balzhan Alpysbay,4
Amir Abenov,3
Aknur Dogan,2
Azamat Temirov,1
Kuanysh Ozturk,3
Sabina Sagyndyk,2
Marat Volkov,2
Derya Amangeldy,5
Yerbol Orazov,1
Maxim Fedorov,3
Emre Cetin,1
Olzhas Assanov,3
Kamila Shakenov,2
Tolga Zhaksylyk,4
Anel Yerzhanov,3
Vadim Kassym,3
Kairat Ivanov,2
Aigul Kurt,4
Aruzhan Celik,3
Meruyert Dauletov,3
Aizhan Aliyev,4
Tomiris Kaliyev,3
Yernar Ozturk,3
Sultan Abenov,2
Dias Bekov,2
Ruslan Kurmanov,1
Sultan Yerzhanov,4
Pavel Kurt,4
Bauyrzhan Petrov,1
Zhanna Morozov,1
Nurzhan Sahin,1
Akbota Nurgaliyev,5
Olga Kassym,2
Elif Zhumabek,1
Yerlan Karimov,2
Kerem Temirov,3
Ilyas Tashkenov,2
Aizhan Zhaksylyk,5
Aisha Zhunusov,3
Rasul Ozturk,3
Olga Kurmanov,2
Tolga Kaliyev,2
Nur Yilmaz,1
Sabina Tashkenov,2
Kirill Aslan,5
Sultan Dauletov,3
Aliya Nurgaliyev,3
Meruyert Makhmud,1
Nazym Sahin,5
Zarina Kurt,2
Ainur Popov,5
Aruzhan Sadykov,1
Denis Iskakov,1
Sofia Shakenov,3
Kerem Lebedev,5
Nazerke Serikbay,3
Irina Kudaibergen,3
Anton Bekov,3
Vlad Sokolov,4
Sergey Ozturk,2
Madina Dauletov,2
Anel Suleimenov,3
Karina Celik,4
Milana Karimov,3
Sabina Abdirov,4
Yernar Ualiyev,2
Ksenia Kaya,5
Serik Aliyev,4
Ilyas Ozturk,4
Selin Mikhailov,3
Hasan Orazov,3
Anna Ualiyev,3
Maxim Kuznetsov,3
Kerem Aliyev,1
Nurlybek Koc,5
Polina Orazov,3
Zhansaya Musin,2
Gulnaz Zhumabek,3
Elif Volkov,2
Kuanysh Fedorov,3
Zeynep Abdirov,2
Marat Temirov,5
Saltanat Tleubek,2
Polina Zhaksylyk,4
Islam Kurmanov,2
Zhanel Ualiyev,2
Olga Esenov,1
Vadim Kuznetsov,1
Sergey Sahin,3
Elif Kassym,2
Bekzat Arslan,3
Zhanel Cetin,1
Nikita Tleubek,3
Polina Gabdullin,5
Elnur Yerzhanov,3
Denis Sadykov,5
Nazym Shakenov,1
Anna Ozturk,1
Murat Esenov,5
Maxim Karimov,4
Balzhan Ozturk,2
Bauyrzhan Kudaibergen,1
Elif Turgenev,3
Balzhan Makhmud,4
Aisha Bekov,4
Zhanar Nurgaliyev,1
Kuanysh Abdirov,3
Damir Baitursyn,1
Pavel Musin,5
Balzhan Zhunusov,5
Kamila Kaliyev,2
Askar Aliyev,1
Denis Temirov,3
Dmitry Volkov,3
Saltanat Koc,4
Roman Novikov,4
Daniyar Mikhailov,2
Askar Kurmanov,3
Gaukhar Cetin,5
Tatiana Abenov,3
Yernar Dogan,2
Bauyrzhan Turgenev,3
Roman Kurmanov,2
Omar Kaya,1
Dana Shakenov,1
Ersultan Assanov,2
Vadim Dogan,2
Aisha Suleimenov,1
Olzhas Ibrayev,3
Alina Omarov,1
Vera Kurt,1
Baris Kaya,1
Ksenia Konysbay,4
Aknur Volkov,1
Nazym Karimov,4
Daniyar Mukanov,4
Selin Abenov,3
Pavel Morozov,3
Oleg Abenov,5
Selin Suleimenov,5
Kirill Mukanov,1
Ilyas Orazov,3
Vera Rakhimov,4
Selin Serikbay,2
Gulnaz Kurt,1
Symbat Jumabek,3
Aigerim Kaya,2
Dmitry Zhunusov,3
Aizhan Kurmanov,3
Kuanysh Baiseitov,3
Elif Kuznetsov,3
Kamila Kassym,2
Daniyar Kara,3
Meruyert Bolat,1
Damir Suleimenov,2
Temirlan Abdirov,3
Arman Mukanov,1
Artem Orazov,5
Laura Gabdullin,5
Temirlan Mukanov,1
Arman Assanov,5
Serik Akhmetov,2
Maxim Assanov,4
Dinara Gabdullin,5
Vadim Akhmetov,4
Layla Ozturk,2
Yulia Arslan,3
Yerlan Ibrayev,3
Denis Demir,3
Bekzat Kassym,3
Rauan Akhmetov,2
Zhuldyz Alpysbay,3
Meruyert Gabdullin,4
Zhandos Shakenov,2
Bauyrzhan Ivanov,3
Milana Esenov,2
Aigerim Omarov,1
Aliya Sadykov,3
Elif Smirnov,1
Maria Temirov,4
Daniyar Akhmetov,1
Yernar Ualiyev,4
Roman Aslan,5
Dias Kaya,2
Temirlan Sagyndyk,2
Dias Serikbay,3
Temirlan Nurgaliyev,1
Temirlan Daulet,4
Ruslan Smirnov,4
Ruslan Baitursyn,4
Kamila Konysbay,2
Zhuldyz Sokolov,1
Ekaterina Turgenev,5
Dias Sagyndyk,1
Derya Volkov,5
Kuanysh Cetin,1
Anna Sokolov,3
Nazym Sokolov,5
Elnur Sahin,4
Kerem Aslan,4
Nur Baiseitov,2
Irina Ivanov,5
Nur Kudaibergen,3
Daniyar Konysbay,5
Zhanel Serikbay,1
Elif Kuznetsov,3
Olzhas Kurt,4
Ruslan Celik,1
Vera Tleubek,2
Yernar Abdirov,2
Tomiris Koc,1
Nur Abdirov,3
Tomiris Novikov,3
Artem Amangeldy,2
Oleg Zhunusov,4
Serik Ermek,5
Karina Kaliyev,2
Vadim Bekov,1
Vlad Yerzhanov,4
Yernar Demir,3
Marat Esenov,2
Bauyrzhan Aslan,4
Miras Volkov,1
Rauan Nurgaliyev,2
Karina Koc,1
Rasul Cetin,3
Sultan Zhaksylyk,2
Zhanar Tashkenov,4
Tolga Zhunusov,2
Akbota Mukanov,5
Azamat Novikov,5
Balzhan Fedorov,4
Aknur Kurmanov,1
Andrey Shakenov,3
Gulnaz Arslan,5
Miras Aslan,3
Olga Baiseitov,1
Zarina Ualiyev,2
Aliya Popov,2
Nazym Suleimenov,3
Kuanysh Fedorov,2
Andrey Serikbay,4
Aigerim Sahin,3
Asel Ibrayev,2
Kairat Orazov,3
Serik Lebedev,3
Nazerke Sokolov,5
Kerem Konysbay,2
Ksenia Akhmetov,4
Meruyert Volkov,2
Zhanel Alpysbay,2
Aruzhan Konysbay,1
Yerbol Dogan,4
Dmitry Ozturk,3
Bekzat Yilmaz,2
Aigul Kurt,1
Rauan Baitursyn,2
Bauyrzhan Zhaksylyk,2
Anna Alpysbay,2
Oleg Temirov,3
Aigerim Novikov,2
Artem Rakhimov,1
Asel Zhumabek,2
Rasul Dauletov,2
Aliya Volkov,1
Kamila Jumabek,3
Zhansaya Mukanov,2
Tomiris Amangeldy,2
Kerem Daulet,1
Anel Alpysbay,2
Sofia Morozov,3
Zarina Lebedev,1
Selin Orazov,2
Serik Cetin,1
Nurzhan Rakhimov,2
Omar Kurt,2
Alina Zhaksylyk,3
Hasan Dogan,1
Rauan Sokolov,4
Bauyrzhan Zhunusov,2
Daniyar Amangeldy,5
Elena Yerzhanov,1
Daniyar Yilmaz,5
Denis Abenov,2
Daniyar Baitursyn,4
Aizhan Iskakov,2
Ersultan Kara,4
Ilyas Assanov,2
Hasan Jumabek,3
Daria Zhumabek,1
Madina Kassym,3
Ekaterina Lebedev,1
Timur Amangeldy,3
Zhanel Karimov,2
Balzhan Cetin,1
Islam Abdirov,5
Nurlybek Zhumabek,3
Omar Aslan,2
Aisha Gabdullin,1
Timur Kaliyev,1
Symbat Aslan,1
Rasul Volkov,2
Elif Konysbay,3
Ksenia Zhumabek,5
Milana Ozturk,3
Nazerke Petrov,3
Akbota Zhaksylyk,3
Saltanat Ivanov,4
Elif Kaya,1
Zhanna Temirov,1
Omar Karimov,2
Zhanel Kurmanov,2
Nur Mikhailov,5
Milana Makhmud,2
Dinara Rakhimov,2
Emre Baiseitov,1
Dinara Tashkenov,5
Vadim Smirnov,2
Ruslan Assanov,2
Sabina Yilmaz,1
Tolga Celik,2
Pavel Tashkenov,4
Anton Koc,3
Murat Ibrayev,1
Zhandos Amangeldy,2
Miras Bolat,3
Pavel Zhunusov,2
Serik Popov,2
Yulia Konysbay,4
Olzhas Assanov,1
Symbat Esenov,1
Symbat Kara,5
Kamila Baitursyn,1
Daniyar Iskakov,1
Ainur Ibrayev,1
Murat Aliyev,4
Ksenia Fedorov,5
Rasul Ozturk,5
Vera Dogan,3
Pavel Dauletov,2
Ece Volkov,2
Gulnaz Dogan,2
Igor Konysbay,1
Sanzhar Iskakov,2
Sabina Omarov,5
Sergey Serikbay,2
Aizhan Popov,4
Aisha Kassym,1
Timur Bolat,3
Dinara Temirov,4
Vlad Yilmaz,1
Rauan Demir,1
Kamila Temirov,2
Yerlan Turgenev,3
Zeynep Mikhailov,2
Balzhan Sadykov,4
Zhanel Iskakov,2
Ainur Rakhimov,3
Aizhan Petrov,3
Marat Ualiyev,1
Kamila Bolat,4
Aisha Yilmaz,2
Yulia Konysbay,1
Sultan Novikov,2
Kuanysh Karimov,3
Yulia Fedorov,3
Arman Jumabek,2
Zhandos Morozov,1
Aizhan Suleimenov,1
Aizhan Amangeldy,2
Dinara Shakenov,2
Ece Tashkenov,4
Arman Ibrayev,2
Elnur Suleimenov,3
Aknur Zhunusov,2
Nur Popov,2
Dias Kurmanov,1
Kirill Esenov,4
Bekzat Jumabek,1
Ksenia Zhumabek,5
Nurlan Sagyndyk,1
Ainur Popov,5
Roman Cetin,3
Anna Kaliyev,2
Kirill Suleimenov,3
Aigul Aslan,1
Rasul Kilic,2
Bauyrzhan Volkov,2
Nazym Mukanov,5
Aisha Sahin,3
Madina Ozturk,2
Rauan Yerzhanov,3
Talgat Abdirov,5
Nurzhan Karimov,1
Alibek Demir,2
Aigul Kurmanov,1
Vera Esenov,3
Yernar Yerzhanov,1
Dana Tleubek,2
Yulia Sahin,5
Nazym Kurt,2
Kerem Aslan,3
Elena Kilic,3
Vadim Nurgaliyev,1
Kirill Karimov,1
Ruslan Petrov,1
Bauyrzhan Daulet,2
Yerlan Amangeldy,3
Milana Lebedev,5
Sabina Omarov,3
Yerlan Kurt,2
Aizhan Zhaksylyk,4
Yernar Dauletov,2
Roman Shakenov,2
Yerbol Rakhimov,4
Zhandos Yerzhanov,4
Sofia Novikov,2
Aigul Yilmaz,2
Amir Popov,1
Daniyar Konysbay,1
Aliya Makhmud,3
Yerlan Kaya,1
Dana Kuznetsov,1
Yerbol Ozturk,4
Irina Smirnov,1
Yernar Dauletov,1
Artem Celik,3
Andrey Abenov,4
Polina Aliyev,4
Sanzhar Omarov,3
Miras Jumabek,1
Saltanat Sadykov,1
Saltanat Novikov,5
Maxim Nurgaliyev,2
Islam Amangeldy,3
Ekaterina Jumabek,1
Askar Celik,1
Amir Lebedev,2
Layla Morozov,1
Symbat Ermek,1
Yulia Yilmaz,1
Tolga Musin,5
Anton Ivanov,1
Elif Kilic,3
Tomiris Koc,2
Ilyas Arslan,5
Igor Sahin,1
Laura Temirov,2
Roman Kassym,3
Daria Kaliyev,4
Anna Arslan,3
Symbat Serikbay,1
Nazerke Ozturk,3
Murat Amangeldy,1
Igor Ibrayev,2
Ksenia Baiseitov,4
Vlad Celik,2
Omar Arslan,4
Ersultan Sadykov,2
Ainur Ualiyev,2
Damir Yerzhanov,4
Zhansaya Karimov,3
Omar Dauletov,3
Aizhan Orazov,3
Saltanat Zhumabek,1
Kairat Celik,2
Ekaterina Bekov,1
Kairat Assanov,2
Meruyert Shakenov,1
Rasul Dogan,1
Omar Sadykov,2
Meruyert Arslan,1
Anton Fedorov,1
Anna Ualiyev,5
Omar Dogan,3
Aisha Serikbay,2
Timur Ivanov,2
Nurlybek Koc,2
Tomiris Zhaksylyk,3
Dinara Sahin,2
Artem Musin,3
Asel Sokolov,1
Baris Kurt,4
Symbat Bolat,3
Alina Mikhailov,3
Aknur Ermek,3
Serik Yerzhanov,4
Karina Suleimenov,2
Zarina Musin,3
Andrey Morozov,2
Elena Kudaibergen,1
Temirlan Ibrayev,5
Selin Omarov,1
Artem Rakhimov,1
Kirill Morozov,3
Nurzhan Ermek,2
Bauyrzhan Shakenov,2
Dinara Mikhailov,3
Kirill Dogan,1
Hasan Arslan,3
Denis Baiseitov,2
Zhanel Baitursyn,5
Vlad Zhaksylyk,2
Andrey Zhumabek,4
Zhanar Assanov,4
Zhansaya Mukanov,1
Yerlan Temirov,3
Daria Serikbay,3
Polina Esenov,4
Yerbol Akhmetov,1
Emre Kara,1
Igor Kaliyev,3
Murat Iskakov,5
Askar Cetin,3
Murat Suleimenov,4
Aisha Tashkenov,1
Yerlan Volkov,3
Kuanysh Kassym,3
Olga Yilmaz,3
Gulnaz Kuznetsov,2
Askar Karimov,3
Balzhan Cetin,3
Irina Ualiyev,2
Aruzhan Novikov,3
Kuanysh Konysbay,4
Sofia Zhumabek,3
Anel Kuznetsov,3
Andrey Bolat,3
Sofia Gabdullin,5
Layla Lebedev,3
Ainur Bolat,3
Kirill Esenov,3
Amir Ivanov,2
Dias Ibrayev,5
Nikita Cetin,2
Zhanna Tashkenov,5
Zhuldyz Baiseitov,1
Zhanel Shakenov,4
Olga Abdirov,1
Gaukhar Gabdullin,5
Polina Yerzhanov,2
Ksenia Kilic,2
Maria Musin,1
Sultan Petrov,4
Dmitry Makhmud,4
Ainur Mikhailov,3
Nurzhan Abenov,3
Nurlybek Petrov,2
Nur Koc,5
Dias Petrov,3
Denis Aslan,3
Dinara Nurgaliyev,3
Islam Zhunusov,5
Tolga Kudaibergen,2
Madina Iskakov,3
Aizhan Kara,4
Elnur Turgenev,5
Milana Serikbay,3
Ainur Kuznetsov,1
Islam Ualiyev,2
Selin Suleimenov,1
Miras Dauletov,1
Kairat Nurgaliyev,5
Sofia Konysbay,5
Yernar Sadykov,1
Zhuldyz Zhunusov,1
Laura Celik,3
Dmitry Karimov,3
Nur Kuznetsov,2
Timur Demir,1
Kuanysh Mukanov,3
Milana Kara,1
Layla Popov,1
Aisha Bolat,2
Azamat Kaya,2
Islam Dogan,1
Elnur Bolat,1
Sofia Smirnov,1
Ece Kurt,2
Tolga Ivanov,3
Yerbol Ivanov,1
Karina Esenov,4
Ece Assanov,4
Ece Celik,5
Meruyert Temirov,1
Maria Dauletov,2
Kirill Arslan,4
Derya Yerzhanov,3
Ece Abenov,2
Daria Shakenov,2
Oleg Turgenev,1
Adil Serikbay,3
Olzhas Petrov,2
Meruyert Popov,3
Azamat Konysbay,4
Zhuldyz Bolat,2
Balzhan Baitursyn,2
Aliya Zhaksylyk,1
Aknur Kara,1
Islam Sahin,4
Marat Popov,5
Ilyas Shakenov,2
Nur Ibrayev,1
Saltanat Kaliyev,2
Zhuldyz Celik,2
Timur Turgenev,3
Meruyert Koc,1
Nur Zhumabek,3
Talgat Bolat,2
Dana Karimov,3
Adil Rakhimov,2
Sanzhar Mukanov,1
Maria Bekov,2
Arman Sadykov,2
Bauyrzhan Baiseitov,1
Nurlan Alpysbay,3
Nurzhan Esenov,1
Zhanel Zhaksylyk,4
Andrey Sagyndyk,1
Vlad Sagyndyk,2
Yulia Abdirov,2
Emre Kurt,3
Nurlybek Baiseitov,5
Aruzhan Turgenev,5
Nurlybek Zhunusov,1
Bauyrzhan Abdirov,1
Nurlan Kassym,3
Aigul Kurmanov,1
Bauyrzhan Ibrayev,2
Ersultan Tleubek,3
Nurlan Kurmanov,3
Zarina Abenov,4
Akbota Dogan,1
Dmitry Yilmaz,5
Dias Akhmetov,4
Talgat Baiseitov,2
Dinara Kilic,1
Anton Baiseitov,1
Maria Omarov,3
Layla Amangeldy,5
Nur Yerzhanov,4
Milana Volkov,1
Nikita Petrov,1
Dana Kudaibergen,1
Roman Aliyev,2
Alina Petrov,1
Ainur Dauletov,4
Zhanar Tashkenov,1
Ersultan Abdirov,3
Aigerim Arslan,3
Alibek Dauletov,1
Kirill Sokolov,3
Aigul Aslan,1
Meruyert Bekov,2
Daniyar Shakenov,3
Ksenia Baitursyn,2
Aizhan Sahin,3
Dmitry Esenov,3
Ersultan Sahin,1
Layla Kaya,5
Maria Sahin,1
Murat Dauletov,1
Damir Akhmetov,5
Sultan Petrov,1
Anna Akhmetov,3
Dmitry Smirnov,2
Aigerim Aslan,1
Ksenia Sadykov,5
Gulnaz Yerzhanov,1
Nur Shakenov,1
Kirill Koc,2
Sofia Popov,4
Anton Cetin,4
Anel Serikbay,2
Dias Baitursyn,1
Elif Bekov,4
Serik Serikbay,1
Selin Zhaksylyk,2
Ksenia Koc,4
Anna Kassym,3
Dmitry Jumabek,1
Laura Volkov,2
Pavel Bolat,2
Nurlan Aliyev,3
Yulia Ibrayev,3
Baris Nurgaliyev,1
Hasan Bolat,1
Igor Sahin,2
Aigul Zhunusov,2
Gulnaz Kassym,3
Gulnaz Popov,1
Dinara Sokolov,3
Sultan Kurmanov,1
Polina Dogan,2
Sergey Kaya,2
Selin Demir,1
Tolga Kara,1
Aruzhan Ualiyev,4
Polina Makhmud,1
Ksenia Assanov,4
Alisa Kilic,4
Tatiana Cetin,3
Zhansaya Arslan,2
Ersultan Yilmaz,4
Zhanna Volkov,2
Vadim Demir,4
Marat Sokolov,4
Sultan Kudaibergen,5
Marat Kassym,3
Ilyas Tashkenov,3
Islam Esenov,4
Kirill Dauletov,4
Elif Konysbay,5
Alibek Kilic,1
Nurlan Jumabek,1
Elena Sadykov,4
Dana Kudaibergen,4
Symbat Daulet,5
Igor Konysbay,3
Nazym Sokolov,1
Sergey Amangeldy,3
Arman Sokolov,1
Aigerim Abenov,3
Akbota Akhmetov,2
Zhanna Ozturk,1
Nazym Karimov,2
Ekaterina Sadykov,4
Tolga Konysbay,3
Ekaterina Cetin,1
Nazerke Kilic,2
Alisa Koc,3
Nazerke Smirnov,3
Talgat Morozov,3
Ekaterina Yilmaz,3
Islam Bolat,3
Selin Tashkenov,1
Vlad Akhmetov,4
Pavel Yilmaz,2
Hasan Smirnov,4
Saltanat Smirnov,5
Selin Petrov,1
Vadim Bolat,2
Ersultan Esenov,5
Amir Baitursyn,3
Kairat Alpysbay,3
Elnur Suleimenov,1
Andrey Serikbay,4
Sergey Zhumabek,3
Aizhan Abdirov,1
Yerlan Koc,5
Akbota Aslan,3
Islam Zhunusov,5
Roman Morozov,2
Sofia Tleubek,2
Pavel Sadykov,3
Roman Serikbay,3
Kuanysh Bolat,3
Akbota Shakenov,4
Daria Assanov,1
Dmitry Baiseitov,2
Damir Sahin,4
Elena Baiseitov,4
Olga Mukanov,1
Zhanel Sadykov,4
Dinara Mikhailov,2
Azamat Dogan,1
Tatiana Novikov,4
Asel Dauletov,3
Rauan Lebedev,1
Kuanysh Amangeldy,3
Akbota Konysbay,1
Ilyas Yerzhanov,4
Nazym Karimov,5
Marat Celik,2
Kerem Yerzhanov,1
Emre Petrov,2
Dana Bolat,1
Vadim Amangeldy,1
Aigul Yerzhanov,4
Zhandos Musin,2
Zhanel Mikhailov,2
Aigerim Aslan,2
Rauan Shakenov,1
Islam Serikbay,4
Ekaterina Bekov,2
Maria Zhumabek,5
Oleg Ualiyev,1
Nur Kuznetsov,4
Karina Kurmanov,3
Tolga Yerzhanov,1
Tatiana Nurgaliyev,3
Ilyas Kassym,4
Temirlan Jumabek,4
Symbat Ibrayev,2
Rasul Amangeldy,3
Azamat Jumabek,1
Yerbol Novikov,2
Ruslan Mikhailov,2
Layla Makhmud,4
Talgat Yerzhanov,5
Kirill Ivanov,3
Gaukhar Mukanov,1
Tatiana Aslan,5
Laura Kudaibergen,1
Islam Kaliyev,4
Derya Kuznetsov,5
Maria Kurmanov,2
Askar Sadykov,3
Ece Ermek,1
Karina Suleimenov,3
Alisa Lebedev,1
Amir Yerzhanov,2
Ersultan Suleimenov,3
Sultan Orazov,2
Vlad Mukanov,2
Zarina Suleimenov,1
Zhuldyz Mukanov,3
Tatiana Mukanov,1
Dinara Sahin,5
Olga Mikhailov,4
Sergey Kudaibergen,3
Hasan Yilmaz,5
Karina Alpysbay,4
Kamila Kaya,3
Nikita Petrov,2
Olzhas Esenov,3
Olzhas Tashkenov,2
Zhuldyz Iskakov,3
Akbota Shakenov,2
Dias Zhunusov,2
Anton Kuznetsov,3
Ruslan Amangeldy,1
Kirill Mukanov,5
Bauyrzhan Bolat,1
Laura Rakhimov,2
Tolga Baitursyn,4
Bekzat Mikhailov,1
Zarina Volkov,1
Sanzhar Akhmetov,1
Irina Koc,3
Bekzat Cetin,2
Nazym Daulet,3
Yernar Abdirov,1
Gaukhar Cetin,1
Marat Gabdullin,2
Serik Dauletov,1
Ersultan Celik,1
Madina Demir,1
Oleg Bekov,2
Aliya Ozturk,2
Ilyas Ualiyev,4
Irina Konysbay,2
Aknur Abenov,1
Baris Mikhailov,1
Daniyar Konysbay,4
Bekzat Alpysbay,4
Zhanna Lebedev,3
Timur Ibrayev,4
Irina Smirnov,5
Zeynep Yerzhanov,2
Islam Turgenev,5
Symbat Musin,2
Arman Dogan,4
Anna Turgenev,3
Sultan Rakhimov,2
Anel Ermek,2
Kamila Amangeldy,4
Nazerke Karimov,3
Talgat Bekov,3
Elif Bolat,1
Anton Demir,1
Polina Fedorov,4
Yulia Kara,1
Talgat Karimov,5
Bauyrzhan Demir,5
Hasan Bekov,2
Polina Koc,5
Ilyas Jumabek,3
Ekaterina Akhmetov,3
Baris Zhaksylyk,1
Denis Kilic,3
Ainur Zhumabek,1
Azamat Tleubek,3
Symbat Popov,1
Alisa Abdirov,3
Artem Gabdullin,3
Marat Suleimenov,2
Islam Esenov,5
Aisha Konysbay,3
Nurlan Demir,1
Kirill Yerzhanov,1
Ruslan Konysbay,1
Ainur Rakhimov,4
Ilyas Kilic,3
Ainur Sokolov,3
Daria Zhunusov,3
Igor Kurmanov,1
Aliya Gabdullin,3
Rauan Petrov,3
Oleg Dauletov,1
Gaukhar Aslan,4
Bekzat Turgenev,2
Alina Sadykov,3
Aisha Esenov,2
Serik Musin,2
Nurlybek Jumabek,4
Nazym Yerzhanov,3
Alisa Sadykov,1
Dmitry Zhaksylyk,2
Andrey Akhmetov,1
Vlad Kurt,1
Vadim Yilmaz,1
Kirill Shakenov,4
Laura Sahin,4
Daniyar Kaliyev,2
Rauan Zhumabek,2
Gulnaz Sagyndyk,2
Igor Yilmaz,2
Olga Fedorov,4
Elif Abenov,3
Bekzat Sadykov,2
Ilyas Ualiyev,1
Zhuldyz Ibrayev,1
Roman Morozov,5
Gulnaz Ermek,1
Polina Smirnov,2
Aigerim Bolat,1
Aknur Shakenov,5
Kuanysh Bolat,2
Sanzhar Ibrayev,4
Sultan Bolat,4
Yerbol Volkov,2
Rasul Baiseitov,2
Nurlybek Popov,4
Nurlybek Kurmanov,1
Yerbol Ualiyev,3
Elnur Kurt,3
Oleg Musin,2
Olzhas Sadykov,4
Kuanysh Arslan,3
Nazym Zhaksylyk,3
Madina Daulet,1
Yulia Suleimenov,4
Tatiana Sadykov,4
Timur Dauletov,1
Aigul Karimov,4
Marat Jumabek,3
Roman Dauletov,3
Nazym Zhaksylyk,3
Kamila Mikhailov,2
Islam Volkov,2
Yerlan Zhumabek,1
Olzhas Yerzhanov,3
Zeynep Koc,2
Saltanat Tleubek,1
Akbota Baiseitov,3
Timur Ivanov,3
Nur Cetin,2
Hasan Smirnov,1
Rauan Temirov,3
Dias Aliyev,3
Zhuldyz Lebedev,1
Temirlan Yilmaz,3
Arman Akhmetov,2
Sofia Sagyndyk,5
Layla Mukanov,5
Baris Serikbay,3
Ece Ibrayev,3
Ksenia Petrov,1
Arman Makhmud,4
Laura Bekov,5
Arman Zhunusov,4
Elnur Sokolov,3
Ersultan Lebedev,3
Madina Serikbay,1
Miras Amangeldy,3
Nazym Zhunusov,2
Nazym Zhaksylyk,3
Murat Ozturk,5
Ruslan Bolat,4
Dias Gabdullin,2
Olga Kuznetsov,3
Rauan Dogan,2
Meruyert Nurgaliyev,4
Alina Petrov,1
Zhanel Kassym,4
Rasul Zhaksylyk,4
Gulnaz Demir,1
Balzhan Konysbay,1
Rauan Dauletov,1
Temirlan Ualiyev,2
Amir Zhaksylyk,3
Alisa Karimov,1
Artem Sahin,1
Tatiana Ozturk,4
Emre Shakenov,3
Karina Yerzhanov,2
Maxim Kurmanov,4
Vera Petrov,1
Pavel Kassym,1
Nur Kurt,4
Ksenia Arslan,2
Maria Aslan,2
Ainur Kilic,3
Sanzhar Omarov,5
Alina Rakhimov,1
Saltanat Suleimenov,3
Vadim Fedorov,2
Aliya Yilmaz,3
Asel Tleubek,1
Ilyas Ozturk,4
Symbat Yerzhanov,5
Dmitry Mukanov,1
Maxim Ozturk,3
Zhuldyz Morozov,3
Askar Shakenov,3
Saltanat Tleubek,4
Elnur Fedorov,1
Bauyrzhan Volkov,1
Islam Daulet,4
Asel Gabdullin,3
Nazym Popov,2
Aruzhan Suleimenov,1
Aruzhan Turgenev,1
Pavel Aliyev,1
Vlad Bekov,4
Azamat Aliyev,2
Nurzhan Smirnov,1
Rauan Petrov,3
Vadim Serikbay,3
Ilyas Koc,1
Yernar Baitursyn,3
Sanzhar Konysbay,4
Aisha Abenov,3
Nurlybek Sagyndyk,2
Elnur Turgenev,5
Zeynep Turgenev,3
Dias Kaya,5
Zhanna Abenov,3
Azamat Tashkenov,3
Alina Gabdullin,4
Derya Bolat,2
Ece Kuznetsov,4
Tomiris Sagyndyk,2
Yulia Sagyndyk,1
Talgat Mikhailov,3
Saltanat Aslan,2
Vadim Zhunusov,2
Ece Arslan,5
Kirill Sahin,5
Aigerim Gabdullin,1
Sabina Orazov,2
Vadim Jumabek,2
Andrey Suleimenov,2
Ksenia Popov,5
Elena Serikbay,3
Irina Ermek,3
Sofia Suleimenov,2
Talgat Ozturk,2
Miras Amangeldy,4
Zhandos Tleubek,3
Nurzhan Orazov,2
Tomiris Zhumabek,4
Yulia Makhmud,3
Sanzhar Alpysbay,5
Alisa Aslan,3
Meruyert Musin,5
Artem Zhunusov,5
Akbota Demir,2
Nurlan Temirov,1
Zhandos Ozturk,3
Serik Konysbay,2
Anel Kuznetsov,3
Dias Ibrayev,1
Amir Smirnov,3
Arman Konysbay,5
Yerbol Kuznetsov,3
Gaukhar Kuznetsov,3
Derya Koc,1
Elnur Kilic,3
Daniyar Kudaibergen,2
Zhanna Orazov,1
Anel Aliyev,4
Andrey Suleimenov,1
Roman Petrov,1
Sofia Yerzhanov,2
Milana Kaya,1
Laura Ibrayev,4
Sanzhar Rakhimov,5
Damir Novikov,2
Baris Kassym,5
Arman Celik,1
Dias Yerzhanov,4
Zhanna Temirov,1
Zhanel Baiseitov,1
Anel Jumabek,1
Irina Bekov,3
Ainur Sagyndyk,1
Andrey Sadykov,5
Bekzat Tashkenov,1
Balzhan Bolat,2
Zarina Sokolov,5
Tolga Temirov,3
Roman Novikov,3
Nikita Esenov,3
Anton Sadykov,1
Aruzhan Kuznetsov,3
Zhanna Omarov,4
Arman Bolat,1
Nikita Makhmud,2
Akbota Kassym,3
Selin Zhunusov,1
Kairat Yerzhanov,5
Ruslan Sahin,4
Temirlan Ozturk,5
Vlad Nurgaliyev,1
Zhandos Kurmanov,3
Anna Serikbay,3
Aizhan Bekov,3
Sofia Shakenov,3
Omar Kurmanov,5
Dinara Smirnov,4
Sultan Sadykov,3
Sergey Bolat,1
Nazym Lebedev,3
Nur Karimov,1
Sofia Morozov,2
Elif Sahin,2
Emre Volkov,4
Zhanna Fedorov,1
Kerem Assanov,4
Askar Kurt,4
Derya Gabdullin,1
Aknur Esenov,3
Vlad Zhunusov,5
Gulnaz Gabdullin,1
Marat Zhunusov,3
Serik Zhumabek,2
Alibek Morozov,1
Laura Yilmaz,1
Ilyas Novikov,1
Temirlan Mikhailov,1
Daniyar Shakenov,1
Askar Sagyndyk,3
Ece Sokolov,4
Aruzhan Morozov,1
Aigerim Jumabek,5
Ersultan Omarov,2
Daria Zhunusov,5
Maria Celik,3
Balzhan Shakenov,1
Islam Petrov,3
Temirlan Yilmaz,4
Yerlan Suleimenov,3
Aliya Kilic,3
Selin Mikhailov,3
Emre Sadykov,2
Andrey Suleimenov,1
Nurzhan Demir,4
Nikita Rakhimov,4
Denis Jumabek,3
Amir Alpysbay,3
Aizhan Shakenov,3
Alisa Orazov,3
Karina Dogan,2
Baris Kilic,5
Islam Nurgaliyev,1
Symbat Turgenev,1
Dinara Sagyndyk,5
Vera Kuznetsov,1
Meruyert Cetin,3
Baris Aliyev,2
Meruyert Sagyndyk,1
Saltanat Zhumabek,2
Laura Petrov,3
Omar Cetin,3
Symbat Kara,1
Nikita Zhaksylyk,5
Ece Baiseitov,2
Anna Gabdullin,4
Nazerke Ivanov,1
Rasul Ivanov,3
Anna Dogan,2
Aisha Assanov,1
Baris Kudaibergen,2
Adil Daulet,1
Irina Mikhailov,3
Vlad Zhaksylyk,3
Arman Tashkenov,1
Akbota Esenov,5
Dana Mikhailov,3
Olzhas Konysbay,1
Balzhan Kara,1
Akbota Zhaksylyk,1
Sofia Jumabek,1
Ilyas Assanov,4
Polina Aslan,2
Meruyert Smirnov,1
Kamila Jumabek,1
Nurlybek Fedorov,1
Alibek Abdirov,3
Roman Alpysbay,4
Aruzhan Kurmanov,3
Tatiana Akhmetov,4
Laura Ivanov,1
Elnur Petrov,4
Aigerim Akhmetov,5
Layla Temirov,4
Akbota Yerzhanov,4
Ece Kara,4
Ece Ibrayev,4
Zhuldyz Ualiyev,5
Maria Kaliyev,1
Timur Popov,5
Azamat Kara,4
Rasul Zhumabek,3
Vadim Kilic,1
Kuanysh Esenov,3
Omar Baitursyn,4
Gaukhar Ivanov,3
Ekaterina Kilic,3
Zeynep Kuznetsov,4
Alina Daulet,2
Nikita Petrov,1
Selin Sadykov,2
Bauyrzhan Suleimenov,2
Olga Kurt,1
Aknur Kudaibergen,3
Tomiris Tashkenov,1
Zhanar Zhumabek,2
Nurlybek Dogan,2
Anna Kaya,4
Saltanat Aslan,2
Timur Baitursyn,1
Rauan Ermek,1
Sultan Sagyndyk,3
Yerlan Sahin,2
Dmitry Omarov,2
Kerem Suleimenov,4
Dana Ibrayev,3
Dana Amangeldy,2
Amir Rakhimov,2
Vera Arslan,4
Aliya Assanov,5
Tolga Rakhimov,3
Kamila Assanov,1
Zhandos Celik,1
Ainur Sokolov,3
Olga Celik,1
Madina Abdirov,2
Anton Bekov,4
Dinara Demir,2
Alibek Volkov,4
Sultan Lebedev,3
Andrey Arslan,1
Baris Aliyev,5
Kerem Fedorov,2
Talgat Orazov,4
Ruslan Omarov,4
Dana Temirov,3
Ersultan Sagyndyk,3
Meruyert Omarov,2
Gaukhar Kaya,2
Asel Smirnov,4
Rauan Ozturk,4
Yernar Zhumabek,3
Zeynep Omarov,1
Olga Makhmud,1
Adil Mikhailov,5
Anel Amangeldy,3
Balzhan Abdirov,1
Elnur Abenov,4
Gaukhar Lebedev,3
Nazym Shakenov,5
Sergey Assanov,4
Miras Mukanov,3
Kuanysh Esenov,5
Polina Kaliyev,2
Oleg Aslan,3
Zhanel Dauletov,1
Talgat Cetin,3
Ersultan Petrov,3
Nur Mukanov,4
Ekaterina Smirnov,1
Aigul Turgenev,2
Igor Zhunusov,4
Dinara Ualiyev,4
Nazym Nurgaliyev,2
Oleg Yerzhanov,1
Vlad Gabdullin,4
Tolga Makhmud,3
Nazerke Popov,1
Vlad Arslan,4
Serik Turgenev,1
Rauan Cetin,1
Ece Abenov,3
Rauan Sagyndyk,2
Serik Daulet,1
Adil Volkov,1
Yernar Kassym,1
Nurlan Iskakov,4
Serik Gabdullin,1
Nazerke Dauletov,3
Layla Koc,3
Milana Sokolov,1
Bekzat Esenov,4
Saltanat Koc,1
Derya Kuznetsov,2
Yernar Temirov,3
Aknur Iskakov,4
Aigul Zhaksylyk,3
Arman Aliyev,1
Milana Zhunusov,2
Alibek Shakenov,1
Denis Sagyndyk,2
Nazym Kaya,3
Layla Sadykov,4
Balzhan Kilic,3
Derya Jumabek,1
Aknur Abdirov,2
Vadim Lebedev,2
Zarina Mukanov,1
Aigerim Baiseitov,3
Aizhan Zhunusov,4
Vadim Daulet,5
Ekaterina Rakhimov,2
Tolga Daulet,1
Talgat Cetin,1
Irina Omarov,4
Zhanel Koc,5
Derya Mukanov,4
Amir Iskakov,3
Tomiris Dogan,5
Emre Baiseitov,5
Arman Abdirov,2
Ruslan Cetin,5
Elif Serikbay,1
Elif Kurmanov,1
Madina Suleimenov,1
Maria Sadykov,4
Murat Yilmaz,2
Akbota Sahin,2
Gulnaz Suleimenov,1
Anna Kaliyev,1
Olzhas Daulet,4
Bekzat Yilmaz,4
Kuanysh Turgenev,2
Ruslan Petrov,2
Irina Ibrayev,4
Kamila Demir,3
Dana Yilmaz,4
Zhandos Musin,4
Yernar Morozov,3
Akbota Shakenov,2
Bekzat Zhumabek,3
Baris Ozturk,1
Olga Popov,2
Milana Makhmud,5
Kuanysh Kaya,2
Miras Tleubek,5
Ruslan Iskakov,3
Laura Arslan,4
Balzhan Popov,4
Ksenia Aliyev,3
Kairat Dauletov,2
Aizhan Bekov,3
Sofia Kilic,3
Kuanysh Ermek,2
Nazerke Abdirov,2
Derya Ermek,2
Igor Konysbay,1
Bauyrzhan Koc,4
Dana Aliyev,3
Bekzat Sahin,2
Alibek Kurmanov,4
Hasan Kurmanov,2
Amir Kurt,2
Rauan Mikhailov,3
Layla Kuznetsov,4
Temirlan Ualiyev,3
Dias Zhunusov,1
Rauan Fedorov,1
Anna Baiseitov,1
Zhanar Lebedev,4
Layla Demir,3
Madina Yerzhanov,1
Nur Kassym,1
Ekaterina Karimov,2
Maxim Kilic,3
Nurzhan Sokolov,1
Vadim Nurgaliyev,2
Nikita Celik,1
Nazerke Ibrayev,4
Vera Ermek,2
Nurlan Karimov,3
Denis Demir,3
Aliya Iskakov,1
Islam Kuznetsov,3
Derya Kara,5
Sabina Zhaksylyk,1
Ilyas Kuznetsov,2
Bauyrzhan Kassym,2
Ersultan Mukanov,4
Temirlan Zhunusov,3
Aliya Tleubek,1
Anton Aliyev,3
Laura Kilic,3
Andrey Musin,3
Aizhan Kuznetsov,2
Azamat Kara,1
Azamat Sagyndyk,3
Alisa Sagyndyk,5
Vera Jumabek,1
Roman Celik,3
Igor Kassym,3
Zhanna Koc,1
Zhanar Cetin,2
Bekzat Arslan,2
Nazerke Kassym,2
Aigul Rakhimov,3
Arman Ibrayev,1
Amir Assanov,3
Aigul Ualiyev,2
Zhanel Aslan,1
Anton Demir,4
Aigul Koc,4
Roman Esenov,3
Elnur Gabdullin,3
Roman Kilic,3
Ruslan Kaliyev,3
Ekaterina Shakenov,4
Alisa Dogan,2
Ainur Omarov,2
Sanzhar Turgenev,2
Aliya Kudaibergen,3
Polina Orazov,3
Igor Zhunusov,3
Pavel Kaya,2
Talgat Celik,2
Damir Serikbay,1
Maria Serikbay,3
Aisha Kurmanov,2
Tatiana Cetin,2
Tolga Makhmud,3
Sofia Abenov,3
Zhansaya Makhmud,4
Aizhan Daulet,3
Yernar Yerzhanov,2
Rasul Lebedev,3
Akbota Yerzhanov,2
Alibek Orazov,3
Alibek Arslan,1
Tolga Yerzhanov,1
Kerem Sokolov,1
Olzhas Yerzhanov,3
Nikita Aliyev,1
Adil Esenov,3
Temirlan Kaliyev,4
Kuanysh Ivanov,1
Olzhas Ivanov,3
Ruslan Celik,4
Nur Akhmetov,3
Aruzhan Makhmud,4
Igor Kaya,2
Aigerim Novikov,5
Sofia Arslan,4
Baris Shakenov,1
Aruzhan Jumabek,2
Symbat Bolat,4
Aruzhan Suleimenov,3
Marat Fedorov,3
Serik Dauletov,1
Yerbol Assanov,2
Nurlan Suleimenov,3
Miras Orazov,3
Ersultan Sahin,2
Zhanel Morozov,3
Zhandos Lebedev,1
Ainur Jumabek,1
Vera Omarov,3
Zhanel Popov,1
Ksenia Jumabek,1
Vadim Aliyev,1
Dana Bolat,1
Nazerke Assanov,4
Dinara Kurmanov,3
Ece Ivanov,3
Layla Serikbay,2
Sanzhar Alpysbay,3
Anel Akhmetov,4
Sultan Turgenev,3
Dmitry Mukanov,4
Dana Kara,2
Kamila Kudaibergen,2
Aigul Turgenev,3
Tolga Akhmetov,3
Roman Dogan,1
Yernar Petrov,3
Ece Lebedev,2
Sabina Lebedev,2
Murat Dogan,1
Karina Celik,4
Irina Nurgaliyev,1
Symbat Celik,5
Amir Shakenov,3
Amir Esenov,1
Selin Ualiyev,3
Nazerke Arslan,1
Sabina Celik,5
Andrey Arslan,5
Milana Ermek,1
Ksenia Fedorov,5
Ksenia Zhaksylyk,3
Dinara Kuznetsov,3
Bauyrzhan Ualiyev,2
Rauan Sahin,2
Akbota Aliyev,3
Oleg Iskakov,3
Aizhan Amangeldy,2
Alibek Jumabek,3
Karina Amangeldy,4
Zeynep Abenov,3
Vera Zhaksylyk,5
Kerem Ivanov,4
Symbat Koc,1
Zhuldyz Temirov,1
Nurlybek Ualiyev,3
Tolga Ermek,5
Timur Iskakov,2
Zeynep Akhmetov,4
Islam Morozov,3
Bekzat Gabdullin,3
Madina Abdirov,2
Akbota Tashkenov,4
Adil Daulet,1
Aizhan Kaliyev,2
Bauyrzhan Kara,5
Kamila Makhmud,3
Emre Abenov,2
Omar Zhaksylyk,1
Zhuldyz Baiseitov,1
Vadim Jumabek,3
Andrey Amangeldy,3
Islam Baitursyn,1
Symbat Kurt,2
Vera Dogan,1
Talgat Morozov,3
Nazerke Ibrayev,3
Sanzhar Tashkenov,2
Vadim Ibrayev,3
Alisa Kara,5
Ilyas Tashkenov,3
Aigerim Orazov,1
Islam Temirov,3
Ksenia Bolat,3
Maria Iskakov,5
Zhanel Cetin,1
Zhanna Dauletov,2
Olga Dogan,3
Zhanar Suleimenov,1
Aknur Ivanov,1
Nurlybek Amangeldy,2
Serik Kassym,2
Zhuldyz Zhaksylyk,2
Zhanel Kuznetsov,2
Yulia Temirov,2
Meruyert Lebedev,3
Vadim Abdirov,4
Askar Ualiyev,5
Aigerim Ermek,3
Talgat Abdirov,2
Emre Kuznetsov,3
Adil Sokolov,1
Derya Celik,4
Damir Temirov,4
Anel Aliyev,2
Andrey Ivanov,4
Azamat Ermek,1
Pavel Kurt,3
Olzhas Rakhimov,3
Aknur Temirov,3
Ksenia Sokolov,3
Dinara Dauletov,1
Tatiana Demir,1
Alina Gabdullin,4
Miras Novikov,1
Bauyrzhan Kuznetsov,3
Meruyert Kuznetsov,2
Ece Kassym,3
Nazym Zhunusov,1
Sultan Kilic,3
Hasan Mukanov,5
Daniyar Sadykov,1
Zhansaya Sokolov,3
Sultan Yerzhanov,3
Dias Cetin,1
Anel Lebedev,3
Kuanysh Omarov,2
Balzhan Nurgaliyev,2
Alibek Temirov,2
Alisa Suleimenov,3
Aigul Kurt,4
Sabina Amangeldy,3
Amir Zhunusov,1
Nur Ivanov,5
Layla Kuznetsov,1
Irina Kaya,1
Sultan Zhunusov,2
Kamila Kuznetsov,3
Derya Popov,5
Roman Ozturk,4
Omar Rakhimov,3
Maxim Fedorov,4
Layla Orazov,1
Selin Aliyev,2
Ekaterina Karimov,4
Aknur Konysbay,3
Denis Zhaksylyk,4
Temirlan Esenov,2
Tatiana Smirnov,1
Oleg Temirov,1
Ersultan Ermek,5
Bauyrzhan Ualiyev,5
Sabina Akhmetov,3
Milana Sokolov,2
Olzhas Tashkenov,3
Maria Abdirov,2
Alisa Sagyndyk,4
Rauan Karimov,2
Denis Fedorov,3
Olga Abdirov,1
Adil Rakhimov,5
Maria Jumabek,5
Akbota Makhmud,1
Zhanel Ualiyev,4
Milana Temirov,4
Hasan Alpysbay,3
Yulia Popov,1
Elena Zhaksylyk,1
Dias Kurmanov,3
Damir Fedorov,4
Dmitry Rakhimov,5
Damir Ualiyev,5
Gaukhar Novikov,3
Symbat Sahin,2
Yerbol Kudaibergen,4
Zhanna Aslan,4
Aigerim Sokolov,4
Islam Volkov,3
Tolga Kara,4
Dinara Lebedev,5
Yulia Karimov,3
Ekaterina Novikov,2
Elnur Jumabek,5
Symbat Musin,2
Miras Ivanov,3
Arman Iskakov,2
Tomiris Ibrayev,1
Balzhan Aslan,1
Vadim Baiseitov,1
Emre Alpysbay,3
Artem Dogan,1
Maria Ermek,4
Artem Baiseitov,3
Aigerim Kaya,2
Miras Assanov,2
Amir Rakhimov,4
Oleg Dogan,3
Dinara Sokolov,3
Igor Ibrayev,2
Arman Kuznetsov,4
Denis Morozov,4
Vera Kara,4
Saltanat Kilic,5
Zhanel Gabdullin,2
Yerlan Kudaibergen,3
Andrey Volkov,5
Ainur Kaya,2
Alisa Shakenov,1
Kuanysh Musin,3
Kuanysh Sokolov,3
Nurlybek Mikhailov,3
Askar Shakenov,4
Aigul Dogan,3
Pavel Zhumabek,4
Ece Karimov,1
Aknur Arslan,1
Elnur Kuznetsov,3
Maxim Temirov,1
Kairat Tashkenov,5
Aizhan Kassym,1
Bekzat Smirnov,1
Vadim Popov,1
Derya Kaliyev,3
Kirill Orazov,2
Kirill Aslan,5
Adil Orazov,4
Ersultan Sokolov,1
Roman Demir,2
Ksenia Esenov,4
Tatiana Kaliyev,1
Nurzhan Sagyndyk,3
Bekzat Kurmanov,2
Tolga Cetin,3
Vadim Dogan,3
Emre Zhaksylyk,1
Aknur Sokolov,3
Kerem Sokolov,3
Sofia Baiseitov,2
Sanzhar Temirov,4
Zhanna Assanov,5
Ekaterina Tleubek,3
Ainur Kara,4
Sultan Zhaksylyk,2
Aisha Jumabek,1
Laura Akhmetov,3
Ece Turgenev,1
Timur Zhumabek,2
Aizhan Kudaibergen,2
Pavel Alpysbay,1
Akbota Novikov,2
Irina Lebedev,3
Denis Dauletov,3
Sanzhar Tleubek,4
Yernar Kaya,1
Dana Popov,2
Zhanna Nurgaliyev,2
Ainur Tleubek,3
Milana Kudaibergen,3
Zhanel Baiseitov,5
Nazerke Abdirov,1
Nurlan Nurgaliyev,3
Alisa Makhmud,2
Kuanysh Temirov,2
Daniyar Novikov,3
Olga Kurt,3
Igor Ualiyev,2
Ekaterina Tleubek,1
Ksenia Baiseitov,2
Timur Abdirov,2
Balzhan Cetin,2
Ekaterina Kudaibergen,2
Ilyas Tashkenov,2
Yernar Aliyev,2
Pavel Ibrayev,3
Tatiana Popov,5
Pavel Bolat,4
Nur Petrov,2
Sergey Temirov,1
Alibek Kara,3
Yerbol Akhmetov,5
Tatiana Jumabek,3
Zhanna Ualiyev,4
Elnur Akhmetov,1
Meruyert Shakenov,3
Rauan Dauletov,1
Nazym Akhmetov,5
Tatiana Mukanov,1
Karina Popov,1
Zhandos Karimov,3
Kairat Alpysbay,4
Askar Karimov,1
Aliya Sagyndyk,2
Ekaterina Fedorov,3
Aizhan Popov,2
Kerem Sahin,3
Ruslan Tleubek,3
Sergey Rakhimov,3
Balzhan Sadykov,3
Zarina Smirnov,3
Sanzhar Fedorov,5
Kamila Dogan,3
Olzhas Omarov,2
Zhanar Fedorov,2
Kairat Sahin,1
Nazym Kassym,1
Nazerke Tleubek,1
Miras Iskakov,4
Maxim Fedorov,1
Zhanar Ivanov,3
Roman Kassym,2
Maria Esenov,4
Nikita Kurt,3
Islam Amangeldy,3
Amir Novikov,4
Hasan Demir,2
Sanzhar Kuznetsov,2
Saltanat Kaya,4
Zhuldyz Kilic,2
Asel Jumabek,5
Akbota Esenov,3
Dias Zhaksylyk,3
Tomiris Novikov,2
Anel Serikbay,3
Balzhan Arslan,5
Miras Volkov,3
Sultan Suleimenov,5
Nurzhan Yilmaz,2
Miras Kuznetsov,2
Maxim Temirov,5
Alisa Smirnov,1
Elif Zhaksylyk,1
Aisha Ivanov,4
Zhanel Daulet,3
Miras Dogan,2
Aisha Smirnov,3
Tatiana Dogan,2
Sofia Temirov,1
Nur Konysbay,2
Kerem Amangeldy,1
Saltanat Karimov,4
Kuanysh Amangeldy,2
Irina Celik,2
Rasul Omarov,2
Ekaterina Assanov,4
Tatiana Ermek,4
Layla Sagyndyk,3
Asel Zhumabek,2
Ilyas Makhmud,3
Asel Amangeldy,3
Karina Ozturk,5
Olzhas Ivanov,2
Sultan Abenov,1
Miras Tashkenov,1
Serik Ibrayev,3
Anna Aslan,4
Anton Petrov,4
Polina Ozturk,5
Ekaterina Celik,2
Aigerim Musin,1
Tomiris Konysbay,3
Kamila Koc,1
Roman Mikhailov,1
Nazym Amangeldy,1
Omar Karimov,1
Sergey Kudaibergen,1
Ekaterina Abdirov,3
Sofia Kara,3
Zhansaya Ivanov,1
Ruslan Smirnov,2
Ainur Volkov,5
Nikita Ivanov,1
Bauyrzhan Amangeldy,3
Zarina Petrov,1
Nur Lebedev,4
Aliya Nurgaliyev,1
Zhanar Kaliyev,5
Dinara Celik,5
Vadim Makhmud,2
Elena Aslan,5
Aigul Zhunusov,2
Zhandos Jumabek,1
Nur Shakenov,3
Gaukhar Sokolov,3
Olzhas Sahin,5
Alina Temirov,2
Talgat Aliyev,1
Symbat Mikhailov,1
Saltanat Yerzhanov,3
Ksenia Abdirov,3
Aruzhan Amangeldy,1
Tomiris Kudaibergen,2
Nazym Shakenov,5
Kirill Sahin,4
Zarina Bekov,1
Daniyar Aliyev,2
Milana Ibrayev,2
Elif Zhumabek,2
Maxim Kilic,4
Kuanysh Petrov,2
Aizhan Serikbay,3
Dmitry Petrov,5
Yerlan Ozturk,1
Pavel Akhmetov,1
Rauan Ivanov,5
Zhanna Daulet,2
Dias Abdirov,1
Talgat Omarov,3
Miras Lebedev,2
Yerbol Amangeldy,2
Ruslan Ibrayev,4
Rasul Ozturk,3
Olga Akhmetov,2
Vlad Kassym,2
Omar Celik,5
Ekaterina Aliyev,1
Dana Kassym,1
Temirlan Suleimenov,5
Elena Lebedev,1
Karina Konysbay,1
Selin Gabdullin,2
Gaukhar Omarov,3
Yerbol Aliyev,2
Saltanat Ibrayev,5
Yulia Ualiyev,1
Kirill Amangeldy,2
Askar Zhumabek,1
Alina Kudaibergen,3
Laura Tashkenov,2
Talgat Ivanov,4
Kuanysh Abenov,1
Timur Tashkenov,2
Denis Demir,2
Bauyrzhan Koc,3
Ersultan Celik,3
Vadim Aslan,4
Baris Aliyev,1
Alina Omarov,2
Yernar Kurmanov,2
Artem Zhumabek,3
Laura Kilic,5
Yernar Mukanov,2
Asel Kassym,1
Miras Novikov,3
Ece Novikov,1
Daria Bekov,2
Dinara Musin,2
Ksenia Sagyndyk,1
Adil Baiseitov,2
Marat Kurt,5
Denis Iskakov,3
Igor Baiseitov,1
Maria Zhunusov,2
Ruslan Gabdullin,4
Alina Dogan,1
Gulnaz Sahin,1
Ekaterina Akhmetov,3
Aliya Amangeldy,1
Ruslan Bekov,2
Olga Arslan,3
Daria Daulet,2
Selin Zhumabek,1
Kuanysh Turgenev,1
Yerbol Kaliyev,4
Layla Novikov,2
Askar Akhmetov,3
Hasan Volkov,2
Azamat Kaya,1
Kirill Musin,2
Bauyrzhan Kaliyev,2
Ksenia Mukanov,1
Milana Sagyndyk,2
Daniyar Konysbay,1
Kirill Bekov,3
Sergey Amangeldy,1
Layla Amangeldy,5
Zhandos Kaliyev,1
Sanzhar Cetin,3
Elnur Akhmetov,4
Islam Baitursyn,3
Amir Sahin,4
Pavel Aslan,1
Tatiana Orazov,3
Gulnaz Volkov,2
Ersultan Cetin,1
Ruslan Amangeldy,1
Sabina Zhunusov,3
Polina Jumabek,2
Balzhan Aliyev,5
Amir Koc,2
Selin Dauletov,1
Vlad Serikbay,2
Aigul Iskakov,2
Islam Petrov,2
Alisa Nurgaliyev,3
Elena Mukanov,3
Adil Daulet,1
Olga Amangeldy,1
Polina Sokolov,1
Kairat Smirnov,2
Nurlybek Arslan,1
Kairat Esenov,1
Kuanysh Abdirov,1
Omar Serikbay,2
Adil Kara,2
Kairat Temirov,1
Daniyar Alpysbay,1
Zeynep Ualiyev,3
Ruslan Zhaksylyk,3
Madina Suleimenov,3
Anel Sokolov,1
Asel Akhmetov,1
Nurlybek Kurmanov,2
Vlad Lebedev,3
Hasan Zhumabek,1
Laura Abenov,1
Ersultan Cetin,3
Nurzhan Karimov,1
Anel Sahin,1
Azamat Kurt,3
Vadim Rakhimov,3
Ksenia Karimov,3
Murat Karimov,2
Tolga Kassym,4
Alina Kassym,2
Baris Demir,1
Layla Shakenov,3
Ersultan Kaya,3
Polina Sokolov,3
Kuanysh Makhmud,2
Daniyar Celik,3
Zeynep Alpysbay,5
Islam Smirnov,2
Rasul Akhmetov,3
Olga Sadykov,2
Kairat Orazov,2
Kuanysh Dogan,3
Milana Kara,5
Sultan Omarov,4
Tolga Orazov,2
Aizhan Zhumabek,2
Temirlan Cetin,1
Miras Assanov,2
Daniyar Kurmanov,2
Vadim Kaliyev,3
Nurzhan Temirov,1
Marat Ivanov,4
Balzhan Petrov,4
Zhanar Zhumabek,4
Talgat Morozov,2
Roman Mukanov,3
Amir Ualiyev,3
Marat Mukanov,2
Zhanar Aliyev,2
Vlad Gabdullin,2
Nurlan Bekov,3
Roman Lebedev,3
Layla Iskakov,5
Dana Ermek,3
Marat Zhaksylyk,3
Murat Zhunusov,2
Kerem Alpysbay,1
Anton Abenov,1
Laura Sagyndyk,4
Yerbol Kilic,1
Daniyar Baitursyn,4
Alibek Sadykov,2
Kirill Ualiyev,1
Nazerke Omarov,4
Kairat Kilic,3
Daria Arslan,1
Zhansaya Dogan,4
Adil Koc,3
Dmitry Amangeldy,4
Baris Volkov,3
Bekzat Iskakov,2
Gulnaz Yerzhanov,3
Zarina Volkov,3
Vlad Fedorov,1
Zhuldyz Petrov,2
Ekaterina Iskakov,2
Kirill Shakenov,2
Vadim Abdirov,5
Ilyas Arslan,3
Islam Abenov,2
Tatiana Akhmetov,4
Sergey Cetin,2
Zhansaya Sokolov,3
Yerlan Popov,3
Tolga Kudaibergen,3
Zhandos Akhmetov,4
Baris Makhmud,1
Amir Zhaksylyk,1
Kirill Yerzhanov,3
Olga Koc,2
Zeynep Kaya,2
Tatiana Ozturk,1
Yerlan Bekov,1
Igor Tleubek,2
Daniyar Kaliyev,1
Maria Cetin,2
Serik Musin,2
Nurzhan Morozov,3
Anel Lebedev,2
Irina Mukanov,2
Nurlybek Morozov,1
Tatiana Sadykov,3
Kuanysh Musin,3
Zarina Dogan,2
Elena Popov,4
Arman Iskakov,1
Ekaterina Ualiyev,4
Igor Esenov,4
Zhandos Suleimenov,4
Ekaterina Celik,1
Zhansaya Demir,1
Elnur Zhumabek,1
Sanzhar Baiseitov,3
Oleg Baiseitov,5
Aliya Kaya,1
Ainur Zhunusov,1
Roman Omarov,1
Zeynep Mikhailov,2
Anna Suleimenov,4
Maxim Assanov,4
Dana Lebedev,3
Karina Lebedev,3
Nur Dauletov,2
Vlad Bekov,5
Nurlybek Mikhailov,3
Kirill Mikhailov,2
Saltanat Tleubek,5
Akbota Jumabek,2
Emre Bekov,2
Vadim Kassym,1
Elif Aliyev,1
Aruzhan Cetin,5
Nurlan Ibrayev,3
Hasan Omarov,3
Madina Kurmanov,2
Ersultan Rakhimov,5
Murat Mukanov,3
Layla Aliyev,4
Alisa Ivanov,1
Kuanysh Abenov,4
Derya Kuznetsov,2
Dinara Popov,2
Nur Kassym,3
Kerem Serikbay,1
Daria Koc,5
Rauan Bekov,2
Ainur Gabdullin,3
Omar Kassym,3
Anton Nurgaliyev,5
Alina Morozov,2
Serik Arslan,3
Aknur Kurmanov,2
Vlad Serikbay,3
Miras Shakenov,2
Aigul Baiseitov,3
Karina Popov,3
Maria Ozturk,1
Symbat Abenov,3
Miras Zhunusov,4
Aizhan Kurt,3
Polina Demir,1
Omar Ozturk,4
Alibek Ualiyev,3
Baris Dogan,2
Selin Baiseitov,3
Rauan Kassym,4
Zhandos Esenov,4
Olzhas Ermek,4
Vera Jumabek,3
Elena Novikov,1
Aigerim Musin,5
Olga Morozov,4
Emre Dogan,1
Pavel Zhumabek,3
Alibek Lebedev,2
Timur Kara,3
Kamila Sadykov,4
Vadim Orazov,4
Milana Lebedev,1
Zhanel Gabdullin,3
Daria Morozov,4
Anton Daulet,3
Damir Abdirov,5
Sanzhar Shakenov,1
Madina Omarov,1
Ekaterina Sagyndyk,3
Bauyrzhan Sadykov,2
Sofia Akhmetov,1
Vera Bekov,3
Pavel Smirnov,1
Saltanat Amangeldy,5
Selin Ozturk,3
Laura Amangeldy,3
Alisa Kaliyev,3
Rauan Sagyndyk,3
Ilyas Mikhailov,1
Irina Ozturk,2
Dmitry Yerzhanov,2
Pavel Orazov,1
Aizhan Novikov,3
Azamat Tleubek,3
Nikita Karimov,2
Sultan Daulet,1
Gaukhar Novikov,2
Vadim Ermek,3
Alisa Amangeldy,1
Anton Arslan,1
Gulnaz Tleubek,1
Maxim Baiseitov,5
Zhuldyz Mikhailov,3
Nurzhan Zhunusov,3
Maxim Kaya,2
Nurlybek Lebedev,3
Elif Lebedev,3
Gaukhar Iskakov,3
Alina Makhmud,4
Sultan Mukanov,4
Adil Temirov,3
Elnur Tleubek,3
Aigul Musin,3
Vlad Abdirov,3
Dias Baitursyn,3
Aknur Temirov,3
Aknur Abdirov,1
Ruslan Volkov,2
Daria Jumabek,4
Aizhan Dogan,1
Roman Karimov,2
Ksenia Omarov,1
Marat Kara,3
Elif Assanov,1
Andrey Mukanov,1
Bekzat Koc,2
Maxim Abenov,3
Ksenia Kilic,4
Denis Kurmanov,3
Zhanar Sokolov,5
Tolga Yilmaz,3
Sabina Cetin,2
Aruzhan Aliyev,1
Rasul Serikbay,5
Bauyrzhan Ibrayev,1
Nurzhan Zhaksylyk,2
Bauyrzhan Jumabek,3
Miras Novikov,3
Tomiris Gabdullin,3
Dana Tashkenov,1
Roman Abenov,2
Yernar Dogan,2
Kamila Bolat,3
Laura Serikbay,3
Dinara Jumabek,2
Zhandos Dogan,4
Omar Bolat,1
Hasan Orazov,2
Ersultan Fedorov,5
Dias Dauletov,4
Alina Gabdullin,2
Rauan Abenov,3
Selin Esenov,1
Zhuldyz Ermek,3
Bekzat Kaya,3
Ilyas Celik,1
Tolga Mikhailov,1
Sofia Smirnov,4
Dmitry Kudaibergen,5
Temirlan Koc,1
Rauan Baitursyn,1
Temirlan Demir,1
Dana Karimov,4
Irina Lebedev,1
Karina Esenov,3
Meruyert Rakhimov,5
Talgat Ermek,4
Maria Yilmaz,4
Sofia Petrov,1
Alisa Omarov,3
Murat Ivanov,1
Amir Omarov,4
Anna Popov,1
Dinara Zhunusov,4
Polina Makhmud,1
Olga Novikov,2
Milana Assanov,1
Elif Shakenov,5
Gulnaz Kilic,2
Elena Konysbay,4
Maxim Rakhimov,2
Islam Koc,4
Anel Rakhimov,2
Dana Ivanov,2
Dana Ermek,2
Olga Kurt,3
Daria Serikbay,3
Yerlan Bolat,4
Askar Kaya,3
Karina Volkov,2
Igor Tleubek,1
Zarina Celik,2
Nurlybek Sahin,2
Nur Lebedev,3
Ilyas Celik,3
Anton Baiseitov,1
Irina Abdirov,5
Bauyrzhan Kaya,1
Alibek Kuznetsov,4
Akbota Kara,2
Marat Nurgaliyev,4
Yerbol Esenov,5
Zhanar Nurgaliyev,3
Serik Shakenov,2
Tolga Cetin,5
Hasan Baiseitov,3
Elif Lebedev,1
Aizhan Smirnov,1
Alibek Demir,2
Nazerke Dogan,1
Ruslan Gabdullin,5
Sanzhar Gabdullin,1
Vadim Demir,4
Oleg Sahin,2
Nur Zhaksylyk,5
Kairat Suleimenov,3
Anton Turgenev,5
Nurlybek Esenov,2
Laura Aslan,3
Meruyert Orazov,4
Aisha Mikhailov,3
Miras Volkov,3
Sanzhar Demir,1
Zarina Smirnov,4
Dinara Kaya,1
Akbota Abdirov,1
Vera Smirnov,3
Olga Rakhimov,1
Nurzhan Zhaksylyk,1
Amir Kurmanov,2
Aigerim Zhaksylyk,4
Denis Kaya,4
Milana Ualiyev,5
Serik Kurmanov,3
Denis Arslan,2
Adil Akhmetov,1
Aizhan Aslan,2
Nurzhan Esenov,4
Dias Sokolov,3
Dmitry Lebedev,2
Serik Gabdullin,2
Hasan Ualiyev,3
Vlad Zhumabek,2
Zeynep Turgenev,4
Tolga Demir,1
Baris Daulet,2
Anton Shakenov,5
Saltanat Tashkenov,2
Madina Kurmanov,5
Sofia Ivanov,1
Murat Petrov,2
Maxim Zhumabek,3
Zeynep Popov,2
Asel Morozov,2
Zhansaya Yilmaz,3
Zhansaya Makhmud,1
Nazym Smirnov,3
Marat Smirnov,1
Karina Ozturk,1
Zhanna Yilmaz,4
Ersultan Tleubek,1
Damir Amangeldy,2
Anel Amangeldy,1
Nurlybek Serikbay,3
Elif Kilic,2
Asel Demir,5
Sultan Morozov,4
Nazerke Akhmetov,3
Nurzhan Mukanov,3
Ekaterina Sadykov,2
Ekaterina Kuznetsov,3
Olzhas Popov,3
Ksenia Sadykov,3
Maria Rakhimov,1
Maxim Celik,1
Alibek Lebedev,4
Akbota Ualiyev,4
Sultan Aliyev,2
Maxim Iskakov,1
Elif Konysbay,5
Elif Zhaksylyk,1
Denis Zhumabek,2
Ainur Akhmetov,1
Yerbol Kilic,2
Kamila Ivanov,1
Ruslan Sadykov,3
Dana Popov,2
Saltanat Ivanov,3
Elnur Yilmaz,3
Ainur Abenov,1
Tomiris Kudaibergen,4
Alisa Tleubek,4
Vera Abdirov,2
Dinara Rakhimov,5
Igor Shakenov,4
Aruzhan Orazov,1
Bauyrzhan Amangeldy,3
Serik Petrov,2
Vadim Abenov,1
Damir Arslan,1
Dmitry Zhunusov,4
Amir Daulet,3
Alibek Jumabek,2
Pavel Ozturk,1
Aigul Zhumabek,2
Dinara Sagyndyk,1
Kuanysh Fedorov,1
Aliya Mikhailov,3
Tatiana Aliyev,1
Elif Nurgaliyev,3
Balzhan Aliyev,2
Anton Jumabek,3
Aigerim Akhmetov,3
Zhanel Jumabek,3
Ruslan Jumabek,3
Zhanar Baiseitov,1
Balzhan Temirov,5
Elnur Mikhailov,1
Ece Sagyndyk,4
Yulia Alpysbay,2
Zarina Smirnov,3
Emre Petrov,2
Alisa Serikbay,1
Madina Sagyndyk,3
Layla Yerzhanov,2
Bekzat Iskakov,3
Aigul Popov,3
Dias Iskakov,1
Andrey Ivanov,2
Yerbol Musin,4
Damir Dogan,3
Islam Gabdullin,1
Kairat Kaliyev,3
Damir Aslan,3
Meruyert Daulet,2
Vadim Volkov,2
Zhanar Mukanov,1
Ilyas Tashkenov,4
Sultan Akhmetov,4
Elena Aliyev,3
Rauan Bekov,3
Alina Zhaksylyk,3
Layla Sahin,3
Kerem Novikov,2
Sergey Iskakov,1
Polina Kurmanov,1
Kairat Kuznetsov,1
Vlad Zhunusov,2
Marat Rakhimov,3
Aigerim Ozturk,3
Kerem Tleubek,4
Symbat Daulet,3
Kamila Nurgaliyev,2
Nurlan Kudaibergen,3
Milana Ermek,3
Zhanar Kaliyev,2
Vlad Kilic,2
Karina Jumabek,2
Maria Ozturk,5
Rauan Alpysbay,4
Nazym Baitursyn,2
Pavel Ibrayev,4
Yulia Kurt,1
Elena Kaya,5
Sultan Tleubek,1
Nurzhan Serikbay,3
Layla Karimov,1
Zhansaya Zhaksylyk,1
Timur Ermek,1
Daniyar Kilic,4
Maxim Daulet,3
Alibek Cetin,2
Gulnaz Volkov,3
Hasan Konysbay,2
Zhanel Koc,4
Vadim Dogan,5
Symbat Sokolov,3
Maxim Yilmaz,5
Ruslan Sokolov,1
Igor Gabdullin,2
Nurlybek Yilmaz,3
Damir Temirov,1
Symbat Tleubek,2
Olga Yerzhanov,5
Tatiana Konysbay,4
Ksenia Sokolov,2
Temirlan Turgenev,3
Akbota Dogan,2
Aigul Bolat,1
Hasan Kassym,2
Tomiris Mikhailov,1
Vadim Kara,1
Tolga Dauletov,1
Dana Serikbay,3
Nikita Kuznetsov,5
Rasul Ermek,1
Nur Morozov,4
Olzhas Kaliyev,2
Tomiris Rakhimov,5
Nurlan Celik,2
Rauan Kilic,3
Zhuldyz Lebedev,5
Polina Koc,2
Tomiris Esenov,1
Ekaterina Sokolov,3
Vadim Ozturk,3
Daria Karimov,1
Adil Aliyev,2
Zhandos Yilmaz,2
Pavel Tashkenov,1
Miras Kurmanov,5
Yernar Petrov,3
Ekaterina Morozov,1
Roman Celik,2
Yerbol Zhumabek,3
Sultan Bekov,1
Baris Ozturk,1
Islam Popov,3
Kuanysh Kilic,2
Vera Aliyev,2
Sabina Lebedev,1
Zhansaya Abdirov,1
Ekaterina Zhumabek,4
Alisa Arslan,2
Zhanna Zhaksylyk,3
Anton Koc,2
Murat Kara,3
Aigul Abenov,5
Aigul Dauletov,2
Anna Dauletov,5
Asel Abdirov,2
Nurlybek Volkov,5
Temirlan Zhunusov,4
Rauan Konysbay,1
Maxim Demir,4
Daria Novikov,5
Polina Amangeldy,1
Bekzat Abdirov,3
Miras Alpysbay,4
Kerem Kaliyev,1
Andrey Kuznetsov,1
Bekzat Kurmanov,1
Ruslan Volkov,4
Oleg Kuznetsov,4
Kairat Demir,1
Miras Baiseitov,2
Tatiana Tashkenov,4
Dinara Yerzhanov,1
Olga Mukanov,4
Nurlan Yilmaz,4
Kairat Ivanov,4
Zhansaya Yerzhanov,2
Roman Turgenev,5
Maria Esenov,1
Zhansaya Bekov,4
Emre Mikhailov,2
Asel Bolat,4
Maria Dogan,1
Omar Rakhimov,2
Ksenia Mukanov,4
Nur Gabdullin,2
Anna Popov,3
Alibek Kuznetsov,3
Nurlan Ozturk,2
Nazym Novikov,1
Elif Shakenov,3
Serik Alpysbay,4
Maxim Zhunusov,3
Zhansaya Petrov,3
Aigul Kassym,1
Akbota Jumabek,1
Emre Sokolov,1
Nazym Sadykov,2
Alina Sokolov,4
Meruyert Smirnov,4
Nazerke Yerzhanov,2
Yerbol Akhmetov,1
Timur Novikov,3
Dana Dogan,4
Tomiris Cetin,5
Sofia Lebedev,4
Daria Musin,5
Meruyert Orazov,3
Saltanat Esenov,4
Elnur Sagyndyk,1
Aliya Serikbay,1
Ksenia Orazov,2
Polina Kudaibergen,2
Ruslan Kurmanov,4
Ainur Abdirov,4
Kamila Makhmud,2
Laura Volkov,3
Nazerke Makhmud,3
Oleg Aslan,3
Aigerim Arslan,2
Olga Akhmetov,3
Maria Makhmud,4
Talgat Yilmaz,4
Olzhas Zhunusov,5
Vera Yerzhanov,2
Bauyrzhan Abenov,2
Layla Makhmud,4
Maxim Dogan,3
Sanzhar Konysbay,2
Symbat Abdirov,3
Zhansaya Suleimenov,5
Denis Smirnov,1
Nurlybek Tleubek,5
Olzhas Kassym,3
Symbat Kuznetsov,2
Marat Yilmaz,4
Pavel Volkov,4
Sabina Gabdullin,3
Arman Yerzhanov,4
Meruyert Zhumabek,1
Maxim Kuznetsov,2
Bekzat Celik,4
Talgat Petrov,4
Ainur Temirov,3
Emre Suleimenov,5
Denis Serikbay,1
Hasan Petrov,3
Gulnaz Temirov,2
Aliya Kurmanov,1
Zarina Kaya,2
Rauan Ivanov,3
Islam Ualiyev,5
Arman Alpysbay,2
Zeynep Tleubek,3
Sofia Bekov,4
Kuanysh Dauletov,1
Akbota Arslan,1
Nurlan Yilmaz,3
Ekaterina Tleubek,4
Roman Turgenev,2
Nur Zhaksylyk,4
Nazerke Assanov,2
Sultan Jumabek,1
Ksenia Musin,3
Nazym Zhumabek,1
Nurzhan Musin,3
Aknur Shakenov,2
Dana Volkov,2
Roman Petrov,2
Vlad Karimov,2
Selin Zhunusov,1
Rasul Bekov,3
Balzhan Shakenov,2
Olga Novikov,1
Tatiana Sokolov,2
Vadim Dauletov,3
Andrey Alpysbay,4
Vlad Gabdullin,5
Elif Orazov,4
Alisa Novikov,3
Kamila Aliyev,3
Yulia Assanov,3
Polina Sagyndyk,3
Rasul Arslan,3
Yerlan Nurgaliyev,1
Kairat Koc,3
Ilyas Mukanov,1
Sanzhar Dogan,3
Zeynep Morozov,2
Kirill Musin,4
Sanzhar Zhunusov,1
Aigerim Sadykov,3
Zhuldyz Ermek,2
Adil Kilic,2
Baris Kurt,3
Oleg Smirnov,1
Ksenia Dogan,1
Alina Bolat,1
Rasul Ozturk,3
Miras Mukanov,1
Marat Dauletov,3
Sanzhar Demir,4
Omar Kilic,4
Andrey Konysbay,4
Gaukhar Nurgaliyev,3
Polina Bolat,4
Damir Celik,5
Anel Kaliyev,3
Amir Fedorov,3
Elena Kurt,3
Damir Aslan,1
Laura Ermek,3
Ruslan Morozov,2
Gaukhar Kaya,3
Tolga Volkov,2
Dmitry Kudaibergen,1
Nikita Temirov,5
Ece Fedorov,3
Saltanat Kaya,4
Hasan Mukanov,2
Symbat Abdirov,1
Sultan Sokolov,3
Maria Konysbay,3
Miras Makhmud,2
Adil Koc,4
Aknur Yerzhanov,5
Gaukhar Baitursyn,2
Maxim Rakhimov,1
Sergey Popov,1
Zarina Yerzhanov,5
Daniyar Ermek,1
Ruslan Amangeldy,2
Aigerim Abenov,3
Daria Ualiyev,3
Ruslan Sagyndyk,2
Vlad Mukanov,1
Nikita Sokolov,3
Meruyert Zhumabek,4
Elif Tashkenov,1
Ruslan Dogan,5
Igor Petrov,3
Anton Aliyev,1
Madina Turgenev,1
Yerlan Makhmud,2
Adil Zhaksylyk,4
Zhanar Abenov,3
Derya Abdirov,2
Zhanna Daulet,2
Kuanysh Suleimenov,2
Dinara Sahin,4
Sofia Tleubek,2
Zhansaya Kara,2
Emre Suleimenov,3
Aknur Kaliyev,1
Bauyrzhan Nurgaliyev,2
Aknur Ivanov,1
Milana Kaliyev,3
Pavel Konysbay,2
Gaukhar Dogan,2
Askar Kuznetsov,4
Gaukhar Omarov,3
Elnur Yilmaz,5
Saltanat Petrov,1
Zhanna Zhaksylyk,3
Yerbol Kara,2
Emre Koc,2
Layla Sokolov,4
Talgat Demir,2
Zhandos Shakenov,5
Hasan Popov,2
Bauyrzhan Turgenev,2
Symbat Kara,1
Artem Popov,3
Milana Yilmaz,5
Ekaterina Serikbay,3
Anna Alpysbay,3
Kairat Aslan,1
Elena Abdirov,4
Zhanel Nurgaliyev,1
Maria Kurt,4
Dinara Petrov,4
Vera Amangeldy,2
Vlad Alpysbay,2
Balzhan Kurmanov,3
Roman Amangeldy,4
Bekzat Kassym,3
Islam Volkov,5
Zeynep Ivanov,3
Kamila Kurmanov,5
Emre Petrov,4
Andrey Kilic,2
Aruzhan Kurmanov,2
Miras Kilic,1
Oleg Suleimenov,2
Damir Ivanov,3
Nurlan Bolat,1
Yernar Tashkenov,3
Nazym Iskakov,2
Derya Karimov,4
Zarina Dauletov,3
Rasul Volkov,3
Zhanel Sokolov,4
Milana Lebedev,1
Layla Mikhailov,2
Azamat Morozov,2
Pavel Zhaksylyk,3
Kirill Makhmud,3
Aliya Aslan,4
Zhanel Ozturk,5
Sultan Lebedev,1
Miras Kilic,3
Tatiana Mukanov,2
Baris Sagyndyk,2
Alina Lebedev,2
Baris Ozturk,4
Rauan Abdirov,1
Ilyas Rakhimov,3
Zhandos Ibrayev,2
Elif Sahin,1
Marat Konysbay,4
Gulnaz Dauletov,3
Emre Yerzhanov,1
Bekzat Dogan,1
Kerem Kurt,3
Sergey Popov,3
Omar Zhunusov,3
Olga Dogan,3
Baris Karimov,2
Timur Iskakov,5
Hasan Ozturk,5
Emre Mukanov,1
Akbota Bekov,3
Dmitry Zhaksylyk,2
Gulnaz Alpysbay,2
Timur Kurmanov,3
Adil Kudaibergen,5
Roman Nurgaliyev,1
Anel Celik,4
Balzhan Kaliyev,4
Ruslan Mikhailov,3
Daniyar Arslan,1
Aizhan Baitursyn,2
Adil Nurgaliyev,4
Arman Demir,2
Serik Ivanov,1
Yerlan Shakenov,5
Aisha Zhunusov,4
Symbat Temirov,4
Zhansaya Kaliyev,3
Derya Cetin,3
Nur Mukanov,1
Aknur Baitursyn,2
Aknur Kara,4
Sergey Temirov,2
Nazym Serikbay,1
Symbat Sahin,4
Maxim Zhunusov,1
Aigerim Tleubek,4
Oleg Konysbay,3
Vlad Makhmud,1
Vlad Kudaibergen,1
Aigerim Dauletov,2
Meruyert Ibrayev,4
Nurlybek Baiseitov,5
Rasul Tashkenov,3
Emre Yerzhanov,5
Zarina Cetin,1
Selin Karimov,2
Aizhan Zhaksylyk,2
Hasan Zhunusov,1
Sanzhar Tashkenov,5
Zhuldyz Orazov,5
Nurlan Fedorov,5
Saltanat Kara,3
Oleg Kudaibergen,2
Aigerim Tleubek,5
Azamat Bolat,1
Olga Turgenev,1
Baris Zhaksylyk,1
Vera Daulet,4
Rasul Yilmaz,2
Aisha Tashkenov,1
Daria Ivanov,2
Serik Kilic,2
Talgat Ermek,3
Zhandos Musin,4
Alisa Daulet,3
Vera Dauletov,3
Islam Karimov,2
Adil Bolat,3
Yulia Makhmud,2
Zhansaya Zhaksylyk,1
Ersultan Petrov,1
Murat Cetin,1
Kirill Fedorov,1
Alibek Kurmanov,2
Zhanna Kuznetsov,3
Rauan Bolat,1
Igor Kara,5
Derya Kara,2
Rasul Ualiyev,1
Hasan Zhunusov,5
Alibek Dauletov,3
Elif Jumabek,1
Vadim Zhunusov,1
Timur Akhmetov,2
Aruzhan Esenov,3
Roman Aslan,2
Alina Morozov,4
Sofia Demir,3
Madina Petrov,3
Laura Sokolov,1
Kamila Bolat,3
Artem Aliyev,5
Damir Abdirov,2
Timur Sokolov,2
Nazerke Karimov,2
Omar Amangeldy,2
Ruslan Morozov,4
Gulnaz Nurgaliyev,5
Tomiris Nurgaliyev,1
Yerbol Novikov,1
Kerem Petrov,2
Bekzat Amangeldy,1
Zeynep Smirnov,1
Vlad Kilic,3
Talgat Volkov,1
Kirill Shakenov,1
Milana Temirov,2
Nurlybek Esenov,5
Irina Kilic,2
Tolga Celik,2
Kerem Kurmanov,3
Emre Bekov,5
Aliya Karimov,2
Roman Kudaibergen,4
Vlad Kudaibergen,1
Alibek Aliyev,2
Pavel Kurmanov,2
Derya Yerzhanov,1
Daniyar Celik,1
Arman Tashkenov,3
Meruyert Kurt,2
Alisa Tashkenov,1
Kuanysh Esenov,3
Symbat Kassym,4
Emre Kuznetsov,2
Elif Volkov,5
Ruslan Kudaibergen,3
Kamila Lebedev,1
Ece Ibrayev,1
Sabina Bolat,3
Rasul Tleubek,1
Olzhas Kara,1
Arman Omarov,3
Vlad Arslan,1
Anna Ivanov,3
Dinara Smirnov,1
Zhandos Suleimenov,4
Aigul Cetin,1
Murat Abenov,2
Aknur Arslan,1
Andrey Lebedev,3
Dinara Rakhimov,2
Milana Yilmaz,2
Hasan Zhumabek,1
Omar Jumabek,1
Maxim Esenov,4
Bekzat Yilmaz,4
Yulia Jumabek,4
Zeynep Esenov,2
Kuanysh Baiseitov,3
Dmitry Smirnov,2
Laura Temirov,3
Tomiris Suleimenov,2
Adil Sahin,4
Nurzhan Tashkenov,1
Denis Sahin,3
Nazym Smirnov,5
Nazym Ualiyev,1
Kuanysh Petrov,2
Anna Fedorov,2
Balzhan Serikbay,2
Zeynep Lebedev,1
Kamila Suleimenov,3
Daniyar Sadykov,1
Askar Novikov,4
Alisa Ermek,3
Meruyert Ermek,1
Amir Abdirov,5
Ece Esenov,3
Saltanat Karimov,4
Irina Turgenev,4
Daria Aliyev,5
Aigul Sadykov,4
Dana Nurgaliyev,4
Timur Aslan,3
Rasul Daulet,5
Aizhan Aliyev,1
Polina Akhmetov,4
Aknur Petrov,1
Laura Mukanov,4
Islam Iskakov,1
Zhanna Yilmaz,3
Daniyar Dogan,5
Nurlan Kilic,2
Aigul Suleimenov,3
Zeynep Fedorov,3
Tomiris Cetin,2
Bekzat Kurmanov,5
Ece Nurgaliyev,4
Balzhan Kaya,3
Gaukhar Karimov,2
Elif Temirov,2
Ersultan Temirov,4
Olga Kurmanov,1
Dinara Petrov,4
Yerlan Turgenev,4
Rauan Fedorov,1
Bauyrzhan Ermek,2
Sofia Konysbay,4
Zhuldyz Fedorov,4
Sergey Ualiyev,1
Amir Karimov,5
Arman Sagyndyk,2
Kairat Abdirov,1
Ainur Ibrayev,3
Sanzhar Yilmaz,3
Omar Baiseitov,5
Ilyas Orazov,5
Milana Turgenev,1
Layla Bekov,3
Sofia Temirov,1
Tolga Temirov,2
Elnur Bolat,2
Elena Smirnov,3
Meruyert Demir,3
Nikita Makhmud,2
Aigerim Ivanov,2
Tolga Popov,4
Azamat Jumabek,2
Ruslan Zhumabek,1
Murat Ualiyev,5
Ilyas Fedorov,1
Aigul Dauletov,3
Bekzat Baiseitov,3
Ilyas Kaya,3
Rauan Tleubek,2
Aizhan Fedorov,3
Selin Rakhimov,5
Sanzhar Tashkenov,2
Meruyert Arslan,1
Denis Tleubek,1
Askar Novikov,3
Vera Celik,1
Ekaterina Konysbay,1
Dana Tashkenov,3
Maxim Smirnov,5
Aigul Ozturk,4
Nurzhan Turgenev,3
Ilyas Ermek,5
Adil Sagyndyk,1
Aknur Fedorov,1
Miras Aslan,5
Sanzhar Baitursyn,3
Nur Aslan,2
Vera Makhmud,1
Zarina Koc,1
Sabina Morozov,4
Rauan Volkov,3
Zhandos Celik,1
Nurzhan Baitursyn,3
Baris Nurgaliyev,4
Yerbol Kaliyev,2
Anton Tashkenov,2
Dinara Novikov,2
Igor Zhumabek,4
Zhuldyz Popov,2
Yerlan Temirov,1
Ekaterina Lebedev,2
Vera Sagyndyk,3
Nurzhan Baitursyn,3
Elnur Tleubek,2
Irina Gabdullin,2
Saltanat Serikbay,2
Irina Musin,3
Sergey Arslan,2
Nurlan Ibrayev,1
Zhanna Kilic,4
Dmitry Esenov,3
Damir Daulet,5
Madina Kara,3
Nikita Kudaibergen,1
Meruyert Musin,2
Kamila Dauletov,5
Sanzhar Nurgaliyev,5
Serik Kilic,2
Anton Mikhailov,3
Denis Shakenov,2
Roman Kurt,4
Nur Kudaibergen,1
Zhanel Jumabek,2
Artem Aliyev,4
Amir Zhaksylyk,2
Vadim Yilmaz,4
Milana Gabdullin,2
Elif Celik,1
Rasul Arslan,1
Temirlan Tleubek,2
Elif Demir,2
Sultan Akhmetov,3
Elena Ualiyev,1
Derya Sadykov,2
Yerbol Petrov,5
Layla Assanov,1
Sergey Assanov,3
Madina Mikhailov,5
Layla Bolat,4
Nazerke Kaya,2
Dana Petrov,5
Meruyert Makhmud,3
Damir Kuznetsov,3
Tatiana Konysbay,2
Ksenia Abdirov,3
Ersultan Amangeldy,3
Ruslan Sagyndyk,2
Ilyas Zhumabek,2
Ilyas Sahin,3
Rauan Alpysbay,2
Hasan Makhmud,3
Oleg Jumabek,4
Bekzat Morozov,4
Alibek Shakenov,1
Alisa Novikov,3
Sultan Lebedev,3
Rauan Arslan,2
Sabina Jumabek,5
Dana Kurt,4
Tatiana Kaliyev,4
Elif Smirnov,5
Meruyert Jumabek,2
Elena Tleubek,2
Symbat Koc,4
Nurzhan Petrov,5
Meruyert Abdirov,1
Islam Karimov,1
Ruslan Popov,3
Rasul Yilmaz,4
Kirill Ibrayev,2
Zhanar Demir,3
Zhanar Bolat,4
Sanzhar Bekov,1
Ilyas Makhmud,3
Temirlan Rakhimov,2
Vera Ermek,4
Nazym Celik,3
Sabina Koc,2
Askar Tleubek,3
Kerem Mukanov,3
Damir Ivanov,1
Symbat Aliyev,2
Nurlan Smirnov,1
Arman Kurt,1
Baris Makhmud,2
Azamat Omarov,4
Elena Yerzhanov,3
Zhanar Gabdullin,3
Zhanel Lebedev,3
Denis Mukanov,2
Asel Dogan,3
Denis Omarov,2
Olzhas Temirov,1
Miras Kassym,3
Anel Kurmanov,2
Roman Cetin,5
Karina Kaliyev,1
Zhandos Ualiyev,3
Yerlan Ualiyev,2
Gaukhar Dogan,1
Sabina Esenov,3
Zhanna Celik,4
Saltanat Baiseitov,2
Alibek Sagyndyk,2
Kuanysh Rakhimov,2
Nurlybek Gabdullin,4
Gulnaz Lebedev,1
Tomiris Serikbay,1
Sanzhar Omarov,4
Anel Arslan,2
Bauyrzhan Ermek,3
Dinara Morozov,1
Aigerim Mukanov,3
Islam Aslan,2
Saltanat Omarov,3
Zhuldyz Demir,1
Igor Suleimenov,3
Yerbol Sahin,5
Selin Baitursyn,3
Olzhas Arslan,4
Alina Aslan,3
Ersultan Morozov,4
Polina Dogan,2
Milana Celik,1
Dias Dauletov,2
Yulia Orazov,2
Rauan Aslan,5
Sanzhar Ermek,1
Ekaterina Orazov,2
Maxim Petrov,1
Murat Omarov,1
Oleg Arslan,2
Temirlan Alpysbay,1
Ilyas Shakenov,5
Ainur Nurgaliyev,5
Sanzhar Kaya,2
Symbat Musin,3
Daria Bekov,3
Baris Konysbay,4
Sofia Temirov,2
Asel Demir,4
Adil Ivanov,2
Baris Aliyev,1
Sabina Amangeldy,3
Anna Suleimenov,4
Zarina Sokolov,2
Kuanysh Fedorov,5
Selin Ivanov,5
Elnur Kaya,5
Miras Sadykov,4
Artem Esenov,3
Madina Tleubek,4
Artem Petrov,4
Marat Fedorov,1
Olzhas Serikbay,1
Bekzat Volkov,4
Alisa Ibrayev,4
Alina Kilic,1
Nurlan Zhumabek,1
Ersultan Demir,4
Vadim Makhmud,1
Selin Serikbay,3
Murat Mukanov,3
Selin Esenov,4
Nazerke Temirov,3
Symbat Karimov,3
Elif Kara,4
Ekaterina Shakenov,1
Miras Kuznetsov,1
Ekaterina Amangeldy,2
Anel Kuznetsov,3
Aruzhan Iskakov,2
Nikita Aliyev,2
Yernar Bekov,3
Alina Sagyndyk,1
Daniyar Sagyndyk,2
Derya Kuznetsov,3
Kirill Sokolov,2
Ece Morozov,3
Aruzhan Rakhimov,3
Kamila Zhumabek,1
Nurlan Fedorov,1
Gaukhar Alpysbay,2
Kamila Karimov,5
Damir Kassym,3
Amir Ozturk,1
Zhandos Zhaksylyk,2
Polina Daulet,2
Layla Kurmanov,1
Nazym Makhmud,4
Akbota Abenov,2
Tolga Alpysbay,5
Serik Yerzhanov,3
Marat Jumabek,1
Zhanel Konysbay,3
Zhanna Smirnov,1
Meruyert Rakhimov,4
Ece Turgenev,4
Arman Smirnov,2
Laura Kudaibergen,4
Kerem Kaliyev,2
Ilyas Makhmud,1
Kamila Ozturk,1
Aigerim Turgenev,3
Aliya Aliyev,2
Maria Kara,2
Derya Jumabek,1
Ilyas Yerzhanov,4
Kuanysh Jumabek,1
Zhanel Kurt,3
Maxim Makhmud,2
Azamat Sokolov,1
Maria Yerzhanov,1
Temirlan Amangeldy,1
Aliya Esenov,3
Ksenia Karimov,2
Aizhan Makhmud,4
Saltanat Bolat,2
Daria Sokolov,4
Laura Celik,2
Dias Tleubek,2
Nurzhan Baiseitov,1
Gulnaz Celik,1
Aigerim Esenov,1
Derya Demir,3
Elif Tashkenov,3
Ruslan Arslan,2
Zhuldyz Rakhimov,2
Roman Petrov,1
Olzhas Shakenov,2
Olzhas Konysbay,4
Dana Sahin,4
Zhansaya Ualiyev,5
Damir Volkov,3
Maxim Zhumabek,2
Omar Yerzhanov,1
Aigerim Zhunusov,4
Maria Bekov,1
Anna Morozov,3
Layla Abdirov,1
Islam Baiseitov,5
Islam Turgenev,1
Kirill Ualiyev,1
Alina Karimov,3
Irina Popov,3
Murat Ibrayev,1
Tatiana Jumabek,2
Zhansaya Kuznetsov,1
Nurlan Tleubek,1
Sanzhar Turgenev,1
Yulia Ozturk,1
Ksenia Zhaksylyk,2
Gaukhar Abdirov,1
Gaukhar Kaya,5
Olga Suleimenov,3
Elif Tleubek,4
Marat Arslan,2
Talgat Popov,3
Roman Sadykov,1
Alisa Sahin,3
Anel Sadykov,3
Sabina Dogan,1
Alisa Kurmanov,4
Nur Musin,4
Damir Kassym,4
Zarina Turgenev,3
Bekzat Tashkenov,5
Polina Cetin,4
Bekzat Tashkenov,1
Sultan Sokolov,2
Aigerim Kara,5
Kamila Ibrayev,5
Baris Abenov,2
Talgat Abenov,4
Temirlan Temirov,3
Zhansaya Esenov,2
Timur Baiseitov,3
Tolga Nurgaliyev,3
Anel Popov,2
Nazerke Mukanov,1
Ekaterina Abdirov,2
Gaukhar Mukanov,2
Kuanysh Baitursyn,2
Islam Sokolov,5
Elena Assanov,3
Nazym Cetin,2
Aigul Zhumabek,1
Oleg Smirnov,1
Sanzhar Sagyndyk,4
Nazerke Orazov,1
Ruslan Assanov,5
Layla Sahin,3
Kairat Sagyndyk,2
Maria Smirnov,3
Daniyar Ozturk,1
Akbota Amangeldy,1
Nurzhan Popov,5
Symbat Bolat,1
Asel Abenov,2
Denis Sadykov,4
Nurzhan Sokolov,1
Damir Volkov,3
Symbat Sokolov,1
Nur Ozturk,1
Aigul Kuznetsov,1
Artem Assanov,5
Madina Kaya,5
Akbota Omarov,1
Arman Ibrayev,2
Alina Orazov,2
Nur Musin,2
Serik Iskakov,3
Gulnaz Sahin,4
Daniyar Makhmud,3
Aliya Shakenov,4
Polina Smirnov,1
Nazym Serikbay,3
Serik Karimov,3
Ekaterina Zhaksylyk,4
Symbat Popov,5
Tomiris Sadykov,2
Denis Nurgaliyev,1
Zarina Yilmaz,2
Tatiana Cetin,2
Kuanysh Shakenov,5
Arman Kurt,2
Madina Mikhailov,4
Ece Kaliyev,1
Denis Jumabek,4
Madina Arslan,4
Dias Amangeldy,4
Ilyas Smirnov,1
Nur Petrov,4
Nurlybek Morozov,4
Emre Sagyndyk,1
Roman Suleimenov,3
Milana Arslan,3
Zarina Aliyev,4
Gaukhar Abenov,4
Akbota Novikov,5
Derya Sadykov,1
Aisha Baiseitov,4
Kirill Kaya,2
Aknur Orazov,3
Kerem Smirnov,3
Miras Kaya,2
Elena Makhmud,4
Kairat Zhaksylyk,4
Artem Kuznetsov,4
Serik Amangeldy,5
Ersultan Kurmanov,2
Zhandos Akhmetov,1
Nazerke Amangeldy,4
Nikita Sahin,3
Ainur Lebedev,2
Daniyar Ivanov,1
Derya Bekov,2
Madina Sagyndyk,2
Omar Demir,1
Sergey Zhumabek,1
Tolga Nurgaliyev,1
Oleg Sagyndyk,4
Akbota Esenov,3
Islam Mukanov,3
Artem Turgenev,3
Pavel Omarov,1
Karina Orazov,2
Zhanna Demir,2
Azamat Kurmanov,3
Aigerim Kara,5
Vlad Esenov,2
Sergey Sokolov,3
Aizhan Omarov,5
Nurlan Mikhailov,3
Elif Yerzhanov,1
Sofia Assanov,1
Elnur Omarov,1
Ece Kara,2
Maria Zhaksylyk,2
Dias Smirnov,3
Damir Sokolov,2
Polina Zhumabek,4
Hasan Kuznetsov,1
Aknur Morozov,1
Adil Sagyndyk,4
Alina Smirnov,2
Miras Celik,4
Saltanat Mukanov,3
Rasul Smirnov,5
Maxim Zhunusov,3
Elnur Temirov,2
Sanzhar Shakenov,2
Aigerim Yerzhanov,4
Madina Kara,3
Amir Nurgaliyev,2
Murat Suleimenov,1
Elnur Demir,2
Karina Aliyev,3
Ersultan Turgenev,3
Dias Amangeldy,4
Tomiris Musin,3
Polina Assanov,1
Zarina Sadykov,5
Tatiana Assanov,3
Denis Aslan,3
Polina Lebedev,1
Ainur Tleubek,3
Maxim Zhaksylyk,3
Artem Cetin,3
Sanzhar Kassym,3
Alina Dauletov,4
Timur Musin,5
Derya Gabdullin,4
Dmitry Koc,4
Kirill Assanov,3
Islam Kassym,5
Omar Ozturk,2
Maxim Zhaksylyk,1
Murat Yerzhanov,1
Ksenia Amangeldy,3
Derya Daulet,2
Laura Lebedev,4
Maxim Kurt,3
Vadim Mikhailov,2
Vlad Popov,3
Dana Ibrayev,2
Amir Bekov,4
Asel Nurgaliyev,2
Tolga Celik,1
Madina Kurt,4
Aruzhan Kaya,3
Oleg Shakenov,3
Emre Omarov,1
Kairat Makhmud,1
Miras Baiseitov,2
Karina Iskakov,4
Ekaterina Shakenov,2
Dana Bolat,3
Anna Sokolov,2
Ersultan Volkov,5
Polina Dogan,2
Kamila Kaliyev,3
Sabina Cetin,5
Zhuldyz Yerzhanov,4
Arman Kudaibergen,1
Dmitry Kurmanov,3
Nurlan Fedorov,3
Askar Abdirov,3
Askar Nurgaliyev,2
Alina Fedorov,1
Nazerke Shakenov,4
Milana Kara,3
Zarina Aliyev,4
Ece Karimov,1
Karina Zhunusov,4
Roman Shakenov,3
Yulia Ivanov,3
Maria Sagyndyk,2
Symbat Ozturk,2
Nurlybek Kudaibergen,3
Layla Smirnov,4
Saltanat Popov,1
Zhansaya Kassym,2
Andrey Smirnov,2
Balzhan Fedorov,1
Oleg Petrov,2
Bekzat Ermek,3
Temirlan Kassym,1
Aruzhan Kaliyev,4
Dmitry Fedorov,3
Elnur Zhumabek,4
Zhanna Karimov,3
Hasan Abdirov,3
Kuanysh Kurt,4
Kuanysh Baiseitov,4
Serik Ermek,3
Yerbol Baitursyn,4
Ksenia Musin,2
Amir Makhmud,3
Madina Popov,2
Islam Yilmaz,2
Aizhan Temirov,3
Aruzhan Makhmud,5
Ilyas Zhunusov,3
Rasul Karimov,3
Madina Ivanov,3
Rauan Ermek,3
Alibek Sagyndyk,3
Alina Mukanov,4
Alisa Novikov,1
Irina Sahin,1
Pavel Tashkenov,1
Yerlan Abdirov,5
Pavel Mikhailov,3
Amir Omarov,5
Nurlan Dogan,3
Maxim Ualiyev,4
Pavel Alpysbay,4
Anna Kaliyev,2
Karina Popov,2
Olga Ermek,1
Ilyas Aslan,3
Aisha Yilmaz,2
Madina Orazov,2
Arman Bolat,3
Murat Amangeldy,3
Pavel Bolat,4
Aknur Jumabek,3
Daniyar Esenov,2
Nikita Konysbay,4
Zhansaya Demir,3
Milana Smirnov,4
Nurzhan Rakhimov,1
Milana Petrov,2
Aruzhan Yerzhanov,2
Yerlan Volkov,1
Bekzat Sadykov,2
Sergey Suleimenov,5
Igor Kassym,2
Anton Daulet,1
Olga Gabdullin,1
Karina Smirnov,3
Hasan Arslan,3
Dmitry Kaya,5
Roman Ivanov,2
Kairat Daulet,3
Roman Ozturk,2
Polina Aliyev,3
Andrey Popov,1
Bauyrzhan Daulet,3
Nurlybek Iskakov,2
Karina Rakhimov,1
Islam Yerzhanov,2
Dana Kuznetsov,1
Zhanna Kara,2
Dana Mikhailov,3
Dinara Kara,5
Arman Suleimenov,2
Bekzat Kaliyev,4
Irina Karimov,3
Ainur Ozturk,1
Zhanel Ermek,1
Tolga Petrov,1
Polina Kurt,1
Talgat Arslan,1
Islam Gabdullin,4
Sofia Kurt,3
Nazym Alpysbay,2
Anel Kurmanov,3
Nazym Sokolov,3
Asel Mikhailov,1
Selin Morozov,3
Yerbol Jumabek,3
Olga Cetin,3
Zarina Popov,2
Karina Demir,3
Kirill Sokolov,5
Sergey Baiseitov,1
Polina Sagyndyk,1
Zhansaya Ibrayev,5
Roman Kurt,5
Bauyrzhan Kuznetsov,1
Zhandos Suleimenov,2
Olzhas Turgenev,1
Artem Kurt,5
Nurzhan Ualiyev,4
Sofia Baitursyn,3
Serik Abenov,1
Gaukhar Koc,5
Damir Kilic,2
Ilyas Gabdullin,2
Vadim Amangeldy,2
Dias Kassym,3
Talgat Abdirov,4
Hasan Karimov,2
Elnur Daulet,2
Sofia Yerzhanov,1
Maria Tleubek,5
Rasul Jumabek,5
Karina Serikbay,3
Zhanel Makhmud,4
Nur Ivanov,4
Nazerke Konysbay,3
Elnur Ivanov,3
Daniyar Kaya,5
Nazerke Ozturk,3
Andrey Shakenov,1
Rauan Cetin,5
Yernar Temirov,1
Sanzhar Koc,2
Nurlybek Zhunusov,1
Sanzhar Fedorov,1
Aknur Popov,3
Dmitry Cetin,3
Sanzhar Nurgaliyev,3
Akbota Koc,2
Symbat Suleimenov,1
Nur Shakenov,3
Maxim Amangeldy,2
Olzhas Fedorov,1
Aigul Morozov,2
Vlad Kurmanov,1
Baris Makhmud,2
Zhanna Baitursyn,1
Yerbol Orazov,2
Roman Zhaksylyk,2
Asel Cetin,2
Balzhan Musin,2
Alina Kara,1
Oleg Bekov,4
Andrey Baiseitov,3
Dana Kudaibergen,4
Gulnaz Koc,5
Vlad Koc,1
Ruslan Yilmaz,1
Zhandos Arslan,3
Nurzhan Cetin,3
Nazerke Daulet,2
Artem Aliyev,2
Aigerim Zhaksylyk,5
Nurlybek Kuznetsov,2
Dmitry Zhunusov,1
Symbat Abenov,4
Aigerim Temirov,1
Ruslan Celik,5
Zarina Zhunusov,1
Anna Konysbay,1
Zarina Zhumabek,1
Miras Yilmaz,3
Azamat Alpysbay,1
Adil Rakhimov,4
Layla Alpysbay,3
Artem Omarov,1
Balzhan Kurt,2
Gaukhar Shakenov,1
Azamat Kudaibergen,1
Ekaterina Esenov,3
Selin Suleimenov,2
Elif Karimov,3
Anna Abdirov,1
Oleg Bolat,2
Zhandos Rakhimov,1
Hasan Suleimenov,2
Baris Yilmaz,5
Sabina Sadykov,5
Hasan Yerzhanov,2
Nur Fedorov,2
Irina Kilic,2
Yerlan Abdirov,1
Gulnaz Ibrayev,4
Sabina Smirnov,1
Dinara Gabdullin,1
Oleg Gabdullin,2
Islam Cetin,3
Arman Serikbay,1
Talgat Baiseitov,1
Ece Musin,3
Kamila Abenov,2
Olga Sahin,3
Alina Sokolov,3
Pavel Turgenev,2
Kamila Koc,5
Milana Zhunusov,1
Nurlan Petrov,3
Rauan Yilmaz,2
Aisha Sadykov,1
Daniyar Koc,1
Aigerim Nurgaliyev,1
Denis Novikov,1
Rauan Demir,2
Sabina Zhumabek,3
Olga Omarov,1
Nurlan Musin,5
Vlad Zhaksylyk,1
Yerbol Omarov,2
Daniyar Temirov,3
Pavel Shakenov,2
Ekaterina Popov,2
Kamila Omarov,4
Askar Kassym,4
Marat Bekov,4
Rasul Akhmetov,2
Yulia Demir,4
Zarina Bolat,1
Alibek Alpysbay,5
Elif Assanov,2
Yerlan Tleubek,5
Daniyar Kaliyev,1
Selin Yerzhanov,4
Sultan Kassym,3
Alisa Mukanov,3
Askar Gabdullin,3
Azamat Aslan,3
Kerem Fedorov,1
Rasul Kaliyev,1
Nurlybek Mikhailov,3
Omar Kilic,3
Aigerim Yilmaz,1
Kerem Sokolov,1
Elif Konysbay,2
Yerbol Tashkenov,4
Karina Smirnov,3
Denis Novikov,2
Yernar Aslan,4
Anna Kurt,3
Serik Fedorov,1
Zarina Amangeldy,3
Islam Demir,5
Nurlybek Kaya,3
Temirlan Yilmaz,4
Miras Omarov,1
Aruzhan Kassym,1
Gaukhar Alpysbay,1
Vlad Assanov,3
Ekaterina Yilmaz,2
Nur Kudaibergen,3
Zhanna Esenov,2
Olzhas Suleimenov,3
Tomiris Kassym,4
Dinara Zhumabek,1
Elif Zhaksylyk,3
Nazym Kurmanov,1
Olzhas Kaliyev,2
Talgat Kassym,3
Pavel Daulet,1
Anel Mukanov,3
Hasan Sadykov,1
Selin Gabdullin,3
Selin Alpysbay,1
Timur Jumabek,1
Ece Koc,2
Alina Akhmetov,1
Islam Gabdullin,2
Tatiana Serikbay,2
Hasan Kurt,2
Olga Akhmetov,4
Nurlan Konysbay,1
Zhuldyz Popov,2
Gaukhar Kaya,2
Selin Kaya,1
Sergey Aslan,4
Serik Kurt,2
Nazym Rakhimov,5
Kirill Arslan,1
Elena Kurmanov,2
Roman Orazov,5
Zhansaya Kara,4
Tolga Novikov,1
Aliya Assanov,2
Asel Zhunusov,2
Rasul Bekov,1
Dmitry Kurt,1
Timur Alpysbay,4
Zhanel Esenov,2
Aisha Sokolov,4
Roman Tashkenov,1
Arman Kuznetsov,2
Arman Baiseitov,3
Marat Smirnov,2
Kirill Yilmaz,3
Baris Sokolov,4
Daniyar Baitursyn,5
Nur Celik,1
Adil Mikhailov,1
Zhanel Volkov,2
Vlad Nurgaliyev,3
Yernar Popov,1
Derya Dauletov,5
Azamat Baitursyn,1
Dinara Kaliyev,4
Ekaterina Serikbay,3
Arman Yerzhanov,2
Pavel Serikbay,3
Yerbol Rakhimov,4
Olga Bolat,1
Kuanysh Sagyndyk,2
Derya Musin,3
Madina Aliyev,2
Aigul Abdirov,2
Ekaterina Zhumabek,2
Pavel Baiseitov,5
Artem Suleimenov,3
Nur Shakenov,2
Kamila Zhaksylyk,2
Dana Aslan,4
Elnur Sahin,2
Elena Turgenev,5
Sofia Zhaksylyk,2
Alina Aslan,1
Oleg Daulet,5
Kairat Tleubek,3
Aigerim Kaya,3
Kerem Kuznetsov,2
Irina Ermek,4
Selin Tashkenov,2
Selin Ermek,3
Bekzat Abenov,3
Daniyar Aslan,2
Polina Fedorov,2
Adil Serikbay,2
Serik Kaya,3
Olzhas Orazov,1
Alina Kuznetsov,5
Olga Shakenov,2
Aigul Kilic,1
Kamila Shakenov,3
Ersultan Omarov,4
Polina Lebedev,4
Artem Kuznetsov,2
Irina Kara,4
Anel Tleubek,4
Maria Suleimenov,4
Adil Makhmud,3
Laura Turgenev,4
Bekzat Aslan,1
Ainur Serikbay,4
Vera Fedorov,3
Ilyas Suleimenov,1
Nurzhan Sadykov,1
Arman Dauletov,3
Polina Jumabek,3
Kamila Gabdullin,1
Kamila Volkov,1
Kerem Ibrayev,3
Artem Arslan,2
Timur Serikbay,3
Zhansaya Celik,3
Omar Morozov,3
Anna Rakhimov,3
Rasul Yerzhanov,1
Zeynep Yilmaz,3
Denis Akhmetov,3
Aizhan Tashkenov,4
Elnur Kaya,1
Artem Dogan,2
Tolga Iskakov,4
Nur Musin,1
Karina Ermek,3
Serik Rakhimov,4
Ece Esenov,4
Oleg Aliyev,2
Sultan Celik,1
Aigerim Lebedev,1
Askar Assanov,5
Yerlan Amangeldy,2
Nurzhan Tashkenov,1
Dana Alpysbay,3
Layla Kara,1
Balzhan Abenov,2
Balzhan Novikov,2
Adil Demir,2
Talgat Bolat,2
Zhanar Kassym,5
Islam Abdirov,3
Derya Dauletov,2
Maxim Yilmaz,1
Aisha Nurgaliyev,1
Nurlybek Nurgaliyev,2
Sultan Ermek,1
Madina Kaliyev,1
Anna Assanov,3
Sergey Demir,5
Askar Zhaksylyk,3
Ece Kaliyev,1
Ainur Tashkenov,3
Nurlybek Kaya,1
Maxim Kara,1
Meruyert Jumabek,5
Oleg Abdirov,4
Anton Temirov,4
Elena Zhunusov,4
Temirlan Kurmanov,3
Sergey Baiseitov,1
Elif Serikbay,2
Aizhan Arslan,3
Olga Ibrayev,1
Ruslan Petrov,1
Andrey Tashkenov,4
Daniyar Kurt,2
Baris Novikov,4
Pavel Tleubek,1
Nur Konysbay,3
Elnur Kaya,4
Kairat Morozov,3
Yulia Baitursyn,4
Zhansaya Musin,2
Omar Petrov,3
Tolga Tleubek,2
Anna Aliyev,1
Aisha Rakhimov,3
Yernar Temirov,1
Bauyrzhan Kassym,1
Pavel Sagyndyk,2
Zhanel Fedorov,3
Temirlan Kassym,2
Kamila Kassym,3
Ruslan Bolat,2
Yerlan Bekov,2
Balzhan Popov,2
Amir Bolat,1
Hasan Shakenov,3
Symbat Yilmaz,1
Aliya Tleubek,1
Rasul Dogan,1
Amir Abenov,2
Talgat Suleimenov,4
Zhansaya Ivanov,3
Baris Tashkenov,3
Saltanat Makhmud,2
Aisha Celik,1
Aknur Turgenev,1
Anna Sahin,3
Kerem Sokolov,5
Anton Zhumabek,3
Ece Smirnov,2
Dana Koc,2
Elnur Baitursyn,3
Daniyar Celik,3
Denis Ivanov,3
Kerem Daulet,2
Zhandos Turgenev,1
Elena Kaliyev,2
Kamila Abenov,2
Elena Kurt,1
Zhanna Esenov,4
Anel Serikbay,1
Anton Kuznetsov,2
Zhanar Kilic,4
Omar Kilic,5
Balzhan Petrov,2
Vlad Gabdullin,1
Asel Kaliyev,3
Arman Fedorov,1
Aisha Petrov,4
Kerem Karimov,5
Dana Bolat,1
Artem Assanov,1
Irina Musin,3
Karina Novikov,4
Dmitry Zhunusov,3
Zeynep Amangeldy,2
Aizhan Mukanov,2
Aruzhan Smirnov,2
Kairat Zhunusov,4
Tomiris Fedorov,3
Yerlan Kilic,3
Vlad Koc,2
Sultan Ozturk,1
Aruzhan Cetin,2
Asel Celik,4
Zeynep Koc,5
Nazym Celik,3
Hasan Mikhailov,3
Balzhan Celik,2
Dmitry Kudaibergen,4
Nurlan Smirnov,3
Ece Kaya,1
Kuanysh Yilmaz,1
Nurlan Alpysbay,2
Hasan Baitursyn,5
Anel Sagyndyk,1
Dmitry Serikbay,1
Igor Jumabek,1
Dinara Konysbay,2
Polina Iskakov,3
Dana Sagyndyk,3
Amir Orazov,2
Nikita Kudaibergen,2
Aigerim Volkov,5
Kerem Tashkenov,5
Nurlan Lebedev,3
Amir Abenov,3
Olga Kudaibergen,1
Daria Rakhimov,3
Zhansaya Kurt,2
Anton Sadykov,3
Sofia Aliyev,3
Timur Esenov,2
Kuanysh Fedorov,3
Zarina Assanov,4
Yernar Sadykov,4
Selin Volkov,4
Zarina Sagyndyk,2
Nazym Kudaibergen,3
Andrey Mikhailov,2
Ilyas Fedorov,3
Baris Kurmanov,3
Damir Karimov,1
Vera Sahin,2
Tatiana Kilic,1
Aruzhan Abenov,3
Sofia Kara,2
Ilyas Petrov,2
Kamila Celik,1
Alisa Gabdullin,4
Aigul Musin,2
Maria Ualiyev,5
Balzhan Ermek,4
Zhanna Jumabek,3
Alisa Daulet,5
Nikita Mikhailov,3
Ksenia Konysbay,1
Maria Iskakov,2
Tomiris Ualiyev,2
Zarina Kudaibergen,3
Ksenia Kurt,2
Ekaterina Makhmud,2
Sultan Orazov,4
Nazym Serikbay,1
Temirlan Daulet,3
Laura Ivanov,2
Tatiana Konysbay,2
Aizhan Mukanov,1
Derya Shakenov,2
Nur Petrov,2
Roman Amangeldy,2
Rauan Kuznetsov,3
Daria Abdirov,3
Aigul Kurmanov,2
Anton Fedorov,2
Ruslan Serikbay,3
Sabina Tleubek,5
Nurzhan Amangeldy,1
Nurlan Ermek,5
Zhandos Demir,2
Derya Iskakov,1
Rasul Volkov,4
Aknur Morozov,3
Anel Sadykov,1
Azamat Mukanov,2
Selin Alpysbay,2
Nur Abdirov,1
Yulia Alpysbay,3
Ainur Zhaksylyk,3
Islam Dauletov,1
Zhuldyz Kaya,3
Aisha Fedorov,5
Karina Dogan,2
Meruyert Turgenev,3
Maria Iskakov,2
Zhandos Kuznetsov,2
Balzhan Kilic,1
Zhansaya Cetin,2
Alisa Popov,2
Zhansaya Nurgaliyev,4
Elena Ibrayev,5
Olga Ibrayev,4
Kairat Mikhailov,2
Damir Ermek,2
Irina Akhmetov,3
Zhanna Esenov,2
Derya Nurgaliyev,4
Gaukhar Esenov,3
Anel Petrov,2
Alibek Ibrayev,1
Igor Mikhailov,3
Oleg Baiseitov,2
Zhanel Zhunusov,2
Omar Sahin,3
Daria Turgenev,2
Aruzhan Ivanov,3
Ece Zhunusov,5
Denis Kudaibergen,1
Marat Bolat,2
Vera Kilic,1
Kerem Arslan,3
Kirill Makhmud,2
Derya Sadykov,5
Anna Ermek,1
Rasul Ozturk,1
Murat Kurmanov,1
Milana Petrov,3
Serik Koc,1
Yulia Tashkenov,2
Sabina Konysbay,4
Talgat Sadykov,1
Omar Aslan,2
Nurlybek Mikhailov,1
Maxim Serikbay,3
Nazerke Serikbay,3
Sergey Ibrayev,1
Meruyert Abenov,1
Nazerke Abdirov,5
Alisa Kuznetsov,3
Alibek Esenov,4
Serik Kuznetsov,1
Omar Aliyev,3
Tolga Zhaksylyk,3
Irina Lebedev,4
Sanzhar Rakhimov,4
Elif Kurt,3
Madina Amangeldy,1
Gaukhar Temirov,2
Sofia Assanov,1
Ekaterina Ibrayev,3
Aknur Kaya,5
Aknur Abenov,1
Denis Abdirov,4
Sofia Kaya,5
Yerlan Rakhimov,1
Balzhan Ermek,4
Madina Sahin,2
Serik Sahin,1
Zeynep Kurmanov,1
Vadim Sokolov,5
Oleg Smirnov,3
Yulia Bolat,3
Meruyert Dogan,2
Oleg Mikhailov,3
Nazym Assanov,3
Saltanat Lebedev,2
Aigerim Dogan,1
Yerbol Temirov,2
Maria Kassym,3
Emre Dogan,2
Askar Baiseitov,4
Tolga Morozov,2
Sofia Morozov,4
Daniyar Bolat,1
Aisha Kaya,3
Yulia Sadykov,2
Roman Omarov,4
Sanzhar Mukanov,1
Ainur Sagyndyk,1
Dana Dogan,2
Ilyas Zhaksylyk,5
Polina Orazov,2
Aruzhan Baitursyn,2
Nurlan Shakenov,2
Azamat Dauletov,3
Bauyrzhan Koc,5
Kuanysh Tleubek,5
Oleg Morozov,2
Irina Jumabek,3
Karina Orazov,3
Sabina Suleimenov,4
Tolga Novikov,1
Polina Morozov,4
Polina Petrov,2
Rauan Kurt,2
Askar Rakhimov,2
Artem Turgenev,2
Saltanat Kuznetsov,1
Bauyrzhan Jumabek,2
Yulia Alpysbay,4
Olzhas Kaliyev,1
Adil Suleimenov,1
Sofia Ermek,3
Zhuldyz Zhunusov,2
Olga Smirnov,3
Aigul Esenov,3
Alibek Yilmaz,5
Alibek Karimov,4
Oleg Serikbay,2
Polina Kaliyev,3
Ece Petrov,2
Oleg Kurt,1
Gaukhar Zhunusov,4
Ksenia Mikhailov,2
Oleg Volkov,1
Hasan Ibrayev,2
Yernar Jumabek,4
Elena Fedorov,4
Yernar Ualiyev,1
Dias Musin,3
Nur Kudaibergen,3
Tatiana Kaya,2
Polina Yilmaz,4
Zarina Baiseitov,2
Dana Serikbay,1
Kirill Shakenov,4
Sofia Abdirov,2
Zhanna Abdirov,3
Tomiris Kilic,1
Dias Kuznetsov,2
Artem Aslan,5
Talgat Yilmaz,4
Maria Kilic,4
Andrey Aliyev,3
Bauyrzhan Smirnov,2
Marat Rakhimov,1
Kuanysh Abdirov,4
Zarina Musin,2
Tomiris Sahin,5
Zhanel Sadykov,1
Nurlan Akhmetov,2
Alina Sokolov,1
Sultan Arslan,5
Tolga Sadykov,1
Aigerim Zhaksylyk,2
Zhanna Popov,4
Yerbol Baitursyn,3
Kamila Mukanov,1
Dmitry Celik,1
Anel Orazov,2
Andrey Temirov,2
Islam Ivanov,1
Nur Kassym,5
Zhanna Mukanov,3
Amir Arslan,1
Ruslan Karimov,3
Ainur Kaya,3
Ainur Bekov,2
Kamila Zhumabek,3
Tatiana Novikov,2
Aigul Gabdullin,2
Tolga Amangeldy,1
Sergey Rakhimov,1
Andrey Bekov,2
Andrey Baiseitov,2
Aigerim Rakhimov,4
Milana Kurmanov,1
Bauyrzhan Konysbay,1
Selin Dogan,4
Aknur Sokolov,3
Irina Jumabek,1
Gaukhar Ibrayev,3
Yerbol Shakenov,3
Aliya Popov,2
Ekaterina Zhunusov,2
Askar Aliyev,3
Artem Akhmetov,3
Omar Aliyev,4
Alisa Bekov,3
Rasul Petrov,1
Vera Kilic,5
Rauan Kaliyev,3
Tolga Ualiyev,2
Laura Zhumabek,3
Kamila Omarov,4
Ekaterina Kassym,3
Ruslan Kudaibergen,2
Artem Kurmanov,2
Roman Lebedev,4
Maria Ozturk,3
Zhanel Ibrayev,3
Daria Amangeldy,1
Dias Alpysbay,3
Damir Mukanov,1
Asel Arslan,2
Olga Bekov,2
Nurzhan Kaya,2
Rasul Bekov,2
Alina Ermek,1
Vadim Kara,3
Ksenia Serikbay,2
Damir Alpysbay,3
Bekzat Kurmanov,3
Talgat Mikhailov,3
Gulnaz Kudaibergen,2
Karina Shakenov,5
Selin Popov,3
Sultan Sagyndyk,4
Gulnaz Makhmud,2
Balzhan Kuznetsov,1
Nikita Sahin,1
Yerlan Omarov,3
Zhuldyz Suleimenov,5
Adil Ibrayev,2
Zhanar Sagyndyk,1
Marat Mikhailov,4
Meruyert Temirov,2
Zarina Ibrayev,2
Aigul Kaliyev,3
Milana Rakhimov,2
Talgat Sokolov,1
Serik Kurmanov,3
Zhanel Volkov,1
Talgat Temirov,5
Baris Makhmud,4
Islam Bekov,3
Andrey Smirnov,1
Elif Novikov,5
Zeynep Smirnov,2
Aigerim Iskakov,3
Islam Orazov,2
Tolga Amangeldy,5
Vadim Demir,1
Ksenia Zhaksylyk,2
Alina Abdirov,3
Zhanar Kaya,1
Pavel Bolat,1
Pavel Makhmud,4
Askar Novikov,3
Saltanat Bekov,2
Milana Mukanov,3
Tomiris Ibrayev,4
Tolga Sokolov,5
Vlad Suleimenov,5
Dmitry Kaliyev,4
Kamila Ozturk,4
Ersultan Celik,3
Madina Novikov,1
Adil Demir,1
Rasul Kara,2
Vlad Suleimenov,3
Aisha Koc,3
Alibek Abdirov,4
Yerbol Kaliyev,2
Nurlybek Kassym,2
Anel Jumabek,2
Alina Kaliyev,1
Baris Assanov,4
Symbat Yilmaz,1
Zhandos Karimov,1
Kuanysh Morozov,2
Karina Zhumabek,2
Nazym Serikbay,3
Ruslan Suleimenov,3
Roman Baiseitov,3
Aigul Ualiyev,1
Ainur Kurt,1
Dmitry Amangeldy,2
Asel Ibrayev,3
Baris Aslan,3
Akbota Yerzhanov,2
Baris Iskakov,2
Elif Volkov,3
Yerlan Bolat,3
Anel Serikbay,1
Sultan Turgenev,1
Tomiris Daulet,2
Yerlan Yilmaz,1
Emre Morozov,4
Vlad Aliyev,3
Azamat Tashkenov,1
Dias Kudaibergen,1
Zeynep Kuznetsov,2
Nur Tleubek,4
Askar Mikhailov,3
Azamat Akhmetov,2
Aizhan Kurmanov,4
Aruzhan Celik,4
Andrey Orazov,1
Selin Cetin,5
Nurlan Gabdullin,1
Marat Turgenev,3
Balzhan Abenov,1
Emre Smirnov,5
Aknur Demir,3
Polina Zhunusov,3
Dana Amangeldy,2
Sultan Nurgaliyev,3
Yernar Bekov,2
Anton Mukanov,5
Dmitry Serikbay,3
Elena Sadykov,2
Talgat Baiseitov,2
Zhansaya Aslan,1
Kirill Mikhailov,4
Anton Zhunusov,4
Nikita Volkov,4
Temirlan Gabdullin,2
Gaukhar Zhunusov,3
Damir Novikov,4
Gaukhar Jumabek,3
Vlad Konysbay,1
Ekaterina Zhaksylyk,3
Kirill Alpysbay,2
Olzhas Daulet,4
Kairat Kassym,3
Kirill Kassym,2
Yulia Sokolov,2
Elif Ibrayev,1
Elif Lebedev,1
Denis Abdirov,2
Aruzhan Rakhimov,3
Zhanar Iskakov,1
Islam Alpysbay,2
Nikita Jumabek,5
Sabina Abenov,1
Aliya Kuznetsov,2
Ece Akhmetov,4
Tomiris Serikbay,3
Oleg Karimov,5
Yerlan Serikbay,2
Sultan Esenov,4
Asel Dogan,1
Emre Karimov,4
Derya Baiseitov,3
Yernar Kassym,3
Yerbol Daulet,2
Tomiris Tleubek,1
Polina Ibrayev,2
Rauan Popov,4
Asel Yilmaz,3
Rauan Yilmaz,3
Kamila Kaliyev,3
Miras Ualiyev,4
Dmitry Volkov,1
Denis Musin,2
Olzhas Novikov,2
Asel Koc,4
Rauan Kaya,4
Oleg Dauletov,1
Zeynep Aliyev,3
Anel Dogan,2
Balzhan Jumabek,1
Tomiris Alpysbay,2
Daria Kudaibergen,2
Meruyert Bekov,3
Bauyrzhan Turgenev,4
Milana Fedorov,2
Nazym Alpysbay,3
Omar Amangeldy,5
Yerbol Fedorov,3
Azamat Baiseitov,3
Baris Jumabek,2
Sabina Aliyev,1
Andrey Arslan,3
Alina Musin,1
Nazerke Ozturk,2
Vlad Akhmetov,1
Ruslan Kassym,4
Zhanna Shakenov,1
Temirlan Akhmetov,1
Balzhan Gabdullin,2
Karina Arslan,4
Aliya Popov,1
Meruyert Zhaksylyk,3
Igor Sahin,2
Oleg Jumabek,3
Vlad Baiseitov,3
Ksenia Demir,3
Zhanel Turgenev,1
Kairat Ualiyev,2
Nikita Iskakov,2
Dinara Cetin,1
Dana Jumabek,3
Dana Zhunusov,3
Ruslan Sadykov,2
Zhanna Assanov,2
Murat Omarov,4
Alina Ivanov,1
Polina Ermek,4
Azamat Shakenov,1
Karina Rakhimov,2
Ersultan Volkov,1
Maxim Temirov,1
Baris Ibrayev,3
Yerlan Alpysbay,3
Selin Kara,3
Arman Sokolov,4
Anel Kurt,3
Emre Kuznetsov,3
Dinara Makhmud,2
Pavel Dauletov,5
Nurzhan Karimov,5
Daniyar Temirov,4
Laura Yerzhanov,5
Ece Kassym,5
Aruzhan Kaya,2
Emre Musin,2
Nazym Demir,2
Rasul Konysbay,4
Askar Ibrayev,1
Ece Turgenev,1
Derya Demir,1
Symbat Akhmetov,3
Denis Arslan,5
Daniyar Gabdullin,5
Yernar Kaliyev,3
Kuanysh Yilmaz,3
Maria Kuznetsov,1
Kuanysh Daulet,4
Roman Aslan,2
Nazerke Ozturk,3
Bekzat Abenov,4
Kirill Karimov,4
Alisa Gabdullin,1
Aruzhan Kassym,3
Timur Tleubek,3
Vlad Dogan,3
Saltanat Celik,2
Denis Serikbay,5
Pavel Omarov,2
Zhanar Orazov,3
Ece Tashkenov,4
Roman Kassym,4
Dias Yerzhanov,4
Askar Kilic,5
Sanzhar Sokolov,2
Laura Morozov,4
Zhanna Kaya,3
Vera Baiseitov,1
Aigul Demir,4
Kirill Shakenov,1
Nurlan Akhmetov,5
Islam Konysbay,1
Daria Zhunusov,1
Vadim Aliyev,2
Maxim Aslan,2
Maria Arslan,4
Pavel Yilmaz,3
Elnur Iskakov,3
Artem Novikov,1
Sergey Volkov,2
Marat Konysbay,2
Anna Sadykov,3
Igor Akhmetov,2
Gulnaz Akhmetov,3
Saltanat Iskakov,1
Sergey Gabdullin,2
Ilyas Musin,3
Gaukhar Mikhailov,2
Polina Fedorov,2
Ainur Zhaksylyk,1
Yerbol Yilmaz,5
Yerlan Kudaibergen,2
Saltanat Volkov,3
Aizhan Alpysbay,1
Kerem Kaliyev,1
Islam Koc,2
Elena Ivanov,3
Selin Ermek,2
Nurzhan Zhunusov,3
Talgat Abdirov,4
Anel Lebedev,5
Derya Volkov,2
Serik Orazov,1
Kamila Kaliyev,2
Zhanel Ivanov,4
Islam Novikov,5
Temirlan Yilmaz,2
Ruslan Zhumabek,2
Dias Iskakov,2
Aizhan Kara,1
Dinara Kaliyev,1
Ruslan Ibrayev,1
Talgat Kassym,3
Aliya Musin,4
Aruzhan Sahin,2
Nikita Aslan,2
Aliya Omarov,3
Marat Rakhimov,2
Tomiris Nurgaliyev,1
Yulia Suleimenov,5
Baris Kudaibergen,2
Zarina Akhmetov,3
Oleg Abdirov,4
Daniyar Jumabek,1
Maria Morozov,1
Dinara Esenov,3
Andrey Konysbay,1
Aizhan Suleimenov,1
Nazym Suleimenov,1
Alisa Novikov,1
Vera Zhumabek,4
Alisa Ermek,2
Aisha Karimov,2
Maxim Yerzhanov,4
Timur Kurmanov,3
Zeynep Fedorov,1
Anton Fedorov,5
Sabina Zhaksylyk,2
Pavel Kara,5
Balzhan Orazov,2
Anel Jumabek,1
Bauyrzhan Zhaksylyk,1
Vera Yerzhanov,2
Madina Aliyev,2
Yerbol Sagyndyk,2
Zhandos Ualiyev,5
Maria Kuznetsov,5
Anel Karimov,1
Serik Orazov,3
Maxim Gabdullin,2
Meruyert Ivanov,3
Polina Temirov,1
Nazerke Kuznetsov,3
Ilyas Petrov,5
Hasan Lebedev,4
Arman Serikbay,2
Andrey Alpysbay,2
Zhanel Sadykov,1
Olzhas Akhmetov,3
Karina Zhaksylyk,4
Milana Baitursyn,1
Aruzhan Shakenov,3
Olga Kaliyev,1
Irina Jumabek,1
Arman Mikhailov,4
Aigerim Arslan,1
Gaukhar Makhmud,1
Ilyas Kaliyev,4
Zhandos Daulet,4
Zhanel Aliyev,3
Sanzhar Demir,3
Yernar Dogan,1
Oleg Shakenov,2
Sanzhar Turgenev,3
Symbat Bekov,2
Nazerke Baiseitov,4
Dana Volkov,1
Arman Shakenov,2
Damir Ibrayev,2
Miras Sokolov,1
Ece Musin,2
Azamat Temirov,2
Kirill Alpysbay,5
Selin Popov,2
Irina Konysbay,1
Temirlan Daulet,5
Sergey Suleimenov,4
Selin Akhmetov,4
Derya Zhaksylyk,2
Emre Yilmaz,1
Kamila Kara,1
Askar Tleubek,3
Kamila Iskakov,3
Sergey Kudaibergen,4
Dinara Sadykov,1
Kirill Dauletov,1
Timur Konysbay,5
Vera Rakhimov,4
Zarina Konysbay,3
Aizhan Makhmud,4
Vadim Alpysbay,2
Islam Fedorov,3
Bauyrzhan Demir,3
Bauyrzhan Lebedev,4
Islam Morozov,1
Bekzat Celik,3
Oleg Ivanov,3
Sanzhar Rakhimov,1
Bauyrzhan Ivanov,1
Sultan Sadykov,3
Zhanel Smirnov,2
Bekzat Yilmaz,1
Oleg Assanov,3
Elif Konysbay,2
Hasan Mikhailov,2
Bauyrzhan Temirov,3
Daniyar Dauletov,2
Zhansaya Mikhailov,2
Ersultan Ozturk,1
Kamila Celik,2
Alisa Bolat,3
Ilyas Morozov,3
Ekaterina Omarov,4
Timur Tashkenov,2
Polina Shakenov,3
Emre Abdirov,1
Zeynep Bolat,1
Miras Alpysbay,4
Ilyas Novikov,2
Timur Abenov,2
Olga Kurmanov,2
Kuanysh Assanov,3
Anna Turgenev,5
Selin Amangeldy,3
Nikita Novikov,1
Zhuldyz Mikhailov,3
Nazym Popov,3
Zhanel Fedorov,2
Elnur Kurt,1
Sofia Tashkenov,2
Derya Sadykov,1
Kuanysh Baiseitov,2
Daniyar Sagyndyk,4
Zhanel Kudaibergen,2
Damir Kassym,1
Dinara Zhumabek,1
Rasul Turgenev,1
Nikita Volkov,3
Dinara Zhumabek,5
Zeynep Gabdullin,2
Nikita Abdirov,1
Vadim Arslan,2
Anton Kara,2
Baris Dogan,4
Selin Kuznetsov,3
Daniyar Orazov,4
Aknur Popov,5
Yerlan Lebedev,3
Andrey Kurmanov,2
Zhandos Kurmanov,5
Aigerim Sokolov,1
Tolga Kilic,1
Polina Abenov,5
Miras Dogan,2
Yulia Makhmud,1
Miras Mikhailov,2
Nur Kurt,2
Yernar Ermek,5
Zhansaya Ermek,3
Aisha Temirov,2
Olga Shakenov,5
Denis Ermek,1
Amir Mukanov,3
Andrey Gabdullin,3
Selin Petrov,2
Timur Baiseitov,1
Alibek Nurgaliyev,2
Ksenia Assanov,2
Aruzhan Bekov,5
Nikita Karimov,2
Asel Baitursyn,5
Tomiris Kassym,2
Yerbol Volkov,3
Madina Jumabek,2
Artem Sagyndyk,3
Elnur Iskakov,2
Omar Baitursyn,1
Vera Konysbay,4
Zhansaya Kurt,2
Balzhan Baitursyn,1
Emre Arslan,2
Aruzhan Ualiyev,1
Dmitry Ermek,2
Alisa Ozturk,2
Azamat Suleimenov,5
Zhanar Nurgaliyev,1
Bekzat Kilic,2
Milana Kara,3
Daria Tashkenov,2
Vera Aslan,5
Milana Kaya,5
Saltanat Dogan,2
Azamat Ermek,2
Artem Ibrayev,1
Nazerke Morozov,4
Vera Sahin,2
Asel Bekov,1
Elif Kudaibergen,4
Rauan Musin,2
Madina Baitursyn,3
Sultan Kara,5
Nikita Bolat,1
Roman Lebedev,1
Ilyas Sokolov,5
Olga Volkov,4
Islam Kudaibergen,4
Vadim Baitursyn,4
Selin Kara,2
Oleg Zhaksylyk,5
Laura Musin,3
Elif Omarov,5
Askar Musin,3
Symbat Orazov,5
Zhuldyz Ermek,2
Bauyrzhan Rakhimov,2
Meruyert Shakenov,1
Maxim Daulet,3
Adil Serikbay,5
Madina Abdirov,4
Vadim Abdirov,1
Layla Akhmetov,5
Nurlan Makhmud,3
Ersultan Bolat,2
Balzhan Amangeldy,3
Tolga Ualiyev,3
Adil Volkov,5
Tatiana Dogan,4
Sultan Rakhimov,4
Daria Kaya,1
Kairat Assanov,3
Zhandos Ermek,1
Emre Tashkenov,2
Artem Ozturk,2
Aizhan Ermek,3
Artem Koc,2
Derya Bekov,2
Sultan Celik,1
Gaukhar Nurgaliyev,3
Serik Baiseitov,1
Hasan Nurgaliyev,3
Irina Smirnov,2
Kamila Zhunusov,1
Nazym Baiseitov,2
Temirlan Morozov,1
Zhanel Turgenev,5
Vlad Ozturk,5
Nurlan Turgenev,3
Sultan Abenov,4
Yulia Konysbay,3
Symbat Fedorov,1
Omar Kurmanov,2
Dana Akhmetov,1
Azamat Karimov,3
Nurlybek Lebedev,3
Balzhan Yilmaz,2
Tolga Kaliyev,3
Alibek Kurmanov,5
Pavel Akhmetov,1
Gulnaz Ivanov,1
Tatiana Morozov,1
Aigerim Volkov,3
Dias Nurgaliyev,1
Dias Zhaksylyk,3
Aruzhan Volkov,3
Artem Akhmetov,2
Tolga Yerzhanov,5
Dias Aliyev,2
Tolga Sadykov,3
Nazym Novikov,1
Zhandos Abenov,2
Dmitry Turgenev,2
Damir Daulet,3
Ksenia Kaya,4
Balzhan Iskakov,3
Symbat Alpysbay,1
Zhandos Novikov,4
Askar Dogan,2
Kairat Demir,4
Nurlybek Sokolov,2
Timur Temirov,1
Meruyert Novikov,3
Ksenia Musin,1
Dmitry Karimov,2
Anton Ozturk,3
Aisha Arslan,1
Nurlybek Abdirov,1
Elif Abdirov,2
Murat Dogan,1
Nurlan Zhunusov,4
Rauan Aliyev,3
Andrey Musin,5
Sabina Suleimenov,2
Aruzhan Sadykov,3
Nazym Bekov,3
Dmitry Zhunusov,2
Elif Bekov,2
Ksenia Tashkenov,4
Rasul Kilic,3
Dmitry Shakenov,3
Bauyrzhan Omarov,2
Kairat Lebedev,2
Ersultan Mikhailov,2
Olzhas Assanov,1
Bauyrzhan Makhmud,2
Tolga Serikbay,2
Zhandos Akhmetov,3
Amir Demir,2
Damir Kaliyev,3
Anna Kaliyev,4
Asel Kurmanov,4
Sabina Volkov,5
Rauan Popov,1
Bekzat Celik,5
Azamat Makhmud,2
Yernar Kaliyev,1
Alina Gabdullin,1
Yerbol Arslan,1
Yulia Tashkenov,5
Askar Dauletov,3
Temirlan Ermek,2
Aizhan Cetin,3
Adil Zhaksylyk,1
Milana Assanov,4
Vlad Karimov,1
Miras Morozov,3
Maria Akhmetov,4
Nurlan Sagyndyk,1
Gaukhar Esenov,2
Daria Aslan,4
Amir Kaya,1
Bekzat Kilic,3
Anton Amangeldy,5
Asel Ivanov,3
Omar Omarov,2
Zeynep Mukanov,3
Gaukhar Sokolov,5
Elnur Kurmanov,4
Kerem Cetin,1
Zhansaya Gabdullin,1
Yernar Karimov,4
Nurlan Mukanov,3
Nurzhan Kassym,2
Daniyar Smirnov,3
Dinara Ivanov,5
Layla Yerzhanov,1
Nazerke Kurmanov,4
Ruslan Ualiyev,3
Dmitry Jumabek,1
Ainur Baiseitov,3
Daniyar Zhumabek,1
Islam Turgenev,4
Ersultan Koc,2
Anel Orazov,3
Karina Sagyndyk,4
Bauyrzhan Baitursyn,2
Tolga Novikov,2
Layla Kuznetsov,1
Pavel Morozov,1
Zarina Popov,2
Nurzhan Dauletov,1
Kairat Akhmetov,2
Derya Kilic,1
Gulnaz Kara,3
Milana Yilmaz,1
Meruyert Tashkenov,2
Omar Popov,3
Derya Turgenev,3
Laura Kurmanov,2
Aisha Abdirov,4
Yerlan Novikov,1
Alisa Amangeldy,1
Miras Morozov,2
Aizhan Mukanov,1
Igor Koc,1
Dinara Zhumabek,1
Aigul Abenov,3
Laura Volkov,1
Zhandos Popov,3
Sergey Cetin,2
Ilyas Alpysbay,5
Alina Kaya,4
Aizhan Koc,1
Rauan Assanov,2
Zhanar Ivanov,3
Zhanar Serikbay,5
Daniyar Ibrayev,3
Zarina Zhaksylyk,3
Zeynep Amangeldy,3
Selin Kara,4
Azamat Zhaksylyk,3
Igor Konysbay,3
Yerlan Celik,1
Ksenia Sagyndyk,1
Sabina Karimov,2
Sofia Esenov,1
Aliya Makhmud,1
Zhansaya Baitursyn,3
Askar Mikhailov,3
Olzhas Kaya,3
Nurlan Smirnov,4
Elif Esenov,3
Nikita Bolat,2
Symbat Kurt,2
Zhanar Tleubek,2
Nur Bolat,3
Sergey Petrov,2
Alisa Arslan,3
Nazym Bolat,2
Timur Baitursyn,2
Saltanat Morozov,2
Anton Suleimenov,2
Elif Tashkenov,2
Sofia Serikbay,2
Kuanysh Zhumabek,5
Nazym Orazov,4
Nazerke Iskakov,4
Aisha Sadykov,2
Vadim Akhmetov,3
Milana Sadykov,2
Ksenia Lebedev,2
Derya Iskakov,1
Elif Kilic,4
Talgat Iskakov,3
Yerbol Petrov,2
Polina Karimov,3
Murat Kurmanov,1
Ilyas Kaliyev,2
Pavel Turgenev,2
Azamat Ualiyev,2
Roman Popov,1
Sergey Esenov,3
Nikita Sagyndyk,2
Alina Suleimenov,2
Asel Novikov,2
Olzhas Rakhimov,2
Ilyas Cetin,1
Rauan Sagyndyk,5
Selin Esenov,3
Hasan Abenov,2
Hasan Amangeldy,2
Dmitry Sahin,2
Arman Ualiyev,4
Ekaterina Assanov,2
Ksenia Orazov,4
Nurzhan Assanov,3
Anna Zhunusov,2
Aliya Abdirov,1
Ksenia Kaliyev,3
Zarina Kaliyev,2
Alibek Aslan,1
Arman Demir,1
Amir Kuznetsov,1
Bauyrzhan Sokolov,3
Sultan Kurt,5
Laura Bolat,4
Ersultan Turgenev,1
Nazerke Smirnov,4
Aisha Ibrayev,4
Symbat Musin,1
Kamila Dauletov,2
Nikita Nurgaliyev,2
Zhansaya Sadykov,3
Aisha Ozturk,2
Anton Karimov,1
Irina Kassym,3
Ainur Fedorov,3
Damir Shakenov,3
Vlad Ivanov,4
Ilyas Sokolov,4
Azamat Konysbay,1
Yulia Lebedev,3
Adil Rakhimov,4
Ersultan Ozturk,2
Laura Sahin,2
Kerem Baitursyn,2
Zhuldyz Amangeldy,3
Oleg Gabdullin,1
Sergey Sokolov,3
Sanzhar Celik,1
Saltanat Morozov,4
Bauyrzhan Kudaibergen,2
Zhandos Arslan,3
Gulnaz Ozturk,2
Aliya Kuznetsov,3
Laura Karimov,5
Zhanel Shakenov,2
Zhandos Assanov,3
Ilyas Yerzhanov,1
Islam Sagyndyk,1
Laura Serikbay,1
Selin Kaya,4
Nurlybek Baitursyn,2
Miras Iskakov,2
Anel Demir,3
Gaukhar Smirnov,4
Ece Kaliyev,3
Yerlan Koc,2
Milana Ivanov,3
Rasul Abenov,1
Sultan Demir,3
Tolga Baiseitov,3
Omar Mikhailov,2
Gulnaz Ibrayev,1
Tolga Iskakov,1
Nurlybek Temirov,4
Zhanar Dauletov,3
Derya Fedorov,3
Tolga Alpysbay,2
Zhandos Mikhailov,1
Derya Assanov,4
Karina Mikhailov,4
Pavel Tleubek,2
Vadim Novikov,2
Derya Kuznetsov,2
Ilyas Novikov,3
Islam Dauletov,3
Gulnaz Nurgaliyev,1
Kairat Rakhimov,5
Denis Baitursyn,1
Yernar Lebedev,5
Miras Zhunusov,4
Maria Bekov,1
Aigul Amangeldy,1
Zhandos Omarov,1
Igor Abenov,5
Laura Kaya,2
Symbat Temirov,1
Balzhan Novikov,1
Dmitry Dauletov,2
Laura Abenov,2
Ekaterina Bolat,2
Laura Dauletov,3
Vlad Sokolov,3
Talgat Karimov,4
Aruzhan Bekov,1
Anel Iskakov,3
Irina Rakhimov,2
Karina Rakhimov,3
Aliya Tleubek,3
Temirlan Kilic,4
Askar Zhaksylyk,5
Emre Ivanov,2
Vera Kudaibergen,2
Symbat Abenov,2
Zhanel Dogan,3
Meruyert Kassym,3
Nurlybek Bekov,2
Andrey Kudaibergen,1
Alina Koc,1
Irina Abdirov,1
Ilyas Omarov,2
Ruslan Zhumabek,3
Ruslan Smirnov,3
Rauan Makhmud,4
Olzhas Petrov,3
Talgat Omarov,3
Alibek Bolat,1
Olga Yerzhanov,2
Vera Ermek,3
Miras Baitursyn,3
Pavel Dogan,1
Zhanel Iskakov,4
Zhanna Bolat,3
Layla Novikov,2
Dana Turgenev,2
Ilyas Dogan,1
Bauyrzhan Mikhailov,1
Tomiris Abenov,2
Layla Konysbay,4
Denis Kara,4
Meruyert Bekov,3
Artem Sagyndyk,3
Aisha Sokolov,3
Nurlan Zhumabek,2
Serik Turgenev,1
Temirlan Karimov,5
Yulia Morozov,1
Aigerim Alpysbay,4
Vlad Makhmud,2
Yerlan Omarov,3
Kairat Smirnov,3
Ekaterina Kudaibergen,1
Sergey Zhunusov,4
Irina Bolat,4
Dmitry Tashkenov,4
Tatiana Ibrayev,5
Maria Baitursyn,1
Aisha Abenov,3
Saltanat Kurmanov,3
Bekzat Alpysbay,3
Rauan Mukanov,4
Vlad Daulet,1
Zhansaya Kara,2
Nurlybek Ualiyev,5
Igor Musin,2
Balzhan Kara,1
Anna Zhaksylyk,3
Ruslan Kaya,3
Aknur Sadykov,1
Vadim Omarov,1
Layla Abdirov,2
Aigerim Koc,2
Artem Bekov,5
Sofia Kaliyev,1
Dinara Sokolov,1
Temirlan Kilic,3
Aisha Smirnov,1
Amir Kurmanov,4
Marat Koc,1
Anton Abdirov,4
Damir Abenov,2
Temirlan Konysbay,3
Yerbol Baiseitov,4
Tomiris Iskakov,3
Aizhan Cetin,3
Ainur Ermek,3
Symbat Gabdullin,1
Ainur Ibrayev,2
Zhanar Rakhimov,3
Temirlan Kilic,1
Amir Demir,3
Nurlybek Novikov,2
Anel Kara,2
Zhandos Celik,3
Omar Kuznetsov,3
Maria Konysbay,2
Gulnaz Kurmanov,2
Anton Suleimenov,5
Damir Yerzhanov,2
Aliya Volkov,3
Ekaterina Koc,1
Alisa Sagyndyk,4
Meruyert Turgenev,4
Sabina Bekov,3
Omar Daulet,1
Rauan Ivanov,1
Derya Shakenov,2
Artem Sadykov,4
Sultan Alpysbay,2
Nur Kudaibergen,5
Sergey Akhmetov,2
Nurzhan Cetin,3
Igor Sagyndyk,1
Aigul Musin,5
Derya Sadykov,2
Roman Zhunusov,3
Timur Ozturk,3
Igor Ualiyev,1
Daniyar Bolat,5
Gaukhar Rakhimov,1
Sofia Sahin,4
Nikita Volkov,3
Nikita Tleubek,1
Yulia Popov,1
Anna Orazov,1
Alibek Daulet,2
Roman Baitursyn,3
Daria Celik,3
Aisha Orazov,2
Aisha Ivanov,3
Tatiana Omarov,1
Anel Akhmetov,4
Sofia Zhaksylyk,3
Sabina Tleubek,3
Bekzat Daulet,2
Zarina Tashkenov,2
Omar Yilmaz,3
Oleg Esenov,3
Nikita Omarov,4
Dias Serikbay,3
Vera Shakenov,4
Ainur Dauletov,2
Aigerim Mikhailov,1
Alibek Aslan,4
Amir Kara,5
Maria Orazov,4
Askar Ozturk,2
Zhandos Gabdullin,1
Roman Yilmaz,2
Roman Orazov,1
Sultan Popov,2
Nur Akhmetov,5
Aisha Kara,2
Aisha Kara,3
Aisha Popov,1
Nurzhan Fedorov,1
Nurlan Sahin,2
Gaukhar Bolat,3
Laura Tashkenov,1
Laura Jumabek,1
Alisa Dauletov,2
Aknur Bolat,4
Zeynep Sadykov,2
Layla Koc,4
Roman Amangeldy,2
Anton Abenov,1
Ekaterina Lebedev,2
Daniyar Popov,2
Vadim Sagyndyk,2
Zhandos Novikov,3
Olzhas Mikhailov,4
Madina Zhumabek,1
Saltanat Fedorov,2
Damir Kudaibergen,1
Akbota Baitursyn,1
Miras Kurmanov,3
Omar Tashkenov,2
Maxim Kuznetsov,2
Kamila Baiseitov,1
Kuanysh Daulet,1
Zhanar Karimov,5
Alina Mukanov,3
Aigerim Kaya,3
Selin Serikbay,1
Bauyrzhan Daulet,1
Meruyert Novikov,3
Sanzhar Amangeldy,1
Kuanysh Rakhimov,1
Aruzhan Arslan,3
Artem Sagyndyk,2
Bauyrzhan Volkov,4
Sanzhar Dauletov,3
Andrey Ivanov,2
Ersultan Karimov,4
Nazerke Serikbay,5
Vadim Baitursyn,4
Bauyrzhan Turgenev,2
Vera Novikov,4
Zhanar Sokolov,1
Aisha Aslan,2
Roman Ivanov,1
Kairat Demir,5
Ilyas Celik,3
Nurzhan Petrov,5
Alibek Morozov,2
Kerem Gabdullin,1
Rasul Shakenov,2
Karina Sadykov,1
Damir Orazov,2
Rauan Sagyndyk,3
Asel Bolat,3
Pavel Novikov,2
Marat Musin,1
Timur Orazov,4
Zhuldyz Tashkenov,4
Yernar Iskakov,1
Oleg Kaliyev,4
Asel Kaya,1
Dias Alpysbay,2
Selin Kurmanov,5
Olzhas Suleimenov,2
Elnur Popov,5
Sofia Morozov,1
Zhandos Konysbay,1
Emre Kilic,3
Baris Popov,5
Azamat Kurt,1
Temirlan Konysbay,1
Nikita Alpysbay,3
Dana Alpysbay,1
Sabina Sadykov,2
Zhanar Abdirov,3
Elif Serikbay,5
Bauyrzhan Sokolov,5
Ainur Aliyev,2
Dias Dogan,3
Yulia Ualiyev,4
Zeynep Yilmaz,2
Kerem Assanov,3
Sultan Popov,1
Olzhas Kudaibergen,3
Nur Tashkenov,2
Saltanat Volkov,3
Meruyert Alpysbay,1
Oleg Volkov,1
Olga Koc,5
Yerlan Turgenev,3
Alisa Turgenev,4
Damir Aliyev,2
Azamat Abdirov,3
Nurlybek Sokolov,2
Sofia Akhmetov,1
Selin Kuznetsov,5
Nazerke Zhumabek,1
Nur Zhumabek,1
Nazym Rakhimov,3
Daniyar Rakhimov,4
Yerlan Baiseitov,1
Andrey Popov,1
Milana Lebedev,2
Karina Dauletov,1
Arman Bekov,4
Vadim Dauletov,3
Andrey Morozov,2
Symbat Zhaksylyk,4
Zarina Aliyev,1
Aigerim Zhumabek,3
Maxim Esenov,1
Layla Sokolov,4
Milana Zhunusov,5
Ekaterina Kara,3
Nur Yilmaz,1
Nurlybek Abenov,2
Daria Kassym,2
Igor Ivanov,2
Daniyar Kudaibergen,2
Polina Dauletov,1
Olzhas Demir,2
Saltanat Gabdullin,3
Dias Sadykov,3
Anton Iskakov,3
Derya Ualiyev,3
Dinara Celik,3
Andrey Dauletov,3
Nurzhan Zhumabek,1
Ilyas Aliyev,5
Sabina Sadykov,1
Laura Omarov,5
Askar Baiseitov,3
Zhuldyz Popov,2
Sofia Yilmaz,2
Dmitry Novikov,3
Madina Kaya,1
Dana Smirnov,1
Tolga Lebedev,2
Zhansaya Serikbay,5
Alina Sadykov,3
Emre Aliyev,1
Igor Smirnov,2
Kerem Ivanov,1
Islam Daulet,3
Elif Omarov,3
Zhanel Konysbay,1
Elif Ibrayev,5
Emre Aslan,1
Anton Omarov,3
Ksenia Ermek,1
Sanzhar Dogan,3
Ekaterina Dauletov,2
Nazym Esenov,1
Daria Ozturk,1
Saltanat Omarov,4
Kerem Shakenov,2
Alisa Kaya,2
Olzhas Turgenev,3
Elena Smirnov,2
Ilyas Cetin,1
Nur Abenov,3
Saltanat Yerzhanov,2
Dias Shakenov,1
Anel Gabdullin,1
Kamila Ermek,2
Kuanysh Abenov,2
Rauan Fedorov,1
Murat Ibrayev,5
Hasan Dauletov,4
Azamat Ibrayev,2
Dmitry Kaya,5
Azamat Karimov,5
Kirill Akhmetov,3
Karina Kaya,1
Artem Karimov,2
Adil Ivanov,2
Igor Kuznetsov,2
Adil Serikbay,5
Ainur Kaliyev,5
Maxim Assanov,2
Rasul Musin,1
Amir Sagyndyk,1
Vera Sahin,4
Zhandos Shakenov,1
Anton Ermek,2
Kairat Dauletov,2
Elnur Kassym,1
Bauyrzhan Kaliyev,2
Nazym Kaya,3
Kairat Jumabek,3
Olzhas Suleimenov,1
Sofia Petrov,4
Tolga Zhunusov,3
Nur Kaya,2
Dinara Suleimenov,2
Arman Sokolov,2
Nurzhan Sokolov,4
Zhanar Celik,1
Madina Arslan,4
Ilyas Zhumabek,1
Dias Ermek,4
Kuanysh Petrov,3
Kamila Ermek,4
Akbota Smirnov,2
Yulia Jumabek,2
Tomiris Sokolov,2
Kirill Baiseitov,2
Irina Temirov,1
Aigerim Orazov,1
Vera Suleimenov,2
Denis Demir,4
Nur Aslan,1
Bauyrzhan Ozturk,5
Aruzhan Turgenev,2
Murat Nurgaliyev,5
Elif Sadykov,4
Sergey Sokolov,3
Asel Karimov,1
Olga Smirnov,3
Talgat Morozov,2
Vlad Sadykov,1
Rauan Fedorov,5
Dias Demir,1
Gaukhar Esenov,1
Kirill Fedorov,3
Maxim Jumabek,3
Milana Sagyndyk,5
Adil Dogan,5
Vlad Aslan,2
Talgat Kaya,2
Aliya Shakenov,4
Symbat Omarov,3
Talgat Shakenov,1
Tomiris Daulet,5
Aruzhan Tashkenov,2
Ersultan Musin,5
Sofia Daulet,3
Zhanna Arslan,2
Yerbol Novikov,1
Dana Konysbay,1
Timur Iskakov,2
Maxim Kaya,3
Baris Nurgaliyev,4
Asel Gabdullin,1
Laura Shakenov,4
Vlad Mukanov,3
Rasul Makhmud,3
Aizhan Suleimenov,5
Aigerim Celik,2
Aknur Makhmud,1
Sanzhar Koc,1
Maria Akhmetov,5
Asel Ivanov,3
Zhanar Kassym,1
Miras Koc,5
Ruslan Abenov,4
Daria Demir,2
Maria Smirnov,3
Aliya Sagyndyk,2
Tatiana Kilic,3
Bauyrzhan Demir,2
Talgat Orazov,5
Zhuldyz Mukanov,1
Islam Amangeldy,3
Zarina Temirov,3
Nur Novikov,5
Kerem Assanov,1
Akbota Konysbay,5
Symbat Abdirov,2
Nur Daulet,2
Zhansaya Amangeldy,3
Sanzhar Suleimenov,2
Zhanar Mikhailov,2
Alibek Ermek,1
Dmitry Kurmanov,2
Zarina Bekov,4
Emre Ivanov,2
Marat Sadykov,4
Aizhan Ibrayev,2
Sultan Cetin,3
Miras Aliyev,1
Yernar Jumabek,2
Selin Abdirov,1
Amir Ivanov,4
Sergey Temirov,1
Denis Dogan,2
Alibek Zhunusov,3
Ilyas Kuznetsov,1
Zhansaya Mukanov,1
Polina Cetin,2
Nazym Mikhailov,3
Kuanysh Kaliyev,2
Alina Sagyndyk,4
Ainur Iskakov,2
Dana Gabdullin,4
Nurzhan Kara,4
Elena Konysbay,2
Kamila Serikbay,2
Dana Volkov,2
Amir Arslan,1
Askar Dogan,1
Yernar Aslan,2
Zhansaya Rakhimov,4
Aliya Serikbay,4
Nurzhan Abenov,5
Talgat Abenov,2
Kairat Abenov,3
Kuanysh Iskakov,3
Selin Baitursyn,2
Gulnaz Karimov,4
Madina Jumabek,2
Balzhan Sokolov,2
Kuanysh Popov,2
Tatiana Esenov,3
Elif Popov,3
Madina Cetin,3
Nikita Abdirov,4
Baris Yerzhanov,1
Layla Dogan,1
Dinara Orazov,4
Yernar Suleimenov,2
Omar Kuznetsov,4
Nurzhan Bolat,5
Yerlan Omarov,3
Bekzat Kaya,4
Aizhan Bolat,2
Sanzhar Ermek,1
Ekaterina Shakenov,3
Amir Cetin,1
Zhanel Aliyev,1
Aknur Celik,3
Sanzhar Ozturk,4
Laura Mukanov,3
Zhandos Celik,1
Zarina Musin,5
Alina Bekov,3
Kamila Novikov,4
Nurlan Sadykov,1
Kamila Omarov,1
Kirill Omarov,3
Anel Jumabek,2
Sanzhar Yilmaz,5
Derya Kurmanov,4
Sofia Serikbay,2
Zhanar Shakenov,3
Anel Kaya,3
Talgat Celik,5
Anel Popov,3
Daria Morozov,2
Balzhan Kilic,2
Roman Zhaksylyk,1
Yerbol Lebedev,3
Balzhan Sadykov,5
Daniyar Baitursyn,3
Miras Makhmud,4
Nurlybek Fedorov,1
Sofia Abenov,1
Arman Akhmetov,3
Zhanar Smirnov,4
Symbat Kara,2
Yernar Turgenev,1
Ece Yerzhanov,3
Polina Petrov,1
Yulia Fedorov,4
Anton Rakhimov,2
Omar Abdirov,2
Kairat Mikhailov,3
Temirlan Popov,3
Olga Zhumabek,3
Meruyert Zhunusov,3
Saltanat Kaya,2
Anton Abdirov,2
Sultan Konysbay,5
Anna Sokolov,2
Maxim Esenov,2
Kuanysh Ivanov,2
Miras Ivanov,2
Arman Morozov,3
Maria Ualiyev,1
Derya Musin,1
Alibek Sokolov,4
Tomiris Demir,2
Dias Esenov,4
Dinara Demir,1
Islam Bekov,2
Olzhas Novikov,2
Sofia Ozturk,3
Aruzhan Musin,3
Talgat Musin,4
Baris Gabdullin,4
Layla Daulet,1
Layla Bekov,4
Marat Koc,1
Yernar Amangeldy,5
Sabina Kaya,3
Nurzhan Temirov,2
Adil Ermek,2
Artem Alpysbay,5
Elif Zhaksylyk,2
Yerlan Amangeldy,1
Alisa Amangeldy,3
Pavel Temirov,2
Kuanysh Ibrayev,5
Vadim Ibrayev,2
Miras Orazov,2
Nazerke Karimov,3
Zhanel Volkov,4
Irina Petrov,1
Elena Mikhailov,1
Ekaterina Orazov,3
Vlad Ivanov,4
Baris Musin,1
Olzhas Kassym,1
Nur Konysbay,1
Denis Iskakov,4
Sultan Ermek,1
Daria Tashkenov,2
Gaukhar Abenov,3
Baris Kaya,1
Ekaterina Yerzhanov,2
Yerlan Musin,1
Yerbol Kaya,3
Kairat Temirov,2
Gaukhar Jumabek,4
Gaukhar Omarov,3
Vera Konysbay,3
Tatiana Baitursyn,1
Aliya Turgenev,1
Zhanel Musin,3
Kerem Bekov,1
Ilyas Ivanov,1
Zhandos Fedorov,2
Damir Alpysbay,5
Sanzhar Smirnov,5
Sultan Kilic,4
Murat Abdirov,4
Gaukhar Alpysbay,1
Aigerim Kilic,1
Sanzhar Sadykov,1
Nurlybek Volkov,3
Elena Shakenov,1
Ilyas Bolat,1
Yulia Daulet,4
Aknur Bekov,1
Selin Volkov,1
Sergey Sokolov,5
Aruzhan Kara,2
Sanzhar Yerzhanov,3
Arman Ermek,1
Adil Tleubek,4
Yulia Cetin,4
Oleg Orazov,1
Elif Suleimenov,2
Anton Koc,5
Amir Kassym,5
Alina Cetin,4
Saltanat Esenov,2
Anton Mukanov,2
Olga Sagyndyk,4
Symbat Kurmanov,1
Layla Kara,2
Marat Zhaksylyk,2
Yernar Demir,4
Miras Baitursyn,5
Yerlan Sagyndyk,3
Nur Abenov,4
Kamila Ivanov,5
Maxim Popov,4
Zhanar Mukanov,4
Alibek Kaliyev,3
Adil Kilic,1
Alibek Yilmaz,2
Kerem Assanov,5
Ruslan Assanov,2
Dana Aliyev,5
Vlad Musin,3
Tatiana Petrov,1
Sultan Sadykov,2
Amir Ivanov,2
Zeynep Temirov,3
Zhanel Sokolov,1
Nurlybek Iskakov,3
Zhanna Fedorov,1
Kairat Akhmetov,1
Dinara Kara,3
Laura Zhumabek,2
Zarina Temirov,2
Ilyas Turgenev,3
Gaukhar Kassym,1
Pavel Aliyev,4
Gaukhar Koc,2
Symbat Omarov,5
Rasul Mukanov,3
Zeynep Baitursyn,1
Milana Kuznetsov,3
Asel Amangeldy,3
Nurlybek Mukanov,1
Dias Serikbay,2
Elnur Kudaibergen,1
Emre Yilmaz,3
Tomiris Tleubek,1
Marat Zhaksylyk,1
Aizhan Volkov,3
Alisa Kudaibergen,1
Sergey Tleubek,5
Alina Volkov,1
Elena Omarov,3
Yerbol Volkov,4
Alibek Sokolov,2
Zhanna Sadykov,1
Elif Kuznetsov,3
Emre Ozturk,2
Aliya Dauletov,3
Talgat Serikbay,3
Bekzat Konysbay,4
Karina Sagyndyk,1
Aizhan Tashkenov,1
Yulia Kurmanov,5
Aigul Ozturk,2
Meruyert Karimov,3
Ece Amangeldy,5
Arman Iskakov,2
Hasan Esenov,5
Azamat Omarov,3
Bauyrzhan Konysbay,3
Islam Gabdullin,3
Baris Morozov,2
Zarina Kara,1
Alisa Kaya,3
Laura Popov,1
Sofia Zhunusov,2
Kerem Alpysbay,3
Anel Orazov,1
Ainur Amangeldy,2
Polina Orazov,3
Askar Omarov,4
Arman Dogan,2
Emre Suleimenov,2
Zhansaya Aslan,3
Balzhan Zhunusov,1
Selin Morozov,3
Igor Nurgaliyev,5
Kamila Arslan,3
Nikita Daulet,5
Yernar Tashkenov,1
Baris Smirnov,4
Nazym Zhumabek,5
Tomiris Serikbay,1
Marat Iskakov,2
Aigul Musin,2
Temirlan Alpysbay,2
Madina Kilic,2
Zhuldyz Daulet,1
Ekaterina Konysbay,1
Ece Zhunusov,4
Nikita Smirnov,4
Yulia Sadykov,1
Dmitry Koc,4
Zhandos Sahin,4
Oleg Jumabek,2
Balzhan Jumabek,2
Zhuldyz Daulet,2
Derya Kudaibergen,3
Zhuldyz Fedorov,2
Vadim Fedorov,3
Murat Aslan,2
Zeynep Volkov,3
Alina Ivanov,2
Sergey Jumabek,1
Maxim Nurgaliyev,1
Alisa Kassym,4
Saltanat Tashkenov,1
Gulnaz Kaliyev,3
Murat Kurmanov,2
Zeynep Dauletov,4
Askar Kuznetsov,2
Aknur Assanov,3
Islam Ivanov,3
Kerem Arslan,1
Sanzhar Celik,5
Alina Zhunusov,5
Vera Cetin,3
Talgat Kaya,3
Yulia Kara,5
Igor Iskakov,3
Roman Baitursyn,3
Madina Tleubek,1
Elena Arslan,1
Vera Karimov,3
Bauyrzhan Ibrayev,3
Denis Celik,2
Elif Daulet,2
Kirill Omarov,1
Elif Demir,3
Andrey Kaya,5
Elena Tashkenov,5
Yulia Orazov,5
Miras Zhumabek,2
Ksenia Volkov,1
Hasan Alpysbay,2
Dinara Sahin,4
Olga Makhmud,5
Ece Akhmetov,2
Tomiris Zhumabek,3
Yerlan Kudaibergen,4
Nurlan Turgenev,3
Sergey Iskakov,5
Zarina Rakhimov,2
Zhandos Sagyndyk,3
Ekaterina Petrov,4
Amir Tleubek,5
Balzhan Ibrayev,4
Amir Yerzhanov,1
Vlad Ibrayev,4
Dmitry Ibrayev,4
Yulia Zhunusov,1
Zhanna Amangeldy,1
Dana Makhmud,1
Emre Kudaibergen,5
Miras Rakhimov,5
Sabina Abdirov,2
Alina Daulet,3
Talgat Daulet,4
Tatiana Aslan,2
Rasul Karimov,1
Igor Yerzhanov,4
Meruyert Karimov,4
Igor Ivanov,3
Igor Nurgaliyev,1
Asel Temirov,1
Layla Zhumabek,1
Anel Amangeldy,3
Askar Demir,3
Yulia Serikbay,4
Alibek Esenov,3
Zhanel Demir,1
Olzhas Amangeldy,2
Layla Baitursyn,1
Balzhan Tashkenov,4
Zhanna Sokolov,5
Baris Iskakov,2
Kerem Volkov,2
Elnur Ermek,5
Igor Kaliyev,1
Zarina Cetin,5
Zhanar Kudaibergen,2
Daniyar Kaya,3
Olga Rakhimov,1
Marat Ivanov,1
Aigerim Kurt,1
Madina Jumabek,4
Tomiris Kaliyev,1
Talgat Ozturk,1
Dana Abdirov,5
Asel Bekov,2
Madina Abenov,1
Nikita Sagyndyk,3
Marat Zhunusov,3
Zhanna Mukanov,2
Yulia Mukanov,3
Sanzhar Daulet,1
Ece Makhmud,4
Adil Demir,2
Olzhas Konysbay,1
Yerbol Tleubek,2
Sergey Nurgaliyev,3
Dmitry Mukanov,2
Zhanel Amangeldy,2
Balzhan Bekov,5
Asel Sadykov,1
Bekzat Tleubek,3
Murat Yilmaz,1
Maxim Tashkenov,3
Zhanar Cetin,1
Zhanar Smirnov,5
Ece Celik,1
Alina Ibrayev,1
Marat Cetin,3
Ainur Lebedev,2
Ece Iskakov,3
Bekzat Omarov,5
Laura Rakhimov,3
Arman Kara,5
Sergey Kara,3
Aizhan Kurmanov,3
Ksenia Amangeldy,1
Tatiana Bekov,3
Karina Zhaksylyk,1
Emre Novikov,4
Anel Dauletov,5
Olga Ivanov,1
Azamat Bekov,1
Azamat Omarov,5
Yerlan Celik,1
Vlad Baiseitov,4
Polina Kilic,1
Nikita Novikov,3
Sanzhar Esenov,4
Roman Petrov,4
Murat Popov,5
Zhansaya Suleimenov,3
Nurlan Baiseitov,1
Adil Zhumabek,4
Adil Kaya,1
Sofia Kilic,5
Yernar Rakhimov,1
Islam Zhunusov,3
Tatiana Shakenov,2
Sergey Novikov,4
Aruzhan Omarov,2
Zeynep Sokolov,2
Sabina Ozturk,4
Selin Assanov,3
Vera Dogan,2
Zhandos Cetin,3
Zhanar Kurt,5
Alibek Ualiyev,3
Olzhas Kassym,4
Tolga Tleubek,5
Arman Novikov,3
Karina Temirov,1
Nurzhan Aslan,5
Layla Ualiyev,1
Yulia Esenov,5
Irina Zhunusov,4
Anton Lebedev,3
Arman Zhunusov,1
Vlad Gabdullin,1
Irina Volkov,2
Baris Omarov,2
Sanzhar Sokolov,5
Alisa Amangeldy,2
Alibek Sagyndyk,3
Ilyas Novikov,1
Talgat Nurgaliyev,5
Zarina Serikbay,1
Alisa Kurmanov,2
Ksenia Musin,4
Sanzhar Tleubek,2
Ksenia Kurmanov,4
Ersultan Iskakov,5
Rasul Sahin,3
Nurlybek Morozov,1
Kirill Abdirov,2
Elnur Temirov,2
Kuanysh Arslan,2
Miras Ibrayev,5
Adil Akhmetov,1
Temirlan Kurt,2
Marat Mikhailov,5
Vadim Daulet,3
Aizhan Dogan,2
Yernar Rakhimov,5
Zhanel Abdirov,3
Sabina Ualiyev,2
Ainur Aliyev,2
Miras Kaliyev,2
Arman Kuznetsov,4
Maria Amangeldy,1
Ksenia Ermek,4
Adil Kaliyev,5
Symbat Sagyndyk,2
Arman Temirov,2
Ruslan Yilmaz,1
Zhansaya Abenov,1
Nurlybek Assanov,4
Baris Kurt,4
Elnur Aslan,4
Adil Alpysbay,1
Igor Zhaksylyk,1
Daria Sokolov,5
Tolga Makhmud,1
Aizhan Karimov,2
Omar Kurmanov,4
Madina Turgenev,1
Zhuldyz Esenov,1
Yerlan Kilic,3
Yernar Kaya,1
Damir Amangeldy,1
Zhanar Ermek,1
Kamila Ualiyev,5
Nazym Karimov,2
Vlad Akhmetov,5
Zhanar Yerzhanov,1
Maria Ivanov,2
Ainur Sadykov,3
Zhanar Serikbay,1
Nurlybek Dogan,4
Dias Kurmanov,3
Igor Kudaibergen,2
Aigul Shakenov,3
Elif Esenov,1
Akbota Zhumabek,1
Rasul Koc,4
Roman Suleimenov,2
Nurlan Baitursyn,2
Talgat Sokolov,3
Anel Amangeldy,1
Emre Turgenev,4
Emre Cetin,3
Zhansaya Tleubek,1
Olzhas Baiseitov,1
Symbat Yilmaz,5
Baris Kaya,1
Selin Shakenov,4
Sultan Nurgaliyev,3
Irina Amangeldy,3
Balzhan Zhumabek,3
Gaukhar Dauletov,5
Aisha Alpysbay,2
Olzhas Baitursyn,4
Serik Bolat,5
Damir Baiseitov,1
Yulia Kuznetsov,1
Zhuldyz Rakhimov,5
Layla Smirnov,3
Miras Tleubek,2
Miras Serikbay,1
Daniyar Sadykov,3
Irina Bekov,1
Olga Turgenev,4
Aizhan Celik,4
Zarina Koc,3
Irina Makhmud,2
Marat Omarov,1
Anton Zhumabek,2
Vadim Fedorov,5
Alibek Bolat,4
Baris Musin,3
Elnur Gabdullin,5
Zhuldyz Dogan,3
Talgat Tleubek,1
Miras Temirov,2
Azamat Daulet,2
Elnur Abenov,3
Yulia Konysbay,5
Vera Orazov,2
Askar Kaya,3
Gaukhar Kilic,2
Symbat Gabdullin,3
Aigerim Zhumabek,1
Zhandos Sahin,4
Anna Aslan,1
Maria Temirov,3
Vera Baiseitov,3
Madina Demir,3
Bekzat Demir,3
Vadim Aslan,2
Zhanel Koc,1
Bauyrzhan Nurgaliyev,1
Olzhas Orazov,1
Olzhas Bolat,3
Elif Kara,4
Yulia Kassym,5
Elif Sadykov,3
Meruyert Baitursyn,2
Vlad Sahin,1
Ersultan Dauletov,1
Gulnaz Assanov,4
Pavel Yerzhanov,4
Yerbol Lebedev,1
Bekzat Zhumabek,3
Olga Novikov,2
Baris Musin,1
Anna Assanov,1
Alisa Karimov,4
Ruslan Mikhailov,3
Selin Esenov,5
Symbat Alpysbay,3
Yulia Makhmud,1
Kuanysh Volkov,2
Rasul Sahin,2
Nurlan Petrov,2
Sultan Temirov,2
Zhanna Ozturk,3
Aisha Kilic,1
Ainur Alpysbay,3
Gulnaz Zhunusov,1
Arman Fedorov,2
Aizhan Daulet,3
Temirlan Karimov,1
Zhandos Sahin,2
Kamila Turgenev,2
Karina Fedorov,4
Hasan Assanov,2
Zhanar Kaliyev,4
Madina Kara,2
Ekaterina Yilmaz,3
Nikita Sokolov,2
Sergey Kassym,2
Asel Popov,1
Timur Makhmud,3
Azamat Nurgaliyev,2
Dias Aliyev,2
Nazym Gabdullin,1
Zarina Assanov,5
Daria Kara,1
Miras Kudaibergen,4
Rauan Dauletov,3
Gulnaz Arslan,3
Hasan Temirov,4
Nur Kudaibergen,3
Rasul Suleimenov,1
Laura Bolat,1
Aruzhan Omarov,4
Ece Cetin,5
Vlad Makhmud,2
Maxim Daulet,1
Elif Celik,1
Polina Sagyndyk,2
Zarina Kuznetsov,1
Milana Mikhailov,5
Serik Assanov,3
Olzhas Morozov,3
Laura Amangeldy,5
Vlad Yilmaz,1
Ersultan Kudaibergen,2
Elena Abenov,1
Daria Daulet,5
Serik Jumabek,1
Milana Musin,2
Igor Aslan,4
Islam Novikov,3
Ersultan Konysbay,5
Anna Abdirov,4
Tatiana Sahin,3
Tomiris Kara,3
Maria Kaliyev,1
Nurlybek Fedorov,2
Igor Demir,1
Baris Lebedev,3
Roman Ermek,2
Azamat Koc,3
Islam Abdirov,2
Kairat Baitursyn,3
Olzhas Abdirov,2
Dinara Serikbay,1
Selin Zhaksylyk,3
Alisa Konysbay,5
Sergey Aliyev,1
Vera Bolat,2
Kuanysh Ibrayev,5
Rauan Ibrayev,4
Kairat Novikov,1
Ainur Volkov,2
Adil Abdirov,2
Talgat Iskakov,2
Temirlan Arslan,5
Rasul Petrov,2
Aizhan Mukanov,3
Adil Temirov,1
Zeynep Popov,3
Alina Musin,4
Balzhan Dauletov,1
Pavel Turgenev,5
Irina Dauletov,2
Temirlan Daulet,2
Marat Karimov,5
Olga Popov,3
Alina Musin,2
Olga Zhunusov,1
Nazerke Smirnov,5
Maxim Daulet,2
Sanzhar Fedorov,1
Selin Serikbay,3
Zhanel Morozov,5
Murat Akhmetov,2
Murat Kudaibergen,3
Nikita Morozov,2
Kirill Bekov,2
Yerbol Assanov,3
Milana Gabdullin,1
Serik Kaliyev,2
Dmitry Yilmaz,2
Daniyar Ibrayev,3
Anel Temirov,3
Vlad Baitursyn,5
Balzhan Baiseitov,1
Karina Popov,5
Akbota Tleubek,3
Islam Kaliyev,4
Aizhan Kaliyev,4
Murat Smirnov,3
Yerlan Bekov,1
Adil Aliyev,3
Daria Temirov,1
Olzhas Tleubek,5
Vera Abdirov,3
Olga Esenov,3
Vera Zhunusov,4
Sofia Petrov,5
Yerbol Novikov,1
Yerbol Novikov,1
Kirill Novikov,4
Anel Musin,1
Olga Kilic,2
Nurlybek Alpysbay,1
Ruslan Shakenov,3
Kerem Yilmaz,3
Damir Kaya,5
Olga Sahin,5
Daniyar Yerzhanov,1
Denis Lebedev,2
Talgat Dauletov,3
Vlad Nurgaliyev,1
Ece Akhmetov,2
Nikita Rakhimov,1
Irina Ermek,5
Aliya Assanov,4
Dinara Assanov,3
Ekaterina Ivanov,2
Olzhas Jumabek,4
Olga Shakenov,5
Zhanel Abdirov,1
Aruzhan Kilic,4
Aknur Sahin,2
Baris Kuznetsov,3
Dinara Abenov,1
Sabina Turgenev,3
Vera Tashkenov,4
Derya Novikov,3
Adil Esenov,1
Gulnaz Celik,4
Azamat Kaya,1
Bauyrzhan Abenov,2
Islam Morozov,2
Artem Kaliyev,3
Murat Bolat,2
Akbota Popov,4
Ece Lebedev,4
Tolga Aslan,4
Aisha Sagyndyk,5
Symbat Zhaksylyk,1
Derya Lebedev,2
Tatiana Kassym,3
Aigul Mukanov,2
Sabina Orazov,3
Tatiana Morozov,5
Bekzat Petrov,4
Dana Turgenev,2
Zhansaya Kara,3
Gaukhar Tashkenov,2
Igor Jumabek,2
Akbota Kaya,4
Kuanysh Kaliyev,5
Pavel Zhunusov,2
Derya Zhumabek,3
Kerem Cetin,1
Laura Kurmanov,2
Aknur Kurmanov,1
Dinara Zhumabek,4
Elena Nurgaliyev,3
Gulnaz Daulet,5
Karina Lebedev,4
Ainur Esenov,4
Rauan Abenov,1
Anna Koc,1
Derya Turgenev,1
Kamila Rakhimov,3
Ersultan Sokolov,3
Gulnaz Baiseitov,3
Baris Ibrayev,3
Omar Morozov,3
Zhanar Sagyndyk,4
Saltanat Sokolov,4
Denis Konysbay,5
Zhanel Kurmanov,5
Kamila Gabdullin,2
Aliya Musin,4
Baris Celik,1
Gaukhar Karimov,3
Tatiana Sadykov,4
Arman Iskakov,1
Temirlan Kaliyev,2
Kamila Sadykov,3
Azamat Smirnov,3
Temirlan Makhmud,1
Zhandos Dauletov,2
Hasan Assanov,2
Zeynep Kaya,1
Nazerke Musin,3
Serik Jumabek,3
Layla Jumabek,3
Ekaterina Kaliyev,3
Askar Kilic,3
Anton Rakhimov,1
Laura Orazov,2
Saltanat Lebedev,1
Timur Abenov,3
Derya Bolat,4
Derya Gabdullin,2
Sanzhar Shakenov,4
Yulia Celik,1
Balzhan Koc,2
Dinara Ozturk,3
Denis Sagyndyk,5
Rasul Dogan,2
Hasan Kilic,3
Zhuldyz Aliyev,3
Nurlybek Makhmud,2
Amir Bekov,2
Anel Ibrayev,1
Alibek Popov,5
Nazym Volkov,1
Sofia Akhmetov,1
Omar Sagyndyk,3
Artem Celik,1
Marat Demir,2
Layla Arslan,2
Ersultan Karimov,3
Nazerke Temirov,3
Nurlybek Zhaksylyk,3
Omar Abenov,3
Kairat Konysbay,4
Zarina Koc,3
Zhanar Daulet,4
Aizhan Kilic,3
Nur Jumabek,2
Aruzhan Baiseitov,3
Kuanysh Smirnov,1
Milana Ermek,5
Gulnaz Aliyev,5
Dana Volkov,2
Kuanysh Smirnov,4
Nurlybek Orazov,1
Ersultan Kudaibergen,2
Igor Assanov,1
Layla Petrov,1
Alibek Mikhailov,3
Yerlan Smirnov,5
Zeynep Turgenev,1
Elnur Kaya,3
Daria Musin,4
Ilyas Ivanov,2
Daniyar Esenov,3
Sabina Omarov,3
Milana Orazov,3
Zhanar Rakhimov,1
Ece Musin,4
Balzhan Dauletov,5
Artem Ualiyev,3
Kamila Assanov,1
Zhanel Kaliyev,1
Bauyrzhan Kaliyev,5
Alisa Cetin,1
Igor Kaya,3
Balzhan Rakhimov,3
Anel Novikov,4
Zhanna Sokolov,1
Dias Kurt,1
Madina Aliyev,1
Ainur Musin,3
Talgat Kassym,2
Selin Alpysbay,1
Zhandos Karimov,5
Gaukhar Lebedev,3
Maxim Shakenov,5
Omar Ibrayev,3
Nazym Fedorov,2
Daria Ozturk,4
Kerem Arslan,1
Bekzat Karimov,2
Saltanat Omarov,3
Omar Kara,2
Laura Ivanov,2
Sergey Novikov,3
Baris Sahin,5
Hasan Aliyev,1
Sanzhar Sagyndyk,1
Maxim Konysbay,3
Yernar Kudaibergen,3
Karina Tleubek,4
Olzhas Abdirov,5
Ksenia Temirov,5
Alisa Yilmaz,2
Bekzat Amangeldy,2
Maria Kurmanov,3
Omar Orazov,4
Hasan Petrov,3
Talgat Suleimenov,4
Yerbol Konysbay,2
Karina Abdirov,4
Layla Kudaibergen,4
Timur Kaliyev,3
Dmitry Petrov,3
Murat Konysbay,1
Ekaterina Temirov,2
Layla Suleimenov,1
Irina Mukanov,2
Alina Kara,5
Kuanysh Volkov,2
Symbat Ualiyev,2
Yerbol Lebedev,5
Nurlybek Ibrayev,3
Balzhan Yerzhanov,4
Yerbol Ozturk,2
Azamat Nurgaliyev,5
Temirlan Kurt,1
Saltanat Ualiyev,2
Damir Aliyev,3
Kamila Sahin,2
Zhanel Ibrayev,2
Derya Nurgaliyev,5
Zeynep Smirnov,2
Sofia Musin,3
Daniyar Daulet,2
Asel Bekov,3
Alibek Fedorov,1
Anel Kaliyev,3
Igor Tashkenov,2
Kairat Ualiyev,2
Nurlan Baiseitov,2
Rasul Konysbay,1
Ersultan Zhaksylyk,4
Andrey Sadykov,2
Ruslan Konysbay,2
Bauyrzhan Shakenov,1
Aliya Abdirov,1
Nazerke Mukanov,1
Gulnaz Ibrayev,3
Ersultan Sokolov,4
Bauyrzhan Mikhailov,1
Sanzhar Kilic,1
Balzhan Zhaksylyk,3
Temirlan Ozturk,4
Sultan Kassym,1
Elnur Volkov,1
Serik Tleubek,4
Kerem Akhmetov,1
Vadim Kaya,1
Irina Omarov,1
Zhanar Assanov,4
Ruslan Demir,1
Tatiana Zhaksylyk,1
Aliya Ozturk,5
Dinara Makhmud,1
Daria Esenov,1
Balzhan Kurmanov,5
Miras Dauletov,2
Anna Makhmud,1
Ece Volkov,2
Sultan Bekov,4
Ece Mikhailov,1
Aknur Makhmud,4
Alibek Jumabek,2
Bekzat Sadykov,2
Vera Tashkenov,2
Emre Makhmud,3
Maxim Yilmaz,3
Adil Koc,4
Karina Turgenev,4
Aizhan Temirov,2
Yulia Baiseitov,3
Ekaterina Fedorov,5
Ece Konysbay,5
Omar Suleimenov,4
Aknur Kuznetsov,3
Baris Ermek,2
Daria Serikbay,4
Olga Lebedev,4
Elena Lebedev,1
Sultan Mikhailov,2
Zhanna Dogan,3
Nurzhan Ivanov,5
Rauan Kudaibergen,3
Rauan Baiseitov,4
Timur Baiseitov,2
Bauyrzhan Dauletov,3
Kirill Sagyndyk,2
Askar Amangeldy,3
Laura Ivanov,4
Elif Sahin,4
Ruslan Karimov,3
Bekzat Fedorov,1
Sergey Konysbay,4
Aigerim Kara,1
Daniyar Yilmaz,4
Yerbol Konysbay,1
Artem Kassym,3
Nazerke Koc,1
Karina Abenov,2
Gaukhar Yilmaz,3
Zhansaya Kurmanov,1
Rasul Iskakov,3
Symbat Sahin,2
Anna Jumabek,4
Derya Serikbay,5
Asel Daulet,5
Akbota Sagyndyk,3
Kirill Zhaksylyk,2
Polina Temirov,3
Arman Celik,2
Dinara Lebedev,1
Dinara Orazov,5
Meruyert Orazov,1
Sergey Ivanov,5
Ekaterina Kara,5
Balzhan Zhumabek,2
Karina Temirov,1
Polina Ibrayev,1
Vadim Shakenov,5
Daniyar Kaliyev,3
Rauan Ozturk,2
Timur Bekov,3
Nur Ozturk,1
Sergey Kara,3
Nur Jumabek,1
Layla Kurmanov,2
Dmitry Ozturk,2
Ekaterina Zhunusov,1
Talgat Fedorov,1
Andrey Temirov,5
Serik Karimov,4
Layla Ozturk,2
Vera Morozov,1
Zhuldyz Orazov,1
Serik Dauletov,5
Nurlybek Kuznetsov,2
Irina Aslan,1
Olzhas Sagyndyk,3
Vadim Daulet,2
Derya Bolat,2
Bekzat Mikhailov,2
Karina Omarov,2
Miras Kaya,3
Nurzhan Baiseitov,1
Igor Zhumabek,3
Serik Karimov,3
Aliya Daulet,2
Andrey Ozturk,5
Meruyert Baiseitov,2
Hasan Kassym,3
Zarina Sahin,2
Yerlan Omarov,4
Aigul Smirnov,1
Yerbol Sahin,2
Milana Nurgaliyev,2
Meruyert Serikbay,3
Roman Baitursyn,1
Damir Kurt,1
Amir Petrov,5
Madina Serikbay,3
Nur Kaya,2
Arman Sahin,2
Artem Ualiyev,1
Zhanar Fedorov,2
Gulnaz Kassym,2
Daniyar Tashkenov,1
Sanzhar Abdirov,2
Akbota Demir,5
Balzhan Esenov,1
Olzhas Ibrayev,2
Aigerim Kassym,2
Zhanar Omarov,1
Kirill Temirov,4
Meruyert Volkov,1
Rauan Bolat,1
Kirill Sahin,1
Murat Kara,1
Andrey Nurgaliyev,3
Amir Kassym,2
Ilyas Novikov,2
Akbota Smirnov,2
Zhuldyz Kassym,2
Denis Morozov,1
Vera Bolat,5
Kerem Makhmud,5
Pavel Popov,4
Nurzhan Sokolov,5
Ilyas Ibrayev,1
Murat Temirov,4
Nurlan Kaliyev,2
Aigerim Kaliyev,4
Derya Abdirov,2
Dana Cetin,3
Elena Kilic,4
Olga Amangeldy,5
Nazerke Yilmaz,2
Rasul Sagyndyk,3
Vlad Kuznetsov,3
Aruzhan Celik,3
Omar Morozov,4
Islam Ibrayev,1
Dmitry Tleubek,1
Ksenia Gabdullin,1
Arman Demir,3
Asel Dauletov,2
Zhuldyz Demir,3
Alibek Zhaksylyk,3
Nazym Dogan,2
Kuanysh Yilmaz,1
Daria Cetin,1
Zhanna Mikhailov,1
Marat Jumabek,5
Askar Ermek,4
Elnur Bekov,5
Madina Sagyndyk,1
Maxim Novikov,4
Yulia Volkov,2
Nazym Sokolov,4
Aruzhan Novikov,3
Islam Kaliyev,1
Zarina Amangeldy,5
Layla Arslan,2
Zhanar Koc,2
Kirill Kurmanov,4
Maria Yerzhanov,4
Yerbol Zhaksylyk,1
Igor Sokolov,4
Ersultan Ozturk,2
Aknur Makhmud,3
Tolga Baiseitov,4
Nazym Ermek,2
Vadim Suleimenov,5
Nur Abdirov,4
Rasul Kudaibergen,2
Miras Petrov,3
Marat Ozturk,1
Maxim Baitursyn,1
Sergey Serikbay,1
Gaukhar Bekov,2
Zhanna Yerzhanov,2
Layla Assanov,2
Igor Tleubek,3
Nurzhan Musin,3
Selin Yerzhanov,3
Gulnaz Baitursyn,5
Tolga Nurgaliyev,5
Meruyert Kaliyev,5
Gulnaz Demir,2
Zhanel Aliyev,1
Alibek Petrov,2
Elif Sokolov,3
Anna Orazov,2
Derya Volkov,2
Emre Petrov,4
Zhanna Volkov,2
Layla Gabdullin,2
Zhandos Kilic,3
Zarina Sokolov,2
Ksenia Dauletov,3
Tatiana Celik,3
Selin Koc,1
Serik Koc,2
Omar Sagyndyk,3
Olzhas Turgenev,2
Anton Celik,2
Vera Zhumabek,4
Tolga Dogan,5
Sofia Smirnov,5
Akbota Yerzhanov,3
Ece Kara,1
Dmitry Mikhailov,1
Aisha Koc,2
Elif Arslan,1
Asel Tleubek,3
Zhanel Volkov,2
Zhanna Sadykov,4
Yerbol Assanov,2
Rauan Fedorov,1
Askar Yilmaz,2
Ruslan Kara,3
Murat Iskakov,4
Dias Konysbay,3
Selin Musin,3
Kamila Petrov,5
Madina Dauletov,4
Alibek Sokolov,3
Tolga Daulet,5
Kirill Aslan,5
Askar Nurgaliyev,2
Daniyar Suleimenov,2
Kerem Tleubek,5
Sanzhar Kaya,4
Ekaterina Mukanov,2
Laura Ermek,3
Murat Petrov,3
Nurzhan Karimov,2
Nazerke Lebedev,3
Zhuldyz Kurt,3
Zhanna Novikov,2
Akbota Ivanov,2
Dias Turgenev,1
Yernar Mikhailov,1
Ece Makhmud,2
Symbat Ibrayev,1
Zarina Makhmud,1
Miras Karimov,3
Dmitry Demir,4
Daniyar Mikhailov,3
Andrey Demir,2
Nurzhan Bolat,2
Zeynep Tleubek,1
Marat Dauletov,2
Gulnaz Sagyndyk,1
Aknur Kassym,4
Vera Karimov,2
Pavel Kaya,2
Nurzhan Kudaibergen,2
Denis Fedorov,4
Murat Kaya,3
Zhansaya Alpysbay,4
Yerlan Dauletov,2
Yulia Sahin,1
Meruyert Rakhimov,3
Timur Kuznetsov,4
Anna Kaliyev,4
Zhanel Suleimenov,2
Gaukhar Esenov,1
Aisha Kassym,2
Dias Mikhailov,2
Dmitry Ermek,1
Daria Sadykov,4
Denis Sadykov,2
Kairat Makhmud,1
Polina Sahin,5
Polina Iskakov,5
Murat Kurmanov,2
Azamat Novikov,2
Aizhan Koc,4
Sanzhar Abenov,2
Ece Abenov,2
Elnur Fedorov,1
Aigerim Omarov,1
Kamila Musin,1
Maria Mikhailov,5
Maria Kurmanov,3
Alisa Mikhailov,5
Andrey Novikov,5
Zhanna Rakhimov,4
Zarina Kuznetsov,3
Amir Sagyndyk,2
Roman Akhmetov,4
Aruzhan Kilic,2
Nurzhan Karimov,2
Zhansaya Cetin,5
Elnur Orazov,3
Ece Novikov,5
Murat Zhumabek,3
Kuanysh Ualiyev,3
Ersultan Bekov,2
Asel Aliyev,5
Akbota Kassym,3
Oleg Bekov,2
Kamila Fedorov,4
Derya Tleubek,5
Nurzhan Novikov,2
Zhanar Volkov,5
Temirlan Lebedev,3
Ersultan Ualiyev,1
Sergey Sokolov,1
Igor Popov,3
Oleg Dauletov,1
Kerem Sahin,3
Tatiana Kaliyev,4
Ersultan Mukanov,3
Temirlan Suleimenov,3
Vera Abenov,4
Dias Kaliyev,2
Ekaterina Demir,3
Symbat Koc,1
Yerbol Yilmaz,1
Laura Turgenev,3
Elnur Demir,3
Derya Kurt,4
Symbat Petrov,1
Omar Bekov,3
Tolga Yerzhanov,4
Azamat Kurmanov,4
Aigul Temirov,2
Askar Daulet,2
Maxim Baiseitov,4
Kerem Ermek,5
Vlad Aslan,3
Anton Mukanov,5
Azamat Omarov,4
Olga Ivanov,2
Derya Ermek,4
Saltanat Shakenov,1
Amir Kurt,3
Maxim Ozturk,1
Hasan Gabdullin,2
Vlad Petrov,3
Balzhan Arslan,2
Alisa Koc,1
Kairat Shakenov,1
Daria Kuznetsov,3
Selin Kaya,4
Omar Sokolov,3
Sabina Sahin,2
Dana Lebedev,4
Sabina Karimov,5
Elnur Shakenov,2
Denis Bolat,4
Bekzat Sokolov,2
Arman Tashkenov,3
Meruyert Esenov,3
Omar Smirnov,1
Denis Musin,1
Hasan Zhumabek,2
Tolga Mukanov,3
Roman Kaliyev,4
Islam Serikbay,2
Gaukhar Ozturk,2
Adil Petrov,4
Aliya Mukanov,1
Zhanar Gabdullin,2
Derya Jumabek,2
Anton Rakhimov,3
Gulnaz Orazov,4
Ekaterina Bolat,5
Sanzhar Baitursyn,2
Vadim Gabdullin,2
Kerem Volkov,2
Omar Ozturk,3
Ece Kara,1
Nazym Amangeldy,1
Dana Lebedev,4
Oleg Baiseitov,3
Nurzhan Baiseitov,3
Zhuldyz Bolat,5
Madina Mukanov,3
Nurlan Lebedev,2
Sofia Ermek,3
Gulnaz Bolat,3
Azamat Mukanov,3
Andrey Fedorov,2
Bekzat Zhunusov,2
Daria Kurt,2
Ersultan Akhmetov,1
Ersultan Ibrayev,2
Rasul Sadykov,4
Temirlan Omarov,4
Yerbol Lebedev,5
Madina Kudaibergen,2
Maria Demir,3
Kerem Dauletov,3
Timur Demir,1
Nikita Cetin,5
Aliya Kara,2
Saltanat Sagyndyk,5
Timur Kurmanov,1
Yernar Alpysbay,3
Nazym Bolat,5
Omar Arslan,3
Elnur Kassym,3
Ekaterina Morozov,2
Layla Zhaksylyk,3
Sultan Kara,5
Zhuldyz Kilic,3
Meruyert Iskakov,1
Aigerim Zhumabek,3
Madina Akhmetov,2
Ruslan Aliyev,2
Aknur Musin,3
Aigerim Morozov,2
Igor Omarov,2
Miras Kuznetsov,1
Yerbol Lebedev,3
Baris Nurgaliyev,2
Zhanel Demir,1
Ersultan Sokolov,2
Dana Arslan,4
Vlad Ermek,3
Islam Zhumabek,2
Aigul Assanov,3
Aknur Kurmanov,2
Olga Ualiyev,2
Derya Ermek,4
Aisha Zhaksylyk,1
Elena Ivanov,3
Temirlan Shakenov,3
Alina Koc,3
Derya Kaliyev,3
Emre Ermek,1
Olzhas Ualiyev,3
Andrey Koc,4
Rasul Arslan,5
Sultan Ibrayev,2
Dinara Tashkenov,2
Maxim Amangeldy,5
Anna Iskakov,2
Aisha Suleimenov,2
Maria Serikbay,4
Baris Kurt,3
Tatiana Fedorov,3
Yerlan Kuznetsov,2
Marat Zhaksylyk,2
Kamila Smirnov,1
Artem Arslan,5
Alisa Tashkenov,1
Ekaterina Baitursyn,1
Ainur Jumabek,3
Nurlybek Yilmaz,2
Askar Musin,1
Milana Gabdullin,3
Azamat Kudaibergen,3
Alina Suleimenov,5
Artem Gabdullin,2
Polina Dogan,3
Talgat Ualiyev,5
Aigul Assanov,5
Omar Temirov,2
Aizhan Cetin,2
Nazym Abdirov,2
Irina Kilic,4
Gaukhar Kilic,5
Gaukhar Kaya,2
Vera Ermek,5
Akbota Karimov,5
Ksenia Lebedev,1
Bauyrzhan Temirov,4
Talgat Aliyev,2
Hasan Cetin,1
Irina Lebedev,3
Gulnaz Serikbay,1
Anna Serikbay,4
Maria Aliyev,1
Zhuldyz Sokolov,5
Zhanel Baiseitov,4
Ilyas Bolat,1
Azamat Karimov,3
Marat Popov,1
Islam Petrov,2
Zhansaya Alpysbay,1
Nur Ualiyev,3
Zhandos Sahin,5
Zarina Kurt,2
Rasul Kassym,3
Timur Ozturk,4
Tatiana Aslan,3
Kamila Aliyev,1
Akbota Turgenev,5
Omar Makhmud,3
Zeynep Mikhailov,5
Daniyar Ualiyev,1
Sergey Popov,4
Asel Ermek,3
Aknur Zhunusov,1
Andrey Jumabek,4
Kuanysh Assanov,2
Hasan Rakhimov,2
Vlad Turgenev,4
Nurlybek Smirnov,3
Milana Sagyndyk,4
Gulnaz Bolat,3
Zhansaya Kuznetsov,2
Ksenia Musin,4
Vadim Alpysbay,3
Artem Ibrayev,1
Nazerke Kara,1
Ksenia Shakenov,2
Zhanna Ermek,3
Polina Kilic,3
Dmitry Sahin,1
Bekzat Dauletov,2
Aknur Bekov,1
Aigerim Omarov,3
Sergey Bekov,2
Yernar Demir,1
Artem Sokolov,3
Milana Tleubek,2
Alibek Tleubek,5
Selin Lebedev,2
Elnur Zhunusov,3
Dias Mukanov,5
Nazym Makhmud,1
Daria Mikhailov,2
Vadim Kara,3
Yerbol Dauletov,3
Marat Sagyndyk,3
Kuanysh Petrov,2
Tomiris Temirov,5
Ersultan Amangeldy,3
Ersultan Kara,5
Ece Orazov,1
Zhuldyz Koc,4
Derya Akhmetov,3
Akbota Sagyndyk,5
Ersultan Tleubek,2
Murat Ozturk,1
Nikita Kurt,1
Akbota Smirnov,4
Anton Ermek,1
Aigul Amangeldy,4
Gulnaz Mukanov,1
Balzhan Dauletov,5
Polina Fedorov,2
Emre Ozturk,2
Elif Gabdullin,2
Laura Tashkenov,4
Dias Zhumabek,1
Zarina Ermek,4
Nikita Ualiyev,1
Elif Temirov,2
Artem Assanov,3
Daria Aliyev,3
Akbota Daulet,2
Bauyrzhan Zhumabek,5
Zhanel Sadykov,4
Bekzat Mukanov,5
Zhandos Ozturk,2
Asel Zhumabek,3
Maria Ozturk,3
Aliya Novikov,5
Emre Baiseitov,2
Arman Smirnov,2
Aliya Shakenov,3
Aknur Zhumabek,2
Adil Dauletov,4
Nazerke Celik,2
Irina Mikhailov,5
Sergey Yilmaz,1
Zhanar Turgenev,3
Alina Serikbay,3
Baris Sahin,3
Oleg Cetin,4
Derya Mukanov,3
Ersultan Tleubek,1
Karina Bolat,3
Maria Demir,2
Aruzhan Karimov,1
Dias Nurgaliyev,3
Roman Omarov,3
Zhuldyz Karimov,3
Zhuldyz Orazov,1
Murat Kaliyev,3
Islam Celik,3
Dmitry Kilic,5
Ilyas Mukanov,2
Layla Sadykov,3
Pavel Sahin,1
Yernar Kassym,2
Elena Volkov,5
Akbota Tashkenov,2
Olzhas Makhmud,2
Rasul Celik,3
Maria Popov,1
Zhanel Yilmaz,3
Vera Aliyev,4
Ainur Ibrayev,2
Arman Ivanov,1
Ksenia Omarov,2
Amir Zhunusov,3
Rasul Zhunusov,1
Kairat Jumabek,2
Murat Serikbay,2
Zhanel Turgenev,1
Balzhan Abenov,2
Temirlan Tashkenov,1
Zhandos Kurmanov,1
Anel Mikhailov,1
Murat Orazov,1
Islam Aslan,2
Marat Serikbay,1
Ece Orazov,5
Kairat Bolat,1
Saltanat Aslan,1
Amir Omarov,4
Sultan Karimov,4
Maxim Turgenev,4
Oleg Mukanov,3
Sabina Popov,2
Kuanysh Kaya,4
Ksenia Zhunusov,2
Dias Serikbay,4
Sanzhar Aliyev,3
Akbota Omarov,2
Elnur Assanov,4
Damir Ibrayev,3
Vlad Temirov,1
Rasul Ibrayev,3
Kuanysh Kuznetsov,1
Aizhan Suleimenov,4
Sofia Baitursyn,1
Sabina Cetin,2
Omar Petrov,4
Saltanat Smirnov,2
Askar Dauletov,2
Dinara Serikbay,3
Sergey Popov,3
Kamila Mukanov,2
Zhanar Kurmanov,3
Kirill Kuznetsov,3
Murat Cetin,1
Rauan Amangeldy,5
Zhanna Ivanov,3
Zhanar Musin,2
Aknur Arslan,2
Yerbol Ibrayev,1
Ersultan Makhmud,2
Anna Yilmaz,1
Meruyert Kilic,3
Maria Gabdullin,4
Ainur Baiseitov,1
Alibek Baiseitov,3
Elena Mukanov,3
Derya Omarov,5
Alisa Ualiyev,3
Zhanel Ermek,2
Irina Kilic,3
Zhuldyz Abdirov,4
Kairat Esenov,2
Zhanel Abdirov,2
Damir Morozov,4
Kamila Iskakov,2
Saltanat Temirov,3
Polina Yerzhanov,3
Oleg Mikhailov,5
Serik Baitursyn,3
Timur Turgenev,2
Ruslan Konysbay,2
Anton Konysbay,3
Bekzat Petrov,5
Hasan Temirov,2
Ainur Konysbay,2
Olzhas Sagyndyk,3
Zhanel Arslan,2
Elif Jumabek,5
Dana Volkov,2
Dana Koc,5
Daniyar Sahin,3
Amir Konysbay,2
Akbota Smirnov,2
Milana Suleimenov,2
Zhandos Aslan,3
Aknur Nurgaliyev,3
Zhanel Arslan,2
Rauan Kuznetsov,2
Zarina Ermek,3
Emre Musin,4
Aliya Tleubek,1
Serik Dogan,1
Kamila Jumabek,4
Aigul Demir,5
Olga Nurgaliyev,5
Alisa Ivanov,1
Zhanar Esenov,3
Kamila Abenov,3
Symbat Tleubek,2
Nikita Mukanov,1
Yulia Yilmaz,5
Andrey Yilmaz,2
Dmitry Kaya,2
Gaukhar Rakhimov,2
Roman Tleubek,4
Aruzhan Musin,2
Sofia Turgenev,3
Maxim Fedorov,2
Bekzat Iskakov,3
Vera Kilic,2
Ilyas Dogan,2
Ersultan Morozov,4
Aknur Kudaibergen,2
Elena Alpysbay,1
Akbota Akhmetov,1
Vera Makhmud,1
Omar Amangeldy,1
Meruyert Ualiyev,5
Daniyar Kaya,4
Aigerim Smirnov,2
Ksenia Assanov,1
Nur Assanov,5
Zeynep Kudaibergen,2
Serik Tashkenov,4
Andrey Nurgaliyev,2
Kuanysh Orazov,4
Aigerim Bolat,3
Vadim Tashkenov,4
Derya Rakhimov,1
Yerbol Popov,4
Elif Fedorov,1
Zhuldyz Kaliyev,3
Rasul Aslan,1
Sofia Akhmetov,2
Sofia Bolat,2
Kerem Sagyndyk,3
Zhansaya Daulet,4
Aizhan Lebedev,5
Damir Rakhimov,3
Kuanysh Zhumabek,3
Roman Alpysbay,2
Igor Cetin,1
Selin Kaliyev,2
Sultan Rakhimov,4
Zhanar Turgenev,4
Andrey Ualiyev,2
Aigerim Amangeldy,5
Dinara Turgenev,2
Temirlan Amangeldy,2
Nurzhan Esenov,1
Dana Kara,2
Omar Temirov,3
Nurlybek Kassym,4
Aruzhan Fedorov,1
Adil Shakenov,5
Zhansaya Zhumabek,3
Emre Volkov,3
Madina Yerzhanov,5
Meruyert Kudaibergen,4
Baris Akhmetov,3
Yerbol Fedorov,5
Zhuldyz Sadykov,2
Anel Orazov,4
Zhandos Bekov,3
Zhanar Assanov,2
Hasan Petrov,2
Daniyar Bekov,3
Ekaterina Turgenev,2
Daria Mukanov,3
Nurlan Amangeldy,3
Ilyas Alpysbay,3
Aigerim Akhmetov,5
Aliya Kurt,2
Dana Ibrayev,2
Murat Sadykov,5
Anna Bolat,4
Madina Abenov,5
Zhanel Dauletov,3
Akbota Arslan,2
Irina Koc,2
Nikita Celik,1
Karina Popov,3
Aigerim Volkov,3
Sanzhar Daulet,1
Rauan Nurgaliyev,2
Aknur Musin,2
Yulia Dauletov,1
Murat Shakenov,3
Dmitry Morozov,2
Gulnaz Sahin,1
Saltanat Shakenov,1
Damir Abenov,3
Askar Zhunusov,1
Vera Ibrayev,2
Vadim Sadykov,3
Milana Iskakov,2
Bauyrzhan Aslan,3
Layla Popov,1
Yerbol Ualiyev,1
Miras Popov,3
Kamila Abdirov,1
Murat Smirnov,4
Saltanat Abdirov,4
Artem Akhmetov,4
Elnur Suleimenov,2
Temirlan Nurgaliyev,3
Anna Dogan,3
Temirlan Jumabek,3
Sultan Temirov,1
Balzhan Alpysbay,1
Sultan Rakhimov,1
Zeynep Kuznetsov,2
Anel Kudaibergen,3
Serik Popov,3
Askar Mikhailov,1
Derya Shakenov,4
Pavel Karimov,5
Laura Aslan,3
Aruzhan Orazov,3
Symbat Arslan,5
Sergey Ivanov,2
Olga Arslan,4
Selin Mukanov,3
Ainur Bekov,5
Nurzhan Baitursyn,2
Islam Sagyndyk,2
Kairat Karimov,5
Gulnaz Sahin,3
Akbota Ibrayev,1
Kamila Lebedev,3
Bekzat Arslan,1
Sabina Daulet,2
Irina Amangeldy,3
Timur Kurt,3
Tatiana Volkov,2
Irina Morozov,5
Azamat Makhmud,3
Vadim Lebedev,2
Anel Mikhailov,2
Kirill Ermek,2
Artem Serikbay,1
Kamila Serikbay,3
Asel Koc,3
Ilyas Ermek,3
Hasan Makhmud,3
Sabina Ualiyev,1
Kerem Koc,2
Elif Abenov,2
Nurzhan Yerzhanov,4
Alibek Koc,1
Aknur Alpysbay,3
Artem Kilic,1
Kairat Gabdullin,4
Nurlan Zhunusov,1
Roman Kudaibergen,4
Nikita Ermek,4
Tomiris Dogan,4
Anna Temirov,4
Arman Morozov,3
Askar Serikbay,1
Rasul Volkov,4
Kirill Sadykov,2
Pavel Makhmud,5
Derya Smirnov,2
Asel Kaliyev,2
Nurzhan Kuznetsov,2
Rasul Aslan,1
Bauyrzhan Turgenev,2
Aisha Novikov,2
Yerlan Bolat,2
Islam Suleimenov,2
Aliya Jumabek,3
Daria Temirov,3
Aruzhan Turgenev,5
Nurlan Mukanov,2
Oleg Koc,3
Temirlan Bolat,1
Daniyar Sokolov,3
Nikita Bekov,1
Aliya Rakhimov,2
Aruzhan Bekov,2
Serik Kaliyev,1
Anna Kaliyev,1
Ksenia Tashkenov,1
Gulnaz Turgenev,2
Layla Kassym,2
Sofia Mikhailov,2
Zhansaya Sadykov,1
Sofia Zhunusov,1
Vadim Suleimenov,2
Aigul Jumabek,3
Pavel Nurgaliyev,1
Rauan Kaya,2
Vlad Kurt,1
Dana Ozturk,2
Ece Turgenev,3
Olzhas Novikov,5
Karina Baitursyn,2
Nurzhan Aslan,3
Anton Kassym,4
Yulia Ivanov,2
Irina Temirov,3
Nurzhan Dogan,1
Anton Morozov,2
Kamila Tleubek,3
Karina Ivanov,2
Zeynep Omarov,1
Nurzhan Zhaksylyk,1
Sergey Ivanov,5
Bauyrzhan Baitursyn,2
Ilyas Kudaibergen,1
Sergey Alpysbay,1
Timur Ermek,4
Emre Iskakov,3
Selin Celik,5
Aruzhan Demir,2
Denis Dauletov,4
Vera Gabdullin,1
Kairat Aslan,4
Symbat Iskakov,1
Milana Kaliyev,4
Karina Popov,5
Derya Sahin,1
Omar Petrov,2
Ekaterina Novikov,5
Arman Bekov,2
Akbota Serikbay,2
Nazerke Bekov,5
Madina Rakhimov,5
Daria Bolat,1
Sanzhar Jumabek,3
Temirlan Esenov,4
Timur Sadykov,2
Elnur Esenov,4
Aigerim Demir,2
Adil Arslan,1
Tatiana Zhunusov,1
Gulnaz Baiseitov,2
Nurzhan Ivanov,2
Asel Suleimenov,4
Sofia Volkov,3
Artem Alpysbay,2
Marat Karimov,2
Timur Dogan,2
Vlad Nurgaliyev,4
Tatiana Abenov,2
Andrey Tashkenov,4
Elena Abdirov,5
Aliya Turgenev,3
Milana Makhmud,1
Omar Zhumabek,3
Kuanysh Gabdullin,2
Hasan Esenov,3
Sofia Kurt,3
Islam Koc,4
Emre Yerzhanov,2
Daria Baiseitov,3
Marat Celik,3
Kerem Sahin,2
Dmitry Yerzhanov,1
Alina Konysbay,2
Marat Tashkenov,5
Kamila Yerzhanov,1
Igor Ualiyev,1
Aigul Smirnov,5
Maxim Suleimenov,3
Karina Rakhimov,2
Dinara Konysbay,5
Aisha Mikhailov,5
Aigul Kilic,3
Serik Baitursyn,3
Yulia Baitursyn,1
Gaukhar Kurmanov,3
Aknur Sahin,3
Zhanel Kassym,4
Vlad Iskakov,2
Zhanel Fedorov,1
Kuanysh Yerzhanov,3
Pavel Alpysbay,1
Nur Alpysbay,2
Sanzhar Morozov,5
Zhansaya Omarov,2
Alisa Ibrayev,1
Derya Kara,2
Askar Alpysbay,3
Anel Konysbay,5
Serik Dauletov,3
Kamila Sokolov,2
Adil Serikbay,3
Vadim Volkov,5
Dinara Dauletov,1
Asel Novikov,4
Andrey Yerzhanov,4
Sofia Baitursyn,5
Aizhan Koc,3
Rasul Mikhailov,1
Zhandos Rakhimov,2
Arman Fedorov,1
Daria Kilic,3
Ruslan Ermek,3
Murat Tashkenov,2
Dinara Kaya,2
Aigerim Turgenev,2
Tatiana Abenov,4
Timur Smirnov,1
Vadim Omarov,2
Irina Kaya,2
Roman Musin,3
Saltanat Koc,2
Olga Ibrayev,5
Vera Volkov,4
Kamila Cetin,2
Bauyrzhan Omarov,4
Laura Shakenov,3
Azamat Kilic,5
Omar Celik,2
Polina Kuznetsov,4
Azamat Temirov,5
Rasul Akhmetov,2
Maria Abenov,2
Maria Kaliyev,3
Denis Fedorov,2
Meruyert Aslan,2
Maria Sokolov,3
Saltanat Jumabek,4
Daria Musin,1
Vera Cetin,1
Nurzhan Kuznetsov,1
Azamat Ozturk,5
Nur Fedorov,1
Denis Yilmaz,5
Saltanat Sagyndyk,1
Milana Abenov,5
Nurlan Dogan,2
Aizhan Kilic,2
Yerlan Fedorov,4
Nazerke Kaya,4
Olga Kassym,4
Rasul Nurgaliyev,3
Nurzhan Volkov,1
Vadim Zhumabek,1
Nur Bolat,2
Zhanna Yerzhanov,1
Elnur Kuznetsov,3
Olga Makhmud,5
Azamat Gabdullin,5
Zhanel Ualiyev,1
Zeynep Sadykov,3
Daniyar Kassym,3
Oleg Zhunusov,4
Gulnaz Kassym,3
Pavel Suleimenov,4
Zhanna Volkov,4
Zhuldyz Celik,2
Ilyas Kaya,3
Maria Kurt,2
Askar Volkov,3
Rasul Koc,4
Ekaterina Ozturk,3
Olga Esenov,1
Yulia Gabdullin,3
Kairat Morozov,1
Kairat Ivanov,1
Omar Bolat,5
Emre Sokolov,3
Yernar Assanov,3
Amir Kassym,3
Aisha Abenov,2
Sabina Karimov,2
Ksenia Kudaibergen,2
Kamila Karimov,1
Elena Serikbay,2
Irina Gabdullin,5
Emre Serikbay,1
Sabina Morozov,1
Alina Suleimenov,3
Nurzhan Shakenov,1
Alibek Sagyndyk,5
Nikita Yerzhanov,1
Adil Baiseitov,3
Pavel Morozov,4
Askar Petrov,2
Gaukhar Kurt,1
Anna Suleimenov,1
Elnur Kuznetsov,2
Arman Kassym,3
Nazerke Bekov,2
Symbat Turgenev,3
Anna Petrov,3
Pavel Arslan,3
Ilyas Alpysbay,2
Rauan Dauletov,1
Ersultan Yerzhanov,1
Dana Popov,3
Ersultan Kassym,1
Zhanna Kuznetsov,3
Zhansaya Iskakov,4
Andrey Bolat,2
Rauan Ermek,4
Tatiana Akhmetov,3
Ksenia Ozturk,3
Ksenia Jumabek,2
Talgat Ualiyev,1
Symbat Bekov,1
Aliya Kilic,1
Nazerke Kilic,3
Kuanysh Suleimenov,1
Aliya Mikhailov,1
Olga Abdirov,1
Dias Aslan,5
Ilyas Nurgaliyev,4
Murat Celik,1
Bekzat Aslan,1
Karina Kassym,3
Nurlan Mikhailov,3
Polina Sokolov,2
Temirlan Celik,3
Laura Orazov,3
Damir Ermek,5
Nazerke Lebedev,3
Vera Dogan,4
Zarina Bolat,4
Vera Kudaibergen,2
Alibek Sokolov,2
Andrey Aslan,1
Bauyrzhan Rakhimov,1
Kairat Volkov,2
Dmitry Kara,1
Dinara Yerzhanov,2
Kirill Jumabek,2
Marat Ibrayev,4
Kamila Zhaksylyk,3
Tolga Abdirov,3
Madina Daulet,2
Serik Amangeldy,2
Zhansaya Bekov,3
Zhanna Konysbay,4
Vlad Abenov,4
Symbat Kaliyev,4
Daniyar Kurmanov,1
Kirill Sadykov,1
Roman Cetin,5
Irina Kara,1
Damir Turgenev,1
Nazerke Ivanov,3
Igor Karimov,1
Damir Alpysbay,4
Tomiris Konysbay,1
Kamila Abdirov,4
Baris Alpysbay,3
Baris Abenov,2
Aruzhan Baiseitov,3
Serik Sadykov,1
Asel Kassym,1
Nurlybek Aslan,1
Serik Karimov,2
Ruslan Yerzhanov,3
Nurlan Kudaibergen,1
Ece Sokolov,2
Rasul Tleubek,1
Oleg Kurt,3
Asel Ibrayev,5
Aliya Aliyev,3
Gulnaz Ermek,1
Aruzhan Ermek,1
Nurlybek Shakenov,3
Layla Kuznetsov,5
Irina Akhmetov,3
Nurlan Assanov,5
Elena Alpysbay,1
Akbota Popov,2
Zhanel Nurgaliyev,3
Ece Iskakov,3
Miras Morozov,2
Arman Petrov,4
Timur Shakenov,4
Karina Zhunusov,3
Nazerke Popov,3
Kerem Bolat,5
Elena Shakenov,1
Islam Daulet,1
Zhuldyz Demir,2
Olga Mikhailov,1
Hasan Dauletov,3
Aigul Amangeldy,5
Dana Yilmaz,1
Aliya Bekov,1
Kerem Dogan,5
Zhuldyz Omarov,2
Vadim Arslan,3
Kuanysh Arslan,4
Bekzat Omarov,3
Zhuldyz Rakhimov,2
Olga Arslan,5
Nurlan Yilmaz,3
Rauan Serikbay,2
Emre Sahin,1
Karina Bekov,3
Rasul Kaliyev,1
Askar Suleimenov,3
Sofia Zhaksylyk,3
Anel Yerzhanov,3
Elena Kilic,1
Kirill Volkov,2
Derya Iskakov,2
Ainur Aslan,3
Olzhas Turgenev,1
Kairat Zhumabek,1
Irina Mikhailov,3
Polina Sahin,2
Oleg Lebedev,3
Karina Koc,3
Olzhas Baitursyn,3
Roman Serikbay,5
Zhandos Mikhailov,2
Oleg Sahin,4
Zhanna Kara,1
Maria Rakhimov,3
Vlad Shakenov,3
Amir Yilmaz,1
Alibek Arslan,3
Bauyrzhan Kuznetsov,3
Nikita Ivanov,2
Serik Yilmaz,5
Tomiris Abdirov,5
Zhanar Rakhimov,1
Oleg Abenov,2
Artem Akhmetov,4
Kuanysh Kassym,3
Aigul Shakenov,2
Adil Baitursyn,1
Kamila Zhunusov,5
Alisa Kurmanov,1
Rasul Sahin,2
Maxim Nurgaliyev,2
Kuanysh Zhunusov,2
Yernar Arslan,1
Amir Baitursyn,1
Azamat Fedorov,2
Alina Yerzhanov,2
Alibek Novikov,2
Nur Amangeldy,2
Kairat Petrov,3
Pavel Amangeldy,2
Kirill Konysbay,2
Maria Musin,1
Akbota Abdirov,5
Nurlan Zhunusov,1
Kerem Konysbay,4
Rasul Morozov,5
Yernar Kaliyev,3
Islam Tleubek,2
Madina Daulet,4
Asel Novikov,2
Aisha Jumabek,4
Olzhas Assanov,5
Selin Kaliyev,3
Saltanat Volkov,4
Elnur Gabdullin,4
Arman Kuznetsov,2
Aigerim Lebedev,4
Zhanar Aliyev,3
Baris Demir,1
Polina Ermek,4
Olzhas Makhmud,1
Aisha Bolat,1
Tatiana Karimov,1
Derya Dauletov,4
Adil Kurt,2
Yulia Kassym,4
Ilyas Mikhailov,3
Aruzhan Makhmud,5
Ilyas Daulet,1
Gaukhar Popov,2
Vadim Arslan,2
Maxim Shakenov,3
Kairat Sadykov,2
Kuanysh Cetin,4
Damir Rakhimov,3
Pavel Kurt,3
Anna Ivanov,5
Zhansaya Daulet,5
Nikita Tashkenov,1
Daniyar Smirnov,5
Kamila Arslan,5
Aisha Cetin,2
Bekzat Kassym,3
Zarina Zhumabek,1
Elnur Ivanov,3
Arman Abdirov,1
Irina Akhmetov,5
Yulia Kurmanov,2
Olzhas Turgenev,2
Emre Lebedev,1
Madina Ermek,5
Balzhan Kassym,3
Adil Yerzhanov,2
Nurlybek Yerzhanov,1
Tatiana Zhunusov,1
Alina Orazov,2
Anel Ibrayev,1
Temirlan Volkov,1
Karina Musin,4
Daniyar Kara,3
Timur Bekov,5
Nurzhan Kudaibergen,2
Karina Abenov,2
Maxim Lebedev,1
Zhanel Rakhimov,1
Zhanel Kuznetsov,2
Sofia Arslan,1
Dmitry Demir,3
Sanzhar Baitursyn,3
Sabina Ermek,4
Aigul Temirov,1
Vlad Akhmetov,5
Meruyert Aslan,4
Aigerim Volkov,2
Omar Demir,5
Derya Gabdullin,4
Ruslan Kara,3
Bauyrzhan Kara,1
Kirill Zhaksylyk,4
Nazerke Volkov,1
Madina Celik,5
Aliya Amangeldy,4
Denis Lebedev,1
Emre Aliyev,3
Miras Morozov,3
Artem Arslan,2
Artem Gabdullin,2
Ruslan Aslan,3
Zhanar Aslan,1
Aizhan Sadykov,1
Zhanel Kassym,4
Zhanna Dauletov,3
Zhansaya Cetin,4
Selin Abenov,3
Murat Kaya,3
Pavel Gabdullin,4
Marat Makhmud,3
Balzhan Mukanov,2
Alina Turgenev,2
Adil Zhunusov,1
Maria Sahin,1
Polina Kaya,3
Kerem Alpysbay,4
Kirill Esenov,1
Kerem Bolat,1
Hasan Serikbay,1
Aknur Lebedev,4
Rauan Arslan,2
Sabina Cetin,3
Arman Makhmud,3
Azamat Omarov,5
Baris Abdirov,4
Ksenia Sokolov,1
Ksenia Kaliyev,2
Nikita Suleimenov,3
Pavel Kaya,5
Yerbol Orazov,2
Yerbol Mukanov,3
Aisha Bolat,1
Daniyar Zhumabek,4
Aliya Zhunusov,1
Alina Kassym,3
Ekaterina Zhumabek,4
Alibek Popov,2
Dias Yilmaz,1
Bekzat Ozturk,1
Elena Tleubek,4
Alina Mukanov,1
Aizhan Kassym,1
Dmitry Ualiyev,1
Rasul Dogan,2
Zeynep Demir,2
Nurzhan Demir,4
Aigul Mikhailov,3
Derya Ibrayev,1
Olzhas Abenov,3
Nikita Kilic,3
Dmitry Karimov,2
Serik Yerzhanov,1
Temirlan Sadykov,4
Alisa Bekov,1
Dias Novikov,4
Symbat Ualiyev,1
Nazerke Ibrayev,1
Aigerim Dogan,2
Meruyert Amangeldy,3
Alina Turgenev,1
Islam Celik,4
Maxim Amangeldy,4
Zhanel Orazov,2
Andrey Makhmud,1
Aisha Turgenev,1
Bauyrzhan Ivanov,2
Amir Volkov,3
Madina Tleubek,2
Sofia Akhmetov,4
Andrey Serikbay,1
Sanzhar Turgenev,3
Bauyrzhan Arslan,2
Gulnaz Musin,1
Ece Kara,4
Derya Kaliyev,1
Kamila Rakhimov,1
Tomiris Popov,4
Oleg Jumabek,4
Bauyrzhan Morozov,2
Anna Abenov,4
Serik Sadykov,1
Sabina Novikov,3
Ersultan Yilmaz,4
Serik Morozov,3
Gaukhar Ualiyev,2
Elif Baitursyn,5
Asel Konysbay,1
Oleg Sokolov,4
Zhandos Smirnov,1
Gulnaz Lebedev,3
Dinara Koc,3
Sofia Popov,1
Alina Shakenov,2
Bekzat Mikhailov,1
Sergey Abenov,1
Kuanysh Rakhimov,2
Ilyas Kurt,2
Alina Zhunusov,2
Saltanat Amangeldy,4
Nazerke Orazov,3
Madina Ivanov,3
Irina Bekov,4
Anton Zhunusov,4
Olga Ozturk,2
Damir Baitursyn,2
Asel Yerzhanov,3
Kirill Assanov,1
Akbota Volkov,3
Dinara Sagyndyk,1
Ece Esenov,3
Ruslan Aliyev,1
Daniyar Kudaibergen,2
Ilyas Amangeldy,1
Askar Volkov,1
Rauan Zhunusov,2
Oleg Yilmaz,3
Artem Dogan,1
Balzhan Fedorov,2
Ersultan Assanov,3
Akbota Ualiyev,2
Sofia Konysbay,2
Aruzhan Arslan,5
Kirill Kara,3
Emre Daulet,1
Ilyas Aslan,3
Aisha Sagyndyk,4
Omar Suleimenov,4
Zhanel Lebedev,4
Amir Dauletov,1
Elena Aliyev,1
Aisha Ivanov,3
Zhanel Jumabek,1
Alibek Orazov,2
Rauan Jumabek,3
Symbat Daulet,2
Alina Alpysbay,2
Sanzhar Zhumabek,2
Azamat Makhmud,2
Yerbol Abdirov,3
Alisa Bekov,5
Zeynep Kilic,2
Irina Celik,1
Ece Demir,5
Temirlan Ivanov,2
Selin Baiseitov,3
Dana Kilic,5
Maria Mikhailov,1
Temirlan Ualiyev,1
Dias Kaya,1
Ece Esenov,5
Selin Sahin,5
Elif Orazov,2
Roman Zhumabek,4
Olga Arslan,3
Bauyrzhan Amangeldy,4
Olga Koc,2
Azamat Cetin,2
Temirlan Baitursyn,2
Damir Aslan,1
Temirlan Kaliyev,1
Zhanar Daulet,2
Anel Arslan,1
Roman Aslan,1
Madina Bolat,4
Nazym Dogan,3
Zeynep Temirov,1
Bauyrzhan Ualiyev,3
Alibek Esenov,1
Meruyert Mukanov,2
Igor Musin,1
Islam Kilic,3
Nazym Suleimenov,1
Yerbol Abdirov,2
Yulia Volkov,3
Selin Smirnov,2
Emre Volkov,3
Temirlan Smirnov,2
Ece Turgenev,5
Nurlan Aliyev,3
Murat Omarov,2
Elnur Bekov,3
Nazerke Novikov,2
Kuanysh Karimov,1
Sanzhar Kurt,3
Zhanar Nurgaliyev,3
Kamila Dogan,4
Tomiris Konysbay,1
Dmitry Iskakov,2
Yerbol Esenov,2
Nurlan Popov,3
Pavel Zhaksylyk,3
Ilyas Mikhailov,4
Milana Suleimenov,1
Milana Dauletov,3
Tomiris Sokolov,3
Symbat Kuznetsov,2
Alina Sahin,1
Madina Rakhimov,5
Islam Omarov,3
Nurlybek Amangeldy,1
Nurlybek Baiseitov,3
Tomiris Morozov,4
Timur Kaliyev,4
Daria Ualiyev,2
Ersultan Koc,2
Azamat Konysbay,2
Tatiana Jumabek,2
Zhansaya Volkov,1
Aknur Kaya,5
Nikita Mikhailov,5
Timur Yilmaz,3
Meruyert Petrov,2
Sultan Rakhimov,5
Ersultan Arslan,3
Rauan Omarov,5
Aruzhan Nurgaliyev,1
Ilyas Suleimenov,1
Tomiris Shakenov,3
Maxim Gabdullin,1
Rasul Arslan,3
Askar Alpysbay,5
Alina Yilmaz,1
Artem Ualiyev,4
Tatiana Kassym,1
Arman Shakenov,1
Tatiana Ivanov,5
Symbat Aslan,1
Yernar Shakenov,1
Nurlybek Assanov,3
Ainur Assanov,2
Zhuldyz Smirnov,3
Amir Volkov,3
Kairat Koc,1
Dana Kilic,1
Elif Demir,4
Nurzhan Morozov,5
Hasan Baitursyn,3
Dinara Volkov,5
Symbat Ivanov,1
Ersultan Koc,1
Dinara Baitursyn,1
Vlad Aslan,2
Kerem Baiseitov,3
Gaukhar Shakenov,5
Hasan Tleubek,1
Zeynep Kudaibergen,4
Damir Serikbay,3
Amir Demir,1
Oleg Aliyev,5
Alisa Mikhailov,1
Vera Tleubek,1
Karina Ualiyev,1
Dana Temirov,2
Sergey Aliyev,3
Aizhan Baitursyn,4
Anton Kara,1
Kerem Ualiyev,1
Ece Kara,4
Aruzhan Bekov,5
Elif Dogan,3
Kirill Bekov,2
Ksenia Tleubek,2
Emre Kassym,2
Murat Aliyev,4
Nur Amangeldy,4
Ksenia Koc,1
Meruyert Musin,1
Sultan Baiseitov,3
Elif Popov,4
Alisa Ibrayev,1
Daniyar Ibrayev,4
Tolga Akhmetov,1
Aizhan Petrov,4
Balzhan Abenov,1
Bekzat Abenov,1
Aizhan Assanov,3
Askar Ivanov,3
Aliya Yilmaz,2
Vera Akhmetov,3
Saltanat Mikhailov,3
Dinara Bekov,2
Zarina Kudaibergen,5
Aigul Sadykov,1
Bauyrzhan Daulet,5
Askar Esenov,2
Ekaterina Konysbay,2
Kairat Ivanov,4
Miras Akhmetov,3
Elena Abdirov,5
Islam Gabdullin,2
Roman Baitursyn,2
Zeynep Zhaksylyk,5
Derya Omarov,3
Azamat Volkov,1
Tolga Daulet,3
Aigul Aslan,3
Omar Temirov,3
Omar Tashkenov,2
Ainur Zhaksylyk,5
Denis Kaya,1
Kamila Arslan,1
Zhanna Alpysbay,3
Sergey Makhmud,3
Alibek Baiseitov,1
Derya Tleubek,5
Yulia Suleimenov,3
Zarina Turgenev,1
Aigerim Zhaksylyk,5
Tatiana Kudaibergen,3
Temirlan Kaya,2
Gaukhar Novikov,3
Dmitry Nurgaliyev,1
Gulnaz Zhumabek,3
Talgat Cetin,5
Aizhan Yerzhanov,2
Anna Morozov,3
Damir Fedorov,4
Elena Alpysbay,4
Kuanysh Tashkenov,2
Ilyas Kurt,2
Dana Popov,5
Nurlybek Temirov,2
Artem Bekov,3
Dias Kaya,1
Adil Ermek,2
Damir Sadykov,2
Temirlan Yilmaz,2
Nurlan Zhaksylyk,3
Omar Abenov,3
Ekaterina Rakhimov,1
Olga Fedorov,1
Murat Shakenov,4
Olga Demir,5
Ece Kilic,5
Polina Orazov,1
Balzhan Aslan,2
Kamila Shakenov,1
Temirlan Alpysbay,3
Sergey Yilmaz,2
Ilyas Demir,2
Elif Sagyndyk,4
Alibek Akhmetov,4
Akbota Gabdullin,3
Vera Dogan,2
Serik Temirov,2
Andrey Esenov,1
Aigul Amangeldy,4
Akbota Sahin,3
Tolga Novikov,2
Pavel Ibrayev,2
Zhuldyz Abdirov,4
Polina Smirnov,2
Sanzhar Kudaibergen,2
Ruslan Amangeldy,3
Nazerke Novikov,3
Balzhan Abdirov,3
Pavel Dogan,2
Tatiana Aliyev,5
Zhanel Kudaibergen,3
Ilyas Petrov,3
Gulnaz Sahin,5
Miras Tashkenov,4
Alisa Turgenev,1
Alina Dogan,1
Ruslan Makhmud,2
Dinara Serikbay,3
Baris Ibrayev,2
Bauyrzhan Sadykov,4
Daria Makhmud,1
Nurzhan Amangeldy,4
Ersultan Yerzhanov,3
Vlad Kilic,2
Anton Smirnov,5
Meruyert Rakhimov,2
Karina Tashkenov,4
Zhanar Kudaibergen,4
Dinara Kurmanov,4
Rasul Zhaksylyk,2
Sultan Kaliyev,4
Nurlybek Baitursyn,1
Zhanar Serikbay,2
Elena Novikov,4
Irina Mukanov,5
Nur Assanov,1
Vera Daulet,1
Nurzhan Karimov,1
Hasan Dauletov,3
Daria Orazov,4
Tolga Daulet,1
Nurlan Zhunusov,2
Aigerim Demir,1
Aigul Mukanov,1
Daria Yilmaz,5
Balzhan Turgenev,1
Bauyrzhan Kurt,2
Bekzat Sahin,1
Kairat Makhmud,4
Kuanysh Sagyndyk,3
Nur Kaliyev,1
Sultan Konysbay,3
Zhuldyz Daulet,1
Nazerke Makhmud,3
Karina Lebedev,3
Ilyas Mikhailov,4
Zhandos Omarov,3
Gaukhar Kaliyev,3
Bekzat Bekov,3
Tolga Kara,1
Olzhas Gabdullin,4
Sanzhar Alpysbay,3
Bekzat Turgenev,3
Sabina Zhunusov,1
Kuanysh Amangeldy,1
Nurlybek Zhumabek,3
Zhuldyz Akhmetov,1
Aknur Ivanov,1
Zhanar Kuznetsov,4
Zarina Novikov,4
Elnur Jumabek,2
Saltanat Lebedev,1
Sofia Shakenov,2
Roman Makhmud,2
Balzhan Cetin,3
Dmitry Sahin,2
Omar Zhumabek,3
Alisa Ivanov,5
Maxim Abdirov,4
Zhandos Abdirov,1
Karina Koc,4
Alibek Makhmud,2
Alisa Shakenov,1
Sergey Dogan,1
Timur Daulet,2
Selin Koc,2
Olzhas Sahin,2
Kerem Bekov,4
Temirlan Tleubek,3
Baris Karimov,5
Nazym Tashkenov,5
Vlad Sahin,1
Polina Rakhimov,3
Aruzhan Abdirov,4
Gaukhar Turgenev,4
Nurzhan Assanov,1
Nazym Sokolov,2
Bekzat Demir,5
Nurzhan Aliyev,4
Ruslan Novikov,1
Meruyert Bolat,5
Nurzhan Shakenov,1
Nazerke Arslan,1
Gaukhar Jumabek,1
Zhansaya Kaya,5
Timur Iskakov,1
Nurzhan Konysbay,4
Bauyrzhan Kurt,4
Nurlybek Yilmaz,3
Serik Arslan,2
Artem Arslan,3
Rauan Koc,2
Ersultan Iskakov,4
Tatiana Temirov,3
Yerbol Dauletov,3
Nur Baiseitov,4
Sanzhar Ermek,4
Gaukhar Ozturk,2
Kuanysh Assanov,2
Ece Sokolov,1
Talgat Alpysbay,1
Karina Ivanov,2
Gaukhar Ivanov,3
Daria Turgenev,1
Kamila Kuznetsov,3
Kerem Jumabek,2
Alina Popov,1
Marat Aliyev,2
Saltanat Abenov,4
Sanzhar Kara,5
Sofia Cetin,5
Vadim Kudaibergen,1
Yernar Kuznetsov,3
Nurlan Omarov,3
Serik Makhmud,2
Roman Bekov,5
Aizhan Yilmaz,2
Zhandos Fedorov,3
Zhanel Karimov,2
Tolga Kassym,3
Yernar Abdirov,5
Sultan Akhmetov,1
Askar Akhmetov,2
Murat Zhaksylyk,2
Talgat Sahin,2
Zarina Temirov,2
Zhansaya Baiseitov,1
Pavel Karimov,1
Alibek Temirov,3
Layla Tleubek,3
Islam Novikov,3
Bekzat Kurmanov,1
Nurlan Dauletov,2
Milana Cetin,2
Selin Karimov,5
Yerlan Aliyev,4
Maria Assanov,1
Akbota Dauletov,2
Arman Dogan,2
Kerem Shakenov,2
Arman Omarov,1
Nazym Makhmud,3
Gulnaz Musin,2
Gulnaz Lebedev,4
Andrey Abdirov,1
Azamat Yilmaz,2
Pavel Aliyev,4
Ilyas Kaliyev,2
Ksenia Aliyev,1
Omar Celik,1
Olzhas Daulet,3
Dias Volkov,3
Nurlybek Musin,2
Miras Shakenov,2
Vlad Aslan,3
Ilyas Esenov,2
Emre Ivanov,3
Ilyas Yilmaz,3
Aruzhan Tleubek,3
Aizhan Baitursyn,1
Dmitry Kassym,1
Tomiris Sagyndyk,1
Alina Kara,2
Tatiana Popov,2
Dinara Mukanov,2
Olzhas Mikhailov,3
Aruzhan Celik,3
Sultan Shakenov,5
Roman Abenov,2
Ekaterina Ivanov,4
Layla Baitursyn,2
Vadim Ualiyev,5
Balzhan Mukanov,4
Baris Kurmanov,2
Sanzhar Ualiyev,4
Miras Smirnov,4
Arman Ivanov,2
Polina Assanov,5
Selin Tleubek,2
Zhanna Celik,2
Zarina Kilic,5
Daniyar Assanov,4
Dmitry Tashkenov,3
Vadim Amangeldy,1
Dias Makhmud,3
Artem Jumabek,4
Gulnaz Sagyndyk,1
Irina Abenov,3
Anel Ualiyev,4
Elif Iskakov,3
Selin Fedorov,5
Laura Serikbay,2
Artem Tashkenov,1
Aigerim Kilic,1
Timur Temirov,3
Maria Ozturk,1
Madina Dogan,5
Dana Fedorov,5
Baris Zhaksylyk,1
Laura Morozov,1
Zhandos Aliyev,3
Layla Petrov,1
Kuanysh Lebedev,2
Saltanat Kurmanov,1
Alina Sokolov,3
Alisa Kassym,1
Irina Kara,2
Denis Alpysbay,2
Zhansaya Kurmanov,3
Elif Kurt,3
Kirill Baiseitov,4
Zhansaya Baiseitov,2
Laura Bolat,1
Kuanysh Dogan,2
Aknur Rakhimov,4
Denis Tashkenov,5
Anel Sadykov,1
Timur Mukanov,3
Alina Cetin,2
Nurzhan Ivanov,1
Pavel Zhunusov,3
Rauan Tleubek,3
Arman Ermek,3
Maxim Iskakov,2
Rasul Bolat,4
Zeynep Musin,2
Polina Bolat,3
Sofia Kurmanov,3
Zhansaya Fedorov,1
Adil Omarov,1
Rauan Rakhimov,1
Serik Serikbay,3
Aruzhan Celik,1
Nikita Yilmaz,4
Pavel Iskakov,1
Olga Sagyndyk,1
Gulnaz Nurgaliyev,3
Sofia Ivanov,2
Kamila Kara,3
Tomiris Gabdullin,1
Elif Rakhimov,2
Nazerke Abenov,2
Ersultan Arslan,3
Olzhas Ozturk,2
Aruzhan Kaya,3
Zhanar Kara,3
Nurlybek Bekov,1
Adil Baitursyn,1
Aliya Dogan,1
Alina Musin,4
Milana Konysbay,3
Yernar Sagyndyk,2
Islam Kaliyev,5
Pavel Kudaibergen,3
Olzhas Sokolov,1
Aliya Volkov,1
Sofia Assanov,4
Milana Amangeldy,1
Kirill Sadykov,2
Irina Cetin,2
Zhansaya Karimov,3
Baris Ualiyev,1
Milana Yerzhanov,3
Zhandos Yilmaz,1
Pavel Zhumabek,3
Milana Esenov,1
Layla Alpysbay,1
Symbat Baitursyn,4
Yerbol Mukanov,5
Kairat Morozov,4
Ilyas Abdirov,5
Sergey Alpysbay,4
Vadim Yilmaz,4
Aizhan Morozov,5
Olga Celik,2
Nikita Alpysbay,2
Zhanel Sahin,2
Vadim Karimov,3
Ilyas Temirov,3
Talgat Morozov,2
Dinara Petrov,4
Vera Ozturk,1
Ekaterina Bolat,1
Aisha Rakhimov,3
Sanzhar Orazov,4
Artem Ozturk,5
Oleg Cetin,4
Tatiana Sahin,3
Symbat Ualiyev,5
Ruslan Assanov,1
Yerbol Kurmanov,3
Aruzhan Kurmanov,2
Emre Bekov,2
Roman Arslan,1
Daniyar Alpysbay,2
Bekzat Smirnov,2
Talgat Assanov,4
Igor Yilmaz,5
Asel Kudaibergen,3
Sultan Demir,1
Vlad Kilic,2
Sanzhar Lebedev,2
Irina Kaya,5
Zhandos Baitursyn,2
Zhanna Tashkenov,3
Marat Yilmaz,3
Zhanel Temirov,2
Damir Aslan,5
Dana Mukanov,2
Olzhas Sokolov,1
Yulia Suleimenov,1
Azamat Musin,3
Aknur Orazov,3
Derya Novikov,3
Kairat Yerzhanov,3
Amir Kudaibergen,2
Oleg Smirnov,3
Aliya Aliyev,2
Elnur Iskakov,2
Aigul Assanov,1
Tatiana Cetin,1
Andrey Kurmanov,4
Ruslan Petrov,2
Olga Yilmaz,1
Milana Omarov,5
Nurzhan Kurt,2
Ksenia Ozturk,4
Zhanel Alpysbay,1
Nikita Kassym,3
Pavel Dogan,5
Madina Ualiyev,4
Nur Kassym,3
Anton Dogan,1
Timur Amangeldy,3
Ekaterina Popov,2
Nikita Novikov,3
Ainur Yilmaz,3
Amir Mikhailov,1
Miras Makhmud,1
Ersultan Mukanov,3
Ilyas Tleubek,4
Kuanysh Makhmud,3
Alisa Ualiyev,1
Bauyrzhan Alpysbay,5
Bauyrzhan Aliyev,5
Nazym Arslan,4
Aigul Dauletov,1
Timur Yilmaz,5
Aruzhan Lebedev,3
Amir Jumabek,2
Hasan Jumabek,3
Ece Sahin,3
Ruslan Karimov,4
Alisa Sahin,1
Zhanel Tashkenov,1
Denis Ermek,2
Amir Ermek,2
Sanzhar Yilmaz,2
Ersultan Serikbay,2
Alina Amangeldy,3
Hasan Fedorov,2
Ekaterina Yerzhanov,2
Yernar Ozturk,2
Tatiana Dogan,3
Kamila Kassym,3
Marat Kurt,2
Zhanna Konysbay,1
Sabina Kurt,1
Sergey Mukanov,3
Denis Sahin,4
Maria Zhaksylyk,1
Dana Kara,1
Vlad Fedorov,4
Madina Omarov,1
Selin Tleubek,2
Karina Kurmanov,1
Alisa Zhaksylyk,1
Karina Koc,4
Anton Sokolov,3
Nurlan Ivanov,2
Islam Cetin,3
Zeynep Sahin,3
Alisa Abdirov,1
Elif Iskakov,2
Denis Kurt,3
Aknur Gabdullin,3
Askar Smirnov,2
Gulnaz Petrov,1
Ekaterina Kurmanov,1
Olzhas Abenov,5
Marat Gabdullin,2
Alina Ermek,1
Igor Esenov,3
Sanzhar Arslan,1
Zhandos Aliyev,3
Timur Temirov,3
Yerbol Musin,2
Dinara Kuznetsov,1
Daria Omarov,3
Dana Yerzhanov,3
Ece Tashkenov,2
Roman Koc,1
Kerem Ibrayev,4
Dias Sokolov,2
Maria Bekov,5
Vera Ivanov,3
Nurlan Musin,5
Serik Volkov,2
Dmitry Gabdullin,3
Alisa Cetin,4
Nurlybek Kurt,4
Olzhas Gabdullin,4
Amir Jumabek,4
Ersultan Kara,1
Milana Karimov,3
Meruyert Amangeldy,3
Milana Amangeldy,3
Temirlan Yilmaz,3
Nurzhan Dauletov,3
Kuanysh Ibrayev,1
Miras Ermek,2
Dana Abenov,1
Omar Demir,1
Emre Kurmanov,2
Zhanar Bekov,4
Temirlan Dogan,2
Layla Rakhimov,5
Ekaterina Bolat,1
Ece Ivanov,4
Omar Jumabek,1
Irina Esenov,3
Gulnaz Makhmud,3
Roman Novikov,1
Tatiana Ualiyev,4
Nurlybek Kaya,3
Elif Popov,4
Elena Novikov,2
Rauan Aslan,4
Laura Kaya,2
Zhandos Kaya,2
Elif Koc,4
Denis Popov,3
Sultan Yerzhanov,1
Kamila Petrov,3
Roman Kaya,2
Kirill Ualiyev,2
Rasul Sahin,2
Andrey Suleimenov,2
Ruslan Makhmud,3
Sofia Orazov,4
Dinara Sadykov,3
Nur Amangeldy,1
Timur Zhumabek,1
Ersultan Zhaksylyk,2
Elnur Kaya,3
Yerlan Kaliyev,4
Bauyrzhan Amangeldy,2
Akbota Turgenev,1
Bekzat Petrov,2
Madina Abdirov,2
Ruslan Yerzhanov,4
Ilyas Volkov,4
Oleg Kudaibergen,5
Emre Serikbay,1
Zhansaya Kaliyev,1
Maxim Kuznetsov,4
Sofia Iskakov,3
Zhuldyz Novikov,2
Aigul Ualiyev,2
Oleg Sahin,3
Daria Turgenev,1
Tomiris Demir,1
Marat Lebedev,2
Elnur Novikov,4
Aliya Mikhailov,1
Nur Ermek,4
Talgat Karimov,1
Daniyar Volkov,2
Nurzhan Ualiyev,3
Ainur Konysbay,2
Ekaterina Kuznetsov,4
Kamila Kurmanov,5
Yernar Zhaksylyk,3
Zhanna Sahin,3
Yerbol Makhmud,2
Bauyrzhan Popov,5
Olzhas Akhmetov,5
Laura Bolat,1
Rauan Arslan,1
Emre Zhumabek,4
Oleg Fedorov,3
Daniyar Dauletov,1
Laura Petrov,1
Murat Petrov,5
Timur Zhumabek,1
Zeynep Mikhailov,3
Dias Kudaibergen,1
Miras Serikbay,4
Vera Arslan,4
Aigerim Kara,1
Emre Mukanov,1
Aruzhan Bekov,2
Ece Turgenev,3
Tomiris Zhaksylyk,1
Yernar Smirnov,4
Adil Kaliyev,2
Daniyar Zhumabek,3
Asel Celik,3
Zhanel Rakhimov,1
Damir Kaliyev,5
Nurlan Konysbay,4
Aizhan Volkov,3
Symbat Jumabek,5
Symbat Kudaibergen,2
Laura Tashkenov,1
Arman Jumabek,4
Yulia Zhumabek,5
Daniyar Kaliyev,1
Elnur Ermek,5
Vlad Kudaibergen,2
Bauyrzhan Kaliyev,4
Akbota Gabdullin,4
Miras Bolat,3
Daniyar Rakhimov,4
Ilyas Aslan,1
Anton Kara,1
Ainur Alpysbay,3
Irina Kurmanov,2
Alibek Serikbay,4
Zhandos Abenov,2
Symbat Mukanov,5
Islam Demir,1
Nurlan Assanov,3
Nurlan Makhmud,5
Ersultan Nurgaliyev,3
Emre Zhaksylyk,2
Elena Alpysbay,1
Gaukhar Ibrayev,1
Aisha Koc,5
Zhanar Bekov,4
Rauan Popov,1
Meruyert Turgenev,3
Nurzhan Morozov,2
Oleg Yerzhanov,1
Nazerke Daulet,2
Elif Tleubek,3
Polina Smirnov,5
Sultan Dauletov,1
Aknur Mukanov,2
Yerbol Esenov,1
Bauyrzhan Jumabek,4
Anel Yerzhanov,3
Zarina Makhmud,1
Dana Smirnov,1
Yulia Zhunusov,1
Emre Aslan,3
Symbat Kilic,1
Polina Ermek,3
Olga Sagyndyk,2
Talgat Kilic,4
Zhanel Smirnov,2
Nazerke Lebedev,1
Adil Baitursyn,2
Emre Esenov,3
Gaukhar Sagyndyk,3
Sabina Nurgaliyev,2
Ekaterina Kassym,4
Timur Bekov,3
Arman Gabdullin,4
Kamila Makhmud,3
Gaukhar Zhumabek,1
Yerbol Alpysbay,3
Zhanel Yilmaz,4
Pavel Baitursyn,2
Oleg Daulet,3
Kamila Lebedev,2
Rasul Shakenov,1
Igor Bolat,3
Yulia Kassym,3
Sabina Iskakov,2
Daniyar Demir,1
Dmitry Zhumabek,1
Maxim Sahin,1
Akbota Ozturk,2
Akbota Kurmanov,2
Kirill Konysbay,1
Asel Tleubek,2
Laura Demir,1
Elena Ermek,4
Zhansaya Abdirov,1
Murat Dogan,2
Oleg Makhmud,3
Zhanna Sadykov,3
Igor Popov,3
Arman Dauletov,1
Zhansaya Akhmetov,2
Aruzhan Aliyev,3
Adil Yilmaz,3
Yernar Baiseitov,2
Timur Yerzhanov,5
Gulnaz Temirov,2
Dinara Serikbay,1
Bekzat Musin,2
Oleg Kurt,2
Sofia Bolat,2
Rasul Dauletov,2
Aizhan Amangeldy,5
Zhuldyz Ibrayev,3
Laura Sokolov,4
Saltanat Kurmanov,2
Arman Kassym,3
Serik Kurt,1
Azamat Ermek,3
Miras Amangeldy,4
Amir Sahin,5
Maxim Volkov,1
Zhanel Dogan,4
Sergey Orazov,4
Irina Kurt,1
Vlad Yerzhanov,4
Aknur Zhumabek,1
Asel Sokolov,5
Kerem Kurt,1
Zhandos Zhunusov,3
Ksenia Bolat,3
Polina Sagyndyk,2
Marat Demir,1
Sultan Ivanov,2
Saltanat Sahin,3
Baris Sadykov,5
Asel Kassym,1
Murat Tleubek,1
Kirill Morozov,1
Alisa Tashkenov,4
Alibek Demir,3
Alina Yerzhanov,3
Tolga Dogan,1
Yerlan Karimov,1
Andrey Dauletov,2
Andrey Bolat,3
Igor Fedorov,1
Timur Ivanov,3
Selin Yilmaz,2
Omar Alpysbay,4
Sanzhar Rakhimov,5
Zhandos Volkov,2
Gaukhar Ualiyev,4
Arman Dauletov,1
Artem Suleimenov,3
Sanzhar Kara,3
Tomiris Lebedev,1
Asel Celik,4
Bauyrzhan Zhunusov,5
Zhandos Ivanov,1
Nurlybek Demir,3
Kairat Alpysbay,2
Milana Rakhimov,5
Nikita Dogan,1
Laura Bekov,5
Yernar Ozturk,4
Polina Zhumabek,3
Laura Serikbay,3
Elena Alpysbay,1
Miras Koc,1
Rauan Yilmaz,1
Olzhas Esenov,4
Pavel Novikov,2
Zhandos Kuznetsov,2
Denis Karimov,2
Sanzhar Mikhailov,2
Zarina Yerzhanov,3
Andrey Bekov,4
Aigerim Omarov,2
Yerbol Mikhailov,1
Zhanna Gabdullin,2
Aigul Musin,2
Tomiris Zhumabek,2
Artem Temirov,5
Zhanel Ualiyev,2
Aigul Musin,2
Vadim Demir,3
Murat Smirnov,3
Aliya Abenov,2
Karina Tashkenov,3
Olga Morozov,4
Dinara Tleubek,1
Kerem Baiseitov,5
Amir Abdirov,4
Balzhan Sadykov,2
Kerem Mikhailov,3
Zhandos Cetin,2
Kerem Smirnov,5
Damir Abdirov,1
Askar Mikhailov,4
Tolga Abdirov,1
Zarina Lebedev,3
Askar Musin,1
Anton Sokolov,1
Rasul Serikbay,4
Layla Suleimenov,2
Yulia Shakenov,2
Pavel Kurmanov,5
Andrey Kurt,1
Nur Daulet,2
Roman Kaya,4
Ersultan Arslan,1
Sofia Ozturk,2
Timur Gabdullin,3
Milana Cetin,1
Timur Volkov,1
Nazym Akhmetov,3
Zhanel Alpysbay,3
Andrey Gabdullin,4
Gaukhar Makhmud,3
Karina Zhunusov,5
Zhuldyz Abenov,1
Tatiana Akhmetov,3
Ece Mukanov,1
Kairat Rakhimov,4
Symbat Suleimenov,1
Roman Zhumabek,1
Nurlan Serikbay,4
Ersultan Zhumabek,5
Yerbol Kurt,4
Asel Zhunusov,2
Sultan Zhumabek,2
Elif Tleubek,5
Anel Baitursyn,1
Maxim Yilmaz,4
Zhanna Abdirov,4
Elnur Nurgaliyev,2
Igor Morozov,2
Kirill Arslan,4
Symbat Makhmud,2
Marat Abenov,3
Nurlan Sadykov,2
Askar Cetin,3
Sultan Musin,3
Vlad Iskakov,5
Miras Zhunusov,3
Ainur Petrov,4
Irina Popov,3
Kairat Baitursyn,3
Anna Konysbay,3
Amir Smirnov,1
Ainur Abdirov,1
Laura Nurgaliyev,3
Miras Yerzhanov,1
Aisha Baitursyn,4
Elnur Sagyndyk,2
Anna Shakenov,4
Alina Kaliyev,1
Rasul Turgenev,1
Anton Aliyev,5
Kerem Zhaksylyk,2
Ruslan Bolat,3
Rasul Sahin,4
Yerlan Bekov,4
Kuanysh Fedorov,3
Islam Assanov,1
Kirill Kuznetsov,3
Milana Kaliyev,5
Azamat Gabdullin,3
Timur Esenov,1
Artem Ibrayev,3
Ersultan Daulet,2
Zhandos Turgenev,5
Meruyert Suleimenov,3
Layla Yilmaz,3
Bauyrzhan Kassym,1
Zhanar Dogan,2
Zhanel Jumabek,1
Damir Amangeldy,1
Elnur Ualiyev,1
Kamila Konysbay,3
Nurlybek Mikhailov,1
Tomiris Dauletov,2
Oleg Kilic,5
Bauyrzhan Ibrayev,5
Murat Petrov,2
Vlad Morozov,3
Baris Bolat,3
Yulia Dauletov,2
Selin Demir,4
Zhuldyz Sokolov,2
Dana Ualiyev,2
Daria Aliyev,4
Saltanat Bekov,4
Talgat Mikhailov,2
Anton Esenov,5
Daniyar Musin,3
Daniyar Serikbay,1
Elnur Nurgaliyev,2
Nurzhan Karimov,4
Dmitry Ozturk,5
Nikita Jumabek,2
Adil Kara,1
Symbat Aslan,4
Sabina Alpysbay,3
Nurzhan Demir,3
Zeynep Temirov,3
Alina Rakhimov,1
Aigerim Aliyev,3
Vlad Dauletov,3
Ece Popov,3
Maria Smirnov,2
Milana Yilmaz,5
Amir Kurt,2
Anel Aliyev,1
Rasul Ozturk,1
Layla Demir,2
Balzhan Mukanov,3
Balzhan Gabdullin,3
Aruzhan Shakenov,2
Madina Tashkenov,1
Maxim Zhumabek,2
Emre Daulet,2
Karina Temirov,2
Tatiana Orazov,2
Rauan Kuznetsov,1
Sergey Lebedev,3
Alibek Koc,3
Ekaterina Kurmanov,2
Kuanysh Lebedev,3
Daniyar Tleubek,3
Aisha Dauletov,3
Sergey Yilmaz,3
Ersultan Kuznetsov,4
Damir Demir,1
Yernar Baiseitov,1
Kuanysh Yilmaz,5
Gaukhar Suleimenov,1
Karina Konysbay,3
Sultan Novikov,2
Andrey Cetin,3
Kirill Celik,3
Andrey Karimov,2
Zhandos Zhaksylyk,5
Aizhan Nurgaliyev,3
Nikita Kilic,1
Marat Karimov,1
Symbat Kara,1
Arman Kaya,1
Tatiana Rakhimov,5
Dinara Kuznetsov,3
Layla Demir,1
Ersultan Kara,1
Daniyar Konysbay,5
Gulnaz Kassym,3
Zhuldyz Kuznetsov,3
Denis Kaya,1
Baris Omarov,1
Akbota Sadykov,3
Miras Baitursyn,3
Gulnaz Rakhimov,4
Talgat Baiseitov,1
Dmitry Temirov,1
Olga Cetin,3
Islam Koc,5
Yulia Aslan,1
Anton Dauletov,3
Dana Iskakov,4
Omar Mikhailov,2
Dias Fedorov,2
Miras Iskakov,2
Daniyar Kuznetsov,3
Nur Bolat,1
Aknur Volkov,3
Ece Shakenov,3
Zeynep Suleimenov,1
Saltanat Aliyev,5
Askar Iskakov,4
Alina Omarov,4
Alina Turgenev,1
Tomiris Esenov,1
Miras Ozturk,1
Maxim Nurgaliyev,3
Rauan Jumabek,1
Gulnaz Petrov,2
Yulia Smirnov,1
Aknur Sahin,4
Yerlan Koc,2
Zeynep Kuznetsov,1
Pavel Konysbay,1
Aruzhan Kaliyev,1
Hasan Suleimenov,4
Andrey Karimov,3
Sergey Bolat,4
Emre Demir,4
Baris Kuznetsov,2
Selin Kurmanov,1
Askar Zhaksylyk,2
Sofia Tleubek,4
Saltanat Esenov,3
Irina Baiseitov,1
Zhanar Kuznetsov,3
Arman Sadykov,2
Tomiris Nurgaliyev,1
Dana Abdirov,3
Vadim Ibrayev,1
Ersultan Abdirov,3
Maxim Assanov,3
Olga Morozov,3
Nazym Fedorov,5
Vera Smirnov,2
Vadim Bolat,2
Anton Ozturk,1
Sofia Kaliyev,2
Sofia Fedorov,3
Artem Mukanov,5
Zhanel Konysbay,3
Aliya Volkov,2
Islam Zhunusov,3
Arman Suleimenov,2
Symbat Ozturk,4
Nazym Yilmaz,2
Aknur Yerzhanov,1
Saltanat Assanov,3
Askar Morozov,3
Kairat Abenov,1
Kuanysh Arslan,5
Symbat Bolat,1
Asel Tleubek,2
Laura Mikhailov,3
Nurzhan Celik,2
Pavel Amangeldy,2
Nur Zhunusov,1
Sanzhar Kaya,4
Gulnaz Bolat,2
Maxim Sadykov,2
Selin Akhmetov,2
Yulia Sahin,3
Ksenia Mukanov,1
Murat Omarov,1
Selin Demir,4
Ece Yilmaz,3
Talgat Kurmanov,4
Olga Bekov,1
Anton Baitursyn,3
Aisha Makhmud,3
Temirlan Iskakov,1
Maxim Sokolov,2
Selin Kaya,4
Alibek Daulet,2
Aliya Kaya,4
Ersultan Bolat,4
Yulia Orazov,2
Denis Konysbay,2
Ksenia Shakenov,2
Nur Sokolov,3
Temirlan Yilmaz,2
Yerlan Kurmanov,2
Aizhan Musin,2
Hasan Demir,4
Talgat Assanov,4
Yerlan Mukanov,3
Gulnaz Baitursyn,5
Madina Kassym,2
Ersultan Ibrayev,4
Timur Mukanov,3
Dana Orazov,2
Nurlan Ibrayev,1
Olga Mikhailov,1
Vlad Tashkenov,2
Tolga Sokolov,3
Bauyrzhan Ivanov,3
Miras Ermek,1
Zhuldyz Kara,5
Igor Tleubek,3
Ilyas Novikov,3
Gulnaz Zhumabek,3
Temirlan Esenov,3
Hasan Cetin,4
Ruslan Mikhailov,2
Laura Sokolov,2
Tomiris Sokolov,1
Kamila Baiseitov,2
Pavel Alpysbay,1
Alisa Kara,2
Bauyrzhan Karimov,1
Zhandos Kara,2
Sultan Amangeldy,2
Alina Serikbay,1
Amir Sokolov,1
Zhanna Yilmaz,2
Nurzhan Makhmud,3
Zhandos Bolat,5
Miras Kilic,2
Yernar Kaliyev,2
Nurlybek Daulet,1
Arman Petrov,5
Elif Zhunusov,4
Sanzhar Kurt,3
Serik Turgenev,3
Vadim Sokolov,2
Selin Konysbay,3
Tatiana Morozov,4
Alisa Mikhailov,5
Zhanel Zhaksylyk,5
Tomiris Novikov,4
Alibek Ibrayev,5
Rasul Akhmetov,2
Yernar Petrov,1
Rauan Baiseitov,2
Andrey Serikbay,4
Kerem Zhumabek,1
Zhanna Kaya,1
Zeynep Mikhailov,3
Alibek Dogan,2
Yernar Yerzhanov,1
Omar Shakenov,2
Marat Celik,3
Sanzhar Ozturk,1
Ainur Zhumabek,3
Nurzhan Amangeldy,2
Denis Gabdullin,4
Omar Sahin,3
Azamat Dauletov,1
Talgat Kara,2
Sofia Arslan,2
Ersultan Rakhimov,3
Oleg Ualiyev,3
Dinara Zhumabek,2
Alisa Bolat,5
Ksenia Celik,3
Sergey Musin,2
Vadim Ualiyev,4
Olga Aliyev,1
Islam Ivanov,4
Arman Kara,3
Maria Yerzhanov,1
Sergey Rakhimov,3
Aknur Kassym,3
Irina Gabdullin,1
Polina Tashkenov,1
Olzhas Bolat,2
Zeynep Fedorov,2
Zeynep Novikov,2
Kairat Smirnov,3
Olga Karimov,2
Ksenia Tashkenov,1
Kerem Fedorov,5
Layla Zhaksylyk,1
Balzhan Ozturk,1
Layla Aslan,1
Aknur Mikhailov,2
Temirlan Nurgaliyev,1
Anna Kassym,3
Zarina Sokolov,1
Rasul Celik,5
Kerem Popov,2
Dias Shakenov,3
Madina Konysbay,1
Gaukhar Ivanov,2
Vera Zhunusov,4
Ksenia Kaya,2
Yernar Kudaibergen,1
Zhansaya Abenov,1
Daria Jumabek,1
Layla Cetin,3
Islam Bekov,4
Daria Aliyev,3
Irina Temirov,1
Tomiris Zhunusov,1
Anton Abenov,2
Rauan Kuznetsov,3
Dmitry Dogan,1
Igor Kurmanov,3
Irina Kurt,2
Anna Zhumabek,1
Pavel Abdirov,2
Anel Akhmetov,2
Dana Lebedev,4
Amir Dogan,1
Daria Baiseitov,4
Rauan Aliyev,2
Kuanysh Alpysbay,3
Ece Lebedev,3
Ainur Popov,3
Temirlan Kaya,4
Madina Kaya,1
Marat Dogan,5
Oleg Ozturk,5
Derya Celik,3
Timur Ivanov,4
Ersultan Celik,1
Kerem Temirov,2
Islam Akhmetov,5
Sofia Omarov,5
Madina Zhumabek,4
Bekzat Demir,1
Dinara Jumabek,1
Aliya Sahin,3
Balzhan Popov,1
Igor Koc,3
Daniyar Shakenov,4
Kerem Daulet,2
Dias Novikov,3
Dinara Mukanov,2
Kuanysh Akhmetov,1
Aruzhan Abdirov,5
Rauan Sadykov,1
Selin Kassym,4
Rasul Jumabek,1
Baris Sahin,3
Karina Sagyndyk,3
Yulia Petrov,1
Nazerke Zhaksylyk,1
Vera Zhumabek,3
Bekzat Kurt,3
Nur Kurmanov,3
Baris Tleubek,2
Olzhas Arslan,5
Anton Turgenev,1
Elif Aliyev,2
Maria Novikov,3
Amir Aslan,3
Zhandos Kassym,1
Layla Yilmaz,1
Milana Zhunusov,3
Zhanar Sagyndyk,3
Olzhas Demir,4
Gulnaz Jumabek,4
Omar Suleimenov,3
Nikita Turgenev,1
Akbota Sagyndyk,3
Askar Makhmud,2
Zhanel Jumabek,3
Aisha Celik,3
Emre Serikbay,1
Askar Baiseitov,4
Sanzhar Kaliyev,2
Maxim Serikbay,3
Anton Gabdullin,3
Selin Karimov,3
Nazerke Cetin,3
Aliya Karimov,2
Amir Baiseitov,3
Tomiris Rakhimov,1
Ruslan Dauletov,2
Elif Ermek,1
Dias Dogan,4
Kirill Sadykov,1
Kirill Orazov,3
Kairat Ivanov,2
Aruzhan Makhmud,4
Layla Bekov,4
Timur Yerzhanov,3
Dinara Nurgaliyev,1
Balzhan Sokolov,5
Saltanat Kara,3
Zhanel Volkov,2
Zhanel Turgenev,3
Olga Smirnov,5
Bauyrzhan Karimov,4
Anel Esenov,3
Andrey Kurt,3
Alina Mukanov,1
Serik Baiseitov,3
Akbota Sokolov,3
Maria Ermek,1
Tolga Kudaibergen,3
Anna Nurgaliyev,2
Aigul Popov,1
Marat Ibrayev,3
Elnur Kilic,1
Balzhan Assanov,1
Aigul Fedorov,1
Zarina Kurmanov,4
Yerlan Zhaksylyk,1
Alibek Celik,2
Arman Assanov,2
Aigerim Musin,1
Ersultan Ermek,3
Sanzhar Ualiyev,2
Artem Tashkenov,2
Kuanysh Bolat,1
Elif Morozov,4
Sergey Zhunusov,3
Adil Abdirov,5
Baris Yerzhanov,3
Ruslan Fedorov,3
Adil Yerzhanov,5
Elnur Jumabek,2
Kirill Gabdullin,3
Anton Kurt,2
Nurlybek Tashkenov,3
Tolga Baitursyn,2
Talgat Musin,1
Zeynep Yerzhanov,3
Roman Mikhailov,1
Denis Akhmetov,4
Serik Kaliyev,1
Hasan Volkov,3
Kerem Smirnov,3
Denis Koc,3
Asel Alpysbay,3
Aruzhan Tleubek,1
Ruslan Yerzhanov,2
Murat Serikbay,4
Ainur Arslan,4
Aliya Gabdullin,5
Aigerim Omarov,4
Kuanysh Yilmaz,3
Asel Celik,2
Aigul Baitursyn,2
Dmitry Kudaibergen,3
Zeynep Tashkenov,3
Nurlan Baitursyn,5
Aigul Amangeldy,3
Murat Sadykov,2
Gaukhar Arslan,1
Ersultan Ermek,4
Ece Tashkenov,2
Kerem Sagyndyk,2
Zeynep Ivanov,3
Nikita Tashkenov,1
Dias Assanov,1
Aliya Amangeldy,1
Derya Nurgaliyev,3
Murat Zhunusov,4
Gaukhar Sahin,1
Ersultan Akhmetov,3
Zarina Yilmaz,1
Yernar Cetin,3
Sanzhar Koc,1
Artem Demir,2
Aigul Temirov,2
Ruslan Fedorov,4
Asel Kaya,2
Emre Sokolov,2
Sofia Tashkenov,1
Alina Orazov,4
Madina Dogan,4
Yerlan Kudaibergen,2
Zhansaya Novikov,1
Andrey Tleubek,3
Omar Kilic,3
Amir Amangeldy,2
Elnur Bolat,2
Adil Alpysbay,4
Sofia Ivanov,2
Anel Cetin,1
Talgat Zhaksylyk,4
Meruyert Konysbay,3
Symbat Mukanov,2
Yerlan Smirnov,2
Aknur Abenov,2
Symbat Sokolov,2
Hasan Arslan,2
Ruslan Zhaksylyk,4
Zeynep Lebedev,1
Rasul Gabdullin,2
Aigul Amangeldy,1
Vera Tleubek,2
Yulia Zhaksylyk,2
Layla Sagyndyk,3
Miras Shakenov,3
Zhandos Baitursyn,2
Layla Fedorov,1
Aigul Fedorov,4
Arman Kara,2
Madina Kudaibergen,1
Kuanysh Popov,4
Kuanysh Konysbay,3
Aigul Jumabek,3
Karina Suleimenov,2
Zhanar Temirov,1
Oleg Zhunusov,3
Tatiana Kurmanov,3
Nurzhan Omarov,1
Miras Sadykov,1
Nazerke Aslan,4
Maria Amangeldy,4
Irina Alpysbay,3
Asel Kassym,3
Timur Alpysbay,2
Hasan Sahin,2
Nurlybek Amangeldy,5
Zhanar Baiseitov,1
Sultan Serikbay,4
Roman Mukanov,2
Anna Kaya,2
Dias Arslan,1
Pavel Petrov,2
Anna Arslan,3
Kamila Konysbay,4
Olzhas Tleubek,2
Laura Esenov,1
Dinara Rakhimov,4
Ksenia Kuznetsov,2
Islam Sahin,3
Zhansaya Arslan,3
Elif Karimov,2
Aliya Serikbay,1
Selin Abdirov,4
Yerbol Ibrayev,5
Daria Nurgaliyev,5
Yerbol Ozturk,2
Amir Daulet,3
Talgat Zhunusov,3
Ksenia Cetin,3
Kairat Koc,1
Marat Kassym,1
Gulnaz Zhaksylyk,1
Sultan Amangeldy,2
Zarina Rakhimov,2
Tomiris Aslan,1
Kerem Dogan,5
Talgat Ivanov,5
Vera Nurgaliyev,4
Hasan Zhumabek,5
Aruzhan Cetin,3
Igor Cetin,1
Azamat Akhmetov,3
Amir Kurt,3
Gaukhar Daulet,3
Emre Aslan,2
Igor Morozov,3
Alibek Morozov,3
Nurlan Abdirov,2
Aknur Volkov,1
Ece Kaliyev,4
Yerbol Kurmanov,5
Alibek Karimov,1
Marat Mukanov,4
Sergey Akhmetov,4
Aigerim Fedorov,3
Oleg Popov,3
Vadim Iskakov,1
Hasan Aliyev,2
Milana Novikov,1
Amir Zhaksylyk,2
Sabina Kudaibergen,4
Meruyert Dogan,3
Nurlybek Bekov,5
Nur Ibrayev,5
Anna Abenov,1
Aigul Sokolov,5
Kerem Kaya,4
Yernar Tleubek,5
Dmitry Novikov,3
Dias Ibrayev,3
Selin Novikov,1
Kirill Bekov,2
Daria Bolat,2
Arman Kaya,5
Nazerke Iskakov,1
Maxim Sokolov,3
Olga Kurmanov,3
Karina Smirnov,4
Derya Sahin,3
Pavel Abdirov,5
Ersultan Fedorov,2
Artem Jumabek,1
Karina Smirnov,2
Tolga Omarov,3
Ksenia Zhunusov,2
Zhanar Jumabek,3
Timur Arslan,2
Adil Bekov,2
Nikita Nurgaliyev,2
Rasul Makhmud,1
Islam Sadykov,1
Ekaterina Suleimenov,5
Timur Dogan,3
Vadim Jumabek,4
Kuanysh Sahin,3
Tatiana Aslan,2
Yernar Iskakov,3
Zhanel Mikhailov,1
Azamat Novikov,1
Kamila Aslan,4
Tomiris Amangeldy,1
Roman Assanov,3
Alisa Alpysbay,3
Anna Kaya,2
Zhanar Tleubek,3
Anel Ualiyev,2
Nurlan Kudaibergen,4
Aigul Baitursyn,2
Kairat Akhmetov,1
Kairat Abenov,1
Baris Kassym,5
Saltanat Rakhimov,3
Ersultan Amangeldy,2
Nur Jumabek,5
Aizhan Demir,3
Elif Sahin,4
Ksenia Aslan,3
Yerlan Sagyndyk,5
Zhandos Tleubek,1
Aruzhan Zhunusov,3
Zeynep Mikhailov,5
Damir Sagyndyk,3
Zarina Ivanov,5
Bekzat Volkov,3
Nazerke Novikov,5
Tomiris Ibrayev,4
Zarina Koc,4
Dinara Volkov,3
Emre Kassym,2
Temirlan Mikhailov,4
Andrey Nurgaliyev,2
Nazym Abenov,2
Aliya Kaya,3
Baris Kaliyev,1
Azamat Baitursyn,4
Aliya Smirnov,3
Yernar Kurt,2
Aruzhan Kuznetsov,2
Dinara Orazov,1
Dana Mukanov,1
Ainur Akhmetov,2
Daria Ivanov,4
Kuanysh Esenov,4
Laura Novikov,3
Murat Baiseitov,3
Maria Serikbay,4
Karina Omarov,2
Zhandos Suleimenov,5
Karina Makhmud,3
Aliya Baiseitov,2
Anton Kilic,1
Arman Sagyndyk,3
Vadim Jumabek,1
Nazym Kaliyev,2
Hasan Shakenov,5
Dias Kurt,2
Andrey Cetin,2
Elif Alpysbay,5
Tomiris Demir,1
Karina Musin,1
Laura Iskakov,1
Aisha Daulet,4
Artem Orazov,5
Baris Kassym,3
Kerem Aslan,1
Zhanna Lebedev,1
Artem Shakenov,3
Ruslan Lebedev,2
Zhansaya Demir,3
Tatiana Demir,3
Aigerim Yerzhanov,2
Serik Koc,3
Dmitry Serikbay,3
Karina Zhunusov,5
Ksenia Smirnov,1
Sanzhar Ualiyev,4
Alina Iskakov,1
Serik Yilmaz,1
Miras Kara,5
Kairat Kara,5
Yernar Kuznetsov,1
Tatiana Lebedev,4
Symbat Ozturk,3
Baris Bolat,1
Aigerim Kurt,2
Vadim Lebedev,2
Zeynep Nurgaliyev,3
Askar Sokolov,3
Igor Sokolov,3
Askar Serikbay,1
Layla Kudaibergen,3
Yerlan Bolat,3
Timur Morozov,2
Alisa Smirnov,2
Nur Popov,4
Irina Tleubek,2
Saltanat Musin,3
Zhuldyz Aliyev,2
Azamat Lebedev,1
Askar Suleimenov,1
Yerlan Kurmanov,3
Alibek Novikov,5
Asel Iskakov,5
Oleg Turgenev,3
Sabina Iskakov,2
Timur Omarov,1
Elena Bolat,3
Anel Celik,3
Ekaterina Yilmaz,1
Anton Sahin,1
Tomiris Karimov,3
Tatiana Abenov,1
Aruzhan Alpysbay,4
Dias Baitursyn,1
Elnur Kassym,3
Dias Demir,1
Zhanna Alpysbay,1
Anel Zhaksylyk,2
Vadim Sagyndyk,3
Zhuldyz Akhmetov,3
Vlad Koc,4
Asel Sahin,1
Aizhan Arslan,3
Nazerke Morozov,1
Zeynep Musin,1
Aigul Sokolov,3
Emre Kudaibergen,4
Amir Sadykov,2
Zhandos Abenov,1
Olzhas Gabdullin,3
Kamila Temirov,4
Irina Tleubek,2
Aisha Ozturk,1
Yernar Jumabek,3
Sultan Karimov,3
Zhanar Abenov,2
Artem Yilmaz,3
Zhandos Kaya,2
Nikita Akhmetov,3
Aliya Turgenev,4
Ersultan Iskakov,5
Zhuldyz Omarov,5
Ruslan Sagyndyk,3
Aigul Nurgaliyev,1
Ruslan Alpysbay,5
Murat Yerzhanov,1
Vlad Serikbay,1
Elena Petrov,4
Maxim Konysbay,2
Kerem Akhmetov,3
Ersultan Tashkenov,5
Aknur Konysbay,2
Layla Karimov,5
Nazym Mukanov,2
Akbota Kaliyev,1
Aruzhan Petrov,4
Adil Kassym,1
Rauan Amangeldy,4
Timur Novikov,3
Elif Esenov,4
Roman Yilmaz,3
Aruzhan Shakenov,3
Ekaterina Ualiyev,2
Nurzhan Kudaibergen,2
Saltanat Serikbay,3
Damir Petrov,4
Kerem Abdirov,5
Askar Sadykov,5
Madina Mikhailov,2
Sergey Aliyev,3
Damir Ivanov,2
Derya Akhmetov,1
Gulnaz Fedorov,3
Kamila Ibrayev,4
Nurzhan Cetin,3
Igor Bekov,5
Saltanat Karimov,4
Daniyar Sadykov,1
Sabina Yerzhanov,4
Maxim Baitursyn,3
Daria Ibrayev,1
Kerem Daulet,5
Azamat Morozov,1
Ksenia Popov,3
Asel Tleubek,2
Talgat Konysbay,2
Anna Lebedev,2
Azamat Zhumabek,1
Nazerke Sadykov,2
Denis Akhmetov,2
Balzhan Demir,4
Tatiana Aliyev,1
Alisa Petrov,3
Roman Kaya,1
Ilyas Yerzhanov,3
Adil Daulet,1
Aruzhan Sahin,3
Alibek Volkov,1
Alibek Popov,4
Laura Iskakov,5
Nurlybek Konysbay,3
Meruyert Omarov,1
Dinara Abenov,1
Adil Nurgaliyev,4
Daria Akhmetov,3
Sofia Volkov,3
Aknur Koc,4
Derya Mukanov,1
Miras Morozov,3
Polina Makhmud,3
Murat Assanov,5
Adil Zhumabek,1
Nazym Lebedev,1
Vera Demir,4
Sanzhar Mikhailov,1
Laura Ivanov,1
Marat Mikhailov,3
Irina Esenov,1
Laura Zhaksylyk,4
Daniyar Yerzhanov,1
Arman Kurt,5
Roman Aslan,2
Askar Zhumabek,1
Miras Akhmetov,1
Layla Omarov,3
Azamat Smirnov,2
Ekaterina Kilic,1
Amir Koc,5
Rasul Kuznetsov,2
Aruzhan Assanov,3
Pavel Sagyndyk,5
Oleg Abdirov,1
Yernar Baitursyn,2
Symbat Daulet,1
Ruslan Kaya,4
Denis Sokolov,5
Vlad Jumabek,3
Anna Zhaksylyk,3
Andrey Karimov,1
Zarina Orazov,2
Dana Zhumabek,1
Dinara Baiseitov,2
Polina Yerzhanov,4
Saltanat Zhaksylyk,2
Karina Sagyndyk,1
Sofia Petrov,3
Rasul Alpysbay,2
Bauyrzhan Sagyndyk,2
Tatiana Lebedev,4
Zhanna Arslan,5
Aisha Sagyndyk,2
Selin Kurt,4
Adil Ozturk,1
Nikita Sokolov,2
Nurlybek Alpysbay,3
Artem Kaya,2
Kerem Ermek,1
Askar Novikov,3
Elnur Serikbay,5
Emre Smirnov,1
Tatiana Ibrayev,3
Vadim Ermek,4
Ruslan Kudaibergen,4
Zhanar Mukanov,2
Ainur Smirnov,2
Islam Mukanov,3
Damir Arslan,3
Oleg Kassym,1
Karina Tleubek,3
Nazym Kurt,2
Irina Ibrayev,2
Nurlybek Esenov,4
Nurlybek Zhumabek,1
Milana Makhmud,3
Aigerim Kuznetsov,1
Nazerke Omarov,3
Damir Ualiyev,3
Sergey Sokolov,1
Derya Aslan,3
Maria Makhmud,1
Rasul Kudaibergen,1
Milana Assanov,3
Ksenia Tashkenov,3
Balzhan Ozturk,3
Oleg Zhunusov,3
Vlad Zhunusov,3
Alisa Abenov,4
Denis Sahin,3
Temirlan Baitursyn,4
Andrey Temirov,1
Asel Bekov,5
Zhanel Assanov,3
Dana Petrov,3
Azamat Ivanov,1
Sultan Celik,2
Aknur Dogan,3
Anel Kurmanov,3
Dias Kudaibergen,1
Zhansaya Arslan,3
Askar Kudaibergen,4
Murat Kilic,4
Yernar Assanov,3
Alisa Koc,3
Temirlan Karimov,5
Nur Arslan,3
Zhanel Abdirov,2
Ilyas Dauletov,1
Ersultan Demir,2
Omar Gabdullin,4
Damir Iskakov,1
Yernar Abenov,3
Zarina Orazov,3
Elnur Demir,2
Ruslan Omarov,1
Karina Kara,1
Milana Zhumabek,1
Emre Kara,1
Dias Gabdullin,4
Nazym Kaliyev,1
Irina Kudaibergen,1
Maria Sahin,1
Ersultan Baiseitov,1
Talgat Assanov,3
Emre Ibrayev,3
Vadim Jumabek,1
Alina Dauletov,3
Vlad Temirov,2
Zhuldyz Kurt,4
Akbota Fedorov,3
Dana Petrov,3
Kamila Mukanov,2
Sultan Yilmaz,2
Arman Bolat,3
Vlad Makhmud,3
Anna Kuznetsov,2
Selin Konysbay,2
Meruyert Petrov,2
Vera Aliyev,1
Roman Karimov,3
Kirill Assanov,1
Ruslan Baitursyn,3
Ksenia Sokolov,2
Temirlan Omarov,3
Aliya Kudaibergen,1
Kairat Nurgaliyev,2
Tomiris Sadykov,3
Karina Amangeldy,4
Maxim Mikhailov,4
Miras Nurgaliyev,1
Nazerke Tashkenov,3
Emre Suleimenov,2
Ainur Petrov,1
Aizhan Zhunusov,3
Zhansaya Abenov,2
Balzhan Kudaibergen,1
Ksenia Iskakov,1
Sultan Fedorov,4
Ece Sokolov,1
Aknur Koc,1
Zhansaya Sahin,4
Miras Ualiyev,1
Sanzhar Abdirov,4
Sultan Arslan,4
Aisha Assanov,3
Anna Zhumabek,2
Igor Sagyndyk,3
Alibek Rakhimov,3
Baris Kuznetsov,3
Sanzhar Smirnov,3
Timur Temirov,4
Aigerim Sokolov,2
Ilyas Koc,1
Yernar Esenov,1
Sanzhar Cetin,3
Daria Assanov,1
Ruslan Abenov,1
Islam Abdirov,3
Dias Volkov,1
Zhanel Sadykov,3
Yulia Ualiyev,4
Zarina Popov,1
Murat Petrov,4
Ece Koc,5
Alibek Baitursyn,2
Meruyert Mukanov,1
Dmitry Kilic,1
Rauan Aslan,4
Maxim Ozturk,3
Ainur Arslan,2
Rauan Zhumabek,3
Nurlybek Esenov,3
Nur Serikbay,1
Elnur Nurgaliyev,2
Gaukhar Dogan,4
Olzhas Baiseitov,3
Saltanat Kaya,5
Vlad Lebedev,4
Rasul Ibrayev,1
Olga Makhmud,2
Saltanat Jumabek,5
Adil Esenov,1
Sofia Sagyndyk,3
Elif Sadykov,1
Timur Kassym,1
Asel Mikhailov,2
Zarina Turgenev,4
Ainur Rakhimov,5
Dinara Yilmaz,1
Pavel Konysbay,2
Amir Nurgaliyev,3
Balzhan Jumabek,2
Omar Ivanov,1
Gulnaz Popov,3
Roman Kara,2
Zeynep Karimov,3
Dmitry Ozturk,3
Ekaterina Makhmud,1
Yernar Zhumabek,3
Damir Sagyndyk,5
Anton Celik,1
Zhanar Volkov,4
Aknur Nurgaliyev,5
Askar Zhunusov,1
Anel Amangeldy,2
Tatiana Yerzhanov,1
Madina Esenov,1
Aizhan Lebedev,2
Asel Omarov,3
Yerbol Nurgaliyev,3
Polina Arslan,2
Zhandos Kilic,4
Madina Rakhimov,2
Laura Yerzhanov,1
Askar Sagyndyk,2
Zhansaya Zhaksylyk,4
Denis Ozturk,4
Artem Temirov,5
Kerem Aslan,2
Adil Daulet,1
Kerem Ualiyev,5
Maxim Zhaksylyk,3
Oleg Gabdullin,5
Olzhas Aliyev,1
Polina Kilic,1
Olga Esenov,5
Ersultan Kurt,3
Kuanysh Cetin,3
Gulnaz Amangeldy,1
Kerem Demir,3
Zarina Kurt,1
Kuanysh Omarov,2
Temirlan Daulet,4
Ruslan Aslan,5
Symbat Bolat,3
Hasan Ualiyev,2
Ksenia Kudaibergen,1
Hasan Akhmetov,4
Nurlybek Aslan,2
Murat Koc,4
Ekaterina Bekov,2
Vlad Suleimenov,1
Igor Ozturk,5
Layla Ualiyev,4
Andrey Kara,1
Nazerke Tashkenov,4
Artem Ozturk,1
Sultan Omarov,5
Oleg Zhunusov,1
Asel Jumabek,1
Yerlan Demir,3
Sofia Musin,3
Yerbol Konysbay,5
Arman Bekov,2
Aisha Kurt,1
Ainur Ualiyev,2
Emre Celik,1
Dana Kaliyev,5
Islam Novikov,2
Elif Baiseitov,4
Nurlan Iskakov,1
Zeynep Shakenov,1
Gaukhar Daulet,1
Yulia Ibrayev,2
Vlad Esenov,4
Hasan Sahin,1
Layla Makhmud,1
Aliya Kudaibergen,4
Arman Mukanov,4
Aliya Ibrayev,2
Baris Petrov,5
Aigul Zhaksylyk,1
Islam Fedorov,4
Nurzhan Kara,2
Symbat Baitursyn,3
Daria Demir,4
Olzhas Assanov,1
Askar Kurmanov,2
Kuanysh Kudaibergen,5
Balzhan Fedorov,3
Derya Koc,1
Milana Bekov,1
Elnur Akhmetov,3
Nurzhan Kaya,1
Anna Musin,2
Karina Morozov,4
Sergey Mukanov,2
Amir Morozov,5
Layla Smirnov,1
Zhanna Ozturk,1
Vera Jumabek,2
Bekzat Suleimenov,1
Elif Volkov,3
Gaukhar Kilic,5
Nazerke Bolat,3
Alina Volkov,3
Timur Konysbay,2
Rauan Aslan,5
Ece Sokolov,4
Aliya Jumabek,5
Artem Suleimenov,1
Anton Kuznetsov,2
Sultan Demir,1
Anton Demir,3
Nurzhan Suleimenov,2
Aisha Zhaksylyk,4
Nazerke Abenov,1
Irina Nurgaliyev,4
Kirill Zhunusov,1
Islam Zhaksylyk,1
Rasul Kuznetsov,2
Tomiris Orazov,1
Alina Cetin,1
Aigul Gabdullin,1
Karina Celik,5
Sofia Demir,2
Aigerim Morozov,3
Kirill Konysbay,2
Daniyar Zhaksylyk,1
Omar Yilmaz,4
Miras Ermek,1
Zhuldyz Abenov,4
Nurzhan Volkov,5
Nurzhan Ozturk,1
Aisha Ualiyev,5
Talgat Zhumabek,2
Emre Shakenov,4
Aruzhan Yilmaz,3
Arman Alpysbay,4
Daniyar Volkov,4
Adil Makhmud,5
Emre Ozturk,2
Sanzhar Zhumabek,3
Aizhan Bolat,3
Aigerim Turgenev,5
Islam Dauletov,2
Rauan Zhunusov,2
Alina Dauletov,3
Aliya Baiseitov,4
Adil Ualiyev,2
Timur Cetin,1
Kirill Fedorov,3
Yerbol Demir,1
Ekaterina Bekov,3
Yernar Abenov,2
Anel Jumabek,3
Igor Dauletov,2
Nurzhan Zhunusov,3
Pavel Arslan,3
Rauan Bolat,2
Hasan Kudaibergen,1
Amir Bekov,1
Anel Smirnov,2
Bauyrzhan Ualiyev,4
Olga Demir,2
Meruyert Konysbay,3
Emre Kilic,3
Ruslan Cetin,2
Kerem Kilic,3
Gulnaz Novikov,2
Olzhas Zhumabek,2
Aliya Arslan,2
Tolga Daulet,1
Andrey Kudaibergen,3
Elif Koc,3
Ruslan Zhaksylyk,2
Tomiris Shakenov,4
Sofia Jumabek,1
Layla Aliyev,4
Ece Gabdullin,2
Sabina Abdirov,1
Karina Novikov,1
Symbat Ibrayev,5
Arman Smirnov,5
Ruslan Nurgaliyev,1
Roman Makhmud,4
Olzhas Sokolov,2
Baris Novikov,1
Dana Dauletov,5
Kerem Novikov,3
Asel Assanov,4
Aliya Suleimenov,2
Dmitry Celik,3
Sergey Musin,2
Vadim Cetin,1
Damir Amangeldy,5
Igor Musin,2
Yulia Zhaksylyk,5
Dinara Ualiyev,1
Arman Orazov,3
Zarina Akhmetov,3
Kuanysh Volkov,2
Asel Petrov,3
Kirill Kurmanov,1
Vlad Ibrayev,2
Pavel Kara,3
Aigul Novikov,5
Artem Karimov,3
Oleg Bekov,2
Sergey Volkov,5
Elif Koc,4
Ece Ibrayev,3
Kamila Cetin,1
Bekzat Amangeldy,1
Nikita Jumabek,1
Miras Akhmetov,3
Aruzhan Amangeldy,4
Aigul Petrov,1
Elif Yerzhanov,4
Zeynep Shakenov,3
Omar Kassym,3
Aisha Abdirov,5
Rauan Kaliyev,2
Nurlybek Aslan,3
Kairat Arslan,1
Kirill Smirnov,5
Karina Kilic,2
Nikita Dauletov,4
Serik Dogan,3
Askar Abdirov,2
Azamat Alpysbay,2
Zeynep Demir,2
Oleg Popov,2
Ainur Fedorov,5
Madina Fedorov,3
Alina Novikov,5
Selin Esenov,5
Ksenia Volkov,2
Aknur Koc,2
Nurlybek Celik,1
Alina Ivanov,2
Daria Aslan,3
Vera Kara,1
Ksenia Omarov,4
Elif Mukanov,1
Talgat Bolat,3
Aliya Celik,1
Temirlan Akhmetov,4
Aisha Zhaksylyk,4
Derya Volkov,4
Rasul Yilmaz,4
Adil Yerzhanov,4
Ainur Bekov,2
Laura Aslan,4
Aigul Makhmud,2
Temirlan Konysbay,2
Ersultan Mikhailov,3
Sofia Suleimenov,1
Selin Kuznetsov,3
Andrey Musin,2
Anton Yilmaz,4
Ilyas Karimov,2
Alina Tleubek,2
Nikita Popov,1
Ersultan Sadykov,2
Denis Orazov,3
Bauyrzhan Smirnov,4
Symbat Baiseitov,3
Zhuldyz Jumabek,3
Dinara Akhmetov,1
Akbota Shakenov,2
Irina Temirov,2
Aizhan Musin,2
Zhanar Musin,2
Alisa Aliyev,5
Sultan Jumabek,3
Kirill Jumabek,3
Gulnaz Sadykov,3
Alisa Serikbay,1
Tomiris Ibrayev,2
Bauyrzhan Serikbay,2
Vera Zhaksylyk,4
Asel Celik,4
Dmitry Gabdullin,1
Damir Yilmaz,1
Aknur Amangeldy,3
Sultan Daulet,4
Baris Kaliyev,5
Artem Tashkenov,1
Zarina Koc,3
Murat Aslan,4
Kamila Celik,5
Zhansaya Aslan,3
Elena Fedorov,2
Saltanat Assanov,4
Oleg Abdirov,4
Aruzhan Kurt,3
Temirlan Kurt,2
Rasul Kurt,3
Bekzat Kuznetsov,2
Oleg Abenov,4
Zhanel Jumabek,3
Anel Ermek,3
Symbat Kaya,2
Elnur Kaliyev,4
Andrey Bekov,1
Hasan Kaya,1
Askar Karimov,2
Askar Ualiyev,4
Daniyar Kuznetsov,1
Aigerim Smirnov,1
Serik Novikov,3
Oleg Ermek,1
Selin Baitursyn,5
Zhandos Aliyev,1
Zarina Kara,4
Zarina Morozov,2
Maxim Sadykov,4
Maxim Sagyndyk,3
Zhandos Gabdullin,2
Baris Ermek,1
Asel Cetin,2
Zhanel Sagyndyk,1
Yulia Shakenov,5
Kairat Bolat,4
Daniyar Ibrayev,1
Ersultan Baitursyn,1
Nazym Nurgaliyev,5
Nur Alpysbay,2
Olzhas Arslan,2
Aisha Abenov,2
Elif Konysbay,5
Aisha Shakenov,2
Azamat Volkov,2
Meruyert Kurt,3
Nur Makhmud,5
Aknur Kassym,5
Aizhan Iskakov,2
Olga Konysbay,3
Gulnaz Makhmud,2
Maria Sokolov,1
Asel Serikbay,3
Zhanel Baiseitov,5
Bekzat Kaliyev,4
Dmitry Kuznetsov,2
Nurlybek Sadykov,4
Pavel Zhaksylyk,1
Akbota Yerzhanov,1
Vlad Baitursyn,3
Daniyar Morozov,4
Sofia Popov,1
Kamila Amangeldy,5
Symbat Suleimenov,5
Adil Kassym,2
Ece Temirov,3
Anna Tashkenov,1
Pavel Celik,4
Denis Musin,2
Zhandos Abenov,2
Tatiana Shakenov,3
Tomiris Popov,1
Sabina Aslan,2
Zarina Bolat,1
Yerlan Celik,3
Dmitry Daulet,2
Sultan Cetin,3
Zhanar Lebedev,2
Andrey Mikhailov,5
Hasan Ibrayev,2
Islam Suleimenov,5
Zhanel Dogan,4
Alibek Sadykov,3
Nurlan Morozov,1
Anel Ozturk,1
Anton Abdirov,2
Nurlan Abdirov,3
Omar Akhmetov,2
Artem Ozturk,3
Aruzhan Gabdullin,3
Asel Ualiyev,2
Akbota Fedorov,3
Bekzat Kaliyev,1
Maxim Kassym,4
Yerbol Musin,1
Nurlan Konysbay,4
Yerlan Demir,2
Rasul Rakhimov,3
Bekzat Karimov,1
Meruyert Omarov,3
Roman Rakhimov,3
Olga Kuznetsov,5
Andrey Akhmetov,5
Anton Kurt,4
Polina Aliyev,3
Aliya Musin,2
Bauyrzhan Kara,2
Irina Jumabek,3
Aliya Bolat,1
Amir Abenov,5
Talgat Ibrayev,4
Zhansaya Ibrayev,5
Madina Serikbay,2
Kirill Tleubek,1
Zhansaya Sahin,2
Daniyar Nurgaliyev,2
Rasul Assanov,2
Amir Iskakov,5
Madina Dogan,1
Artem Serikbay,5
Emre Zhunusov,3
Elnur Mukanov,5
Kamila Turgenev,3
Yerlan Tleubek,3
Alina Iskakov,5
Kuanysh Baiseitov,2
Sultan Sokolov,1
Azamat Kilic,5
Alibek Kassym,2
Olzhas Novikov,4
Kirill Sagyndyk,1
Balzhan Kurmanov,5
Anna Ivanov,2
Aruzhan Kara,2
Arman Morozov,3
Maria Karimov,1
Aigul Volkov,3
Tomiris Assanov,1
Vadim Rakhimov,2
Karina Konysbay,1
Serik Arslan,4
Adil Petrov,3
Tatiana Bekov,2
Zhuldyz Abdirov,5
Nurlybek Tleubek,5
Adil Mikhailov,2
Elif Gabdullin,3
Irina Petrov,1
Roman Yerzhanov,3
Aruzhan Cetin,1
Kirill Yerzhanov,1
Tatiana Orazov,4
Roman Rakhimov,3
Nazerke Arslan,1
Dana Sahin,3
Miras Daulet,3
Kairat Karimov,2
Igor Mukanov,3
Kairat Fedorov,1
Yulia Mikhailov,3
Olzhas Mukanov,3
Ainur Sadykov,1
Dinara Shakenov,3
Yerlan Zhumabek,1
Dmitry Tashkenov,2
Tolga Lebedev,2
Zhansaya Suleimenov,4
Timur Kudaibergen,1
Maxim Yilmaz,1
Igor Jumabek,4
Maxim Cetin,2
Murat Akhmetov,3
Artem Yilmaz,3
Rauan Sadykov,5
Kirill Mikhailov,5
Aisha Esenov,2
Murat Dogan,2
Alibek Akhmetov,2
Madina Kaliyev,2
Gulnaz Tleubek,1
Olzhas Ivanov,3
Islam Dogan,2
Aigerim Ibrayev,2
Anel Fedorov,3
Sofia Kudaibergen,4
Baris Zhaksylyk,1
Adil Sokolov,2
Dana Abdirov,2
Tomiris Zhumabek,1
Akbota Shakenov,3
Timur Rakhimov,2
Dias Sadykov,2
Rasul Demir,2
Pavel Celik,1
Milana Arslan,2
Zhanna Smirnov,3
Amir Ozturk,2
Asel Sagyndyk,1
Kairat Omarov,3
Nikita Morozov,1
Symbat Ermek,3
Talgat Sagyndyk,5
Nikita Tashkenov,3
Timur Amangeldy,2
Balzhan Fedorov,2
Adil Rakhimov,3
Kerem Kudaibergen,3
Elnur Morozov,1
Emre Ivanov,5
Adil Amangeldy,4
Dinara Sadykov,3
Nurlybek Morozov,2
Anton Baitursyn,1
Maria Abenov,4
Meruyert Sokolov,1
Madina Koc,3
Tatiana Musin,2
Polina Sagyndyk,4
Nazym Zhumabek,1
Nur Makhmud,3
Dinara Celik,3
Daria Bolat,1
Rasul Temirov,3
Sofia Lebedev,3
Marat Sahin,3
Dana Koc,3
Zhanar Lebedev,1
Yulia Aliyev,4
Yulia Kuznetsov,2
Yulia Kudaibergen,4
Anna Demir,1
Nurlan Serikbay,5
Elnur Makhmud,2
Elif Kurmanov,1
Damir Amangeldy,3
Aliya Alpysbay,5
Milana Volkov,3
Nurzhan Aliyev,5
Maxim Sahin,1
Zhuldyz Jumabek,3
Olzhas Makhmud,1
Nikita Assanov,2
Selin Kurmanov,3
Tomiris Jumabek,2
Timur Ivanov,2
Yernar Temirov,5
Gulnaz Nurgaliyev,5
Anel Abdirov,2
Zhuldyz Zhunusov,4
Gaukhar Orazov,1
Anna Orazov,1
Tatiana Kaliyev,3
Zeynep Mukanov,1
Pavel Kaya,3
Bauyrzhan Jumabek,4
Yernar Zhaksylyk,3
Yernar Karimov,2
Zhanel Fedorov,3
Elnur Kudaibergen,4
Layla Turgenev,5
Dmitry Jumabek,3
Arman Demir,3
Zhandos Ozturk,4
Tatiana Abenov,3
Dana Kudaibergen,1
Alibek Jumabek,4
Roman Arslan,2
Arman Kurmanov,3
Elena Kaya,4
Bekzat Zhaksylyk,1
Madina Tashkenov,2
Zhanar Ivanov,3
Yerbol Kassym,5
Roman Orazov,2
Nikita Ivanov,3
Elif Sahin,2
Timur Turgenev,5
Daniyar Sadykov,2
Bauyrzhan Dogan,3
Omar Cetin,2
Kerem Gabdullin,3
Igor Mukanov,2
Maria Esenov,4
Vlad Volkov,3
Maria Nurgaliyev,4
Kairat Daulet,2
Kairat Iskakov,1
Roman Lebedev,1
Arman Dogan,4
Derya Nurgaliyev,2
Zhansaya Kuznetsov,3
Layla Amangeldy,2
Olzhas Aslan,3
Igor Musin,1
Karina Yilmaz,4
Temirlan Esenov,3
Aliya Amangeldy,3
Polina Fedorov,2
Sabina Baitursyn,5
Sabina Jumabek,3
Sabina Assanov,4
Hasan Arslan,1
Zarina Bolat,3
Selin Kurmanov,1
Dias Konysbay,2
Dmitry Akhmetov,4
Alina Mukanov,1
Timur Gabdullin,4
Aliya Kurmanov,2
Sergey Morozov,4
Rauan Kudaibergen,5
Nurzhan Baitursyn,1
Ece Akhmetov,4
Alina Lebedev,5
Aisha Novikov,3
Kirill Kurt,3
Adil Gabdullin,5
Ilyas Jumabek,4
Ekaterina Celik,1
Gulnaz Tleubek,1
Saltanat Shakenov,1
Elnur Rakhimov,1
Alibek Sadykov,1
Polina Ozturk,2
Sergey Ivanov,5
Timur Yerzhanov,3
Ainur Akhmetov,4
Zeynep Kassym,2
Madina Dogan,4
Hasan Bolat,1
Asel Konysbay,2
Denis Ibrayev,1
Aizhan Daulet,2
Roman Daulet,3
Zhandos Sadykov,4
Alibek Ibrayev,3
Hasan Kaliyev,2
Adil Ivanov,3
Selin Lebedev,3
Murat Sokolov,4
Nur Celik,3
Balzhan Amangeldy,1
Nurlan Mukanov,4
Rasul Ualiyev,5
Nurlybek Daulet,5
Milana Dogan,2
Zhuldyz Daulet,1
Rauan Demir,3
Daria Baiseitov,3
Ekaterina Zhumabek,5
Anton Gabdullin,3
Ersultan Shakenov,1
Alisa Kassym,4
Tolga Lebedev,3
Sanzhar Zhunusov,1
Aliya Morozov,2
Anton Cetin,3
Tomiris Yerzhanov,3
Yulia Karimov,1
Daria Zhunusov,1
Andrey Kaliyev,1
Asel Morozov,3
Ilyas Ibrayev,1
Dias Akhmetov,3
Vadim Sahin,1
Sofia Zhunusov,1
Elif Popov,1
Sultan Temirov,3
Sergey Bolat,1
Pavel Arslan,2
Aliya Sagyndyk,2
Roman Suleimenov,1
Kuanysh Tashkenov,2
Aruzhan Ozturk,4
Olzhas Ozturk,4
Laura Tashkenov,2
Saltanat Zhunusov,2
Alisa Amangeldy,4
Tolga Kassym,1
Nazerke Yilmaz,1
Amir Ermek,5
Zarina Lebedev,2
Balzhan Kurmanov,5
Hasan Baitursyn,4
Elena Sahin,4
Timur Zhumabek,2
Nurzhan Nurgaliyev,2
Olga Abdirov,1
Bauyrzhan Shakenov,2
Amir Sahin,2
Alibek Orazov,4
Kerem Suleimenov,5
Ilyas Konysbay,1
Miras Zhumabek,4
Karina Sahin,1
Aisha Kuznetsov,3
Dmitry Makhmud,1
Zhanna Kassym,2
Ilyas Temirov,3
Alibek Baitursyn,1
Meruyert Zhaksylyk,4
Nikita Ualiyev,3
Amir Yilmaz,3
Olga Zhaksylyk,4
Aigul Aliyev,3
Aisha Popov,5
Daria Sahin,4
Bauyrzhan Dogan,2
Arman Esenov,2
Denis Zhunusov,4
Sofia Shakenov,1
Saltanat Abdirov,2
Anton Lebedev,5
Islam Serikbay,3
Zhanar Ivanov,2
Omar Musin,3
Miras Rakhimov,3
Oleg Ualiyev,1
Rauan Rakhimov,1
Aizhan Sahin,4
Sultan Mukanov,1
Vlad Volkov,3
Aigerim Baiseitov,2
Dmitry Kudaibergen,2
Anel Zhumabek,3
Zarina Zhaksylyk,3
Artem Karimov,4
Anna Ibrayev,4
Gulnaz Sahin,2
Zeynep Iskakov,4
Gaukhar Turgenev,4
Miras Alpysbay,4
Elnur Dauletov,4
Aisha Dauletov,1
Elena Smirnov,3
Madina Ozturk,1
Gaukhar Sahin,2
Serik Sagyndyk,2
Zeynep Mikhailov,3
Anna Sagyndyk,5
Nur Arslan,5
Dmitry Kilic,4
Bekzat Konysbay,2
Anel Turgenev,1
Kamila Fedorov,3
Saltanat Popov,4
Elif Makhmud,4
Omar Kilic,1
Balzhan Zhumabek,1
Ilyas Demir,1
Ruslan Serikbay,2
Anel Omarov,1
Timur Cetin,2
Vadim Tashkenov,1
Sergey Kaliyev,5
Dmitry Iskakov,3
Sergey Lebedev,3
Vlad Makhmud,2
Alibek Baitursyn,1
Tolga Tashkenov,5
Zhansaya Ermek,2
Artem Ualiyev,1
Polina Cetin,3
Zhandos Dogan,2
Emre Bolat,1
Dmitry Arslan,2
Aisha Ualiyev,1
Nazym Zhumabek,1
Sanzhar Sagyndyk,2
Alisa Lebedev,2
Kirill Rakhimov,2
Yernar Petrov,2
Askar Kaya,3
Sultan Zhumabek,4
Symbat Kassym,2
Balzhan Lebedev,4
Pavel Cetin,3
Layla Abenov,3
Zhansaya Fedorov,2
Aknur Ermek,4
Olzhas Morozov,1
Ainur Alpysbay,3
Kuanysh Daulet,2
Timur Mikhailov,3
Kirill Konysbay,3
Ruslan Sagyndyk,3
Sabina Mikhailov,2
Tolga Volkov,1
Maria Shakenov,3
Anel Zhunusov,1
Elena Kurmanov,1
Nurlybek Karimov,1
Vadim Koc,2
Tatiana Sahin,2
Milana Gabdullin,4
Ksenia Daulet,1
Gaukhar Zhumabek,5
Omar Turgenev,3
Aigul Suleimenov,4
Anel Kilic,4
Zhanel Sahin,2
Maria Gabdullin,5
Nurlybek Dogan,3
Igor Yilmaz,5
Adil Kurt,2
Aruzhan Ibrayev,2
Alisa Daulet,2
Dinara Temirov,4
Kerem Ualiyev,3
Vadim Shakenov,2
Timur Demir,1
Madina Shakenov,2
Aisha Gabdullin,5
Vadim Suleimenov,4
Nikita Ualiyev,3
Nurlybek Demir,1
Aisha Shakenov,2
Ersultan Aliyev,1
Saltanat Aliyev,1
Ilyas Jumabek,4
Damir Kudaibergen,4
Ksenia Zhaksylyk,5
Baris Ibrayev,3
Zhuldyz Bolat,2
Denis Gabdullin,5
Islam Yerzhanov,2
Daniyar Daulet,3
Ksenia Yerzhanov,2
Amir Dauletov,2
Maria Smirnov,5
Dmitry Gabdullin,2
Daniyar Abenov,5
Hasan Baiseitov,4
Daniyar Makhmud,3
Nikita Mikhailov,4
Emre Smirnov,4
Gulnaz Novikov,3
Aknur Amangeldy,1
Artem Rakhimov,2
Adil Jumabek,2
Aizhan Zhaksylyk,2
Sabina Baiseitov,5
Ekaterina Temirov,2
Saltanat Ozturk,4
Karina Daulet,1
Bauyrzhan Aliyev,1
Dana Ivanov,3
Daniyar Kurt,1
Artem Makhmud,4
Ainur Kudaibergen,4
Andrey Cetin,4
Bauyrzhan Lebedev,4
Ainur Kurmanov,3
Roman Dogan,1
Laura Aslan,2
Zarina Karimov,2
Sergey Mukanov,2
Alina Yerzhanov,4
Timur Demir,2
Balzhan Abenov,2
Maxim Konysbay,2
Yernar Alpysbay,1
Elif Popov,1
Damir Sagyndyk,2
Ainur Assanov,5
Dias Daulet,1
Hasan Mukanov,3
Anton Aslan,1
Dana Kurt,5
Aigerim Ibrayev,2
Rauan Bolat,1
Yerbol Volkov,2
Zeynep Bekov,1
Karina Musin,3
Ksenia Smirnov,3
Dinara Novikov,1
Kamila Yerzhanov,2
Alisa Zhunusov,5
Tatiana Konysbay,3
Tolga Assanov,4
Zhuldyz Temirov,1
Temirlan Konysbay,3
Kamila Popov,5
Dias Kurt,2
Ruslan Amangeldy,3
Islam Demir,2
Askar Dogan,3
Aliya Ermek,2
Dinara Baiseitov,3
Nazym Omarov,1
Azamat Ozturk,2
Aisha Volkov,3
Artem Celik,1
Anna Kuznetsov,1
Ece Ualiyev,2
Sultan Zhumabek,2
Rauan Gabdullin,1
Ece Smirnov,1
Timur Karimov,1
Amir Jumabek,2
Adil Konysbay,2
Asel Omarov,2
Aknur Alpysbay,5
Elif Jumabek,3
Sofia Shakenov,1
Murat Arslan,2
Nikita Aslan,5
Dana Amangeldy,2
Aizhan Bekov,5
Zhanel Kurt,1
Askar Baitursyn,2
Alina Kara,2
Ersultan Bolat,5
Yulia Assanov,4
Maria Konysbay,1
Ilyas Cetin,3
Vadim Ibrayev,1
Bauyrzhan Celik,5
Vera Morozov,3
Irina Sagyndyk,1
Daria Kaliyev,3
Zhuldyz Daulet,1
Kamila Nurgaliyev,5
Gaukhar Zhumabek,2
Sultan Kassym,1
Rauan Dogan,1
Aigul Kuznetsov,3
Olga Sadykov,4
Gaukhar Tleubek,2
Islam Amangeldy,5
Anton Lebedev,4
Kerem Zhumabek,2
Nurzhan Turgenev,3
Denis Yilmaz,3
Irina Amangeldy,5
Andrey Sokolov,1
Dias Orazov,3
Omar Smirnov,2
Baris Suleimenov,1
Vera Makhmud,3
Nurlybek Morozov,2
Gaukhar Tashkenov,3
Askar Arslan,5
Alina Sokolov,3
Aigerim Yilmaz,1
Amir Rakhimov,1
Zhanar Yilmaz,2
Asel Kaya,5
Dinara Nurgaliyev,5
Adil Kara,2
Meruyert Yerzhanov,4
Serik Kara,2
Zhanar Mukanov,2
Madina Tashkenov,2
Daniyar Akhmetov,1
Vlad Esenov,2
Nazym Kaya,1
Talgat Omarov,1
Igor Abenov,4
Zhanar Zhunusov,1
Timur Dauletov,2
Symbat Aliyev,2
Zhanel Kurmanov,3
Laura Zhumabek,2
Madina Arslan,3
Zarina Dogan,3
Dinara Musin,1
Damir Kudaibergen,2
Sergey Serikbay,1
Yulia Ivanov,3
Timur Kaya,4
Murat Amangeldy,4
Aigerim Koc,2
Zeynep Ermek,4
Bekzat Kurmanov,3
Polina Sokolov,1
Daniyar Zhumabek,2
Hasan Alpysbay,4
Maxim Baitursyn,1
Elnur Shakenov,3
Maria Tleubek,2
Askar Celik,3
Elif Konysbay,1
Alina Karimov,2
Bekzat Zhaksylyk,3
Marat Zhunusov,2
Roman Ualiyev,1
Akbota Musin,2
Alisa Daulet,3
Azamat Ibrayev,4
Yerbol Dauletov,3
Balzhan Kurmanov,1
Amir Amangeldy,1
Miras Kaliyev,2
Alina Yilmaz,2
Symbat Dogan,1
Emre Zhunusov,5
Pavel Serikbay,3
Temirlan Musin,2
Rauan Kaliyev,2
Zhandos Smirnov,1
Kuanysh Kaliyev,2
Zarina Aliyev,2
Olga Kurt,2
Dias Abdirov,3
Aigerim Kaliyev,3
Tatiana Yerzhanov,1
Baris Konysbay,4
Ekaterina Ermek,1
Kamila Ualiyev,2
Nikita Kudaibergen,4
Dinara Novikov,3
Denis Daulet,2
Aliya Shakenov,5
Amir Assanov,2
Zarina Esenov,4
Baris Dauletov,2
Rasul Sadykov,3
Alibek Temirov,2
Vlad Assanov,5
Aknur Esenov,3
Sergey Morozov,3
Zhuldyz Arslan,3
Sultan Iskakov,4
Nurlybek Volkov,2
Azamat Arslan,4
Talgat Kaya,1
Askar Temirov,3
Rasul Suleimenov,2
Daniyar Tashkenov,2
Anna Mikhailov,3
Vlad Turgenev,1
Kairat Musin,1
Roman Mikhailov,1
Sanzhar Gabdullin,1
Meruyert Bolat,2
Daniyar Ermek,3
Nurlybek Ibrayev,5
Akbota Sadykov,2
Layla Abenov,1
Selin Smirnov,5
Islam Turgenev,2
Ersultan Petrov,3
Murat Esenov,2
Kerem Abdirov,4
Ruslan Cetin,5
Sanzhar Karimov,1
Ekaterina Arslan,3
Roman Nurgaliyev,1
Aruzhan Fedorov,1
Aigerim Kuznetsov,4
Miras Serikbay,2
Zhandos Gabdullin,2
Nurlan Yerzhanov,4
Olga Novikov,2
Hasan Ibrayev,3
Tatiana Makhmud,2
Talgat Konysbay,3
Artem Temirov,2
Kairat Akhmetov,4
Tomiris Akhmetov,3
Alibek Orazov,1
Zhanar Arslan,3
Denis Nurgaliyev,1
Yernar Fedorov,1
Temirlan Zhaksylyk,4
Damir Kuznetsov,1
Timur Gabdullin,1
Nazym Zhaksylyk,3
Aigul Zhunusov,4
Islam Kudaibergen,3
Zhansaya Akhmetov,4
Aisha Demir,2
Aliya Iskakov,5
Olzhas Turgenev,5
Bekzat Demir,3
Alibek Zhaksylyk,2
Yernar Zhaksylyk,4
Nikita Karimov,4
Nikita Zhaksylyk,2
Sultan Assanov,2
Arman Musin,3
Balzhan Zhaksylyk,4
Timur Cetin,2
Igor Shakenov,1
Nazym Akhmetov,2
Alina Volkov,3
Rauan Nurgaliyev,3
Pavel Cetin,2
Roman Arslan,3
Miras Serikbay,2
Marat Kilic,5
Aknur Fedorov,4
Ece Kara,2
Kuanysh Sahin,1
Aizhan Zhaksylyk,3
Islam Ualiyev,3
Selin Petrov,5
Sultan Sadykov,1
Rauan Smirnov,4
Timur Petrov,1
Alibek Arslan,1
Artem Karimov,3
Vlad Ozturk,2
Azamat Kudaibergen,4
Anton Bekov,4
Askar Petrov,2
Sofia Sadykov,2
Olzhas Bekov,1
Daniyar Cetin,2
Nur Yilmaz,2
Sanzhar Alpysbay,3
Ece Gabdullin,2
Dias Celik,1
Tomiris Dauletov,1
Layla Daulet,4
Aigerim Akhmetov,3
Polina Nurgaliyev,1
Zhanna Fedorov,2
Aliya Yerzhanov,1
Dinara Akhmetov,2
Nur Aliyev,3
Symbat Kaliyev,3
Ece Rakhimov,1
Daniyar Abdirov,3
Oleg Bekov,3
Sofia Konysbay,2
Karina Arslan,4
Elif Sahin,2
Tolga Aslan,1
Elif Ozturk,1
Nikita Gabdullin,3
Meruyert Sahin,5
Irina Ualiyev,3
Nurlan Sagyndyk,5
Baris Sokolov,5
Igor Turgenev,2
Olga Baitursyn,1
Roman Lebedev,2
Andrey Kurt,1
Roman Esenov,2
Ekaterina Smirnov,3
Maxim Yerzhanov,5
Bauyrzhan Zhunusov,1
Dias Dogan,4
Alisa Kurmanov,2
Elnur Rakhimov,2
Tomiris Ermek,1
Alibek Novikov,3
Andrey Kaya,3
Kuanysh Akhmetov,3
Nurzhan Makhmud,1
Yulia Novikov,3
Aruzhan Kudaibergen,3
Daria Dauletov,2
Aruzhan Kuznetsov,3
Daria Petrov,2
Azamat Demir,3
Tomiris Ivanov,3
Anton Kara,2
Zeynep Koc,5
Ece Abenov,2
Serik Volkov,3
Aisha Orazov,2
Elif Alpysbay,2
Olzhas Morozov,4
Ainur Turgenev,1
Ksenia Fedorov,5
Zhandos Kuznetsov,3
Timur Baitursyn,1
Islam Orazov,1
Artem Demir,2
Daniyar Aliyev,1
Madina Musin,1
Zhanel Shakenov,3
Olga Kurt,1
Ilyas Bekov,3
Arman Kudaibergen,3
Olga Kurmanov,4
Tolga Yilmaz,3
Aigerim Bolat,1
Selin Ermek,3
Ainur Dauletov,3
Nazerke Mukanov,2
Zhanel Orazov,1
Dana Kaliyev,2
Yerlan Ualiyev,2
Selin Lebedev,1
Irina Kaya,1
Zhanna Kudaibergen,1
Vlad Mikhailov,1
Dinara Gabdullin,1
Nurzhan Zhumabek,2
Madina Dogan,4
Zhanar Baitursyn,1
Anton Nurgaliyev,3
Alisa Karimov,3
Nurlybek Musin,4
Nikita Tleubek,3
Ilyas Kurmanov,4
Adil Nurgaliyev,3
Emre Mukanov,3
Laura Bekov,1
Aknur Novikov,2
Murat Mikhailov,1
Aisha Yerzhanov,3
Vlad Serikbay,5
Aknur Novikov,1
Bauyrzhan Temirov,4
Vera Lebedev,2
Zarina Petrov,2
Marat Fedorov,4
Zhanar Musin,2
Ruslan Celik,5
Balzhan Baiseitov,4
Murat Turgenev,3
Layla Lebedev,3
Yulia Temirov,4
Zeynep Novikov,1
Kamila Esenov,2
Talgat Morozov,3
Sanzhar Smirnov,2
Maxim Arslan,1
Anel Yilmaz,1
Pavel Gabdullin,1
Layla Sagyndyk,2
Azamat Fedorov,3
Nikita Karimov,2
Ksenia Konysbay,5
Yulia Yilmaz,5
Anton Tleubek,2
Tatiana Mukanov,4
Igor Akhmetov,1
Nur Mikhailov,3
Ksenia Zhaksylyk,4
Derya Novikov,3
Anna Aslan,4
Vera Kilic,2
Kamila Orazov,3
Ece Orazov,3
Askar Kurt,1
Madina Arslan,1
Nikita Yilmaz,3
Nurzhan Abdirov,3
Serik Kaya,3
Omar Kassym,2
Tolga Mikhailov,4
Dmitry Ozturk,2
Dinara Dogan,1
Zhanel Volkov,4
Aruzhan Orazov,2
Symbat Aslan,2
Kirill Bekov,5
Igor Kaliyev,2
Amir Tashkenov,4
Igor Tashkenov,1
Maxim Kassym,2
Aizhan Nurgaliyev,3
Tolga Karimov,3
Denis Esenov,2
Arman Smirnov,3
Emre Fedorov,5
Sergey Fedorov,3
Azamat Abenov,2
Akbota Suleimenov,4
Serik Cetin,3
Aruzhan Ibrayev,3
Maxim Omarov,3
Tatiana Daulet,1
Asel Tleubek,2
Polina Iskakov,1
Nur Tleubek,2
Zhanar Baitursyn,4
Alisa Zhaksylyk,2
Madina Mikhailov,4
Arman Novikov,3
Nazym Nurgaliyev,4
Roman Celik,1
Tolga Sokolov,5
Roman Yilmaz,1
Artem Novikov,5
Saltanat Kaliyev,5
Zhanel Jumabek,3
Bekzat Temirov,4
Akbota Gabdullin,3
Ilyas Ivanov,1
Elif Daulet,1
Bekzat Jumabek,1
Zhuldyz Fedorov,2
Kairat Zhaksylyk,2
Vadim Abdirov,3
Aliya Abdirov,1
Denis Daulet,1
Laura Kurt,1
Olzhas Morozov,2
Artem Gabdullin,3
Saltanat Jumabek,1
Kuanysh Daulet,1
Sergey Karimov,5
Marat Esenov,1
Vlad Zhaksylyk,2
Aigerim Ozturk,3
Aliya Morozov,1
Islam Zhaksylyk,4
Sanzhar Yilmaz,1
Asel Kurmanov,5
Artem Kaliyev,1
Zhansaya Kurt,4
Tomiris Kilic,3
Zarina Bekov,1
Irina Bekov,3
Pavel Aslan,4
Askar Lebedev,3
Ainur Bekov,1
Selin Koc,1
Polina Assanov,3
Alina Daulet,3
Saltanat Rakhimov,5
Saltanat Kudaibergen,2
Yerbol Sahin,4
Askar Ibrayev,3
Yerlan Ermek,4
Sergey Baitursyn,1
Ece Ualiyev,4
Zhanel Kuznetsov,1
Marat Yilmaz,3
Ruslan Dauletov,2
Yernar Zhumabek,1
Zhuldyz Ibrayev,1
Bekzat Koc,4
Kuanysh Tleubek,3
Ece Ozturk,5
Ekaterina Baitursyn,4
Rasul Amangeldy,2
Tomiris Petrov,1
Karina Sokolov,3
Zarina Rakhimov,2
Ersultan Kassym,3
Zhuldyz Esenov,5
Dmitry Kilic,5
Dias Ozturk,2
Balzhan Baitursyn,1
Alina Temirov,2
Nikita Bolat,4
Askar Kaya,2
Andrey Kara,2
Daria Assanov,5
Sultan Lebedev,5
Layla Zhaksylyk,2
Oleg Kurmanov,2
Hasan Daulet,2
Kuanysh Esenov,4
Aknur Aliyev,2
Damir Sagyndyk,5
Yerbol Kaya,4
Emre Rakhimov,2
Yernar Morozov,2
Aisha Tashkenov,3
Ekaterina Temirov,2
Nur Suleimenov,4
Symbat Koc,2
Ekaterina Celik,1
Yernar Kaya,1
Aliya Turgenev,1
Gulnaz Smirnov,3
Omar Jumabek,3
Adil Koc,3
Aliya Sadykov,3
Yerlan Zhumabek,2
Damir Karimov,3
Elnur Sahin,3
Daniyar Kuznetsov,2
Oleg Kurmanov,3
Ersultan Yilmaz,3
Kuanysh Zhumabek,3
Akbota Esenov,1
Milana Kudaibergen,3
Zeynep Kassym,2
Daria Tashkenov,4
Yernar Omarov,1
Igor Kara,2
Islam Ibrayev,5
Arman Jumabek,1
Dana Kurmanov,1
Akbota Omarov,2
Ersultan Baiseitov,1
Ainur Sagyndyk,5
Damir Kudaibergen,3
Alibek Omarov,2
Daniyar Kilic,3
Dias Suleimenov,2
Dias Popov,2
Yulia Zhaksylyk,3
Rauan Baiseitov,4
Yulia Konysbay,3
Nur Arslan,3
Milana Temirov,2
Asel Novikov,4
Aigerim Serikbay,2
Layla Celik,1
Aigerim Bekov,3
Alina Popov,3
Kirill Ivanov,3
Aigerim Zhunusov,1
Asel Ermek,1
Artem Mikhailov,4
Nazerke Yilmaz,1
Meruyert Turgenev,1
Tatiana Arslan,2
Nurlan Morozov,2
Aisha Temirov,2
Milana Petrov,2
Layla Tleubek,1
Ilyas Tashkenov,3
Zhansaya Dauletov,2
Tolga Kuznetsov,5
Talgat Aliyev,1
Oleg Yilmaz,5
Dmitry Nurgaliyev,1
Denis Kudaibergen,2
Gaukhar Yerzhanov,4
Nurlybek Dogan,2
Gaukhar Celik,3
Islam Novikov,3
Bekzat Kassym,1
Saltanat Gabdullin,3
Omar Temirov,1
Nazym Amangeldy,4
Sergey Arslan,5
Tolga Sagyndyk,1
Aigul Kaya,3
Layla Demir,4
Aknur Orazov,4
Karina Kurmanov,4
Yerbol Smirnov,1
Daniyar Lebedev,1
Olga Assanov,2
Askar Ivanov,5
Temirlan Arslan,4
Serik Jumabek,5
Tolga Karimov,2
Nikita Popov,5
Zhanel Kara,3
Aigerim Bolat,2
Rauan Dauletov,2
Adil Zhunusov,3
Omar Kuznetsov,2
Gulnaz Yerzhanov,2
Sabina Lebedev,3
Roman Turgenev,3
Vlad Ozturk,2
Baris Kaliyev,4
Sofia Kurmanov,5
Roman Amangeldy,5
Ersultan Kaliyev,2
Ksenia Kudaibergen,1
Pavel Konysbay,4
Dinara Daulet,1
Aliya Jumabek,2
Baris Yerzhanov,2
Alina Ozturk,3
Rauan Celik,1
Damir Baiseitov,1
Talgat Ivanov,4
Anna Zhaksylyk,2
Akbota Tashkenov,2
Artem Turgenev,2
Olzhas Abenov,1
Daniyar Suleimenov,3
Pavel Assanov,3
Vadim Sadykov,1
Derya Petrov,5
Karina Kassym,3
Selin Ermek,3
Elena Sadykov,2
Dinara Ibrayev,4
Arman Cetin,1
Alisa Ermek,5
Olzhas Popov,3
Emre Ibrayev,4
Zeynep Petrov,3
Baris Kara,2
Vadim Kilic,5
Pavel Morozov,3
Tomiris Kassym,1
Nazerke Yerzhanov,1
Yerbol Akhmetov,2
Vlad Musin,1
Karina Novikov,3
Oleg Suleimenov,3
Meruyert Dogan,3
Meruyert Gabdullin,1
Milana Abdirov,3
Sultan Nurgaliyev,1
Nikita Lebedev,1
Zeynep Ermek,3
Nurzhan Celik,4
Sabina Cetin,2
Zhanel Tleubek,1
Laura Kuznetsov,2
Alina Rakhimov,2
Denis Kaya,3
Ksenia Serikbay,1
Hasan Kilic,5
Kairat Tashkenov,4
Andrey Celik,3
Sultan Kara,5
Islam Kaya,3
Zhandos Sagyndyk,2
Elif Ivanov,1
Saltanat Assanov,4
Aruzhan Bolat,4
Aizhan Tleubek,1
Sabina Tashkenov,3
Pavel Cetin,3
Yerbol Cetin,3
Irina Kilic,3
Ainur Dauletov,4
Tatiana Aslan,3
Omar Demir,3
Sanzhar Ualiyev,1
Anna Esenov,3
Nurlybek Akhmetov,1
Akbota Baiseitov,3
Yernar Aslan,1
Bekzat Yilmaz,4
Nur Kudaibergen,5
Alina Turgenev,5
Vadim Mukanov,3
Artem Suleimenov,3
Artem Daulet,1
Derya Bolat,2
Maria Zhumabek,2
Artem Koc,3
Amir Novikov,1
Askar Celik,4
Adil Demir,4
Yerbol Musin,4
Anna Lebedev,3
Laura Sadykov,5
Dias Koc,2
Andrey Dauletov,3
Miras Abdirov,1
Nur Bolat,2
Polina Makhmud,3
Olzhas Aslan,3
Kerem Suleimenov,2
Tatiana Shakenov,4
Amir Mukanov,1
Meruyert Rakhimov,2
Pavel Zhunusov,4
Serik Orazov,1
Kuanysh Omarov,3
Temirlan Morozov,1
Alina Daulet,3
Temirlan Aslan,1
Hasan Ualiyev,3
Meruyert Zhumabek,3
Kirill Omarov,4
Ruslan Sagyndyk,2
Dana Temirov,3
Temirlan Aliyev,4
Tolga Orazov,5
Amir Assanov,3
Balzhan Koc,1
Vera Rakhimov,2
Adil Aliyev,3
Balzhan Kudaibergen,3
Zhanel Lebedev,1
Sabina Aliyev,2
Omar Sahin,3
Nurzhan Karimov,3
Laura Bekov,1
Vera Bolat,2
Temirlan Volkov,4
Sultan Kudaibergen,1
Nur Konysbay,2
Dana Konysbay,3
Daniyar Iskakov,3
Olga Bolat,2
Zhanar Aliyev,2
Saltanat Kassym,1
Irina Koc,2
Zarina Mikhailov,1
Igor Ualiyev,1
Dana Demir,3
Islam Arslan,2
Nur Sadykov,5
Bauyrzhan Ibrayev,4
Akbota Morozov,3
Daria Shakenov,1
Hasan Kassym,3
Murat Sadykov,2
Madina Kaya,1
Ksenia Dogan,3
Bauyrzhan Tashkenov,2
Kirill Baiseitov,2
Yerlan Kassym,2
Azamat Yerzhanov,4
Talgat Yilmaz,2
Kerem Ualiyev,4
Dinara Arslan,1
Nurlybek Kaliyev,3
Zhanna Morozov,4
Aruzhan Demir,4
Tolga Baitursyn,1
Azamat Kara,3
Hasan Fedorov,2
Yerbol Omarov,1
Zhansaya Nurgaliyev,1
Sergey Rakhimov,2
Alibek Turgenev,1
Amir Demir,1
Aisha Orazov,4
Daniyar Baiseitov,1
Vlad Lebedev,5
Tomiris Bolat,2
Dmitry Demir,4
Hasan Musin,3
Yernar Assanov,2
Laura Turgenev,1
Gulnaz Kassym,1
Ainur Zhunusov,1
Gaukhar Fedorov,1
Zhanar Gabdullin,2
Saltanat Kara,4
Derya Alpysbay,3
Gaukhar Morozov,4
Tatiana Omarov,3
Yulia Sokolov,2
Irina Volkov,4
Gulnaz Volkov,1
Dmitry Fedorov,4
Timur Sokolov,1
Azamat Popov,2
Pavel Celik,3
Madina Baitursyn,2
Azamat Nurgaliyev,5
Vlad Alpysbay,2
Rauan Smirnov,2
Nurlan Jumabek,2
Saltanat Popov,4
Maxim Ualiyev,4
Sabina Daulet,1
Yerlan Aslan,3
Madina Tashkenov,2
Alina Popov,4
Zhandos Kara,2
Tolga Nurgaliyev,3
Sergey Shakenov,1
Yernar Kassym,1
Nurzhan Daulet,2
Maxim Sadykov,2
Artem Rakhimov,2
Nurlybek Serikbay,1
Dias Volkov,2
Tolga Kaliyev,2
Nurlan Volkov,3
Daniyar Abenov,4
Sanzhar Daulet,3
Dana Serikbay,3
Elif Mikhailov,3
Aizhan Esenov,2
Yernar Petrov,1
Asel Ivanov,2
Yernar Kurmanov,5
Selin Kara,3
Laura Omarov,1
Elif Popov,2
Omar Sadykov,1
Andrey Kassym,5
Emre Konysbay,5
Tatiana Sokolov,2
Sultan Sagyndyk,2
Zhuldyz Mikhailov,4
Aizhan Tashkenov,1
Elena Kaliyev,1
Ece Dauletov,1
Sergey Abenov,1
Aigul Baiseitov,2
Anton Arslan,3
Vlad Mukanov,3
Tatiana Zhumabek,2
Karina Zhaksylyk,2
Olga Abenov,5
Ilyas Celik,2
Ersultan Kuznetsov,2
Sultan Kara,3
Islam Novikov,2
Anton Zhaksylyk,3
Tomiris Abenov,2
Marat Yerzhanov,3
Vera Morozov,3
Kamila Volkov,3
Olga Musin,5
Aigul Gabdullin,4
Tolga Karimov,5
Sabina Makhmud,5
Nur Lebedev,2
Zhanar Morozov,3
Zhanar Jumabek,3
Sabina Abenov,4
Aruzhan Koc,1
Bekzat Aliyev,1
Zhanna Omarov,1
Azamat Kilic,2
Balzhan Kurmanov,1
Aliya Jumabek,3
Askar Gabdullin,4
Ilyas Serikbay,2
Timur Abdirov,1
Murat Daulet,4
Irina Jumabek,5
Selin Sahin,3
Sergey Sokolov,5
Aigul Smirnov,2
Elena Temirov,4
Tolga Celik,5
Sergey Kaliyev,4
Temirlan Celik,3
Zhansaya Sokolov,1
Omar Tleubek,3
Balzhan Arslan,2
Alina Demir,2
Asel Arslan,1
Damir Esenov,3
Vera Orazov,2
Aisha Omarov,3
Omar Kilic,2
Kuanysh Amangeldy,3
Ruslan Suleimenov,4
Olzhas Aliyev,3
Yulia Konysbay,3
Polina Temirov,1
Selin Ozturk,3
Maria Sokolov,1
Dana Arslan,3
Polina Akhmetov,1
Ece Makhmud,2
Bauyrzhan Orazov,2
Aigul Cetin,3
Elif Bolat,5
Nazym Volkov,2
Zhanna Musin,5
Olzhas Suleimenov,4
Sofia Kudaibergen,2
Nur Kuznetsov,1
Emre Yilmaz,4
Alibek Makhmud,2
Elnur Kurmanov,1
Kuanysh Petrov,2
Temirlan Abdirov,1
Vera Esenov,1
Meruyert Dogan,5
Saltanat Mikhailov,2
Anel Dogan,2
Ilyas Abenov,2
Vera Dauletov,2
Derya Orazov,1
Timur Abenov,1
Anel Arslan,3
Gulnaz Kara,3
Yulia Baitursyn,2
Temirlan Makhmud,3
Anel Sadykov,1
Pavel Temirov,2
Rasul Kara,1
Ilyas Assanov,3
Gaukhar Petrov,2
Sofia Ualiyev,2
Alisa Assanov,4
Anna Abenov,4
Rauan Gabdullin,4
Ekaterina Sokolov,2
Zeynep Cetin,5
Nurlan Kuznetsov,5
Elena Sahin,3
Karina Daulet,3
Dinara Rakhimov,3
Aruzhan Celik,3
Nurlan Gabdullin,5
Derya Aliyev,1
Zhuldyz Dogan,1
Maria Mukanov,2
Andrey Ualiyev,1
Daria Tashkenov,1
Kairat Fedorov,2
Talgat Mikhailov,2
Dmitry Rakhimov,1
Murat Dauletov,1
Alisa Temirov,1
Elena Turgenev,3
Maxim Yerzhanov,4
Sergey Mikhailov,5
Anna Serikbay,2
Yernar Demir,4
Zarina Kara,3
Dmitry Mukanov,4
Rasul Shakenov,2
Roman Tashkenov,5
Nurzhan Abdirov,4
Miras Turgenev,2
Ersultan Arslan,1
Tomiris Serikbay,5
Ilyas Zhumabek,3
Ece Sahin,1
Nur Tleubek,4
Selin Kuznetsov,2
Gaukhar Kassym,3
Talgat Baiseitov,4
Nurlybek Musin,4
Hasan Popov,2
Karina Popov,2
Arman Bekov,1
Yulia Zhunusov,1
Aknur Koc,1
Anton Yilmaz,3
Nur Arslan,4
Zhanel Cetin,3
Serik Baiseitov,2
Gaukhar Koc,5
Kuanysh Turgenev,4
Olga Ualiyev,2
Balzhan Arslan,1
Zhanna Aslan,2
Zhuldyz Aslan,3
Yulia Kudaibergen,3
Daria Bolat,2
Baris Assanov,3
Damir Cetin,3
Islam Zhumabek,4
Milana Mikhailov,3
Tomiris Musin,2
Aliya Kudaibergen,3
Aigerim Omarov,2
Balzhan Petrov,1
Miras Baitursyn,3
Nurlan Bolat,1
Sultan Dogan,3
Pavel Tleubek,5
Arman Dauletov,2
Pavel Sokolov,4
Arman Iskakov,1
Daria Karimov,3
Anton Abenov,2
Nurzhan Smirnov,2
Yerbol Karimov,1
Gaukhar Turgenev,1
Tatiana Demir,1
Olga Demir,5
Daniyar Serikbay,3
Aigerim Kaya,2
Yerbol Koc,4
Anel Koc,4
Igor Sokolov,2
Ersultan Konysbay,1
Ilyas Dauletov,2
Elnur Celik,1
Ece Bekov,1
Bauyrzhan Zhaksylyk,1
Laura Mukanov,3
Zeynep Kaliyev,2
Kairat Kilic,4
Yerlan Jumabek,2
Askar Lebedev,1
Igor Petrov,1
Bauyrzhan Koc,3
Dias Assanov,2
Yerlan Kuznetsov,3
Elif Novikov,1
Aizhan Zhunusov,1
Akbota Assanov,1
Karina Turgenev,3
Tatiana Kaliyev,2
Ece Koc,3
Elena Ualiyev,2
Karina Shakenov,1
Alisa Lebedev,2
Marat Rakhimov,1
Zhuldyz Zhumabek,4
Yernar Demir,1
Irina Zhumabek,1
Olga Orazov,3
Balzhan Konysbay,1
Askar Suleimenov,4
Ekaterina Popov,1
Kairat Daulet,4
Zhanel Abenov,3
Aigerim Zhaksylyk,3
Anel Kaya,3
Elif Sadykov,4
Zhansaya Kaya,5
Ainur Kudaibergen,1
Polina Morozov,1
Adil Bekov,4
Olga Ermek,2
Rauan Kaliyev,3
Vlad Mukanov,4
Akbota Konysbay,2
Ekaterina Kilic,1
Ekaterina Karimov,3
Dinara Volkov,1
Madina Sadykov,5
Dinara Kuznetsov,4
Nikita Abdirov,3
Milana Iskakov,2
Daniyar Kassym,1
Elena Iskakov,3
Aizhan Bekov,2
Dmitry Zhumabek,4
Ainur Baiseitov,1
Aisha Ibrayev,3
Symbat Bekov,1
Zhuldyz Sokolov,2
Anel Kurmanov,2
Tatiana Abdirov,3
Tolga Dogan,3
Aisha Amangeldy,2
Ruslan Sadykov,3
Nurlan Dauletov,4
Elif Volkov,4
Nur Orazov,4
Laura Morozov,3
Kairat Smirnov,3
Laura Esenov,3
Saltanat Omarov,4
Zhanna Omarov,1
Arman Zhunusov,4
Artem Rakhimov,3
Damir Celik,2
Alisa Novikov,5
Omar Musin,3
Nurlybek Sagyndyk,5
Amir Zhunusov,3
Elif Konysbay,1
Yulia Dogan,1
Zeynep Ivanov,1
Oleg Ivanov,3
Oleg Aslan,3
Sabina Sadykov,1
Temirlan Iskakov,3
Sergey Aliyev,1
Olzhas Tashkenov,2
Karina Zhumabek,2
Rauan Karimov,2
Nurlybek Cetin,1
Tolga Musin,4
Bekzat Iskakov,1
Marat Iskakov,1
Amir Zhunusov,1
Askar Fedorov,2
Serik Sahin,3
Nurlybek Omarov,2
Artem Omarov,3
Zhanna Tleubek,3
Derya Sokolov,3
Sabina Cetin,2
Aigul Kara,5
Yerbol Kudaibergen,4
Adil Akhmetov,3
Dinara Jumabek,3
Zhandos Kudaibergen,3
Zhanel Zhumabek,1
Symbat Kaya,1
Aknur Kurt,4
Askar Lebedev,2
Laura Sokolov,1
Anel Tleubek,1
Ainur Esenov,3
Nurzhan Aslan,4
Ilyas Volkov,2
Nurlan Ermek,5
Nurlybek Shakenov,2
Nur Kurmanov,4
Madina Aslan,3
Sofia Kara,2
Talgat Abdirov,1
Meruyert Kurmanov,1
Artem Lebedev,2
Pavel Demir,2
Irina Nurgaliyev,2
Sergey Yerzhanov,1
Olga Celik,5
Ekaterina Turgenev,2
Dana Akhmetov,2
Murat Orazov,2
Maria Akhmetov,4
Kairat Ibrayev,2
Gaukhar Jumabek,2
Laura Demir,2
Kamila Baiseitov,2
Rauan Daulet,5
Zhansaya Musin,3
Sanzhar Ozturk,3
Islam Ibrayev,3
Balzhan Volkov,1
Yerbol Daulet,1
Asel Kilic,1
Zhansaya Kilic,1
Zhuldyz Akhmetov,3
Dana Iskakov,4
Zhansaya Zhumabek,4
Alibek Morozov,3
Ece Morozov,3
Symbat Omarov,2
Sofia Suleimenov,5
Askar Orazov,1
Zhandos Suleimenov,4
Akbota Kudaibergen,1
Aizhan Baiseitov,1
Sultan Ivanov,3
Nikita Temirov,1
Daria Zhumabek,2
Asel Ermek,2
Timur Aliyev,3
Zhanel Bekov,3
Polina Omarov,4
Yerbol Makhmud,1
Andrey Zhumabek,4
Oleg Zhumabek,1
Vlad Zhumabek,2
Rauan Kaliyev,4
Vera Makhmud,2
Nurzhan Serikbay,2
Ersultan Kassym,3
Rauan Sahin,3
Zhanel Bolat,2
Andrey Zhaksylyk,3
Kuanysh Yilmaz,4
Layla Rakhimov,2
Alibek Tashkenov,3
Akbota Baitursyn,5
Tomiris Tashkenov,5
Askar Amangeldy,2
Ksenia Kara,3
Vadim Dogan,1
Zhandos Dauletov,1
Miras Orazov,1
Aigerim Konysbay,3
Andrey Petrov,3
Anna Lebedev,2
Zeynep Alpysbay,1
Symbat Smirnov,2
Derya Abenov,4
Olzhas Gabdullin,3
Emre Baitursyn,1
Omar Konysbay,2
Elif Sadykov,3
Alibek Arslan,2
Milana Sadykov,3
Rasul Baiseitov,2
Derya Alpysbay,3
Kairat Petrov,3
Artem Sagyndyk,3
Baris Jumabek,2
Zhuldyz Kilic,3
Aliya Sahin,2
Nurlan Sadykov,4
Karina Celik,1
Islam Ozturk,1
Amir Mukanov,1
Ksenia Akhmetov,1
Meruyert Arslan,1
Marat Novikov,2
Aigul Yerzhanov,4
Olga Kurt,4
Oleg Daulet,2
Vera Baitursyn,3
Miras Baitursyn,3
Damir Baiseitov,2
Layla Morozov,4
Zhandos Ibrayev,1
Madina Aslan,3
Andrey Lebedev,2
Kirill Iskakov,1
Anna Dauletov,4
Balzhan Amangeldy,1
Vlad Kilic,1
Sofia Rakhimov,2
Layla Kaya,5
Tomiris Smirnov,1
Kamila Yilmaz,2
Olzhas Kaliyev,2
Maria Baitursyn,2
Sofia Kara,2
Askar Novikov,2
Derya Zhunusov,1
Sabina Turgenev,1
Kamila Zhunusov,4
Andrey Assanov,5
Anton Suleimenov,3
Saltanat Zhaksylyk,5
Serik Omarov,5
Akbota Bekov,2
Omar Petrov,1
Omar Sokolov,4
Zhansaya Assanov,2
Laura Musin,1
Aknur Jumabek,1
Adil Iskakov,3
Nurlan Koc,3
Gaukhar Iskakov,3
Gulnaz Dogan,1
Rauan Popov,1
Aizhan Kuznetsov,2
Kamila Bolat,5
Bauyrzhan Tashkenov,1
Rauan Gabdullin,1
Nurlan Musin,2
Gulnaz Fedorov,1
Nazerke Petrov,4
Askar Popov,2
Sergey Mukanov,2
Sanzhar Baitursyn,2
Bekzat Popov,1
Ilyas Shakenov,1
Milana Baiseitov,1
Nur Celik,1
Maria Arslan,3
Andrey Ibrayev,4
Vera Suleimenov,1
Emre Smirnov,2
Olzhas Tleubek,2
Laura Tleubek,3
Marat Novikov,1
Karina Fedorov,1
Laura Tashkenov,4
Laura Dogan,3
Ruslan Ualiyev,2
Askar Sagyndyk,1
Nurlan Celik,1
Yerlan Iskakov,1
Timur Mukanov,5
Anna Volkov,4
Talgat Sagyndyk,3
Sofia Daulet,4
Damir Ermek,4
Olga Kassym,2
Olga Abenov,3
Polina Tashkenov,5
Zeynep Dogan,2
Ekaterina Ibrayev,3
Alibek Arslan,2
Zeynep Aliyev,2
Aisha Mikhailov,1
Ekaterina Ermek,2
Islam Daulet,1
Denis Gabdullin,3
Karina Turgenev,3
Dana Rakhimov,4
Vera Volkov,2
Artem Bolat,5
Andrey Yilmaz,1
Tomiris Bekov,2
Ksenia Ozturk,4
Sergey Celik,3
Elnur Daulet,5
Tolga Makhmud,4
Anton Tleubek,1
Aigerim Celik,2
Baris Kaya,1
Daria Volkov,1
Meruyert Ivanov,1
Dias Alpysbay,5
Maria Akhmetov,2
Gaukhar Yerzhanov,3
Baris Gabdullin,4
Tomiris Turgenev,3
Timur Suleimenov,4
Vera Musin,1
Zhanna Turgenev,5
Denis Shakenov,1
Timur Abdirov,4
Timur Yerzhanov,3
Ilyas Ermek,5
Akbota Petrov,3
Rasul Omarov,2
Zhandos Bekov,3
Kirill Kaliyev,3
Temirlan Novikov,4
Vadim Kurmanov,2
Arman Jumabek,2
Sanzhar Celik,1
Zhanar Arslan,3
Amir Petrov,4
Sergey Fedorov,3
Ekaterina Sagyndyk,1
Sultan Aliyev,4
Dinara Mikhailov,4
Aisha Dogan,1
Andrey Rakhimov,2
Murat Sahin,2
Layla Ualiyev,2
Dmitry Lebedev,3
Gulnaz Gabdullin,3
Aigul Ozturk,3
Timur Smirnov,5
Talgat Sokolov,3
Aruzhan Kassym,2
Andrey Aliyev,5
Artem Celik,1
Milana Daulet,4
Zhanel Zhaksylyk,2
Olzhas Sagyndyk,4
Madina Zhaksylyk,3
Ece Akhmetov,2
Dias Zhunusov,5
Nikita Ualiyev,5
Yernar Kilic,1
Tatiana Celik,4
Sofia Kaya,5
Alibek Tleubek,3
Karina Jumabek,4
Vadim Makhmud,3
Zeynep Ozturk,2
Sanzhar Esenov,1
Aizhan Smirnov,2
Adil Shakenov,4
Gaukhar Aliyev,2
Kirill Mukanov,3
Tolga Akhmetov,5
Sofia Bekov,4
Ainur Zhunusov,4
Aknur Turgenev,3
Maria Smirnov,3
Sabina Baitursyn,1
Timur Esenov,3
Laura Aliyev,2
Laura Tleubek,4
Madina Zhunusov,3
Anna Yilmaz,2
Olga Cetin,5
Roman Kaliyev,4
Dmitry Zhaksylyk,4
Nurzhan Celik,2
Zhanna Mukanov,2
Islam Makhmud,2
Dmitry Sokolov,1
Kirill Bolat,1
Ainur Iskakov,1
Rauan Kara,1
Irina Musin,2
Sofia Ualiyev,2
Akbota Mikhailov,1
Igor Bekov,2
Roman Morozov,1
Alina Popov,5
Marat Daulet,2
Zarina Akhmetov,1
Anna Esenov,2
Gaukhar Konysbay,3
Dmitry Bekov,3
Andrey Morozov,1
Kerem Kurmanov,3
Akbota Karimov,1
Ainur Ivanov,2
Kairat Novikov,5
Murat Sagyndyk,5
Selin Zhumabek,1
Aknur Kassym,4
Kirill Morozov,1
Yerbol Alpysbay,1
Kerem Petrov,3
Nazerke Nurgaliyev,2
Ainur Tashkenov,3
Kuanysh Kilic,4
Nurlan Kudaibergen,2
Talgat Amangeldy,1
Aruzhan Tashkenov,3
Timur Sahin,2
Layla Dauletov,1
Roman Abenov,4
Yernar Sadykov,2
Zhansaya Esenov,1
Talgat Shakenov,3
Igor Gabdullin,2
Nurlybek Karimov,1
Sergey Daulet,5
Tolga Zhunusov,5
Omar Konysbay,2
Nurlybek Popov,3
Kairat Makhmud,3
Zhansaya Nurgaliyev,1
Dias Ozturk,3
Miras Baitursyn,1
Tolga Abenov,3
Vadim Kaya,5
Damir Dauletov,2
Miras Rakhimov,5
Bekzat Mikhailov,2
Derya Esenov,5
Olga Kuznetsov,4
Rasul Assanov,5
Askar Baitursyn,4
Elif Sadykov,2
Olzhas Kaliyev,3
Nazym Kurmanov,1
Kerem Sagyndyk,3
Saltanat Assanov,5
Anna Musin,3
Zhuldyz Popov,2
Talgat Kurt,4
Zhanna Sokolov,4
Aigul Popov,2
Maxim Ivanov,3
Asel Nurgaliyev,2
Anna Kaya,3
Vlad Alpysbay,1
Nurlan Ibrayev,4
Layla Shakenov,2
Maria Fedorov,3
Nurlybek Volkov,5
Zhansaya Zhaksylyk,1
Daniyar Sadykov,3
Ksenia Esenov,4
Karina Kurt,2
Oleg Gabdullin,3
Yulia Tleubek,3
Zarina Iskakov,1
Nazerke Kudaibergen,3
Elena Morozov,2
Adil Zhaksylyk,4
Dmitry Omarov,3
Zarina Popov,3
Emre Temirov,4
Zhansaya Nurgaliyev,5
Saltanat Temirov,5
Elnur Kudaibergen,2
Zhuldyz Omarov,4
Emre Karimov,4
Nazerke Baiseitov,1
Roman Sahin,2
Damir Baitursyn,5
Zhanar Konysbay,3
Baris Kaya,4
Rasul Kassym,3
Irina Ermek,1
Murat Orazov,4
Artem Jumabek,4
Zhandos Sokolov,3
Marat Makhmud,2
Sultan Akhmetov,1
Bauyrzhan Novikov,3
Akbota Kuznetsov,3
Anel Mukanov,2
Aigerim Akhmetov,1
Sultan Sadykov,4
Anton Makhmud,2
Maria Nurgaliyev,5
Dinara Kaliyev,2
Daria Popov,3
Tolga Kuznetsov,5
Rauan Koc,5
Ksenia Yilmaz,2
Aknur Daulet,1
Akbota Tleubek,1
Aliya Dogan,2
Nikita Popov,4
Zhanel Kudaibergen,1
Pavel Gabdullin,1
Dmitry Temirov,5
Kuanysh Temirov,5
Gaukhar Kudaibergen,3
Adil Kaya,3
Baris Musin,1
Murat Fedorov,4
Yulia Aslan,2
Dias Kilic,4
Vadim Zhunusov,1
Adil Abdirov,2
Damir Yilmaz,1
Askar Morozov,4
Nur Suleimenov,2
Denis Ermek,2
Madina Alpysbay,1
Dana Sagyndyk,3
Nurlan Temirov,1
Aisha Ozturk,2
Madina Ibrayev,4
Ainur Konysbay,2
Timur Kilic,2
Ekaterina Sahin,4
Irina Nurgaliyev,3
Olga Tleubek,4
Yernar Aliyev,4
Aruzhan Sagyndyk,4
Askar Amangeldy,2
Oleg Shakenov,3
Roman Ibrayev,1
Derya Kurmanov,4
Aisha Petrov,2
Elnur Zhaksylyk,1
Emre Kurmanov,2
Tolga Fedorov,2
Marat Dauletov,3
Hasan Novikov,1
Olga Zhumabek,2
Yernar Akhmetov,2
Pavel Popov,3
Alibek Dogan,4
Zhuldyz Gabdullin,5
Rauan Karimov,2
Tolga Kaya,3
Derya Zhaksylyk,2
Polina Dogan,3
Artem Rakhimov,4
Saltanat Alpysbay,5
Symbat Gabdullin,3
Zhanar Kurmanov,5
Askar Demir,2
Sanzhar Baitursyn,2
Vera Mikhailov,1
Asel Mukanov,2
Olga Kassym,1
Yerbol Mikhailov,3
Sultan Baiseitov,3
Daria Gabdullin,2
Zhansaya Musin,4
Elena Serikbay,3
Madina Ibrayev,1
Nazym Fedorov,4
Vera Kuznetsov,2
Gaukhar Zhaksylyk,3
Aisha Baiseitov,5
Artem Dauletov,2
Dias Ivanov,1
Serik Temirov,5
Maxim Fedorov,2
Marat Kudaibergen,2
Meruyert Jumabek,3
Tolga Baiseitov,1
Kuanysh Bolat,3
Kirill Bolat,2
Marat Kara,1
Zhanna Assanov,5
Baris Shakenov,1
Tolga Daulet,2
Daria Kuznetsov,1
Pavel Turgenev,5
Arman Alpysbay,5
Sabina Arslan,1
Yerlan Temirov,5
Rasul Sahin,3
Ece Nurgaliyev,1
Bekzat Bekov,1
Olzhas Suleimenov,1
Layla Suleimenov,3
Nurlybek Morozov,3
Gaukhar Karimov,5
Bauyrzhan Ivanov,3
Laura Tleubek,2
Kuanysh Amangeldy,4
Nurzhan Mikhailov,1
Maxim Morozov,5
Maxim Kilic,1
Nurzhan Kaliyev,5
Milana Konysbay,3
Ksenia Ibrayev,3
Elnur Daulet,1
Nurlan Aliyev,2
Aliya Tleubek,2
Dias Petrov,1
Irina Ibrayev,1
Pavel Alpysbay,3
Nurzhan Jumabek,2
Oleg Kaliyev,3
Asel Ibrayev,2
Nurlan Kurt,2
Bauyrzhan Alpysbay,1
Tomiris Kaya,2
Ilyas Ozturk,4
Derya Rakhimov,5
Pavel Alpysbay,2
Temirlan Zhunusov,3
Vera Smirnov,4
Elnur Ermek,3
Askar Karimov,2
Serik Bolat,4
Layla Bolat,1
Nurzhan Shakenov,2
Alina Orazov,1
Meruyert Shakenov,2
Ilyas Smirnov,1
Ainur Gabdullin,1
Asel Kurt,3
Artem Baitursyn,3
Oleg Gabdullin,1
Zhansaya Sadykov,1
Zhanar Suleimenov,3
Polina Kudaibergen,5
Nur Dogan,4
Nurzhan Makhmud,5
Oleg Smirnov,2
Yerlan Ozturk,4
Akbota Kurmanov,3
Talgat Sahin,2
Askar Sahin,3
Murat Zhumabek,5
Zhanna Mikhailov,1
Pavel Kurmanov,1
Elnur Iskakov,4
Zhansaya Sagyndyk,2
Nurlan Mukanov,3
Nurlan Ermek,3
Sofia Temirov,1
Aizhan Mikhailov,1
Saltanat Kuznetsov,3
Zhuldyz Sahin,2
Aigul Tleubek,5
Tomiris Zhumabek,3
Zeynep Ermek,1
Olzhas Assanov,2
Nur Zhunusov,4
Vera Kaliyev,3
Akbota Zhumabek,5
Alibek Mukanov,4
Elnur Koc,3
Aknur Bekov,1
Dinara Aliyev,1
Alibek Popov,3
Aknur Petrov,5
Dinara Yilmaz,1
Baris Esenov,2
Marat Kurt,4
Vlad Aliyev,3
Ksenia Morozov,2
Arman Dauletov,1
Yerbol Amangeldy,2
Ersultan Koc,1
Nur Rakhimov,2
Anton Abenov,4
Marat Bekov,4
Meruyert Omarov,3
Maria Abdirov,4
Ksenia Bekov,1
Nurlybek Nurgaliyev,3
Karina Fedorov,2
Akbota Temirov,1
Gaukhar Fedorov,2
Zhanar Abenov,2
Meruyert Aliyev,3
Layla Alpysbay,2
Roman Kurt,1
Ersultan Kara,3
Anna Sagyndyk,4
Dias Novikov,3
Ruslan Bekov,2
Madina Mikhailov,1
Balzhan Tleubek,5
Zhansaya Tleubek,3
Dmitry Gabdullin,4
Gulnaz Temirov,2
Alibek Sadykov,2
Zarina Aliyev,2
Yerlan Baiseitov,1
Elnur Sahin,4
Miras Ivanov,4
Islam Gabdullin,3
Nurzhan Bolat,3
Omar Karimov,3
Karina Abdirov,4
Kamila Suleimenov,4
Aisha Zhumabek,1
Baris Yerzhanov,2
Irina Daulet,2
Ruslan Ozturk,1
Balzhan Kilic,3
Laura Bekov,4
Zhanna Zhunusov,2
Dmitry Iskakov,3
Anton Sagyndyk,3
Miras Rakhimov,2
Aigerim Lebedev,2
Alina Kuznetsov,2
Akbota Iskakov,3
Artem Zhumabek,3
Kirill Kara,1
Aruzhan Abenov,5
Bekzat Petrov,3
Sofia Musin,2
Azamat Volkov,3
Yernar Sadykov,1
Azamat Abenov,2
Olga Esenov,1
Ece Abdirov,1
Symbat Kassym,3
Yulia Morozov,5
Emre Omarov,2
Adil Aliyev,1
Dmitry Nurgaliyev,1
Yernar Dauletov,3
Murat Tashkenov,4
Zarina Karimov,4
Maxim Kaya,3
Sergey Abdirov,3
Tomiris Tashkenov,3
Sabina Dauletov,1
Rauan Shakenov,1
Nurlan Sahin,3
Nazym Fedorov,3
Dinara Aslan,2
Nazym Musin,2
Miras Nurgaliyev,1
Nurzhan Sadykov,4
Madina Ualiyev,1
Maria Aslan,2
Andrey Konysbay,3
Vlad Temirov,3
Damir Ermek,3
Irina Nurgaliyev,2
Rauan Kuznetsov,3
Elnur Karimov,4
Vera Popov,5
Ksenia Musin,3
Nur Petrov,5
Nazym Kassym,3
Ersultan Tashkenov,3
Yernar Aliyev,1
Ersultan Bekov,5
Nurlybek Rakhimov,3
Ersultan Konysbay,2
Oleg Alpysbay,3
Vadim Daulet,5
Zhanar Orazov,3
Aliya Koc,3
Selin Musin,3
Andrey Zhunusov,5
Tolga Morozov,1
Sanzhar Aslan,1
Nurlan Jumabek,4
Dmitry Mikhailov,3
Emre Gabdullin,2
Nurzhan Kaya,2
Marat Amangeldy,1
Anton Ermek,1
Emre Smirnov,2
Ilyas Abdirov,3
Zeynep Abenov,2
Adil Ibrayev,4
Alisa Temirov,2
Miras Omarov,4
Yernar Baitursyn,2
Derya Alpysbay,1
Kamila Musin,5
Zhuldyz Kurmanov,2
Ekaterina Baiseitov,1
Roman Kurt,1
Kuanysh Daulet,3
Nazerke Nurgaliyev,2
Alina Daulet,4
Nazym Sadykov,1
Ersultan Daulet,1
Kamila Mukanov,4
Gaukhar Zhumabek,4
Sergey Iskakov,4
Roman Kaya,2
Karina Bolat,1
Yulia Konysbay,1
Rasul Makhmud,2
Gulnaz Konysbay,1
Maria Abenov,4
Zhandos Iskakov,3
Anel Tleubek,2
Aliya Ualiyev,2
Akbota Celik,1
Artem Kudaibergen,3
Oleg Abenov,2
Artem Kudaibergen,3
Elena Smirnov,3
Damir Lebedev,2
Aliya Makhmud,1
Ruslan Aslan,5
Dana Kassym,1
Bauyrzhan Smirnov,3
Kamila Zhaksylyk,3
Kuanysh Turgenev,1
Islam Tashkenov,3
Oleg Gabdullin,3
Zeynep Kudaibergen,5
Daniyar Karimov,2
Aruzhan Fedorov,1
Aisha Dauletov,3
Bauyrzhan Tashkenov,1
Aizhan Ozturk,1
Serik Karimov,1
Tatiana Kurt,2
Daria Morozov,3
Anton Zhunusov,1
Vlad Shakenov,4
Sergey Arslan,5
Madina Kurmanov,2
Layla Baitursyn,4
Ersultan Rakhimov,4
Vera Sahin,4
Gaukhar Tleubek,5
Elena Popov,2
Laura Karimov,2
Yerbol Tashkenov,1
Vera Abdirov,3
Omar Morozov,1
Adil Aliyev,2
Anton Bolat,4
Asel Kaya,1
Ilyas Assanov,4
Tolga Novikov,5
Tomiris Fedorov,4
Aigul Kara,4
Meruyert Zhaksylyk,3
Baris Sagyndyk,2
Elena Zhumabek,1
Murat Abdirov,2
Aliya Bekov,3
Laura Konysbay,4
Sabina Rakhimov,4
Bauyrzhan Arslan,1
Oleg Volkov,1
Zhuldyz Yilmaz,1
Omar Baitursyn,4
Nazerke Yerzhanov,2
Tomiris Aliyev,1
Nurzhan Kassym,1
Zhanel Kara,2
Tomiris Abenov,3
Selin Kaya,4
Anel Lebedev,5
Ece Assanov,3
Yulia Arslan,3
Sabina Kilic,1
Yernar Akhmetov,4
Layla Ozturk,2
Nazerke Cetin,4
Asel Celik,1
Adil Novikov,5
Islam Ermek,5
Zhanel Ualiyev,1
Tomiris Novikov,2
Elif Popov,3
Alina Ivanov,2
Nurlybek Tashkenov,2
Alisa Zhaksylyk,1
Derya Alpysbay,2
Kuanysh Kilic,4
Nurzhan Omarov,1
Vera Demir,4
Ruslan Yilmaz,3
Rauan Zhumabek,3
Sabina Volkov,1
Meruyert Yerzhanov,1
Yernar Assanov,1
Aizhan Sokolov,3
Zhanel Suleimenov,2
Artem Shakenov,5
Azamat Sadykov,2
Tatiana Amangeldy,2
Zhanar Popov,3
Ece Kaliyev,2
Nurlybek Mukanov,2
Zhandos Petrov,1
Nikita Ivanov,2
Tolga Abenov,1
Askar Kurt,3
Gulnaz Kuznetsov,1
Baris Kassym,3
Pavel Aliyev,2
Anna Petrov,2
Ekaterina Popov,1
Nazerke Ozturk,4
Kairat Aliyev,1
Islam Kassym,2
Tomiris Smirnov,4
Elnur Ozturk,1
Anel Kurt,3
Balzhan Kudaibergen,2
Aigul Abdirov,3
Milana Dauletov,1
Aigul Yerzhanov,4
Balzhan Iskakov,1
Kairat Omarov,5
Dana Kurmanov,4
Roman Kurmanov,2
Dias Musin,3
Saltanat Dauletov,1
Ekaterina Tashkenov,4
Alisa Esenov,1
Sanzhar Kudaibergen,2
Temirlan Morozov,5
Nur Shakenov,3
Aliya Smirnov,5
Arman Kara,5
Zhuldyz Orazov,2
Serik Musin,4
Sofia Novikov,5
Vadim Bekov,4
Aknur Sadykov,2
Zhansaya Kudaibergen,3
Andrey Bolat,1
Dias Bekov,4
Kamila Konysbay,5
Alisa Esenov,5
Olga Dogan,3
Azamat Kuznetsov,1
Anel Volkov,2
Amir Ermek,1
Aisha Gabdullin,2
Dmitry Turgenev,4
Askar Bolat,2
Nikita Sadykov,3
Tatiana Kuznetsov,3
Irina Morozov,3
Yerbol Yilmaz,2
Zhuldyz Popov,4
Aigerim Baiseitov,4
Symbat Zhaksylyk,2
Anton Sagyndyk,2
Kerem Dauletov,4
Gulnaz Baiseitov,1
Sabina Sokolov,3
Elnur Rakhimov,4
Igor Makhmud,2
Sofia Kuznetsov,2
Irina Temirov,4
Artem Abdirov,3
Vlad Bolat,2
Zhandos Makhmud,3
Maria Musin,1
Denis Mukanov,1
Ruslan Smirnov,5
Sabina Morozov,3
Zhanna Dauletov,3
Zhuldyz Tashkenov,2
Tolga Baitursyn,2
Gulnaz Kilic,2
Yerlan Sagyndyk,2
Anel Kaliyev,4
Aisha Omarov,2
Aigerim Kuznetsov,5
Talgat Sadykov,3
Aizhan Ozturk,1
Nurlan Zhumabek,1
Nurlybek Konysbay,4
Sofia Demir,2
Selin Yerzhanov,5
Akbota Fedorov,4
Amir Popov,4
Gaukhar Turgenev,2
Ekaterina Demir,1
Zhanna Aslan,5
Adil Ivanov,2
Dinara Koc,2
Alisa Zhaksylyk,2
Zhandos Kuznetsov,1
Tomiris Iskakov,1
Oleg Sahin,3
Aizhan Alpysbay,2
Dias Ermek,2
Sultan Alpysbay,4
Zhansaya Sagyndyk,3
Amir Ualiyev,1
Nikita Rakhimov,1
Nazym Koc,3
Aknur Daulet,1
Damir Iskakov,5
Zhanel Zhunusov,1
Derya Koc,1
Balzhan Fedorov,2
Nurzhan Iskakov,4
Madina Baitursyn,5
Denis Popov,4
Irina Sagyndyk,3
Polina Petrov,3
Gulnaz Volkov,2
Yulia Amangeldy,3
Balzhan Alpysbay,5
Dana Assanov,3
Laura Kurt,4
Baris Baiseitov,1
Tomiris Turgenev,1
Meruyert Tleubek,3
Zhansaya Kara,3
Yulia Kurmanov,2
Nikita Mukanov,4
Sultan Koc,2
Askar Esenov,1
Miras Fedorov,3
Zhanel Aliyev,1
Saltanat Kuznetsov,5
Aigerim Tleubek,1
Vera Novikov,3
Adil Akhmetov,2
Roman Karimov,2
Zarina Serikbay,2
Aigul Ermek,2
Ekaterina Konysbay,3
Adil Kuznetsov,3
Murat Zhaksylyk,1
Irina Kilic,5
Laura Ermek,5
Askar Lebedev,4
Zarina Yilmaz,3
Gulnaz Orazov,4
Azamat Abenov,2
Milana Dogan,5
Oleg Aliyev,3
Adil Turgenev,2
Azamat Serikbay,2
Yernar Dogan,1
Kuanysh Sahin,1
Elnur Koc,1
Aknur Kaliyev,3
Igor Aslan,3
Tatiana Celik,2
Ersultan Kudaibergen,1
Yerlan Kara,3
Ekaterina Kilic,3
Yerbol Nurgaliyev,5
Askar Ibrayev,3
Laura Kara,4
Aigerim Kilic,5
Olga Ivanov,3
Anel Cetin,3
Daniyar Amangeldy,1
Timur Abenov,1
Kamila Kuznetsov,1
Aliya Kassym,2
Zarina Gabdullin,3
Aisha Bolat,2
Islam Orazov,4
Symbat Cetin,1
Adil Temirov,2
Rauan Zhumabek,1
Alisa Kudaibergen,1
Zhanna Lebedev,2
Gulnaz Kaliyev,5
Aknur Bekov,1
Anna Mukanov,3
Nur Serikbay,5
Amir Suleimenov,1
Dana Kaliyev,1
Akbota Assanov,2
Kuanysh Kurmanov,1
Miras Bolat,1
Oleg Ozturk,1
Saltanat Kurt,3
Azamat Kilic,5
Azamat Iskakov,2
Bekzat Dogan,4
Daniyar Sagyndyk,3
Azamat Zhaksylyk,5
Zhanel Iskakov,5
Dinara Tashkenov,2
Zhanel Lebedev,1
Kamila Nurgaliyev,1
Tomiris Mukanov,1
Irina Mukanov,1
Askar Sokolov,3
Olga Gabdullin,1
Laura Popov,5
Emre Rakhimov,5
Laura Karimov,2
Rasul Orazov,5
Layla Rakhimov,2
Zhuldyz Sokolov,1
Nikita Baitursyn,5
Yulia Kuznetsov,1
Dana Kara,1
Olzhas Kuznetsov,5
Asel Gabdullin,5
Hasan Makhmud,1
Dinara Aliyev,2
Ksenia Bolat,2
Ainur Yerzhanov,3
Selin Nurgaliyev,2
Sofia Celik,4
Kuanysh Turgenev,3
Yerlan Yerzhanov,1
Alibek Esenov,1
Sultan Dauletov,3
Zhanel Gabdullin,2
Laura Ibrayev,3
Emre Bolat,1
Zarina Aliyev,1
Pavel Demir,3
Kamila Abdirov,3
Rauan Abdirov,2
Murat Turgenev,4
Nazym Jumabek,2
Maxim Ermek,2
Elif Ermek,2
Madina Mikhailov,1
Tatiana Kuznetsov,4
Yerbol Cetin,4
Elif Alpysbay,1
Andrey Jumabek,3
Aigul Volkov,1
Kerem Ivanov,3
Elena Orazov,2
Sabina Orazov,2
Serik Ivanov,1
Kairat Mukanov,5
Selin Demir,4
Maria Makhmud,4
Denis Celik,1
Aigul Demir,3
Elif Kilic,1
Amir Kuznetsov,5
Azamat Yerzhanov,5
Ekaterina Yerzhanov,3
Gulnaz Celik,4
Damir Zhaksylyk,3
Oleg Kaya,5
Tolga Akhmetov,2
Kuanysh Volkov,1
Yernar Yilmaz,5
Zhandos Zhumabek,2
Damir Alpysbay,2
Vera Sahin,1
Elena Kassym,4
Arman Suleimenov,3
Vadim Rakhimov,4
Aisha Shakenov,3
Nazerke Gabdullin,1
Aigul Kaya,4
Aigerim Koc,2
Sanzhar Dogan,3
Vadim Akhmetov,3
Zhandos Ermek,5
Vera Sahin,4
Denis Akhmetov,4
Karina Demir,4
Denis Akhmetov,3
Askar Mikhailov,1
Gulnaz Amangeldy,2
Nur Alpysbay,1
Islam Popov,2
Bekzat Jumabek,4
Denis Demir,3
Dmitry Kudaibergen,3
Gulnaz Morozov,4
Emre Turgenev,2
Olzhas Iskakov,3
Gaukhar Kilic,3
Ilyas Dauletov,2
Adil Kilic,1
Sofia Esenov,1
Daniyar Bolat,3
Nazym Mukanov,3
Aruzhan Abdirov,5
Gulnaz Dauletov,2
Anton Ozturk,2
Kamila Akhmetov,2
Derya Zhaksylyk,4
Artem Orazov,1
Ainur Dauletov,4
Igor Amangeldy,1
Ruslan Alpysbay,1
Hasan Bolat,2
Askar Jumabek,1
Irina Aslan,2
Kairat Kurt,4
Madina Smirnov,4
Olzhas Esenov,1
Zarina Kuznetsov,5
Maxim Tleubek,3
Karina Shakenov,2
Symbat Koc,5
Tatiana Assanov,1
Akbota Suleimenov,5
Amir Bolat,4
Maxim Smirnov,3
Talgat Popov,3
Vlad Alpysbay,2
Karina Popov,2
Adil Konysbay,1
Serik Akhmetov,3
Emre Aslan,4
Polina Shakenov,1
Selin Karimov,1
Elnur Gabdullin,2
Milana Lebedev,1
Yulia Volkov,1
Elif Ibrayev,5
Rauan Ozturk,3
Kuanysh Ermek,1
Denis Mukanov,5
Roman Temirov,2
Maxim Serikbay,1
Tomiris Turgenev,2
Daria Morozov,3
Nurlan Fedorov,2
Daniyar Iskakov,3
Symbat Ozturk,4
Roman Tleubek,4
Zhansaya Omarov,1
Pavel Celik,4
Elena Shakenov,2
Omar Zhumabek,3
Aigul Abenov,1
Temirlan Popov,2
Tatiana Kurt,1
Elnur Fedorov,2
Yerlan Kassym,2
Zhuldyz Esenov,1
Anna Konysbay,4
Dinara Nurgaliyev,1
Aliya Bolat,5
Dinara Zhaksylyk,3
Timur Koc,1
Saltanat Tleubek,2
Selin Sokolov,3
Sultan Baiseitov,3
Saltanat Yilmaz,2
Akbota Yerzhanov,4
Askar Smirnov,1
Marat Zhunusov,4
Ruslan Yerzhanov,2
Artem Temirov,2
Selin Karimov,3
Milana Zhumabek,2
Yernar Musin,1
Hasan Kassym,2
Murat Sokolov,4
Nazerke Akhmetov,1
Aliya Sagyndyk,3
Baris Nurgaliyev,4
Madina Aslan,1
Vera Novikov,2
Olga Gabdullin,3
Olzhas Musin,4
Ilyas Musin,3
Laura Daulet,3
Zhanar Makhmud,2
Maxim Musin,4
Askar Sadykov,3
Akbota Kuznetsov,1
Maxim Sagyndyk,5
Ersultan Sagyndyk,3
Balzhan Kuznetsov,3
Aigul Abdirov,4
Ainur Kuznetsov,4
Maxim Baiseitov,3
Selin Lebedev,2
Milana Tleubek,1
Yerbol Sagyndyk,2
Sergey Kurmanov,3
Saltanat Baitursyn,2
Zhansaya Abenov,3
Adil Tleubek,1
Nazym Aliyev,2
Tatiana Kurt,3
Kuanysh Turgenev,2
Azamat Morozov,2
Selin Zhaksylyk,1
Aknur Ualiyev,4
Maxim Ivanov,3
Nurzhan Kuznetsov,2
Aisha Baitursyn,1
Irina Turgenev,1
Zarina Demir,1
Olga Zhumabek,4
Daria Musin,1
Nazerke Tashkenov,4
Ruslan Abenov,2
Adil Morozov,4
Adil Mikhailov,4
Sabina Konysbay,2
Yernar Shakenov,2
Yerlan Morozov,4
Layla Tleubek,3
Aigul Arslan,3
Islam Daulet,2
Bauyrzhan Kuznetsov,2
Bauyrzhan Gabdullin,1
Kirill Koc,1
Murat Bekov,4
Sanzhar Kurt,2
Bauyrzhan Shakenov,3
Sergey Tleubek,1
Zhandos Dogan,1
Aknur Volkov,1
Damir Bolat,3
Vadim Kaya,2
Olzhas Kurmanov,2
Ersultan Gabdullin,2
Kerem Aliyev,1
Maxim Kara,4
Ainur Ozturk,3
Roman Zhaksylyk,2
Zhandos Lebedev,2
Amir Ivanov,3
Aisha Ozturk,3
Nurlybek Baiseitov,3
Denis Gabdullin,3
Elena Kudaibergen,1
Temirlan Turgenev,5
Aisha Bolat,4
Askar Dauletov,3
Aizhan Konysbay,3
Dias Baitursyn,5
Meruyert Esenov,1
Baris Ualiyev,2
Sultan Shakenov,3
Sofia Sadykov,1
Yerbol Omarov,3
Akbota Baiseitov,3
Madina Musin,1
Roman Akhmetov,3
Alina Yilmaz,4
Talgat Novikov,2
Saltanat Gabdullin,4
Gulnaz Zhaksylyk,4
Ekaterina Jumabek,1
Elnur Abenov,2
Arman Koc,1
Ekaterina Iskakov,3
Nazym Tashkenov,1
Murat Petrov,2
Vlad Turgenev,2
Kamila Assanov,2
Anna Celik,2
Saltanat Esenov,4
Hasan Rakhimov,5
Vlad Bolat,1
Bekzat Morozov,1
Dinara Cetin,1
Murat Mikhailov,1
Alisa Abenov,3
Zhuldyz Temirov,2
Anna Makhmud,3
Aliya Shakenov,2
Temirlan Ibrayev,3
Zarina Kaya,2
Oleg Ibrayev,5
Ekaterina Volkov,3
Islam Musin,3
Anton Sadykov,2
Polina Volkov,2
Olzhas Jumabek,5
Ece Aslan,4
Anel Ozturk,2
Kirill Temirov,5
Zhuldyz Koc,5
Ersultan Kaya,3
Zhansaya Gabdullin,5
Dmitry Kassym,2
Emre Yerzhanov,2
Aigerim Novikov,3
Symbat Kaliyev,2
Zhanel Konysbay,4
Rasul Celik,3
Kamila Zhumabek,3
Alibek Abenov,3
Vera Baitursyn,1
Saltanat Suleimenov,4
Omar Yilmaz,2
Sultan Morozov,2
Rauan Suleimenov,3
Ekaterina Orazov,4
Olzhas Ivanov,5
Oleg Shakenov,4
Kairat Tleubek,1
Pavel Musin,5
Artem Orazov,2
Murat Arslan,1
Ruslan Baitursyn,2
Rasul Popov,3
Derya Baiseitov,2
Nazym Kurmanov,3
Igor Mukanov,4
Alisa Tleubek,1
Askar Arslan,2
Timur Kara,4
Laura Jumabek,4
Aruzhan Karimov,1
Aliya Karimov,2
Maxim Kaya,1
Laura Sadykov,4
Aigerim Suleimenov,1
Ainur Kara,3
Ekaterina Sagyndyk,2
Ainur Kilic,4
Ersultan Orazov,1
Nurlan Akhmetov,2
Gulnaz Volkov,4
Ilyas Smirnov,1
Ksenia Sahin,3
Tomiris Shakenov,4
Tatiana Esenov,2
Laura Kurt,2
Daria Kuznetsov,5
Ilyas Morozov,3
Sabina Kurmanov,4
Ainur Novikov,2
Alisa Demir,4
Layla Omarov,3
Islam Popov,2
Dinara Akhmetov,3
Derya Iskakov,2
Ksenia Cetin,3
Zeynep Aslan,3
Sabina Arslan,4
Alina Morozov,2
Derya Assanov,2
Aigul Konysbay,4
Timur Kudaibergen,3
Vlad Kaya,3
Yerlan Kilic,1
Arman Mukanov,2
Aliya Bekov,1
Elena Makhmud,1
Aliya Bekov,3
Nurlybek Novikov,3
Zhansaya Temirov,1
Marat Esenov,4
Elena Zhumabek,2
Andrey Kurmanov,3
Kamila Zhaksylyk,2
Sultan Petrov,1
Maria Orazov,1
Dias Demir,5
Dmitry Lebedev,4
Amir Shakenov,4
Elif Alpysbay,2
Ainur Abenov,1
Murat Makhmud,2
Polina Mukanov,5
Vlad Yerzhanov,1
Ilyas Amangeldy,2
Kerem Celik,5
Yerbol Kaliyev,1
Yernar Mukanov,1
Aigerim Sahin,5
Maxim Karimov,2
Aizhan Cetin,2
Vadim Musin,2
Maxim Kilic,3
Daria Mukanov,2
Roman Gabdullin,3
Temirlan Temirov,4
Kairat Bekov,3
Adil Aliyev,3
Ilyas Lebedev,3
Pavel Baiseitov,3
Murat Sadykov,4
Yernar Temirov,4
Vlad Ozturk,5
Amir Daulet,5
Gaukhar Yerzhanov,5
Denis Sahin,3
Elif Koc,3
Madina Omarov,5
Omar Ermek,3
Kuanysh Kaliyev,2
Kairat Omarov,3
Emre Suleimenov,5
Aknur Baiseitov,4
Kirill Fedorov,1
Ainur Rakhimov,1
Omar Dauletov,2
Dmitry Bekov,1
Zeynep Assanov,2
Aigul Turgenev,1
Milana Morozov,3
Nazerke Abdirov,5
Tolga Kurt,4
Aizhan Cetin,1
Damir Serikbay,2
Nurlan Iskakov,5
Zhandos Morozov,1
Dmitry Jumabek,3
Azamat Suleimenov,2
Aruzhan Yilmaz,5
Zhansaya Turgenev,1
Ersultan Akhmetov,3
Sabina Demir,5
Kirill Tleubek,3
Zhandos Arslan,5
Saltanat Koc,1
Elif Yilmaz,1
Andrey Celik,2
Sanzhar Celik,2
Akbota Bolat,2
Elena Gabdullin,5
Milana Petrov,1
Layla Daulet,3
Aknur Baitursyn,3
Meruyert Bolat,3
Artem Yerzhanov,3
Sultan Volkov,4
Milana Omarov,2
Irina Tleubek,1
Daniyar Morozov,1
Aigul Mikhailov,1
Alisa Zhunusov,4
Aknur Assanov,3
Anna Nurgaliyev,3
Elif Iskakov,3
Sultan Abenov,5
Dinara Rakhimov,3
Aigul Sagyndyk,2
Bekzat Smirnov,1
Arman Omarov,5
Zhandos Ermek,2
Ersultan Kudaibergen,2
Ekaterina Kaya,1
Zhanar Koc,1
Nur Zhumabek,3
Aliya Suleimenov,3
Amir Kilic,2
Kerem Omarov,4
Nurlan Kaya,4
Marat Demir,1
Meruyert Kassym,3
Derya Kassym,3
Gaukhar Lebedev,5
Sultan Zhumabek,4
Talgat Ozturk,3
Azamat Celik,4
Nur Temirov,1
Laura Suleimenov,2
Madina Musin,3
Nur Kurt,1
Balzhan Konysbay,3
Dana Kurt,1
Emre Mikhailov,1
Denis Baiseitov,2
Elif Lebedev,2
Elena Esenov,5
Ruslan Petrov,1
Sanzhar Suleimenov,4
Alisa Ermek,4
Islam Ermek,3
Vlad Mukanov,3
Dana Kurt,1
Nazerke Kurmanov,1
Anel Zhunusov,1
Polina Kaya,5
Igor Aslan,1
Ece Sokolov,5
Karina Esenov,1
Damir Jumabek,3
Oleg Kurmanov,3
Derya Iskakov,2
Alibek Novikov,4
Pavel Kaya,2
Islam Jumabek,1
Emre Kuznetsov,1
Asel Tleubek,3
Ainur Amangeldy,2
Denis Novikov,2
Saltanat Sahin,3
Dinara Yerzhanov,3
Daniyar Sagyndyk,5
Daniyar Assanov,5
Irina Kurmanov,1
Oleg Ivanov,1
Zarina Tleubek,2
Ruslan Kassym,2
Hasan Tashkenov,2
Yernar Omarov,5
Zhanel Dogan,1
Anton Sadykov,1
Maria Dauletov,1
Zhandos Makhmud,3
Aruzhan Karimov,3
Ksenia Baitursyn,1
Meruyert Celik,4
Sabina Fedorov,1
Yerlan Dogan,4
Vadim Makhmud,2
Aruzhan Zhaksylyk,4
Meruyert Dogan,2
Alisa Sadykov,1
Karina Amangeldy,5
Rasul Kuznetsov,2
Sofia Dauletov,5
Sanzhar Ermek,3
Ersultan Nurgaliyev,3
Yulia Sagyndyk,3
Nazerke Kurmanov,2
Askar Alpysbay,1
Damir Akhmetov,3
Amir Demir,2
Nikita Kudaibergen,1
Aruzhan Iskakov,2
Irina Abdirov,4
Madina Popov,3
Bauyrzhan Jumabek,4
Timur Baitursyn,2
Ece Arslan,5
Maxim Novikov,5
Akbota Sahin,4
Nazerke Ibrayev,2
Yernar Ermek,1
Vlad Aslan,4
Ainur Kuznetsov,4
Adil Demir,4
Nur Zhumabek,4
Ainur Shakenov,3
Murat Celik,3
Yernar Kaya,1
Arman Ibrayev,1
Nurlan Ermek,2
Ilyas Smirnov,2
Aigerim Kassym,1
Maxim Sahin,3
Vadim Ibrayev,3
Andrey Zhunusov,1
Artem Amangeldy,1
Sanzhar Bolat,1
Igor Sahin,2
Ainur Sahin,2
Alibek Shakenov,3
Kuanysh Konysbay,2
Aliya Serikbay,2
Daniyar Tashkenov,4
Aliya Demir,3
Alina Orazov,3
Kairat Aliyev,2
Igor Dauletov,2
Ece Mikhailov,4
Nazerke Turgenev,3
Dana Kassym,1
Miras Alpysbay,1
Kerem Jumabek,4
Baris Celik,1
Omar Arslan,1
Azamat Bekov,2
Tomiris Arslan,1
Ksenia Sadykov,2
Karina Assanov,2
Elif Koc,2
Timur Akhmetov,2
Zarina Bolat,2
Kairat Kurt,3
Nurzhan Amangeldy,3
Rauan Smirnov,3
Zhansaya Mikhailov,1
Arman Sahin,2
Ersultan Karimov,3
Anton Demir,1
Balzhan Dauletov,3
Murat Amangeldy,1
Yerbol Kaya,2
Gulnaz Zhumabek,5
Derya Abdirov,1
Zhanna Kassym,4
Aizhan Yilmaz,1
Damir Musin,3
Tomiris Kara,1
Kerem Tashkenov,2
Murat Bekov,1
Balzhan Mukanov,3
Amir Demir,3
Daria Abdirov,3
Rasul Kaya,2
Marat Temirov,5
Olzhas Yerzhanov,1
Akbota Baiseitov,2
Tatiana Serikbay,2
Tatiana Sokolov,3
Akbota Shakenov,5
Ksenia Kilic,2
Sofia Esenov,2
Ekaterina Karimov,4
Anna Volkov,5
Kerem Popov,4
Sergey Zhunusov,2
Yernar Abenov,5
Sabina Gabdullin,1
Laura Baiseitov,2
Ruslan Kaliyev,1
Yulia Lebedev,4
Tomiris Kurt,3
Artem Turgenev,3
Artem Kurt,3
Nur Petrov,3
Dana Amangeldy,3
Damir Mukanov,3
Dias Mikhailov,1
Emre Assanov,3
Denis Amangeldy,2
Laura Kassym,3
Anton Ermek,4
Zhandos Yerzhanov,5
Zhansaya Yerzhanov,3
Yerbol Kassym,2
Arman Konysbay,3
Vera Kudaibergen,3
Derya Jumabek,1
Kairat Mikhailov,4
Aliya Makhmud,1
Symbat Zhunusov,4
Yerlan Esenov,3
Karina Ermek,3
Temirlan Morozov,4
Sergey Ualiyev,5
Dinara Suleimenov,2
Yerlan Sahin,1
Elnur Abdirov,3
Nazym Shakenov,2
Polina Ozturk,3
Amir Koc,2
Karina Baiseitov,1
Maria Zhaksylyk,1
Anna Kassym,5
Murat Esenov,1
Olzhas Tashkenov,1
Vadim Daulet,4
Maxim Fedorov,2
Saltanat Smirnov,1
Polina Baitursyn,2
Vera Baiseitov,2
Daniyar Alpysbay,3
Oleg Aslan,2
Kuanysh Yilmaz,1
Ilyas Temirov,4
Nur Tleubek,1
Maxim Koc,2
Amir Sahin,2
Nurzhan Makhmud,3
Amir Ermek,2
Omar Zhumabek,1
Bauyrzhan Dogan,2
Kamila Aliyev,1
Damir Karimov,3
Dana Karimov,2
Milana Smirnov,1
Aigerim Lebedev,2
Nazym Shakenov,1
Nurlybek Suleimenov,1
Nurlybek Abdirov,2
Serik Aliyev,3
Madina Temirov,3
Yulia Sadykov,5
Sabina Kara,3
Yernar Suleimenov,5
Alibek Suleimenov,4
Yernar Kurt,4
Kuanysh Dauletov,3
Yernar Baiseitov,3
Anel Bolat,4
Talgat Makhmud,1
Maria Turgenev,4
Ruslan Assanov,3
Aigul Zhaksylyk,2
Dmitry Musin,2
Amir Suleimenov,1
Dias Makhmud,3
Kamila Kaliyev,1
Nikita Zhaksylyk,1
Marat Turgenev,4
Tatiana Akhmetov,2
Ainur Iskakov,1
Damir Cetin,3
Yerbol Suleimenov,3
Igor Sahin,2
Meruyert Shakenov,2
Yernar Rakhimov,5
Dias Konysbay,2
Ilyas Kuznetsov,1
Ruslan Akhmetov,2
Elnur Zhaksylyk,4
Tomiris Yerzhanov,3
Aruzhan Volkov,4
Roman Morozov,2
Vera Bekov,2
Olga Yerzhanov,1
Elena Akhmetov,1
Kamila Esenov,4
Zarina Shakenov,5
Alisa Kuznetsov,3
Aisha Suleimenov,4
Dmitry Dogan,3
Temirlan Suleimenov,3
Ksenia Bekov,2
Nurlan Demir,1
Dias Kurmanov,2
Tomiris Suleimenov,3
Nazym Ozturk,1
Serik Kilic,3
Igor Akhmetov,2
Nikita Zhunusov,3
Sergey Konysbay,2
Polina Makhmud,1
Roman Ualiyev,1
Daria Amangeldy,1
Timur Karimov,3
Aknur Baitursyn,1
Pavel Sagyndyk,3
Anna Sokolov,2
Nazerke Aslan,5
Zhanar Petrov,1
Serik Arslan,5
Pavel Iskakov,4
Talgat Gabdullin,3
Timur Sagyndyk,3
Aigul Musin,2
Yernar Nurgaliyev,4
Daniyar Kudaibergen,5
Daniyar Rakhimov,4
Dana Rakhimov,1
Serik Yerzhanov,4
Saltanat Kara,5
Zhanna Baiseitov,5
Ersultan Ibrayev,2
Olzhas Kurmanov,3
Nur Novikov,1
Elena Morozov,3
Nikita Abenov,2
Gulnaz Aslan,5
Nur Abenov,2
Ruslan Ibrayev,2
Elena Abdirov,1
Zhanna Dogan,3
Zeynep Yerzhanov,4
Aknur Kaya,2
Nazerke Ivanov,2
Daria Bolat,2
Adil Bekov,3
Aknur Smirnov,3
Miras Assanov,2
Arman Smirnov,4
Alibek Amangeldy,4
Vera Fedorov,2
Pavel Morozov,3
Ainur Mukanov,3
Elena Orazov,4
Alisa Musin,4
Elena Kuznetsov,3
Ekaterina Arslan,4
Talgat Alpysbay,3
Azamat Sahin,3
Baris Kilic,1
Asel Bekov,1
Askar Yilmaz,5
Anton Zhaksylyk,1
Emre Arslan,4
Bauyrzhan Tashkenov,3
Kerem Esenov,3
Rasul Fedorov,5
Ksenia Kudaibergen,3
Sabina Esenov,2
Kuanysh Nurgaliyev,4
Yulia Arslan,1
Aizhan Ivanov,3
Andrey Volkov,1
Alibek Tleubek,1
Meruyert Temirov,1
Dias Petrov,3
Ksenia Bolat,2
Tolga Novikov,4
Balzhan Ozturk,1
Milana Gabdullin,3
Ece Tleubek,2
Tolga Zhunusov,2
Elif Kudaibergen,3
Elif Rakhimov,5
Hasan Esenov,3
Rasul Shakenov,1
Islam Jumabek,3
Maria Popov,2
Zeynep Akhmetov,5
Serik Esenov,1
Miras Esenov,4
Rauan Fedorov,4
Balzhan Yerzhanov,4
Roman Lebedev,1
Alisa Zhumabek,2
Elnur Novikov,1
Nurlan Celik,2
Alibek Kara,1
Symbat Abdirov,3
Maria Smirnov,2
Roman Yilmaz,1
Dana Smirnov,1
Ruslan Petrov,2
Milana Nurgaliyev,2
Yerbol Mikhailov,2
Andrey Dogan,2
Temirlan Sagyndyk,4
Elnur Ermek,2
Aigerim Sadykov,1
Alisa Kara,1
Ekaterina Mukanov,2
Kuanysh Serikbay,2
Elif Kudaibergen,2
Arman Sagyndyk,2
Elena Gabdullin,3
Roman Ivanov,1
Ece Orazov,3
Andrey Akhmetov,2
Kamila Iskakov,5
Timur Aslan,5
Adil Shakenov,1
Akbota Demir,2
Sabina Mukanov,1
Maxim Zhunusov,5
Aizhan Tashkenov,4
Bekzat Ivanov,4
Zhanar Dauletov,4
Yulia Daulet,1
Ainur Kudaibergen,2
Tomiris Alpysbay,5
Meruyert Assanov,4
Ersultan Sagyndyk,4
Aliya Abenov,5
Milana Sokolov,3
Nurlybek Alpysbay,4
Yerlan Zhunusov,2
Dana Akhmetov,1
Kuanysh Orazov,3
Ilyas Alpysbay,4
Talgat Iskakov,1
Ksenia Kurt,1
Bauyrzhan Novikov,2
Nur Alpysbay,1
Zhanar Amangeldy,3
Rasul Baitursyn,2
Ekaterina Tashkenov,1
Ilyas Karimov,4
Saltanat Rakhimov,1
Aliya Esenov,3
Kuanysh Rakhimov,1
Azamat Temirov,3
Gulnaz Abdirov,2
Vadim Sahin,5
Anel Novikov,2
Ilyas Demir,1
Sabina Dogan,2
Baris Cetin,4
Sofia Smirnov,5
Askar Nurgaliyev,2
Madina Zhunusov,2
Kirill Suleimenov,1
Ksenia Ivanov,4
Rasul Konysbay,5
Gulnaz Baitursyn,5
Alina Ozturk,4
Anna Alpysbay,5
Elnur Sahin,4
Serik Iskakov,2
Aruzhan Konysbay,1
Daria Kudaibergen,4
Arman Volkov,2
Sofia Zhumabek,1
Gaukhar Kara,5
Elena Amangeldy,1
Zhanna Demir,1
Bekzat Amangeldy,1
Hasan Shakenov,3
Asel Zhaksylyk,2
Andrey Kaya,3
Azamat Ualiyev,2
Aknur Zhumabek,5
Tomiris Abenov,3
Kamila Esenov,4
Yulia Morozov,2
Omar Esenov,1
Olga Orazov,1
Emre Karimov,2
Nurzhan Petrov,4
Askar Abenov,5
Madina Abdirov,1
Symbat Tleubek,4
Alibek Tashkenov,2
Hasan Koc,4
Elena Kaya,2
Zhuldyz Aslan,2
Vadim Musin,3
Maria Jumabek,2
Ruslan Yerzhanov,3
Tomiris Aslan,5
Kerem Ualiyev,5
Sabina Assanov,1
Damir Iskakov,3
Islam Novikov,4
Zhandos Baiseitov,5
Ilyas Mikhailov,3
Yernar Turgenev,3
Serik Kilic,4
Andrey Tashkenov,1
Zhanar Musin,3
Nurzhan Dauletov,1
Maria Ermek,3
Dana Yerzhanov,2
Vera Kuznetsov,2
Balzhan Baitursyn,4
Kamila Abdirov,3
Tomiris Ibrayev,5
Zeynep Omarov,4
Nurlybek Makhmud,5
Kamila Mikhailov,2
Ainur Karimov,5
Dinara Ivanov,3
Aigerim Kaliyev,4
Nurzhan Abdirov,1
Sergey Yerzhanov,3
Nurlybek Sahin,3
Omar Akhmetov,2
Nazym Arslan,3
Daniyar Musin,2
Vera Bekov,3
Alibek Ivanov,3
Anton Popov,4
Alisa Shakenov,1
Ruslan Novikov,5
Denis Ualiyev,3
Aigerim Ozturk,4
Murat Gabdullin,4
Dinara Kaya,1
Omar Mikhailov,1
Aruzhan Ualiyev,5
Anna Fedorov,1
Saltanat Sokolov,1
Nazym Kudaibergen,5
Milana Cetin,2
Daria Volkov,5
Aknur Smirnov,4
Hasan Popov,3
Oleg Makhmud,1
Gulnaz Aslan,2
Ksenia Jumabek,1
Polina Lebedev,2
Daniyar Konysbay,5
Kuanysh Volkov,3
Bekzat Volkov,1
Andrey Kaya,2
Aizhan Alpysbay,1
Selin Abenov,4
Anton Kudaibergen,3
Vlad Fedorov,3
Saltanat Demir,4
Olga Kudaibergen,1
Kirill Baitursyn,1
Dana Kudaibergen,2
Damir Cetin,4
Aigul Musin,5
Dias Dogan,3
Omar Suleimenov,5
Asel Baiseitov,2
Nurlybek Omarov,2
Nikita Celik,1
Gaukhar Bekov,1
Murat Koc,3
Nikita Daulet,4
Dias Zhumabek,1
Nurlan Esenov,3
Yernar Tashkenov,1
Alina Tashkenov,3
Nurzhan Baiseitov,5
Yulia Kilic,3
Murat Baitursyn,2
Kuanysh Suleimenov,3
Yernar Ualiyev,4
Marat Alpysbay,5
Saltanat Serikbay,3
Anel Ozturk,3
Adil Ivanov,3
Kamila Musin,3
Tatiana Turgenev,1
Dias Volkov,3
Olzhas Kassym,3
Igor Volkov,4
Madina Alpysbay,5
Anton Fedorov,3
Kerem Kassym,4
Anna Volkov,2
Kairat Bolat,5
Maxim Volkov,1
Maria Amangeldy,3
Azamat Jumabek,5
Olzhas Kaya,4
Nurzhan Omarov,5
Dmitry Zhunusov,3
Nikita Fedorov,2
Vadim Sahin,3
Yerlan Arslan,3
Olga Sagyndyk,1
Dinara Dogan,1
Anel Iskakov,1
Madina Ivanov,4
Daria Kaya,2
Ainur Abdirov,2
Kamila Novikov,3
Elena Sadykov,1
Talgat Koc,3
Nazym Smirnov,1
Sabina Abenov,5
Kerem Lebedev,3
Pavel Smirnov,5
Maria Jumabek,2
Bauyrzhan Demir,2
Laura Popov,2
Polina Jumabek,3
Anel Kilic,3
Irina Rakhimov,3
Zeynep Smirnov,1
Alisa Lebedev,4
Derya Kassym,3
Tomiris Popov,2
Ilyas Yilmaz,3
Derya Demir,2
Zhanel Turgenev,2
Azamat Kudaibergen,1
Artem Ualiyev,1
Askar Sadykov,1
Symbat Ualiyev,2
Vlad Ozturk,5
Alisa Turgenev,2
Omar Abenov,2
Yerbol Omarov,5
Rauan Ualiyev,1
Aisha Suleimenov,1
Meruyert Sagyndyk,4
Andrey Konysbay,2
Bekzat Esenov,5
Ilyas Baitursyn,5
Emre Amangeldy,4
Arman Bekov,4
Kamila Ermek,4
Omar Smirnov,1
Roman Arslan,5
Islam Volkov,1
Yerbol Zhumabek,2
Elena Ozturk,1
Akbota Dogan,1
Nurlybek Petrov,3
Hasan Bolat,5
Baris Sokolov,2
Denis Akhmetov,4
Andrey Rakhimov,2
Marat Iskakov,2
Marat Cetin,2
Dinara Akhmetov,3
Damir Ozturk,4
Zhanel Alpysbay,3
Zeynep Jumabek,5
Bekzat Mukanov,3
Ersultan Kassym,3
Aizhan Gabdullin,3
Rauan Ibrayev,2
Aigul Akhmetov,3
Miras Esenov,3
Alibek Lebedev,3
Karina Rakhimov,1
Ainur Zhunusov,4
Nazerke Esenov,3
Symbat Cetin,2
Alibek Abenov,1
Tatiana Popov,1
Kerem Kassym,2
Dana Tashkenov,2
Miras Jumabek,1
Bekzat Gabdullin,1
Azamat Iskakov,2
Zhuldyz Ualiyev,2
Rasul Shakenov,3
Asel Cetin,3
Zhandos Gabdullin,1
Rasul Lebedev,4
Emre Smirnov,2
Zhanar Kurt,3
Talgat Turgenev,5
Derya Ozturk,1
Yerlan Lebedev,1
Aigerim Kudaibergen,2
Bekzat Rakhimov,4
Nikita Aslan,4
Laura Rakhimov,3
Sergey Jumabek,3
Amir Zhaksylyk,2
Symbat Rakhimov,3
Irina Volkov,1
Sergey Shakenov,1
Tomiris Mikhailov,1
Bauyrzhan Sagyndyk,4
Aliya Daulet,1
Zhandos Koc,1
Denis Sahin,2
Zarina Zhaksylyk,4
Anton Aliyev,1
Aizhan Gabdullin,3
Zhandos Morozov,5
Irina Kaliyev,3
Dmitry Bekov,5
Daria Alpysbay,5
Oleg Gabdullin,1
Ersultan Suleimenov,3
Damir Aslan,5
Nur Karimov,3
Vadim Demir,1
Marat Abenov,5
Pavel Abenov,2
Nurlybek Suleimenov,2
Ruslan Bekov,5
Maxim Kudaibergen,2
Layla Ivanov,1
Amir Daulet,3
Elnur Karimov,1
Tolga Karimov,1
Temirlan Bolat,1
Meruyert Petrov,3
Islam Koc,1
Sultan Aslan,5
Nazym Amangeldy,1
Karina Gabdullin,2
Azamat Akhmetov,1
Sofia Nurgaliyev,1
Kairat Makhmud,2
Alibek Zhunusov,5
Aisha Sadykov,2
Arman Iskakov,1
Zhansaya Mikhailov,1
Maria Celik,2
Anel Jumabek,3
Aruzhan Popov,1
Vera Petrov,3
Kirill Kara,3
Dinara Abenov,3
Artem Omarov,2
Dana Demir,2
Askar Zhunusov,5
Elnur Zhumabek,5
Aknur Cetin,1
Yerlan Koc,5
Elnur Morozov,4
Dinara Makhmud,1
Daniyar Akhmetov,3
Sultan Koc,2
Alina Popov,3
Aizhan Jumabek,1
Aisha Kaliyev,2
Yerbol Makhmud,2
Ece Zhumabek,2
Asel Amangeldy,2
Aliya Kudaibergen,2
Damir Tashkenov,4
Rauan Ermek,5
Roman Rakhimov,3
Zhandos Rakhimov,2
Bauyrzhan Zhunusov,3
Aizhan Kurt,1
Aigerim Sokolov,3
Elena Zhumabek,2
Irina Dauletov,3
Alina Omarov,3
Zhanel Kurmanov,3
Nazym Ivanov,4
Timur Suleimenov,3
Aizhan Omarov,2
Nazym Zhumabek,2
Sergey Dogan,1
Alisa Esenov,1
Kamila Kudaibergen,1
Yernar Yerzhanov,3
Omar Ermek,2
Andrey Kurmanov,4
Arman Turgenev,1
Olga Lebedev,4
Kirill Bolat,3
Yerbol Ualiyev,2
Kirill Akhmetov,2
Karina Suleimenov,1
Vlad Kilic,4
Murat Iskakov,2
Elnur Baiseitov,3
Marat Nurgaliyev,1
Selin Kudaibergen,2
Elif Kurt,3
Anel Aslan,3
Dmitry Gabdullin,4
Miras Koc,2
Nazym Shakenov,2
Baris Abdirov,5
Kairat Sokolov,2
Elena Karimov,1
Gulnaz Lebedev,3
Roman Popov,4
Yerlan Dauletov,1
Tolga Mikhailov,3
Tomiris Kudaibergen,2
Karina Ivanov,3
Layla Dauletov,1
Balzhan Kudaibergen,3
Askar Zhaksylyk,2
Vadim Serikbay,2
Ersultan Kurt,1
Ilyas Cetin,2
Dias Zhumabek,2
Vera Abenov,2
Dana Konysbay,5
Anton Zhaksylyk,2
Ece Ivanov,5
Nazerke Omarov,1
Yerlan Makhmud,1
Igor Ivanov,5
Denis Karimov,3
Aknur Baiseitov,2
Zhandos Lebedev,3
Artem Kuznetsov,2
Kerem Sokolov,1
Tolga Suleimenov,4
Hasan Volkov,2
Tolga Yerzhanov,1
Meruyert Assanov,4
Zhanel Abenov,2
Meruyert Alpysbay,4
Alisa Arslan,2
Gulnaz Popov,1
Hasan Alpysbay,2
Aisha Karimov,3
Nurlybek Aliyev,1
Sofia Volkov,3
Andrey Bekov,2
Layla Koc,3
Aigerim Musin,2
Yerlan Kaliyev,1
Laura Ivanov,3
Meruyert Zhaksylyk,2
Olga Ualiyev,4
Oleg Aslan,5
Talgat Kurmanov,4
Vera Kara,3
Ekaterina Rakhimov,3
Kairat Daulet,3
Meruyert Orazov,1
Gaukhar Shakenov,3
Oleg Popov,3
Zarina Rakhimov,5
Nur Baitursyn,1
Aisha Temirov,3
Meruyert Mukanov,5
Denis Kassym,4
Selin Iskakov,3
Aigul Ermek,1
Ersultan Rakhimov,4
Dinara Aliyev,1
Laura Mikhailov,5
Nurzhan Turgenev,4
Ainur Amangeldy,3
Denis Karimov,2
Elnur Lebedev,1
Anna Kuznetsov,3
Sabina Ibrayev,1
Nazerke Konysbay,1
Zarina Mukanov,1
Nazerke Omarov,2
Nikita Jumabek,4
Maxim Arslan,2
Nazerke Volkov,3
Emre Tleubek,2
Polina Petrov,3
Yerlan Kurmanov,2
Nazerke Kassym,3
Nazym Orazov,1
Zhandos Arslan,2
Yerbol Kaya,1
Olga Bekov,1
Maria Sadykov,2
Asel Ozturk,4
Yerbol Yerzhanov,5
Sanzhar Omarov,1
Elnur Abenov,1
Daria Volkov,2
Askar Kilic,1
Islam Konysbay,3
Vadim Tashkenov,4
Sofia Kassym,2
Yulia Sokolov,3
Tomiris Celik,2
Sabina Ermek,5
Zhuldyz Morozov,1
Dinara Zhaksylyk,4
Tolga Ualiyev,3
Zhuldyz Daulet,3
Sergey Ozturk,1
Alisa Kudaibergen,2
Aruzhan Petrov,1
Andrey Smirnov,4
Oleg Dogan,3
Nikita Bekov,3
Sultan Smirnov,1
Vlad Kurt,3
Aizhan Kuznetsov,2
Dana Sahin,3
Madina Dogan,1
Sofia Kaya,2
Daniyar Popov,4
Balzhan Yerzhanov,1
Tomiris Kurt,3
Pavel Tashkenov,2
Damir Kuznetsov,2
Yerlan Petrov,4
Dana Aslan,2
Ekaterina Aliyev,2
Kirill Morozov,3
Gaukhar Kara,3
Akbota Rakhimov,1
Nazym Arslan,1
Bauyrzhan Daulet,3
Sofia Yerzhanov,3
Kairat Temirov,3
Dias Ozturk,2
Murat Zhumabek,2
Hasan Celik,1
Gaukhar Kuznetsov,5
Elif Baiseitov,3
Daria Omarov,3
Hasan Kudaibergen,1
Anton Nurgaliyev,2
Yernar Orazov,5
Nazym Baitursyn,4
Olga Shakenov,2
Askar Serikbay,3
Zhuldyz Karimov,2
Askar Mikhailov,2
Rauan Ibrayev,5
Murat Baiseitov,2
Tomiris Alpysbay,3
Tomiris Sadykov,1
Andrey Iskakov,1
Aknur Sadykov,4
Yerlan Konysbay,3
Ersultan Omarov,5
Derya Smirnov,4
Sergey Dauletov,3
Yerlan Sagyndyk,3
Kairat Lebedev,2
Sergey Mikhailov,3
Sanzhar Abdirov,2
Aigerim Sagyndyk,5
Ruslan Kara,1
Aigerim Sokolov,1
Layla Alpysbay,5
Zhuldyz Dogan,4
Milana Jumabek,1
Kuanysh Gabdullin,2
Igor Smirnov,1
Alina Rakhimov,5
Symbat Amangeldy,4
Zhansaya Volkov,2
Ruslan Serikbay,2
Symbat Kaya,1
Arman Abenov,5
Tolga Koc,4
Yerbol Ibrayev,2
Milana Smirnov,1
Ilyas Gabdullin,5
Aizhan Arslan,4
Ainur Celik,3
Sanzhar Aslan,1
Nurzhan Omarov,3
Anna Volkov,1
Elif Morozov,1
Nur Ozturk,3
Kamila Orazov,1
Derya Ozturk,2
Nurlybek Nurgaliyev,5
Irina Yerzhanov,1
Nurlan Sokolov,3
Yernar Morozov,1
Vera Petrov,4
Aliya Alpysbay,3
Milana Ivanov,2
Omar Bekov,2
Talgat Daulet,4
Aigerim Tashkenov,2
Elif Serikbay,2
Elif Kaliyev,2
Dias Temirov,3
Olzhas Arslan,1
Elena Ermek,5
Ekaterina Lebedev,1
Emre Akhmetov,1
Meruyert Popov,3
Meruyert Omarov,2
Sofia Volkov,3
Madina Ualiyev,3
Nazym Rakhimov,5
Nazerke Kaya,1
Ece Ivanov,3
Talgat Smirnov,1
Sofia Sahin,1
Zhanar Sokolov,2
Olga Abenov,5
Madina Zhunusov,4
Laura Turgenev,4
Bekzat Yilmaz,1
Bekzat Tashkenov,2
Kairat Omarov,1
Yerlan Lebedev,2
Aigerim Ozturk,2
Daniyar Suleimenov,3
Oleg Kaya,3
Yerlan Jumabek,4
Akbota Zhumabek,4
Emre Novikov,1
Andrey Abenov,3
Arman Kaya,1
Zhansaya Zhumabek,3
Kerem Ibrayev,3
Sofia Abenov,1
Sabina Aliyev,2
Aigerim Nurgaliyev,4
Nazym Assanov,2
Symbat Ozturk,1
Hasan Iskakov,2
Zhanel Baiseitov,3
Madina Ualiyev,2
Maxim Dogan,2
Ece Serikbay,2
Sabina Tleubek,3
Olga Gabdullin,1
Maxim Zhaksylyk,3
Gaukhar Baitursyn,1
Zeynep Yilmaz,3
Miras Kuznetsov,1
Pavel Daulet,2
Talgat Dogan,1
Zhanar Sahin,4
Islam Abenov,3
Zeynep Zhumabek,4
Tolga Smirnov,5
Saltanat Shakenov,2
Irina Zhunusov,4
Miras Rakhimov,4
Polina Temirov,3
Vera Kurmanov,3
Anna Yilmaz,1
Gulnaz Arslan,2
Igor Kuznetsov,1
Alina Assanov,1
Balzhan Assanov,3
Nazym Abenov,4
Nurlybek Demir,1
Alibek Konysbay,1
Zhanar Ivanov,1
Serik Rakhimov,1
Yernar Makhmud,2
Balzhan Bekov,1
Sabina Kilic,4
Aisha Dauletov,2
Olzhas Bekov,1
Marat Kilic,1
Yerbol Musin,3
Sabina Kaliyev,4
Dana Volkov,4
Symbat Kurt,1
Talgat Celik,2
Ksenia Ibrayev,3
Sofia Kuznetsov,1
Ainur Konysbay,3
Adil Dauletov,4
Aknur Akhmetov,2
Ersultan Esenov,1
Milana Zhunusov,3
Zhandos Aslan,3
Gulnaz Kurt,4
Sultan Karimov,3
Omar Sokolov,3
Ekaterina Celik,2
Serik Temirov,2
Meruyert Omarov,1
Ersultan Kilic,3
Nurzhan Kaliyev,2
Temirlan Baitursyn,3
Kairat Kuznetsov,2
Sultan Abenov,2
Adil Ibrayev,4
Nurzhan Rakhimov,3
Laura Zhumabek,1
Ainur Ermek,2
Denis Mukanov,2
Amir Esenov,3
Aruzhan Tleubek,1
Ersultan Koc,3
Ekaterina Yerzhanov,3
Nikita Bekov,4
Hasan Ermek,5
Zeynep Cetin,4
Elena Ermek,2
Denis Omarov,2
Artem Akhmetov,2
Nur Volkov,2
Karina Sahin,3
Dinara Cetin,1
Aisha Novikov,1
Temirlan Daulet,2
Amir Sagyndyk,1
Aruzhan Esenov,5
Aigul Abenov,2
Zhandos Koc,4
Alisa Dauletov,2
Andrey Tleubek,2
Dias Ivanov,1
Alisa Ualiyev,3
Oleg Aliyev,1
Nikita Sokolov,3
Dias Zhaksylyk,3
Yulia Ualiyev,1
Roman Bolat,2
Meruyert Bekov,3
Zhansaya Daulet,5
Askar Bekov,3
Yernar Ualiyev,5
Nur Kilic,2
Omar Zhaksylyk,4
Dana Ermek,1
Symbat Serikbay,5
Yulia Ozturk,2
Saltanat Orazov,2
Serik Kuznetsov,1
Nurlan Zhaksylyk,2
Sofia Ivanov,2
Nazym Popov,4
Gulnaz Jumabek,4
Rasul Orazov,2
Zeynep Mikhailov,3
Ksenia Daulet,1
Roman Fedorov,2
Kerem Bekov,2
Zeynep Ualiyev,1
Pavel Lebedev,2
Laura Baiseitov,1
Tolga Kudaibergen,1
Maxim Serikbay,4
Elena Yilmaz,3
Hasan Turgenev,3
Dana Rakhimov,5
Derya Koc,4
Igor Kaya,3
Marat Fedorov,1
Sofia Ualiyev,2
Talgat Akhmetov,2
Ilyas Mukanov,2
Elif Tashkenov,1
Nazym Sahin,1
Ece Zhaksylyk,4
Andrey Cetin,3
Oleg Kassym,1
Aisha Celik,1
Emre Esenov,3
Symbat Kudaibergen,1
Maria Iskakov,4
Gulnaz Yerzhanov,5
Milana Musin,1
Symbat Ivanov,2
Ksenia Ermek,2
Karina Ermek,5
Nur Kaya,5
Emre Musin,2
Igor Shakenov,2
Elena Assanov,5
Bekzat Konysbay,1
Kirill Ivanov,1
Laura Kara,5
Aknur Ozturk,1
Ece Alpysbay,1
Zhansaya Baiseitov,2
Artem Smirnov,4
Daniyar Sadykov,3
Nurlybek Yilmaz,3
Olga Iskakov,1
Timur Orazov,1
Roman Zhunusov,2
Madina Kuznetsov,2
Omar Suleimenov,3
Laura Ozturk,1
Aliya Konysbay,3
Yulia Kudaibergen,1
Oleg Abdirov,3
Olzhas Kilic,5
Damir Mukanov,1
Nikita Zhumabek,2
Tomiris Kassym,3
Aknur Jumabek,4
Rasul Aliyev,3
Daniyar Bolat,1
Vera Ualiyev,3
Igor Rakhimov,2
Adil Smirnov,2
Zeynep Dauletov,1
Madina Celik,1
Baris Aliyev,2
Denis Dogan,3
Saltanat Baitursyn,1
Zhanna Shakenov,4
Denis Yilmaz,2
Hasan Tashkenov,2
Andrey Kilic,5
Bauyrzhan Kassym,2
Derya Aliyev,1
Nazym Gabdullin,1
Ainur Orazov,1
Gaukhar Tleubek,1
Temirlan Baiseitov,3
Balzhan Smirnov,4
Selin Baiseitov,2
Maria Ivanov,3
Ekaterina Orazov,1
Kamila Popov,4
Saltanat Jumabek,4
Oleg Makhmud,4
Rasul Akhmetov,1
Alisa Makhmud,3
Kerem Abdirov,5
Islam Akhmetov,5
Andrey Celik,3
Sanzhar Kilic,4
Baris Ermek,2
Daniyar Gabdullin,4
Aizhan Gabdullin,5
Irina Temirov,3
Gulnaz Kara,3
Nazerke Morozov,2
Sergey Serikbay,4
Marat Yerzhanov,5
Aknur Aslan,3
Tomiris Temirov,2
Alisa Dogan,1
Rauan Gabdullin,1
Elif Yilmaz,5
Zhanna Zhumabek,3
Anton Sokolov,5
Zhansaya Petrov,1
Ilyas Kassym,1
Symbat Assanov,4
Aliya Aslan,2
Dias Cetin,4
Zarina Novikov,4
Vlad Ibrayev,4
Damir Popov,1
Sabina Sadykov,1
Nurzhan Zhumabek,3
Askar Dogan,1
Tolga Ualiyev,2
Sergey Orazov,3
Alina Cetin,1
Miras Gabdullin,4
Alibek Tashkenov,2
Aknur Amangeldy,5
Omar Kurt,3
Denis Ozturk,3
Ksenia Bolat,3
Kuanysh Arslan,5
Sanzhar Demir,3
Alisa Yerzhanov,4
Oleg Orazov,2
Alina Temirov,1
Ksenia Kaya,1
Dmitry Popov,2
Ainur Petrov,3
Laura Kassym,3
Elnur Suleimenov,3
Arman Popov,4
Tatiana Kudaibergen,1
Alibek Turgenev,3
Milana Lebedev,1
Alibek Arslan,2
Nazerke Kassym,4
Emre Ermek,2
Zhanar Ozturk,3
Kairat Makhmud,5
Dana Assanov,1
Elnur Temirov,3
Alina Kilic,3
Nurlybek Temirov,2
Omar Kassym,3
Timur Sahin,3
Dana Zhumabek,2
Oleg Karimov,1
Anna Tashkenov,5
Irina Celik,2
Zeynep Kuznetsov,1
Maria Tleubek,5
Talgat Popov,1
Irina Amangeldy,1
Selin Kassym,1
Adil Gabdullin,3
Emre Mikhailov,2
Kamila Volkov,3
Alisa Iskakov,1
Andrey Petrov,4
Omar Omarov,1
Vera Orazov,4
Meruyert Karimov,3
Sergey Yerzhanov,1
Aizhan Aliyev,3
Zhanar Yilmaz,4
Zeynep Volkov,3
Aisha Temirov,1
Alina Kurmanov,3
Pavel Kurt,1
Amir Kara,5
Anton Tleubek,4
Alina Smirnov,1
Kuanysh Arslan,4
Timur Ivanov,3
Oleg Zhunusov,2
Zhandos Petrov,2
Anna Bolat,5
Yernar Temirov,5
Anna Mikhailov,4
Derya Ualiyev,2
Polina Abdirov,1
Daria Arslan,4
Elnur Zhumabek,3
Bauyrzhan Omarov,2
Aknur Sokolov,2
Askar Kara,5
Kamila Abdirov,2
Dinara Celik,1
Daria Tleubek,3
Andrey Bolat,4
Kerem Alpysbay,4
Timur Temirov,2
Aliya Turgenev,3
Pavel Kaliyev,1
Asel Karimov,5
Oleg Kassym,2
Nur Mukanov,1
Rauan Ivanov,2
Maxim Kilic,2
Zeynep Mikhailov,1
Sultan Novikov,1
Selin Orazov,4
Irina Turgenev,4
Ekaterina Tleubek,1
Nazym Koc,2
Murat Alpysbay,2
Zeynep Temirov,3
Laura Arslan,3
Pavel Ivanov,1
Vlad Ozturk,1
Balzhan Aslan,1
Bauyrzhan Abdirov,4
Aliya Kudaibergen,4
Asel Musin,3
Yerbol Serikbay,3
Vlad Orazov,1
Igor Kurt,1
Kamila Akhmetov,1
Daniyar Baitursyn,5
Serik Dogan,5
Karina Kuznetsov,4
Miras Makhmud,3
Sabina Kilic,4
Oleg Alpysbay,2
Sanzhar Popov,4
Akbota Kilic,2
Ruslan Volkov,1
Oleg Omarov,1
Anton Fedorov,5
Maria Smirnov,5
Sultan Lebedev,4
Nurlybek Bolat,3
Dmitry Popov,2
Gulnaz Bekov,3
Marat Nurgaliyev,1
Aliya Kurt,3
Zeynep Bekov,3
Kerem Arslan,2
Dmitry Turgenev,1
Aruzhan Ozturk,3
Anton Bekov,4
Zhansaya Suleimenov,1
Dana Kurmanov,2
Elnur Iskakov,3
Aliya Abdirov,1
Balzhan Zhumabek,1
Tolga Temirov,4
Madina Baitursyn,4
Timur Morozov,1
Anel Sahin,3
Sultan Yerzhanov,3
Akbota Arslan,3
Elnur Aslan,2
Saltanat Sagyndyk,3
Selin Ivanov,4
Asel Kurmanov,1
Sanzhar Ozturk,1
Timur Baiseitov,1
Sergey Kaliyev,4
Nazerke Ibrayev,5
Oleg Karimov,4
Laura Koc,5
Baris Popov,3
Amir Shakenov,5
Milana Petrov,1
Nazerke Orazov,2
Zhandos Abenov,5
Sanzhar Serikbay,2
Vera Omarov,5
Hasan Ozturk,1
Sofia Sagyndyk,2
Aliya Kurmanov,2
Ilyas Rakhimov,3
Aisha Mukanov,3
Alibek Kaya,1
Meruyert Suleimenov,3
Maria Sokolov,5
Yerlan Kara,1
Kuanysh Orazov,2
Tolga Sokolov,2
Elif Yerzhanov,1
Anna Demir,4
Nurzhan Bekov,3
Anna Zhaksylyk,4
Zhanel Jumabek,3
Akbota Morozov,4
Amir Karimov,1
Ersultan Kurt,3
Miras Aslan,2
Ksenia Ivanov,1
Zhanel Ibrayev,4
Saltanat Dogan,2
Daniyar Aslan,2
Polina Kaya,1
Balzhan Karimov,1
Ainur Aslan,3
Asel Koc,4
Tatiana Abdirov,3
Serik Rakhimov,5
Zhansaya Tleubek,3
Baris Ualiyev,2
Damir Suleimenov,2
Elnur Dogan,2
Zhanar Kassym,1
Daria Baitursyn,2
Gulnaz Sadykov,2
Nur Zhumabek,3
Askar Aslan,1
Yerbol Sahin,1
Zhanna Novikov,4
Ilyas Daulet,3
Miras Jumabek,3
Dias Yerzhanov,4
Meruyert Jumabek,3
Vera Musin,2
Arman Demir,5
Alisa Lebedev,4
Irina Tleubek,2
Vlad Morozov,4
Kuanysh Fedorov,3
Zhansaya Kara,2
Miras Tleubek,4
Askar Orazov,2
Roman Morozov,1
Rasul Petrov,5
Aknur Dauletov,2
Ilyas Celik,1
Olzhas Suleimenov,2
Talgat Yerzhanov,2
Olzhas Turgenev,5
Kamila Iskakov,2
Derya Demir,1
Zhanna Cetin,1
Dmitry Mikhailov,3
Gulnaz Temirov,2
Kerem Bekov,2
Balzhan Temirov,2
Aizhan Kara,3
Symbat Daulet,3
Meruyert Jumabek,1
Oleg Kassym,2
Baris Kaya,2
Akbota Volkov,2
Igor Baitursyn,3
Igor Celik,1
Ksenia Ozturk,4
Meruyert Esenov,2
Zeynep Kaliyev,3
Ece Volkov,5
Alibek Celik,1
Temirlan Kassym,2
Emre Konysbay,1
Dias Shakenov,1
Layla Sokolov,4
Marat Popov,4
Maxim Esenov,1
Askar Dogan,4
Ksenia Shakenov,1
Laura Kara,5
Aizhan Turgenev,4
Irina Novikov,3
Dias Sahin,4
Aruzhan Mukanov,5
Sultan Yilmaz,5
Kairat Bekov,2
Yerbol Serikbay,3
Nikita Makhmud,4
Nurlan Dogan,4
Ksenia Aslan,3
Alisa Abenov,1
Asel Demir,2
Alibek Assanov,4
Kuanysh Morozov,1
Zhuldyz Suleimenov,5
Roman Baiseitov,5
Meruyert Kassym,4
Milana Tashkenov,3
Zeynep Karimov,4
Nurlybek Dauletov,2
Rauan Ozturk,5
Denis Ivanov,1
Arman Mikhailov,2
Milana Kara,1
Miras Iskakov,1
Kairat Kurmanov,2
Meruyert Nurgaliyev,5
Karina Kilic,3
Andrey Dauletov,4
Kamila Temirov,2
Alina Fedorov,2
Nazym Shakenov,1
Madina Makhmud,1
Olga Ermek,1
Alisa Novikov,1
Ksenia Omarov,2
Bauyrzhan Konysbay,5
Balzhan Temirov,2
Pavel Novikov,2
Kuanysh Volkov,1
Yernar Serikbay,4
Miras Kuznetsov,4
Baris Sahin,2
Kuanysh Kudaibergen,3
Asel Kudaibergen,1
Ainur Rakhimov,4
Milana Makhmud,3
Omar Makhmud,3
Nurzhan Celik,2
Saltanat Esenov,5
Aknur Ermek,5
Hasan Abenov,1
Yulia Kudaibergen,3
Kamila Makhmud,1
Miras Jumabek,5
Adil Novikov,1
Laura Alpysbay,5
Marat Baitursyn,1
Saltanat Baiseitov,1
Aigerim Kilic,3
Baris Temirov,3
Tomiris Iskakov,1
Derya Tleubek,2
Sabina Suleimenov,1
Zhanel Dogan,1
Alibek Sahin,2
Ekaterina Turgenev,4
Pavel Dogan,3
Emre Tashkenov,1
Rasul Abdirov,4
Rauan Akhmetov,2
Omar Petrov,2
Sergey Abenov,3
Gaukhar Kara,1
Alisa Dauletov,2
Balzhan Celik,5
Ruslan Assanov,2
Alina Kurt,3
Elif Kuznetsov,1
Milana Jumabek,4
Bauyrzhan Zhaksylyk,2
Yerlan Turgenev,2
Sofia Morozov,1
Nurlybek Baitursyn,2
Elnur Morozov,3
Maria Tashkenov,3
Dinara Kuznetsov,2
Denis Abdirov,4
Sabina Tleubek,3
Zarina Turgenev,3
Meruyert Kaliyev,2
Zhanel Gabdullin,3
Pavel Arslan,1
Daniyar Baiseitov,2
Irina Kara,1
Aizhan Orazov,5
Nurlan Karimov,2
Elif Tleubek,4
Zhanar Rakhimov,3
Asel Ermek,4
Ekaterina Serikbay,1
Ece Tashkenov,5
Olzhas Esenov,4
Anel Abdirov,1
Alina Makhmud,3
Aisha Orazov,3
Rasul Ermek,1
Meruyert Esenov,1
Andrey Baiseitov,4
Denis Lebedev,3
Murat Smirnov,5
Alisa Mukanov,4
Dias Sahin,2
Aizhan Ozturk,1
Zhandos Makhmud,2
Yulia Yerzhanov,1
Tolga Karimov,3
Symbat Konysbay,3
Kuanysh Abdirov,2
Olga Kaliyev,3
Bauyrzhan Kudaibergen,3
Anna Ozturk,4
Aigul Iskakov,3
Nur Omarov,1
Aisha Lebedev,2
Zhuldyz Abdirov,2
Akbota Baitursyn,1
Gaukhar Kilic,4
Serik Assanov,2
Laura Celik,1
Adil Popov,1
Kerem Musin,3
Oleg Ibrayev,3
Artem Mukanov,3
Alisa Orazov,1
Alibek Kudaibergen,1
Alibek Kudaibergen,3
Sabina Turgenev,1
Bauyrzhan Sadykov,3
Timur Mukanov,1
Aruzhan Kudaibergen,3
Zhuldyz Jumabek,4
Zhanel Petrov,5
Olga Dogan,1
Layla Baitursyn,5
Derya Rakhimov,1
Damir Karimov,3
Tolga Assanov,3
Zhuldyz Kilic,3
Anton Kassym,5
Nazym Tleubek,2
Murat Serikbay,1
Omar Ozturk,2
Vlad Kaliyev,4
Daniyar Celik,4
Balzhan Tleubek,3
Zhansaya Alpysbay,1
Nurlybek Mukanov,1
Ksenia Ivanov,2
Anton Gabdullin,4
Nikita Volkov,1
Aliya Temirov,4
Nikita Kuznetsov,1
Polina Omarov,4
Zhansaya Akhmetov,4
Polina Akhmetov,2
Ersultan Mikhailov,3
Serik Temirov,3
Azamat Ualiyev,2
Sanzhar Serikbay,1
Sanzhar Sokolov,2
Ilyas Temirov,1
Islam Kaya,3
Yerlan Zhaksylyk,1
Layla Assanov,3
Azamat Makhmud,3
Roman Kaliyev,5
Polina Daulet,2
Emre Kaya,2
Temirlan Lebedev,5
Ainur Makhmud,3
Tomiris Ermek,1
Sofia Yilmaz,4
Layla Zhaksylyk,5
Nazym Yilmaz,1
Meruyert Ibrayev,3
Daniyar Omarov,2
Alina Celik,2
Yulia Zhaksylyk,5
Kamila Kurmanov,1
Akbota Aliyev,3
Amir Celik,3
Dias Alpysbay,1
Milana Kara,3
Ekaterina Bekov,1
Olga Zhaksylyk,3
Yerbol Kurmanov,4
Layla Aslan,4
Kamila Sahin,5
Ece Arslan,3
Roman Daulet,2
Baris Koc,2
Arman Tashkenov,5
Kerem Kara,5
Kamila Daulet,2
Omar Musin,1
Azamat Sokolov,4
Olga Volkov,1
Nur Volkov,2
Bauyrzhan Morozov,1
Bekzat Ivanov,3
Hasan Lebedev,2
Tatiana Lebedev,3
Nazym Mikhailov,1
Maria Kurmanov,3
Miras Abdirov,3
Alibek Rakhimov,2
Maria Fedorov,4
Kuanysh Amangeldy,1
Aisha Fedorov,4
Balzhan Yilmaz,5
Bauyrzhan Dogan,3
Zhanar Ermek,2
Aigul Karimov,2
Aisha Abdirov,2
Balzhan Nurgaliyev,4
Ksenia Gabdullin,5
Aigul Bolat,1
Aigul Zhumabek,4
Balzhan Fedorov,2
Dinara Kara,5
Vlad Sadykov,3
Anel Fedorov,2
Roman Makhmud,3
Selin Jumabek,3
Rasul Baitursyn,4
Aigerim Baiseitov,5
Temirlan Kilic,4
Oleg Zhunusov,2
Marat Jumabek,4
Dinara Tashkenov,5
Meruyert Morozov,1
Vera Ualiyev,3
Ainur Arslan,5
Aigerim Kilic,1
Meruyert Sokolov,4
Yerbol Shakenov,4
Rauan Amangeldy,1
Milana Cetin,2
Roman Tleubek,3
Sanzhar Omarov,5
Pavel Lebedev,3
Daria Jumabek,1
Dmitry Gabdullin,1
Denis Konysbay,2
Zarina Ermek,1
Ersultan Celik,3
Baris Bolat,2
Emre Kaya,3
Igor Makhmud,5
Gulnaz Akhmetov,2
Bekzat Baitursyn,2
Tomiris Kurmanov,3
Yerlan Kara,1
Selin Kaya,4
Aigerim Bolat,2
Selin Baitursyn,3
Yulia Dogan,4
Sabina Kurmanov,1
Gaukhar Gabdullin,3
Balzhan Mikhailov,2
Ilyas Smirnov,4
Roman Kara,3
Alibek Baitursyn,5
Derya Amangeldy,1
Nikita Temirov,3
Karina Volkov,1
Yernar Sokolov,4
Alibek Aslan,2
Islam Smirnov,2
Aruzhan Shakenov,4
Zeynep Makhmud,2
Milana Celik,3
Kirill Abenov,3
Ekaterina Ualiyev,4
Serik Ualiyev,4
Selin Ualiyev,3
Talgat Ualiyev,4
Murat Sagyndyk,3
Nikita Kaliyev,1
Timur Yilmaz,1
Olzhas Kassym,3
Emre Akhmetov,3
Ksenia Rakhimov,1
Dmitry Gabdullin,3
Ersultan Yerzhanov,2
Anel Zhunusov,2
Arman Shakenov,1
Asel Ibrayev,3
Laura Ualiyev,3
Kairat Zhumabek,2
Milana Yilmaz,2
Anna Akhmetov,2
Vadim Yilmaz,1
Ksenia Esenov,3
Saltanat Esenov,5
Rasul Konysbay,4
Derya Assanov,3
Vera Temirov,2
Aigerim Abdirov,1
Serik Omarov,3
Ksenia Konysbay,3
Tomiris Nurgaliyev,1
Arman Alpysbay,4
Aruzhan Jumabek,4
Serik Yilmaz,2
Tatiana Mukanov,2
Irina Jumabek,2
Maria Kassym,1
Rasul Kudaibergen,2
Aliya Sadykov,2
Damir Turgenev,1
Damir Zhumabek,3
Timur Nurgaliyev,4
Zhanna Baitursyn,2
Olzhas Kurt,5
Serik Celik,3
Rauan Abenov,3
Bauyrzhan Kurt,4
Hasan Turgenev,1
Aliya Omarov,5
Askar Kurmanov,3
Pavel Arslan,3
Oleg Kudaibergen,4
Polina Kaya,3
Elif Zhunusov,1
Nurlybek Zhaksylyk,2
Vera Musin,3
Oleg Ozturk,4
Balzhan Omarov,1
Alina Baiseitov,5
Murat Sadykov,2
Kuanysh Abenov,3
Murat Popov,3
Karina Kassym,5
Maxim Iskakov,2
Oleg Kuznetsov,2
Zhuldyz Celik,2
Adil Lebedev,2
Elena Mukanov,1
Aizhan Lebedev,3
Tomiris Zhumabek,3
Elnur Temirov,1
Talgat Novikov,1
Andrey Turgenev,2
Nazym Kaya,2
Igor Baitursyn,3
Dinara Lebedev,2
Sabina Makhmud,3
Anton Fedorov,2
Balzhan Konysbay,1
Selin Sadykov,2
Arman Rakhimov,3
Akbota Daulet,3
Anel Makhmud,2
Bauyrzhan Ozturk,4
Ksenia Sadykov,3
Vadim Rakhimov,2
Zhanna Mikhailov,3
Aigerim Kaya,4
Balzhan Kudaibergen,2
Aizhan Orazov,1
Meruyert Dauletov,5
Alisa Tashkenov,5
Serik Arslan,2
Alisa Bolat,2
Zhandos Tleubek,3
Nur Esenov,1
Kuanysh Karimov,3
Meruyert Sagyndyk,5
Miras Zhumabek,5
Daria Petrov,3
Anna Zhumabek,3
Aknur Cetin,3
Layla Novikov,3
Azamat Mikhailov,1
Yerbol Lebedev,3
Zhanna Suleimenov,2
Alibek Nurgaliyev,3
Derya Lebedev,1
Aigerim Yilmaz,1
Nikita Alpysbay,2
Rasul Sadykov,2
Aisha Tleubek,1
Emre Serikbay,4
Pavel Sokolov,5
Dmitry Kaliyev,1
Alina Jumabek,1
Baris Abdirov,1
Laura Daulet,3
Yernar Akhmetov,2
Aliya Bekov,2
Omar Sokolov,5
Baris Daulet,1
Kuanysh Serikbay,2
Gulnaz Iskakov,3
Yernar Kurt,1
Bekzat Shakenov,3
Ainur Abdirov,2
Dias Tashkenov,2
Anton Tashkenov,2
Polina Yilmaz,2
Amir Temirov,2
Rauan Tleubek,1
Timur Suleimenov,3
Dinara Morozov,3
Elif Kaya,3
Kirill Assanov,3
Azamat Tashkenov,4
Ersultan Aslan,4
Alina Omarov,1
Yerlan Ozturk,2
Maria Tleubek,1
Daria Kaya,1
Maria Iskakov,2
Yulia Suleimenov,2
Igor Tashkenov,1
Rauan Alpysbay,4
Irina Morozov,1
Daniyar Aslan,3
Ruslan Alpysbay,4
Sergey Kassym,5
Pavel Baitursyn,2
Sergey Aliyev,3
Aruzhan Morozov,4
Zhuldyz Aliyev,3
Aizhan Ivanov,1
Aliya Arslan,3
Tolga Arslan,1
Askar Popov,3
Roman Nurgaliyev,1
Tolga Zhumabek,3
Ainur Popov,3
Selin Tleubek,1
Andrey Bolat,3
Milana Zhumabek,2
Zhansaya Iskakov,4
Derya Kaya,3
Dias Kurmanov,3
Sultan Bolat,2
Kerem Morozov,2
Omar Gabdullin,5
Miras Makhmud,2
Nurlan Popov,5
Kuanysh Aslan,2
Zhandos Amangeldy,5
Kairat Dauletov,4
Aigerim Turgenev,3
Ruslan Fedorov,3
Artem Sadykov,5
Nazerke Sadykov,1
Vera Musin,1
Vlad Kurmanov,5
Anton Shakenov,4
Damir Yerzhanov,3
Rauan Sagyndyk,2
Maxim Yerzhanov,2
Denis Kuznetsov,3
Nur Musin,2
Bauyrzhan Sahin,2
Laura Assanov,2
Ruslan Ermek,1
Arman Daulet,2
Tolga Ivanov,4
Yerlan Alpysbay,1
Elif Mikhailov,4
Roman Bekov,2
Selin Jumabek,1
Madina Serikbay,4
Zhanna Gabdullin,4
Zeynep Temirov,1
Oleg Karimov,3
Yulia Bolat,3
Gulnaz Esenov,1
Zeynep Kilic,5
Azamat Kaya,4
Nazerke Suleimenov,4
Aisha Kudaibergen,4
Rauan Shakenov,1
Tolga Tashkenov,2
Igor Kudaibergen,1
Aigul Temirov,3
Yulia Arslan,3
Elif Zhumabek,4
Asel Konysbay,1
Zhansaya Kurmanov,3
Sofia Sagyndyk,2
Yerbol Karimov,5
Symbat Gabdullin,2
Miras Akhmetov,3
Akbota Abenov,2
Ekaterina Konysbay,3
Aknur Smirnov,3
Dana Kaya,3
Tolga Kurmanov,3
Ruslan Mikhailov,2
Ersultan Demir,1
Sofia Omarov,3
Yulia Arslan,1
Ksenia Suleimenov,1
Aruzhan Omarov,4
Zhuldyz Temirov,2
Gulnaz Iskakov,1
Bekzat Morozov,3
Derya Ivanov,3
Bekzat Zhunusov,1
Dinara Konysbay,3
Ainur Arslan,2
Amir Akhmetov,3
Olzhas Arslan,3
Elena Daulet,2
Sabina Bolat,1
Zhuldyz Orazov,1
Ksenia Bolat,1
Gulnaz Dauletov,1
Zhandos Zhumabek,4
Igor Zhumabek,2
Aigerim Koc,2
Pavel Celik,3
Emre Morozov,1
Vadim Dogan,4
Miras Bolat,1
Nurlybek Petrov,1
Rasul Aliyev,3
Nazerke Gabdullin,2
Alina Suleimenov,2
Aruzhan Amangeldy,5
Dana Mukanov,3
Amir Volkov,2
Aigerim Yerzhanov,5
Kuanysh Turgenev,1
Sultan Konysbay,1
Ainur Makhmud,1
Oleg Demir,2
Omar Koc,4
Daria Ualiyev,1
Yerbol Mukanov,4
Marat Yilmaz,4
Nur Kuznetsov,2
Aknur Popov,2
Tolga Sahin,3
Layla Novikov,1
Nurlan Ibrayev,3
Timur Kudaibergen,1
Tomiris Baitursyn,3
Tolga Daulet,2
Aisha Akhmetov,3
Meruyert Lebedev,5
Dias Musin,4
Bauyrzhan Musin,1
Sergey Arslan,1
Elnur Shakenov,2
Dana Alpysbay,1
Vlad Kilic,1
Aruzhan Kurmanov,1
Laura Kaliyev,3
Denis Kassym,2
Ainur Temirov,5
Hasan Arslan,3
Rasul Tleubek,3
Zhanar Amangeldy,1
Islam Koc,5
Ruslan Makhmud,1
Bauyrzhan Temirov,3
Sabina Cetin,3
Kairat Fedorov,4
Akbota Baiseitov,5
Symbat Sadykov,4
Dmitry Smirnov,5
Zhanar Tashkenov,1
Milana Esenov,2
Anel Daulet,4
Laura Kassym,2
Aizhan Konysbay,2
Madina Makhmud,3
Vadim Kuznetsov,2
Olga Tleubek,5
Kerem Celik,2
Irina Jumabek,1
Selin Sadykov,2
Dana Kudaibergen,3
Dmitry Rakhimov,4
Rauan Zhaksylyk,1
Ekaterina Kaya,2
Zeynep Jumabek,4
Yerbol Sagyndyk,3
Aruzhan Dauletov,3
Azamat Dauletov,2
Tatiana Tashkenov,1
Hasan Ermek,1
Nazerke Kudaibergen,3
Sultan Abenov,3
Nazerke Konysbay,4
Nikita Kurmanov,1
Madina Kurt,5
Anton Daulet,5
Layla Daulet,3
Damir Petrov,3
Yulia Volkov,3
Tomiris Tashkenov,2
Elif Fedorov,1
Zeynep Dogan,5
Ruslan Zhaksylyk,1
Aknur Konysbay,3
Zarina Turgenev,1
Emre Yerzhanov,3
Karina Makhmud,4
Omar Arslan,3
Ainur Popov,3
Oleg Sokolov,1
Anel Ermek,3
Ece Demir,4
Tatiana Ivanov,3
Anton Gabdullin,4
Olzhas Morozov,2
Symbat Aliyev,5
Maxim Makhmud,3
Hasan Musin,3
Aknur Nurgaliyev,2
Vlad Mikhailov,2
Hasan Konysbay,5
Milana Mukanov,1
Ainur Fedorov,1
Gulnaz Sagyndyk,4
Zhanar Bolat,4
Zhanel Musin,5
Anel Kara,2
Daniyar Iskakov,1
Tomiris Sagyndyk,5
Ruslan Sadykov,3
Aruzhan Ermek,4
Emre Shakenov,5
Nur Smirnov,4
Amir Volkov,3
Roman Sokolov,3
Serik Baiseitov,1
Yerlan Ualiyev,2
Emre Zhaksylyk,2
Zhansaya Iskakov,3
Dias Ozturk,1
Daria Daulet,2
Daniyar Yilmaz,5
Murat Rakhimov,2
Ksenia Jumabek,4
Elena Ivanov,2
Kerem Kuznetsov,1
Zeynep Ozturk,1
Akbota Musin,5
Nazym Suleimenov,2
Olzhas Turgenev,2
Anton Orazov,3
Ainur Baitursyn,1
Nurzhan Zhaksylyk,4
Marat Kilic,5
Nazerke Sokolov,1
Zhanel Sokolov,5
Balzhan Yilmaz,2
Zhuldyz Ivanov,3
Elena Volkov,1
Alina Ualiyev,1
Zeynep Kudaibergen,3
Irina Shakenov,2
Zhanel Ibrayev,2
Roman Novikov,3
Sanzhar Celik,3
Derya Omarov,1
Polina Orazov,1
Dmitry Koc,2
Aigerim Yilmaz,2
Irina Bekov,3
Kairat Kuznetsov,3
Andrey Aliyev,1
Aruzhan Tashkenov,3
Murat Ualiyev,2
Omar Iskakov,2
Sofia Rakhimov,4
Symbat Petrov,4
Vadim Petrov,3
Dana Koc,2
Madina Petrov,3
Kuanysh Zhunusov,5
Adil Iskakov,2
Dinara Dogan,3
Tatiana Ozturk,1
Alibek Ualiyev,1
Dinara Baitursyn,2
Murat Jumabek,4
Asel Gabdullin,5
Asel Ualiyev,3
Akbota Orazov,2
Oleg Aliyev,2
Layla Ozturk,2
Irina Omarov,2
Madina Makhmud,4
Temirlan Kurmanov,2
Elena Turgenev,1
Elif Konysbay,3
Ksenia Ibrayev,5
Aigul Shakenov,5
Hasan Jumabek,4
Maria Celik,4
Elif Sahin,1
Nurlybek Turgenev,3
Roman Rakhimov,2
Emre Ualiyev,2
Tatiana Smirnov,5
Serik Bekov,1
Zeynep Kaya,3
Nikita Kara,2
Aliya Dogan,3
Nazym Karimov,2
Olzhas Dogan,4
Zhanar Ermek,5
Islam Dauletov,1
Daria Arslan,2
Asel Iskakov,3
Laura Nurgaliyev,4
Ruslan Jumabek,1
Daria Rakhimov,5
Balzhan Karimov,1
Askar Kilic,4
Nurlybek Jumabek,5
Symbat Esenov,3
Temirlan Rakhimov,2
Kairat Novikov,1
Aliya Orazov,4
Sultan Volkov,2
Gulnaz Konysbay,5
Kirill Aslan,1
Elena Iskakov,2
Sabina Gabdullin,3
Ersultan Kurt,5
Asel Ivanov,1
Yerlan Kaya,2
Ksenia Baiseitov,3
Rasul Lebedev,1
Yernar Kurmanov,3
Milana Iskakov,2
Zeynep Assanov,5
Maxim Popov,2
Nazerke Gabdullin,2
Maria Yerzhanov,3
Aliya Gabdullin,3
Ersultan Ozturk,3
Asel Yilmaz,1
Maxim Konysbay,3
Maria Omarov,2
Kamila Iskakov,3
Yernar Ualiyev,3
Aigerim Baitursyn,1
Ilyas Aliyev,1
Aliya Kurmanov,4
Daria Temirov,1
Azamat Kurmanov,1
Alisa Kurmanov,5
Tolga Kudaibergen,3
Derya Ivanov,5
Asel Esenov,4
Elena Sadykov,4
Serik Popov,1
Zhanna Celik,5
Dmitry Abenov,5
Ece Konysbay,2
Ainur Konysbay,1
Elena Tashkenov,5
Timur Alpysbay,3
Ruslan Tashkenov,4
Arman Temirov,2
Kuanysh Temirov,2
Nurlybek Lebedev,1
Elena Ualiyev,2
Tatiana Serikbay,2
Nurlan Tashkenov,4
Elif Gabdullin,1
Irina Kurt,2
Irina Kaya,4
Zhanel Zhunusov,1
Layla Zhumabek,1
Zhanar Iskakov,3
Selin Omarov,1
Aknur Suleimenov,4
Arman Petrov,5
Karina Ivanov,1
Elnur Makhmud,2
Selin Kaliyev,4
Aigerim Abenov,4
Kamila Amangeldy,1
Vadim Temirov,4
Maria Yerzhanov,1
Kairat Demir,3
Anton Popov,2
Asel Shakenov,4
Nurzhan Abenov,5
Daria Alpysbay,4
Daria Sagyndyk,5
Sultan Omarov,4
Dias Arslan,1
Laura Sahin,1
Elena Serikbay,2
Zhandos Abenov,2
Alisa Sagyndyk,3
Aigerim Morozov,1
Tomiris Assanov,4
Amir Popov,4
Roman Amangeldy,4
Aknur Kilic,4
Balzhan Demir,2
Meruyert Zhumabek,2
Ruslan Demir,4
Pavel Esenov,1
Kirill Demir,5
Sanzhar Arslan,3
Zhanna Musin,2
Aizhan Dauletov,5
Olga Baitursyn,1
Zhanar Kuznetsov,1
Nur Iskakov,2
Nazerke Shakenov,1
Olga Serikbay,1
Daniyar Fedorov,1
Aisha Dauletov,1
Timur Suleimenov,5
Ilyas Ivanov,3
Omar Musin,2
Selin Lebedev,5
Dana Kaya,2
Vera Amangeldy,2
Aisha Cetin,1
Balzhan Temirov,2
Elif Zhaksylyk,1
Rasul Sokolov,3
Layla Smirnov,1
Aigul Kuznetsov,5
Aigerim Konysbay,3
Alisa Baitursyn,5
Gulnaz Tashkenov,1
Nikita Celik,1
Zeynep Morozov,3
Aisha Aslan,4
Nurlybek Iskakov,2
Timur Karimov,4
Adil Abenov,2
Zhandos Kudaibergen,5
Bauyrzhan Baiseitov,2
Ainur Assanov,2
Nur Rakhimov,4
Nurlan Suleimenov,1
Aizhan Ivanov,2
Aigerim Aliyev,1
Pavel Tashkenov,2
Dmitry Ivanov,2
Elnur Tleubek,5
Symbat Serikbay,2
Dinara Iskakov,3
Alina Smirnov,2
Vera Abenov,2
Dinara Sagyndyk,3
Anel Koc,4
Baris Sadykov,3
Anton Kilic,2
Symbat Arslan,2
Bekzat Dauletov,2
Dinara Tleubek,3
Temirlan Karimov,1
Kirill Celik,4
Islam Gabdullin,1
Aigerim Suleimenov,4
Daniyar Sokolov,1
Artem Tleubek,4
Aknur Volkov,1
Polina Rakhimov,5
Olzhas Sahin,5
Amir Kaliyev,1
Dmitry Orazov,2
Marat Arslan,3
Sergey Ozturk,5
Murat Omarov,4
Polina Lebedev,1
Zeynep Gabdullin,5
Nikita Orazov,2
Ece Kudaibergen,2
Yerlan Smirnov,1
Polina Orazov,3
Kamila Gabdullin,3
Ruslan Akhmetov,5
Ksenia Morozov,1
Karina Kaliyev,3
Sabina Esenov,2
Ece Daulet,4
Damir Iskakov,1
Ece Mukanov,4
Vlad Gabdullin,1
Zhandos Popov,2
Nur Zhumabek,4
Aruzhan Akhmetov,3
Elnur Temirov,2
Karina Kara,1
Kerem Baiseitov,1
Maxim Esenov,2
Sergey Ibrayev,3
Marat Mukanov,2
Sergey Aslan,4
Askar Cetin,1
Derya Sahin,3
Ruslan Abdirov,3
Islam Serikbay,4
Aruzhan Bekov,2
Zeynep Ermek,5
Arman Esenov,2
Balzhan Amangeldy,3
Islam Novikov,3
Amir Kurmanov,3
Selin Tashkenov,2
Temirlan Assanov,2
Ersultan Mikhailov,2
Dmitry Kurt,4
Miras Zhaksylyk,2
Hasan Ermek,1
Vera Omarov,5
Adil Kaliyev,3
Nurlybek Zhumabek,3
Tatiana Iskakov,1
Symbat Akhmetov,3
Gaukhar Shakenov,1
Daria Suleimenov,1
Nazerke Kassym,3
Nurlan Daulet,5
Nurlan Alpysbay,3
Aigerim Smirnov,1
Marat Kudaibergen,2
Asel Dauletov,1
Adil Kassym,2
Layla Kassym,3
Anton Dauletov,1
Karina Makhmud,3
Aigul Makhmud,2
Kirill Zhunusov,1
Zhansaya Arslan,1
Amir Baitursyn,2
Kerem Bekov,1
Anna Konysbay,2
Nazym Tashkenov,4
Nurlybek Dauletov,2
Kuanysh Yerzhanov,3
Alina Baitursyn,3
Madina Iskakov,2
Tolga Jumabek,4
Emre Bolat,1
Anna Zhaksylyk,1
Vadim Zhumabek,5
Yernar Volkov,1
Milana Jumabek,3
Alibek Shakenov,1
Irina Gabdullin,1
Karina Alpysbay,3
Vera Tleubek,3
Temirlan Yerzhanov,1
Anton Jumabek,2
Dinara Bekov,3
Irina Ualiyev,3
Roman Ozturk,1
Saltanat Esenov,2
Ersultan Fedorov,2
Elnur Dogan,5
Andrey Dauletov,4
Kirill Arslan,1
Aigul Nurgaliyev,2
Nurlan Kilic,1
Kirill Sadykov,2
Hasan Celik,2
Murat Turgenev,2
Sofia Volkov,3
Maxim Esenov,3
Kairat Dauletov,2
Akbota Assanov,3
Nurlybek Ermek,3
Olga Amangeldy,2
Omar Tleubek,2
Dana Suleimenov,3
Akbota Demir,2
Tomiris Zhunusov,1
Meruyert Ibrayev,1
Akbota Zhaksylyk,2
Ece Temirov,3
Islam Cetin,2
Dmitry Kara,5
Sabina Baitursyn,5
Anna Ozturk,4
Maxim Cetin,4
Madina Ualiyev,4
Layla Fedorov,3
Temirlan Dauletov,2
Maria Tleubek,4
Emre Lebedev,1
Yerlan Petrov,5
Nur Kilic,1
Dmitry Kurmanov,1
Selin Zhunusov,2
Akbota Gabdullin,1
Aliya Mikhailov,2
Layla Aslan,1
Tatiana Kassym,1
Andrey Popov,2
Tatiana Sagyndyk,3
Aliya Shakenov,3
Sergey Dogan,2
Dinara Abdirov,2
Symbat Akhmetov,5
Tatiana Baiseitov,2
Yernar Ibrayev,2
Vlad Yerzhanov,5
Yernar Yerzhanov,4
Asel Yilmaz,2
Nikita Gabdullin,3
Elnur Omarov,4
Anton Orazov,1
Zarina Omarov,3
Artem Rakhimov,3
Milana Daulet,5
Elnur Ualiyev,1
Dinara Novikov,1
Ece Ozturk,1
Zhansaya Tashkenov,2
Dinara Tleubek,4
Igor Tashkenov,1
Dmitry Baiseitov,1
Arman Zhaksylyk,2
Sergey Karimov,4
Aknur Novikov,1
Derya Demir,1
Elnur Assanov,5
Symbat Orazov,1
Saltanat Tashkenov,4
Saltanat Zhumabek,1
Amir Sokolov,3
Zhansaya Ermek,5
Bekzat Petrov,5
Ainur Ibrayev,2
Saltanat Kurt,3
Yulia Smirnov,1
Nurlybek Musin,3
Kerem Morozov,5
Aknur Dogan,1
Bekzat Kaliyev,4
Anton Kilic,4
Amir Mukanov,3
Talgat Alpysbay,2
Aknur Smirnov,2
Bauyrzhan Dogan,1
Gaukhar Temirov,1
Azamat Orazov,1
Dmitry Dogan,4
Tatiana Suleimenov,3
Yerbol Esenov,3
Vadim Kurt,5
Azamat Makhmud,3
Aruzhan Alpysbay,2
Artem Musin,2
Amir Bekov,3
Vadim Kuznetsov,1
Vlad Daulet,2
Timur Ualiyev,5
Dias Abenov,3
Ilyas Assanov,3
Elnur Baiseitov,1
Vera Baitursyn,5
Nazym Koc,3
Alisa Cetin,2
Elnur Zhunusov,1
Nur Daulet,3
Omar Daulet,2
Akbota Sahin,3
Ekaterina Makhmud,1
Anel Ozturk,5
Sultan Novikov,2
Sofia Kaya,1
Alibek Popov,2
Timur Kassym,2
Madina Mukanov,1
Milana Gabdullin,3
Ainur Aliyev,3
Layla Zhunusov,3
Hasan Kudaibergen,4
Meruyert Mikhailov,3
Andrey Tleubek,3
Madina Kuznetsov,4
Sanzhar Mukanov,5
Andrey Kaliyev,5
Nikita Arslan,2
Azamat Lebedev,3
Bekzat Zhumabek,2
Sultan Dauletov,3
Aigerim Kaya,1
Nur Kuznetsov,4
Aliya Kudaibergen,1
Dana Ozturk,3
Ilyas Gabdullin,2
Anna Shakenov,1
Baris Zhumabek,3
Ilyas Popov,1
Saltanat Yilmaz,2
Nurlybek Demir,2
Anel Ozturk,3
Zhanna Kaliyev,4
Kairat Sadykov,1
Elnur Fedorov,1
Elena Ozturk,5
Polina Suleimenov,5
Aliya Bolat,4
Elnur Morozov,5
Maxim Sagyndyk,2
Miras Ivanov,2
Yerbol Konysbay,1
Zarina Baiseitov,3
Yerbol Turgenev,1
Kairat Turgenev,4
Zhandos Demir,4
Ruslan Musin,5
Kamila Mukanov,4
Azamat Bolat,2
Aizhan Lebedev,3
Zhanar Esenov,2
Karina Kara,1
Zhuldyz Orazov,1
Aruzhan Smirnov,2
Alisa Celik,2
Madina Ermek,1
Symbat Daulet,1
Gulnaz Musin,3
Serik Tleubek,1
Sabina Sahin,2
Zhanar Iskakov,1
Elif Baiseitov,3
Balzhan Konysbay,4
Kuanysh Jumabek,3
Polina Tashkenov,3
Denis Bolat,1
Akbota Smirnov,2
Nur Temirov,2
Amir Amangeldy,1
Sultan Zhumabek,4
Yerlan Baitursyn,3
Zhandos Nurgaliyev,1
Islam Aliyev,5
Rauan Fedorov,2
Daria Cetin,1
Sergey Nurgaliyev,1
Zarina Celik,3
Timur Assanov,3
Baris Kudaibergen,1
Gulnaz Smirnov,1
Aizhan Morozov,2
Yerlan Amangeldy,3
Amir Yilmaz,3
Oleg Daulet,1
Vlad Demir,3
Sofia Shakenov,3
Nurzhan Lebedev,2
Sultan Arslan,4
Hasan Baitursyn,4
Asel Ermek,1
Askar Kurmanov,1
Ksenia Assanov,2
Talgat Yerzhanov,3
Pavel Suleimenov,3
Aliya Novikov,4
Aizhan Kurt,3
Andrey Demir,3
Nurlan Sadykov,3
Talgat Nurgaliyev,4
Oleg Yilmaz,1
Omar Baitursyn,5
Nurlybek Volkov,2
Hasan Yilmaz,3
Roman Smirnov,5
Kairat Makhmud,2
Dana Kaliyev,2
Omar Kilic,2
Talgat Fedorov,2
Nazerke Smirnov,2
Adil Sahin,3
Alibek Novikov,5
Anton Tashkenov,4
Rauan Arslan,2
Madina Kurmanov,3
Aigerim Karimov,4
Askar Gabdullin,2
Polina Yilmaz,3
Anton Akhmetov,3
Laura Tashkenov,2
Sanzhar Makhmud,4
Maria Petrov,5
Maria Kaliyev,2
Polina Ibrayev,1
Dinara Bekov,3
Daniyar Suleimenov,3
Nurlan Sadykov,1
Daniyar Dogan,5
Ekaterina Ozturk,1
Bauyrzhan Kurt,5
Nurlybek Makhmud,2
Ruslan Arslan,3
Kairat Smirnov,3
Kerem Assanov,1
Arman Koc,3
Ainur Tleubek,4
Aknur Abdirov,5
Baris Kurt,1
Dias Amangeldy,4
Bekzat Sadykov,3
Alina Dauletov,3
Vera Gabdullin,2
Polina Abdirov,2
Elnur Abenov,5
Aizhan Zhunusov,1
Askar Popov,1
Rasul Iskakov,4
Saltanat Kudaibergen,2
Rauan Turgenev,2
Temirlan Mikhailov,2
Maxim Iskakov,1
Rasul Tleubek,5
Aisha Dogan,1
Ruslan Kurt,2
Vlad Karimov,3
Pavel Kudaibergen,3
Azamat Baitursyn,2
Bekzat Esenov,4
Pavel Zhaksylyk,2
Elena Kassym,3
Ersultan Zhunusov,3
Elnur Rakhimov,4
Layla Kilic,3
Aisha Kaya,4
Gulnaz Rakhimov,4
Aknur Konysbay,4
Vadim Jumabek,3
Aknur Abenov,2
Saltanat Kurmanov,1
Milana Sagyndyk,1
Bekzat Zhaksylyk,3
Vadim Karimov,2
Igor Smirnov,4
Rasul Popov,1
Zhanar Alpysbay,2
Talgat Kurmanov,3
Anel Daulet,2
Artem Mikhailov,5
Kuanysh Musin,2
Murat Arslan,1
Aigerim Kara,3
Askar Kuznetsov,4
Adil Fedorov,2
Bauyrzhan Kassym,1
Aknur Karimov,4
Temirlan Celik,4
Zhuldyz Popov,2
Aruzhan Alpysbay,5
Aliya Kurt,4
Balzhan Amangeldy,2
Kirill Kaliyev,5
Askar Ermek,2
Nur Ermek,3
Elif Jumabek,3
Aizhan Serikbay,3
Nikita Akhmetov,4
Timur Dauletov,4
Anton Ivanov,4
Ilyas Serikbay,1
Sofia Ermek,2
Pavel Mukanov,4
Denis Karimov,3
Vera Yerzhanov,5
Meruyert Orazov,2
Symbat Morozov,2
Elena Rakhimov,2
Kerem Serikbay,1
Irina Kassym,1
Akbota Sagyndyk,2
Yerbol Amangeldy,5
Yulia Petrov,3
Ksenia Lebedev,3
Sabina Musin,3
Elena Bekov,4
Polina Zhaksylyk,4
Meruyert Mukanov,4
Olga Daulet,2
Polina Kilic,2
Talgat Sahin,2
Hasan Ermek,4
Olga Musin,4
Tolga Abenov,3
Alibek Baiseitov,3
Yernar Jumabek,3
Adil Morozov,4
Madina Bolat,3
Temirlan Dogan,3
Rauan Turgenev,2
Derya Kudaibergen,2
Yernar Makhmud,1
Bauyrzhan Cetin,1
Balzhan Turgenev,1
Kuanysh Sadykov,1
Sabina Zhumabek,2
Omar Kassym,5
Serik Nurgaliyev,2
Kerem Sadykov,3
Nazerke Tashkenov,2
Aisha Makhmud,3
Alisa Zhaksylyk,1
Zhanna Assanov,1
Pavel Makhmud,3
Vlad Suleimenov,4
Damir Amangeldy,1
Marat Fedorov,2
Milana Cetin,5
Yerlan Dauletov,2
Azamat Celik,5
Polina Rakhimov,5
Adil Zhunusov,1
Askar Makhmud,2
Sanzhar Nurgaliyev,5
Ilyas Demir,1
Oleg Demir,5
Zarina Kudaibergen,1
Laura Ivanov,1
Bekzat Ualiyev,3
Olga Zhunusov,3
Timur Daulet,2
Yerlan Yilmaz,1
Temirlan Assanov,3
Bekzat Turgenev,4
Irina Tleubek,3
Kuanysh Kurt,2
Sergey Smirnov,2
Adil Fedorov,1
Denis Yerzhanov,2
Elnur Bolat,1
Kairat Ermek,1
Tatiana Konysbay,3
Rasul Sagyndyk,3
Yernar Mikhailov,2
Timur Dauletov,3
Serik Kara,1
Ruslan Karimov,2
Daria Daulet,1
Zhansaya Omarov,3
Daria Zhaksylyk,2
Elif Petrov,4
Temirlan Tashkenov,3
Balzhan Petrov,2
Alisa Shakenov,2
Nikita Arslan,2
Roman Temirov,3
Aliya Omarov,3
Ece Kaya,5
Artem Assanov,2
Ilyas Morozov,2
Nazym Volkov,1
Zhanna Iskakov,1
Dinara Kurt,2
Arman Kudaibergen,5
Kuanysh Kurmanov,1
Omar Bolat,2
Alisa Musin,3
Zhanel Konysbay,3
Zhansaya Sagyndyk,1
Zarina Kassym,1
Maria Yerzhanov,3
Karina Ivanov,3
Ruslan Akhmetov,4
Damir Zhumabek,1
Timur Suleimenov,4
Ekaterina Daulet,5
Yerbol Kurt,4
Anel Zhunusov,1
Layla Volkov,2
Artem Volkov,1
Elnur Abdirov,5
Dinara Dogan,1
Laura Kassym,2
Yerbol Baiseitov,3
Oleg Sokolov,4
Sergey Baitursyn,1
Sultan Musin,3
Ersultan Popov,2
Timur Karimov,1
Ekaterina Iskakov,3
Anna Nurgaliyev,4
Amir Tashkenov,3
Amir Ermek,1
Zarina Dauletov,2
Polina Koc,2
Andrey Kurmanov,3
Ksenia Ibrayev,1
Aizhan Bolat,4
Marat Lebedev,3
Ksenia Ermek,1
Ersultan Kassym,1
Emre Aslan,3
Derya Kaliyev,2
Emre Celik,3
Madina Ozturk,2
Emre Kilic,2
Baris Popov,4
Aruzhan Bekov,2
Nurlan Morozov,1
Zhanar Kudaibergen,2
Zarina Karimov,3
Milana Bekov,5
Ece Zhaksylyk,4
Irina Abdirov,1
Aruzhan Kassym,2
Vadim Kuznetsov,2
Zeynep Yilmaz,1
Zeynep Aliyev,2
Nazerke Baiseitov,5
Roman Smirnov,2
Baris Dogan,5
Gaukhar Omarov,1
Daria Cetin,2
Sanzhar Yerzhanov,5
Kerem Aliyev,2
Madina Kilic,5
Aizhan Kassym,2
Maxim Dauletov,1
Irina Sahin,2
Timur Shakenov,1
Tatiana Jumabek,5
Daniyar Sadykov,1
Nurzhan Musin,2
Amir Karimov,3
Emre Sadykov,3
Timur Popov,1
Omar Dauletov,1
Serik Aliyev,4
Polina Celik,2
Ksenia Gabdullin,2
Aruzhan Zhumabek,2
Aisha Karimov,2
Ainur Morozov,3
Kirill Zhaksylyk,3
Madina Kaliyev,2
Tolga Yerzhanov,4
Elena Sagyndyk,4
Timur Assanov,3
Nurlybek Musin,5
Sergey Sadykov,4
Emre Bekov,4
Nurlybek Ivanov,2
Anton Morozov,2
Bauyrzhan Dogan,3
Irina Akhmetov,2
Aisha Karimov,3
Tolga Nurgaliyev,2
Ruslan Fedorov,3
Kirill Karimov,3
Asel Tleubek,2
Daria Lebedev,1
Aliya Yerzhanov,4
Ilyas Makhmud,3
Temirlan Volkov,5
Talgat Baitursyn,1
Maxim Nurgaliyev,3
Ruslan Nurgaliyev,2
Olga Mukanov,3
Laura Temirov,1
Sabina Bolat,2
Sofia Temirov,1
Ruslan Jumabek,1
Olga Kassym,4
Zeynep Novikov,3
Askar Tleubek,1
Islam Rakhimov,1
Murat Kaya,4
Temirlan Ibrayev,1
Anel Makhmud,1
Timur Yilmaz,4
Dmitry Jumabek,5
Aigul Smirnov,3
Meruyert Demir,2
Maxim Mukanov,1
Baris Kara,2
Sanzhar Demir,1
Adil Yilmaz,4
Gulnaz Sagyndyk,3
Alina Fedorov,2
Elif Ermek,2
Talgat Zhunusov,1
Aknur Dogan,5
Olga Yilmaz,5
Denis Temirov,1
Damir Ibrayev,3
Dana Kurt,2
Adil Bekov,1
Nazym Esenov,1
Ece Kassym,1
Rauan Shakenov,4
Yulia Sadykov,1
Ruslan Amangeldy,1
Sergey Sadykov,2
Azamat Omarov,4
Layla Zhunusov,3
Maria Tashkenov,3
Talgat Zhumabek,2
Maxim Smirnov,4
Nazym Ozturk,1
Marat Aslan,1
Gaukhar Ermek,1
Dmitry Ozturk,2
Andrey Tleubek,1
Aigul Yilmaz,1
Symbat Jumabek,4
Serik Iskakov,2
Zhanar Zhunusov,2
Alisa Zhumabek,4
Dana Celik,3
Zeynep Yerzhanov,2
Aliya Orazov,1
Tomiris Sagyndyk,3
Aigerim Daulet,2
Kamila Suleimenov,3
Miras Turgenev,3
Daniyar Kara,3
Amir Rakhimov,1
Omar Rakhimov,1
Aizhan Volkov,2
Elena Tleubek,5
Gaukhar Ermek,2
Oleg Lebedev,3
Kerem Popov,1
Anel Dogan,2
Karina Akhmetov,3
Nikita Arslan,2
Madina Sadykov,2
Zarina Serikbay,2
Asel Ualiyev,2
Nur Aslan,1
Ainur Sagyndyk,3
Aliya Amangeldy,4
Rauan Esenov,4
Polina Mukanov,5
Bekzat Serikbay,3
Alisa Bekov,4
Artem Musin,3
Ilyas Yilmaz,1
Marat Bolat,1
Ilyas Bolat,1
Daria Amangeldy,4
Sabina Sahin,3
Amir Rakhimov,1
Igor Rakhimov,2
Karina Kurmanov,1
Sabina Omarov,3
Vlad Makhmud,1
Alibek Dogan,1
Aigul Makhmud,3
Symbat Novikov,1
Sabina Volkov,4
Zhuldyz Kurt,2
Emre Tleubek,2
Olzhas Tashkenov,4
Meruyert Suleimenov,3
Miras Cetin,3
Vlad Assanov,2
Maxim Ualiyev,1
Maxim Smirnov,2
Pavel Tashkenov,4
Selin Smirnov,3
Sanzhar Sahin,2
Saltanat Sahin,1
Irina Dauletov,1
Nurlan Abdirov,3
Aigul Temirov,3
Sultan Dauletov,3
Ksenia Serikbay,4
Dias Bolat,3
Dinara Konysbay,3
Aizhan Bekov,1
Karina Turgenev,5
Kuanysh Karimov,4
Elif Popov,2
Nazerke Bekov,4
Omar Arslan,2
Ece Suleimenov,1
Anna Arslan,1
Karina Alpysbay,1
Vera Mukanov,3
Roman Abdirov,1
Denis Koc,1
Marat Smirnov,2
Dinara Arslan,1
Askar Omarov,4
Marat Kara,2
Tomiris Musin,3
Yerbol Temirov,2
Damir Karimov,4
Ksenia Sokolov,2
Akbota Morozov,3
Yerbol Mukanov,2
Olga Kaya,1
Yernar Abdirov,3
Igor Smirnov,4
Gaukhar Serikbay,3
Meruyert Smirnov,4
Artem Koc,4
Olzhas Musin,4
Meruyert Kaya,3
Alina Yerzhanov,3
Anton Celik,2
Anel Orazov,1
Dinara Baiseitov,2
Ksenia Suleimenov,3
Timur Volkov,3
Akbota Nurgaliyev,2
Ece Kurt,5
Yernar Baiseitov,3
Dinara Baitursyn,4
Miras Ualiyev,2
Sofia Zhaksylyk,4
Ksenia Assanov,4
Vlad Sokolov,4
Zhansaya Kuznetsov,1
Elif Celik,2
Dmitry Zhaksylyk,3
Kuanysh Suleimenov,5
Dias Zhumabek,1
Nazerke Yerzhanov,3
Hasan Lebedev,4
Nazerke Arslan,5
Laura Kara,2
Nikita Esenov,2
Amir Shakenov,3
Dinara Kassym,3
Saltanat Alpysbay,2
Nazerke Ermek,3
Nazerke Turgenev,3
Aisha Kara,1
Temirlan Omarov,2
Omar Petrov,3
Maria Sagyndyk,3
Sergey Zhumabek,1
Madina Yilmaz,2
Madina Tleubek,1
Asel Kaliyev,4
Bekzat Mukanov,1
Irina Fedorov,1
Andrey Yerzhanov,1
Daria Mikhailov,1
Anna Kuznetsov,3
Tomiris Ivanov,1
Maria Rakhimov,1
Serik Daulet,1
Maria Mikhailov,5
Andrey Gabdullin,1
Tatiana Arslan,2
Milana Zhumabek,4
Askar Abenov,5
Dinara Ermek,5
Kuanysh Suleimenov,3
Serik Turgenev,4
Polina Yerzhanov,1
Milana Konysbay,5
Nurlan Zhumabek,1
Miras Yilmaz,3
Timur Suleimenov,4
Yulia Mikhailov,5
Akbota Aliyev,1
Ruslan Dauletov,2
Saltanat Popov,1
Balzhan Kassym,2
Dana Omarov,3
Amir Ibrayev,4
Aigerim Turgenev,5
Maxim Popov,3
Sabina Abdirov,3
Ksenia Zhunusov,2
Sultan Popov,5
Anton Ozturk,2
Nazerke Orazov,4
Roman Abenov,1
Ilyas Ivanov,4
Dias Gabdullin,3
Olzhas Smirnov,4
Nurlan Zhumabek,1
Symbat Novikov,1
Timur Yerzhanov,2
Alina Demir,1
Igor Nurgaliyev,3
Anna Popov,2
Zhanar Arslan,5
Tatiana Karimov,1
Hasan Omarov,4
Bauyrzhan Ualiyev,1
Sabina Yilmaz,2
Yerbol Ermek,3
Aigul Zhunusov,2
Zeynep Celik,2
Tomiris Makhmud,4
Derya Kuznetsov,5
Sultan Ibrayev,4
Vlad Sagyndyk,3
Yulia Serikbay,2
Omar Sadykov,3
Nurlan Sokolov,1
Bekzat Zhaksylyk,5
Nazerke Serikbay,2
Yerlan Kuznetsov,3
Rauan Rakhimov,3
Daniyar Kurmanov,5
Miras Yerzhanov,1
Irina Ualiyev,4
Nazerke Alpysbay,1
Alisa Ibrayev,2
Irina Bekov,3
Arman Sadykov,4
Zhandos Celik,4
Olzhas Ibrayev,4
Islam Fedorov,3
Aknur Celik,1
Andrey Mikhailov,1
Bekzat Kurt,4
Zarina Yilmaz,3
Amir Sokolov,1
Yerbol Orazov,3
Nazerke Jumabek,3
Yulia Aliyev,4
Zeynep Omarov,2
Arman Musin,1
Marat Suleimenov,4
Symbat Mikhailov,1
Nikita Musin,1
Ilyas Baitursyn,5
Laura Baitursyn,3
Zhuldyz Musin,2
Anel Kudaibergen,1
Nurlan Mukanov,4
Temirlan Abdirov,1
Temirlan Cetin,2
Nurlan Kaya,2
Sultan Amangeldy,3
Kairat Koc,1
Elif Tashkenov,1
Polina Serikbay,3
Gulnaz Baitursyn,5
Nazerke Volkov,3
Zeynep Kaya,4
Karina Shakenov,4
Balzhan Abdirov,1
Zhuldyz Sokolov,4
Aruzhan Sahin,1
Zarina Volkov,1
Serik Orazov,3
Dinara Tleubek,3
Nikita Sahin,5
Yernar Amangeldy,2
Sanzhar Yilmaz,5
Vlad Celik,2
Talgat Sagyndyk,5
Talgat Iskakov,4
Islam Petrov,4
Dmitry Tashkenov,4
Alisa Iskakov,5
Balzhan Gabdullin,1
Askar Abenov,2
Nikita Bekov,4
Sanzhar Kara,2
Bauyrzhan Kurmanov,4
Sabina Smirnov,1
Milana Esenov,2
Madina Zhaksylyk,3
Islam Mukanov,4
Anna Novikov,4
Miras Ozturk,3
Ekaterina Serikbay,2
Elnur Bekov,2
Symbat Kurmanov,4
Rasul Bolat,2
Zhandos Sahin,1
Vera Fedorov,1
Aliya Zhumabek,2
Derya Dogan,3
Laura Assanov,3
Gaukhar Sokolov,2
Sofia Popov,3
Sabina Kudaibergen,1
Aigul Shakenov,3
Igor Morozov,5
Oleg Jumabek,2
Roman Alpysbay,4
Alina Lebedev,4
Askar Turgenev,2
Alisa Morozov,1
Islam Tashkenov,4
Roman Zhumabek,4
Elena Volkov,3
Alisa Dogan,4
Dana Kara,3
Dinara Amangeldy,2
Gulnaz Assanov,2
Nazym Dauletov,1
Aigul Akhmetov,3
Aisha Amangeldy,4
Vlad Ualiyev,1
Madina Ermek,1
Marat Arslan,3
Oleg Serikbay,1
Adil Shakenov,2
Dana Fedorov,5
Dmitry Ualiyev,2
Kirill Kudaibergen,4
Islam Akhmetov,1
Zhanel Lebedev,3
Dana Kilic,2
Alisa Bolat,1
Anna Koc,5
Adil Jumabek,3
Maria Cetin,1
Sanzhar Rakhimov,2
Zhuldyz Musin,3
Aknur Volkov,1
Miras Morozov,5
Laura Kara,2
Tatiana Bolat,3
Dinara Kudaibergen,1
Balzhan Fedorov,3
Denis Kaya,5
Serik Demir,3
Zhanel Jumabek,4
Aigerim Ualiyev,1
Talgat Akhmetov,2
Rasul Kaya,3
Bekzat Daulet,3
Polina Rakhimov,1
Nurlybek Sahin,2
Denis Amangeldy,4
Aigul Novikov,5
Aknur Gabdullin,1
Tomiris Abdirov,1
Ilyas Temirov,2
Madina Amangeldy,4
Vera Ermek,1
Nurzhan Morozov,1
Nurlybek Tleubek,1
Andrey Abenov,5
Zhansaya Makhmud,4
Aknur Abdirov,3
Alisa Kilic,1
Ksenia Kara,5
Roman Yerzhanov,1
Talgat Tashkenov,4
Madina Arslan,2
Kamila Ozturk,1
Aisha Bolat,3
Bauyrzhan Karimov,5
Vlad Daulet,4
Polina Ualiyev,2
Gaukhar Amangeldy,4
Temirlan Tleubek,5
Denis Ibrayev,3
Temirlan Gabdullin,2
Hasan Novikov,1
Symbat Lebedev,1
Sabina Suleimenov,3
Sabina Kurmanov,2
Miras Baitursyn,2
Tolga Tleubek,2
Olga Zhumabek,3
Nikita Ozturk,1
Olzhas Esenov,4
Azamat Kaliyev,1
Tomiris Morozov,2
Anton Mukanov,2
Sabina Aliyev,5
Selin Sadykov,4
Yernar Amangeldy,2
Vlad Alpysbay,4
Kuanysh Alpysbay,5
Talgat Kuznetsov,2
Sultan Dauletov,1
Zhandos Celik,2
Ruslan Baitursyn,1
Aizhan Daulet,3
Layla Kilic,3
Yerbol Bekov,1
Gulnaz Kara,2
Symbat Iskakov,5
Irina Jumabek,3
Aigerim Zhunusov,4
Azamat Celik,4
Zhandos Yilmaz,3
Asel Omarov,1
Talgat Esenov,1
Symbat Bolat,1
Symbat Musin,4
Karina Tleubek,1
Anna Alpysbay,4
Yerbol Temirov,4
Sofia Kilic,2
Vera Amangeldy,2
Tolga Kurt,5
Selin Konysbay,5
Tolga Bekov,5
Andrey Zhaksylyk,3
Tatiana Novikov,3
Talgat Tashkenov,1
Miras Serikbay,1
Nurzhan Yerzhanov,3
Serik Dauletov,2
Igor Ermek,2
Ksenia Baitursyn,2
Zhansaya Kilic,4
Layla Akhmetov,4
Oleg Morozov,2
Kirill Kuznetsov,1
Maxim Kurmanov,1
Anel Morozov,4
Anton Amangeldy,2
Emre Dauletov,2
Aknur Daulet,5
Sabina Kuznetsov,3
Zhanel Rakhimov,3
Kerem Baiseitov,1
Daniyar Celik,5
Omar Petrov,3
Aruzhan Yilmaz,3
Aliya Petrov,1
Tomiris Aliyev,2
Dmitry Amangeldy,4
Gulnaz Bekov,1
Alibek Kurt,4
Nur Omarov,1
Nur Ibrayev,5
Tatiana Turgenev,1
Olzhas Smirnov,1
Zhanel Orazov,3
Madina Nurgaliyev,2
Sofia Serikbay,3
Selin Makhmud,3
Derya Gabdullin,3
Zhuldyz Tleubek,1
Yernar Kassym,1
Kuanysh Baitursyn,3
Aisha Iskakov,1
Dmitry Ivanov,5
Kerem Makhmud,1
Elnur Bekov,1
Emre Shakenov,1
Ekaterina Ualiyev,3
Selin Lebedev,2
Elif Petrov,3
Zeynep Kurmanov,4
Bekzat Arslan,5
Gulnaz Volkov,5
Maxim Amangeldy,4
Murat Iskakov,2
Daria Koc,3
Aliya Tashkenov,3
Aliya Volkov,3
Bekzat Bolat,2
Olzhas Zhunusov,5
Milana Petrov,1
Amir Celik,1
Bauyrzhan Tleubek,2
Sanzhar Sadykov,5
Nurlan Baitursyn,3
Ksenia Tleubek,5
Dana Assanov,2
Symbat Kurmanov,1
Arman Morozov,2
Zhuldyz Demir,3
Anton Baiseitov,4
Nurzhan Zhunusov,3
Kamila Sahin,3
Kuanysh Novikov,3
Anton Turgenev,1
Arman Baiseitov,1
Andrey Ivanov,3
Daria Gabdullin,2
Alibek Kurt,3
Askar Iskakov,1
Miras Iskakov,1
Anton Dogan,1
Ece Ualiyev,3
Nur Aliyev,5
Dmitry Bolat,1
Yerbol Fedorov,3
Dana Serikbay,2
Temirlan Sahin,4
Nurlybek Yilmaz,2
Adil Kilic,1
Amir Cetin,2
Andrey Makhmud,2
Emre Kaya,4
Ilyas Zhaksylyk,2
Nur Alpysbay,5
Zeynep Ualiyev,2
Amir Abenov,5
Temirlan Mukanov,2
Elnur Mikhailov,1
Saltanat Smirnov,4
Karina Kurmanov,5
Igor Bolat,1
Dias Assanov,1
Elena Kurmanov,5
Aigerim Kassym,4
Zeynep Assanov,2
Nur Bolat,1
Timur Dauletov,4
Akbota Abdirov,2
Sergey Sadykov,2
Elena Rakhimov,4
Nurzhan Kurmanov,3
Anel Bolat,5
Zhanar Shakenov,3
Daniyar Aliyev,2
Ainur Abdirov,2
Vera Iskakov,2
Sabina Morozov,1
Kairat Sadykov,4
Aigul Tashkenov,1
Irina Kaliyev,5
Azamat Sagyndyk,4
Maria Sadykov,4
Olzhas Fedorov,1
Akbota Tashkenov,3
Kerem Kilic,5
Talgat Lebedev,2
Elnur Dogan,3
Elnur Shakenov,2
Zhanel Sadykov,1
Layla Baiseitov,3
Kamila Nurgaliyev,2
Aknur Demir,5
Yernar Kilic,3
Roman Novikov,2
Yernar Temirov,1
Kamila Konysbay,1
Layla Jumabek,5
Kamila Mukanov,2
Bauyrzhan Fedorov,4
Temirlan Turgenev,2
Karina Daulet,3
Karina Jumabek,5
Aliya Kaliyev,4
Artem Baitursyn,4
Ainur Novikov,3
Miras Ivanov,4
Ainur Demir,5
Olzhas Jumabek,3
Layla Kuznetsov,3
Asel Zhaksylyk,3
Aigerim Zhumabek,4
Zeynep Morozov,3
Yerlan Karimov,3
Irina Abenov,1
Sofia Bekov,2
Zeynep Ibrayev,3
Islam Kaliyev,4
Oleg Smirnov,1
Tatiana Kuznetsov,2
Zhansaya Aslan,3
Aruzhan Zhaksylyk,3
Maxim Morozov,3
Sofia Ivanov,3
Asel Ibrayev,5
Emre Aslan,2
Dias Kara,4
Miras Morozov,3
Zhanar Ermek,3
Saltanat Kudaibergen,3
Elnur Gabdullin,4
Symbat Smirnov,1
Kamila Demir,1
Sabina Sagyndyk,4
Talgat Jumabek,3
Talgat Daulet,3
Ersultan Esenov,2
Kairat Demir,1
Olzhas Mikhailov,4
Tolga Zhumabek,2
Adil Shakenov,4
Madina Popov,3
Symbat Abenov,2
Zhanar Kaliyev,2
Murat Aslan,4
Damir Sagyndyk,2
Zhansaya Sagyndyk,3
Sultan Kassym,1
Nazerke Turgenev,1
Askar Volkov,5
Kerem Abdirov,4
Sabina Demir,2
Vadim Celik,1
Hasan Omarov,5
Tolga Volkov,1
Miras Bolat,5
Selin Kudaibergen,4
Karina Kilic,5
Denis Sokolov,4
Aknur Temirov,1
Selin Ibrayev,3
Elnur Rakhimov,2
Ece Zhaksylyk,2
Aruzhan Aslan,5
Ece Zhaksylyk,1
Alina Ozturk,2
Maxim Karimov,3
Nurzhan Morozov,1
Akbota Ibrayev,4
Gulnaz Sahin,1
Kuanysh Cetin,5
Polina Iskakov,2
Ece Gabdullin,2
Zhanar Iskakov,3
Murat Gabdullin,1
Dmitry Esenov,4
Dinara Zhunusov,4
Vlad Sokolov,5
Miras Ozturk,3
Gaukhar Bolat,3
Omar Shakenov,2
Igor Orazov,2
Nur Mukanov,3
Amir Aliyev,1
Zhanar Dauletov,3
Daniyar Mikhailov,4
Yernar Ibrayev,1
Miras Baitursyn,3
Alisa Makhmud,1
Balzhan Bekov,2
Ece Kara,2
Miras Arslan,1
Olga Cetin,2
Milana Baitursyn,2
Tolga Nurgaliyev,2
Askar Orazov,1
Tolga Kurmanov,2
Temirlan Daulet,3
Kamila Alpysbay,3
Nazerke Alpysbay,1
Igor Tleubek,1
Ruslan Amangeldy,4
Maria Ivanov,2
Alibek Sadykov,1
Sultan Fedorov,3
Maria Sahin,3
Symbat Makhmud,3
Ilyas Kurmanov,2
Nurlan Shakenov,3
Yulia Ualiyev,3
Nikita Amangeldy,1
Ilyas Ermek,1
Polina Jumabek,5
Aigul Suleimenov,3
Milana Kurt,4
Vera Dogan,2
Baris Zhunusov,1
Alisa Mukanov,3
Hasan Petrov,2
Gaukhar Zhaksylyk,3
Zhansaya Abdirov,1
Damir Assanov,4
Rauan Smirnov,2
Gaukhar Novikov,3
Daniyar Abdirov,5
Laura Popov,2
Zarina Kudaibergen,5
Zhansaya Alpysbay,1
Zhanar Amangeldy,2
Sergey Celik,1
Derya Tashkenov,3
Islam Zhumabek,5
Meruyert Mukanov,4
Daria Lebedev,3
Aknur Volkov,1
Aigerim Shakenov,3
Aknur Sadykov,3
Arman Turgenev,3
Tolga Abdirov,2
Gulnaz Orazov,4
Anel Ozturk,2
Dmitry Kara,2
Emre Yilmaz,1
Ksenia Sahin,3
Talgat Temirov,4
Kuanysh Konysbay,2
Andrey Makhmud,3
Pavel Fedorov,1
Alisa Baiseitov,2
Ainur Kaliyev,2
Zarina Ualiyev,3
Rauan Kaya,4
Zhanna Smirnov,4
Aruzhan Bolat,5
Aruzhan Daulet,5
Yernar Kaliyev,1
Sofia Kurt,2
Damir Morozov,3
Arman Ozturk,4
Sofia Fedorov,3
Talgat Jumabek,4
Sofia Kurmanov,2
Alibek Tashkenov,2
Arman Konysbay,3
Vera Kudaibergen,4
Kuanysh Novikov,2
Zhandos Nurgaliyev,2
Hasan Arslan,5
Aigerim Daulet,2
Adil Kassym,2
Madina Mikhailov,3
Adil Assanov,4
Meruyert Konysbay,2
Zhanel Konysbay,5
Miras Baitursyn,5
Adil Ibrayev,2
Aizhan Ermek,1
Kuanysh Orazov,2
Azamat Serikbay,3
Askar Ibrayev,3
Artem Ozturk,2
Sanzhar Turgenev,2
Olzhas Ozturk,3
Irina Assanov,3
Yerbol Shakenov,2
Yulia Abdirov,1
Ekaterina Tashkenov,1
Vadim Abdirov,2
Aizhan Bekov,2
Yulia Petrov,4
Timur Makhmud,2
Tatiana Sokolov,5
Aigerim Gabdullin,2
Ekaterina Ermek,3
Askar Aliyev,3
Yernar Kassym,1
Zhuldyz Serikbay,2
Amir Daulet,1
Nurlan Jumabek,3
Daniyar Baitursyn,4
Kairat Novikov,4
Anna Kara,2
Maxim Akhmetov,2
Zhandos Ozturk,2
Yernar Cetin,5
Kerem Abdirov,4
Hasan Yilmaz,4
Dias Suleimenov,3
Sultan Kilic,1
Kamila Popov,3
Anna Demir,1
Zarina Konysbay,2
Tatiana Karimov,1
Timur Petrov,4
Dana Baiseitov,2
Zhanel Celik,3
Miras Ibrayev,1
Yernar Daulet,2
Maxim Aslan,3
Andrey Daulet,4
Anna Rakhimov,4
Askar Abdirov,1
Hasan Kara,2
Igor Jumabek,3
Vadim Makhmud,2
Ainur Cetin,1
Aliya Celik,4
Bekzat Ibrayev,5
Yerlan Yerzhanov,5
Tomiris Mukanov,4
Yerlan Kuznetsov,4
Elnur Mikhailov,2
Arman Makhmud,1
Ersultan Nurgaliyev,5
Laura Shakenov,4
Aizhan Serikbay,2
Dana Akhmetov,3
Alina Morozov,2
Bauyrzhan Nurgaliyev,3
Zhandos Temirov,5
Marat Shakenov,2
Miras Kuznetsov,2
Nurlybek Baiseitov,5
Nurlan Popov,4
Olzhas Omarov,1
Aknur Abdirov,2
Artem Bolat,2
Pavel Alpysbay,2
Aknur Karimov,2
Vadim Akhmetov,1
Ruslan Yilmaz,3
Vera Baiseitov,1
Daniyar Konysbay,2
Nurlan Sahin,4
Zarina Aslan,4
Sanzhar Sahin,3
Damir Bolat,4
Aizhan Alpysbay,1
Aizhan Lebedev,2
Zhuldyz Amangeldy,3
Tatiana Yerzhanov,2
Aizhan Omarov,1
Rauan Zhaksylyk,5
Yerlan Abdirov,3
Nikita Ermek,1
Zhanar Esenov,1
Gulnaz Makhmud,1
Ainur Zhumabek,4
Islam Koc,2
Serik Sagyndyk,4
Madina Baitursyn,4
Nur Baiseitov,2
Hasan Sagyndyk,4
Polina Kurt,3
Zhanna Gabdullin,5
Yernar Petrov,2
Nurlybek Lebedev,1
Nur Konysbay,1
Kamila Kassym,3
Anna Assanov,3
Yerbol Konysbay,1
Artem Popov,2
Zarina Ozturk,3
Polina Tashkenov,1
Amir Tleubek,3
Alina Morozov,4
Talgat Tleubek,4
Igor Kassym,2
Zarina Kara,5
Zhanar Ualiyev,4
Saltanat Alpysbay,5
Adil Baiseitov,4
Saltanat Akhmetov,2
Daniyar Makhmud,5
Azamat Temirov,2
Layla Shakenov,2
Nikita Orazov,1
Miras Kuznetsov,5
Yulia Tashkenov,3
Ruslan Kurt,1
Talgat Kurt,5
Ece Makhmud,1
Gulnaz Sokolov,5
Bauyrzhan Novikov,4
Temirlan Karimov,5
Elnur Celik,1
Bauyrzhan Kaya,2
Aisha Baiseitov,2
Aigul Musin,1
Aizhan Lebedev,5
Emre Abenov,3
Andrey Cetin,3
Rauan Petrov,5
Sofia Celik,3
Sofia Abdirov,3
Sergey Sadykov,3
Nurlybek Baitursyn,3
Adil Ualiyev,2
Damir Abdirov,2
Irina Konysbay,3
Zhanar Iskakov,1
Aizhan Popov,1
Polina Demir,3
Ece Novikov,3
Ksenia Baitursyn,4
Oleg Shakenov,1
Anel Temirov,2
Aigerim Ermek,1
Amir Nurgaliyev,2
Ersultan Kara,4
Aigerim Kudaibergen,3
Selin Aliyev,2
Nazerke Esenov,3
Dana Omarov,1
Selin Sahin,4
Denis Zhaksylyk,5
Zeynep Aslan,1
Sabina Kuznetsov,3
Aruzhan Bekov,4
Symbat Baitursyn,2
Laura Musin,5
Zhanna Zhumabek,1
Ilyas Petrov,1
Zeynep Shakenov,2
Anna Daulet,3
Ksenia Cetin,5
Amir Morozov,3
Zeynep Kilic,2
Sanzhar Zhunusov,4
Nazym Kuznetsov,4
Aknur Musin,1
Tatiana Omarov,5
Sofia Arslan,2
Olga Aliyev,1
Olga Kara,1
Karina Volkov,5
Alisa Sahin,2
Kirill Bolat,3
Tatiana Bekov,1
Aigul Petrov,1
Irina Alpysbay,2
Maria Popov,4
Rauan Omarov,5
Daniyar Sadykov,3
Aruzhan Baiseitov,3
Elena Kurt,3
Dias Bolat,1
Maria Temirov,3
Tolga Kilic,2
Elena Sokolov,4
Madina Kilic,4
Arman Dauletov,1
Aigul Serikbay,3
Rasul Mukanov,2
Nurlybek Tashkenov,1
Adil Sahin,1
Serik Shakenov,1
Aliya Turgenev,3
Igor Bolat,4
Symbat Suleimenov,2
Aizhan Lebedev,4
Elena Cetin,3
Pavel Baitursyn,4
Ksenia Kurt,2
Olzhas Koc,4
Irina Novikov,3
Zhansaya Ivanov,3
Hasan Petrov,1
Alibek Demir,4
Islam Bekov,1
Symbat Demir,2
Sultan Baitursyn,3
Selin Kaliyev,3
Murat Mikhailov,3
Ilyas Popov,4
Daria Smirnov,1
Yerbol Demir,3
Omar Temirov,5
Gaukhar Ermek,3
Gulnaz Zhaksylyk,2
Dias Kurt,1
Saltanat Mikhailov,2
Ainur Zhaksylyk,3
Laura Bekov,2
Nazerke Kassym,1
Bekzat Yerzhanov,2
Dana Kurmanov,2
Arman Lebedev,2
Zhanar Tashkenov,4
Sofia Aliyev,2
Anna Koc,4
Zhansaya Smirnov,2
Kairat Arslan,3
Elena Bekov,1
Zarina Kaliyev,3
Ersultan Nurgaliyev,3
Dias Tashkenov,4
Baris Ualiyev,1
Vadim Ermek,1
Dinara Gabdullin,5
Aigerim Kaya,5
Selin Amangeldy,2
Saltanat Kassym,3
Nur Tashkenov,2
Islam Orazov,3
Sergey Kassym,4
Vadim Demir,5
Elena Kaya,3
Karina Ivanov,3
Rasul Bolat,1
Zhanel Fedorov,2
Andrey Ibrayev,4
Nur Esenov,2
Andrey Bekov,3
Olga Jumabek,3
Alina Sagyndyk,4
Olzhas Dauletov,3
Miras Kaya,3
Sabina Cetin,5
Yulia Gabdullin,3
Sergey Amangeldy,1
Emre Kaya,3
Roman Ualiyev,4
Vera Zhunusov,2
Sofia Novikov,2
Zhanna Kaya,5
Anton Kaliyev,3
Adil Daulet,1
Elnur Konysbay,5
Tatiana Jumabek,3
Alibek Zhumabek,2
Zhuldyz Kassym,2
Daria Cetin,1
Derya Abenov,2
Selin Cetin,4
Anel Zhaksylyk,4
Emre Abdirov,5
Ksenia Kara,4
Nurlybek Makhmud,1
Aigerim Celik,2
Zarina Fedorov,1
Askar Kara,2
Aigerim Cetin,5
Aizhan Lebedev,5
Vlad Kilic,1
Milana Rakhimov,1
Alisa Ermek,5
Amir Ibrayev,1
Dana Abenov,1
Ersultan Kaliyev,5
Bekzat Serikbay,4
Ekaterina Sahin,3
Damir Esenov,2
Kerem Bekov,2
Zeynep Lebedev,2
Zhanna Kilic,1
Kerem Rakhimov,5
Hasan Kuznetsov,3
Yulia Kuznetsov,2
Dinara Turgenev,1
Aizhan Omarov,3
Dinara Ualiyev,5
Daria Bolat,3
Aliya Zhumabek,3
Zarina Kilic,2
Ekaterina Arslan,4
Zhanna Turgenev,4
Bauyrzhan Sahin,2
Yerlan Dogan,5
Baris Morozov,3
Nurlan Esenov,2
Olga Gabdullin,2
Sanzhar Ualiyev,3
Serik Kara,2
Gulnaz Iskakov,1
Gaukhar Demir,5
Yerbol Kaya,4
Yernar Abenov,3
Layla Amangeldy,2
Ilyas Aliyev,1
Yerlan Smirnov,1
Aliya Kurt,1
Sultan Iskakov,2
Elena Kassym,2
Maria Ibrayev,2
Yulia Abdirov,4
Karina Kilic,2
Kamila Fedorov,1
Bauyrzhan Arslan,3
Aliya Bolat,2
Amir Bekov,3
Karina Abdirov,3
Zhandos Kaya,2
Elnur Abenov,5
Zhuldyz Konysbay,5
Nurlan Ibrayev,4
Nazym Temirov,4
Kamila Sahin,3
Laura Karimov,1
Nurzhan Baitursyn,1
Dmitry Celik,1
Ksenia Smirnov,1
Dana Alpysbay,2
Ainur Abdirov,3
Ilyas Aslan,4
Elnur Tashkenov,4
Marat Kara,2
Nur Kudaibergen,1
Aliya Ivanov,5
Derya Alpysbay,4
Anel Yilmaz,1
Ilyas Sahin,1
Igor Tashkenov,3
Elif Serikbay,1
Nazym Omarov,2
Amir Akhmetov,3
Kirill Turgenev,2
Nurzhan Abenov,3
Olzhas Baitursyn,5
Sofia Omarov,3
Baris Rakhimov,3
Selin Kuznetsov,2
Denis Alpysbay,1
Zarina Iskakov,2
Yernar Baitursyn,3
Milana Yilmaz,1
Milana Sagyndyk,4
Sergey Akhmetov,4
Nurzhan Gabdullin,5
Olga Tashkenov,1
Bekzat Ivanov,2
Elif Karimov,2
Dinara Sokolov,3
Nurzhan Aslan,4
Murat Cetin,2
Miras Aliyev,2
Anton Bolat,1
Nazerke Ozturk,2
Olga Mukanov,3
Nur Novikov,4
Sultan Zhunusov,5
Ekaterina Arslan,4
Gulnaz Morozov,1
Dmitry Akhmetov,4
Omar Abenov,3
Temirlan Kurmanov,3
Rasul Bolat,2
Irina Popov,2
Bauyrzhan Kuznetsov,3
Nurlybek Sahin,1
Balzhan Karimov,1
Anton Gabdullin,2
Daniyar Konysbay,5
Anton Shakenov,2
Oleg Arslan,1
Polina Zhaksylyk,1
Kerem Serikbay,1
Zhanna Kurmanov,2
Ksenia Morozov,4
Anton Kara,2
Karina Suleimenov,1
Islam Daulet,3
Milana Gabdullin,3
Milana Mukanov,3
Aigerim Ozturk,1
Ersultan Makhmud,4
Ruslan Sadykov,1
Kirill Assanov,1
Nikita Volkov,3
Bekzat Esenov,5
Ainur Makhmud,4
Alisa Mikhailov,4
Zhuldyz Tashkenov,3
Elena Suleimenov,2
Zhansaya Ozturk,1
Madina Kuznetsov,2
Aisha Baitursyn,2
Rauan Smirnov,1
Nurlybek Abdirov,4
Aigerim Lebedev,2
Nurzhan Koc,3
Rauan Makhmud,5
Daria Ivanov,1
Dinara Sokolov,1
Selin Nurgaliyev,4
Andrey Baiseitov,2
Oleg Aslan,1
Laura Kudaibergen,1
Nurlan Volkov,3
Islam Ivanov,3
Alisa Bekov,4
Oleg Rakhimov,3
Aruzhan Kudaibergen,2
Gaukhar Tleubek,1
Kirill Lebedev,3
Milana Smirnov,3
Kirill Kara,4
Irina Musin,2
Anna Ibrayev,4
Emre Bekov,3
Anton Akhmetov,3
Anel Kara,1
Sofia Orazov,3
Nazerke Akhmetov,5
Tomiris Kurmanov,5
Aigul Makhmud,3
Serik Kilic,2
Zhanel Assanov,5
Ksenia Sagyndyk,2
Islam Amangeldy,4
Daria Fedorov,2
Arman Esenov,3
Roman Sahin,1
Andrey Ibrayev,4
Zhanel Alpysbay,3
Daniyar Dauletov,3
Temirlan Zhunusov,4
Ekaterina Kara,1
Yerlan Ermek,1
Karina Orazov,3
Vera Makhmud,2
Oleg Aliyev,5
Arman Yerzhanov,2
Aknur Kassym,3
Ksenia Akhmetov,3
Bekzat Ualiyev,3
Gaukhar Rakhimov,1
Akbota Sadykov,5
Nur Sahin,4
Alisa Suleimenov,2
Oleg Cetin,2
Tolga Sadykov,2
Ksenia Zhunusov,3
Ksenia Rakhimov,1
Yernar Lebedev,2
Nurzhan Akhmetov,5
Murat Kara,1
Dias Zhumabek,2
Milana Zhumabek,3
Nurzhan Fedorov,2
Daniyar Kaya,2
Alibek Orazov,4
Sanzhar Esenov,3
Selin Mukanov,2
Gaukhar Novikov,3
Elnur Esenov,2
Kerem Daulet,3
Murat Kurmanov,1
Azamat Lebedev,2
Ekaterina Tashkenov,1
Nikita Orazov,3
Madina Daulet,2
Maxim Kuznetsov,2
Asel Rakhimov,5
Dana Musin,3
Islam Jumabek,3
Sanzhar Kara,1
Zhandos Omarov,2
Kerem Orazov,1
Karina Zhunusov,1
Azamat Yerzhanov,5
Balzhan Abdirov,5
Nur Mikhailov,1
Islam Sagyndyk,4
Nikita Serikbay,1
Madina Tashkenov,1
Sofia Suleimenov,1
Elif Kudaibergen,2
Kirill Fedorov,5
Kerem Kaliyev,1
Talgat Iskakov,5
Serik Koc,3
Temirlan Zhaksylyk,1
Igor Petrov,1
Dana Baitursyn,1
Yernar Kaya,2
Elif Koc,3
Zhanna Karimov,1
Ksenia Ibrayev,3
Artem Demir,2
Dana Arslan,3
Tatiana Dauletov,3
Ruslan Dogan,2
Laura Kurt,5
Sanzhar Abenov,1
Vera Kaya,1
Meruyert Bolat,4
Maria Novikov,2
Yerbol Zhaksylyk,1
Aizhan Sokolov,3
Zhuldyz Orazov,2
Ersultan Sagyndyk,3
Alina Novikov,1
Ainur Turgenev,1
Gaukhar Temirov,1
Karina Morozov,3
Azamat Makhmud,3
Adil Fedorov,3
Timur Kudaibergen,1
Sanzhar Shakenov,5
Askar Morozov,4
Anel Kuznetsov,1
Gaukhar Smirnov,1
Zhandos Zhaksylyk,3
Selin Kurmanov,2
Aknur Konysbay,5
Akbota Omarov,2
Zhanel Jumabek,2
Bekzat Esenov,2
Andrey Esenov,1
Gaukhar Popov,3
Andrey Ivanov,2
Arman Demir,3
Vadim Kassym,4
Azamat Orazov,1
Azamat Ibrayev,2
Marat Abdirov,2
Ainur Yerzhanov,4
Dinara Temirov,2
Yulia Kara,1
Maria Daulet,1
Adil Ermek,3
Layla Zhumabek,2
Kamila Daulet,3
Rasul Baitursyn,1
Tatiana Ozturk,1
Derya Karimov,4
Vlad Mukanov,4
Ece Serikbay,3
Madina Assanov,3
Temirlan Dauletov,1
Askar Abdirov,3
Asel Suleimenov,2
Bauyrzhan Mikhailov,5
Zeynep Alpysbay,2
Ilyas Kassym,3
Ruslan Cetin,1
Nurlan Koc,2
Emre Kurt,1
Elif Serikbay,4
Ece Omarov,3
Islam Gabdullin,2
Denis Kurmanov,3
Selin Nurgaliyev,5
Arman Esenov,3
Olzhas Morozov,1
Murat Volkov,2
Saltanat Ualiyev,2
Sultan Aliyev,2
Vera Zhaksylyk,3
Daniyar Sokolov,1
Yernar Sokolov,3
Ece Ozturk,3
Maxim Baiseitov,1
Saltanat Serikbay,3
Nikita Karimov,5
Sabina Demir,4
Selin Orazov,1
Sultan Ermek,2
Azamat Aslan,3
Askar Yilmaz,3
Kamila Koc,2
Tolga Ermek,3
Alina Morozov,5
Maxim Kara,2
Ersultan Musin,2
Alisa Kaliyev,3
Kerem Esenov,3
Vera Alpysbay,3
Aknur Yerzhanov,1
Madina Morozov,1
Daniyar Abenov,3
Sofia Baiseitov,3
Nikita Volkov,4
Zhanna Petrov,5
Yernar Tleubek,2
Baris Konysbay,5
Talgat Abdirov,3
Nazerke Ibrayev,1
Azamat Bolat,2
Serik Sagyndyk,1
Sabina Karimov,4
Elif Petrov,5
Zhansaya Lebedev,5
Olga Amangeldy,3
Gaukhar Celik,2
Azamat Dogan,1
Dias Lebedev,3
Pavel Bolat,5
Nurlybek Kaya,3
Ruslan Celik,4
Kerem Zhunusov,1
Anna Novikov,4
Sultan Alpysbay,1
Nur Cetin,3
Ainur Sokolov,5
Zhanar Zhunusov,2
Yerbol Yerzhanov,1
Serik Yerzhanov,3
Anna Ualiyev,4
Murat Smirnov,2
Roman Aliyev,4
Dinara Makhmud,2
Zhandos Sagyndyk,3
Olzhas Zhumabek,3
Zeynep Abenov,2
Anna Tleubek,1
Vera Fedorov,4
Nurzhan Bolat,3
Sabina Zhunusov,4
Anna Ibrayev,3
Alina Novikov,2
Vadim Omarov,1
Asel Jumabek,3
Pavel Ozturk,4
Nur Daulet,1
Hasan Mukanov,1
Emre Jumabek,3
Meruyert Baitursyn,2
Elnur Kilic,3
Asel Omarov,3
Ainur Suleimenov,2
Amir Ozturk,3
Murat Konysbay,5
Madina Zhunusov,1
Aigerim Demir,3
Rauan Ibrayev,5
Roman Volkov,5
Ruslan Zhumabek,3
Andrey Lebedev,3
Kerem Nurgaliyev,3
Aknur Kuznetsov,2
Omar Mikhailov,1
Andrey Makhmud,3
Dias Akhmetov,2
Madina Fedorov,1
Gulnaz Kaya,2
Amir Abdirov,3
Vadim Esenov,1
Asel Zhaksylyk,2
Ekaterina Kaya,1
Karina Daulet,3
Aizhan Tleubek,4
Tolga Aslan,4
Gulnaz Ualiyev,3
Vlad Omarov,3
Marat Yilmaz,4
Elif Abdirov,3
Talgat Fedorov,3
Dmitry Amangeldy,1
Madina Iskakov,3
Olga Abenov,3
Artem Tashkenov,4
Pavel Amangeldy,2
Daniyar Orazov,4
Artem Abdirov,4
Daria Abdirov,3
Marat Serikbay,4
Artem Mukanov,2
Anton Petrov,5
Nur Celik,4
Asel Kuznetsov,1
Nurlybek Ivanov,1
Milana Volkov,2
Madina Aliyev,5
Emre Morozov,5
Azamat Amangeldy,2
Ekaterina Popov,2
Balzhan Karimov,2
Aigerim Shakenov,1
Zhanel Zhaksylyk,4
Andrey Smirnov,2
Zhanna Kaliyev,2
Aizhan Turgenev,3
Layla Shakenov,1
Yerbol Rakhimov,4
Laura Kilic,4
Laura Kurt,3
Balzhan Temirov,2
Yerbol Mikhailov,3
Nazym Tleubek,1
Zhuldyz Aliyev,2
Yernar Yerzhanov,4
Alibek Popov,5
Murat Arslan,3
Aknur Aslan,1
Tatiana Sagyndyk,1
Sergey Abdirov,3
Igor Kaliyev,1
Sergey Esenov,5
Kerem Turgenev,5
Miras Suleimenov,1
Akbota Ibrayev,3
Sultan Baitursyn,1
Anel Sahin,4
Zhuldyz Sahin,2
Nazerke Zhaksylyk,4
Oleg Demir,4
Kerem Tleubek,1
Ece Dogan,2
Askar Karimov,3
Yernar Zhumabek,3
Elena Rakhimov,3
Ilyas Bekov,2
Oleg Popov,1
Kamila Kara,3
Balzhan Shakenov,3
Aknur Dogan,2
Elif Yerzhanov,2
Layla Yilmaz,2
Zhansaya Ivanov,2
Kuanysh Volkov,3
Nikita Ivanov,2
Vadim Abenov,2
Gaukhar Abdirov,3
Marat Ivanov,3
Gaukhar Zhaksylyk,1
Sultan Sahin,4
Dinara Orazov,3
Omar Smirnov,4
Islam Zhumabek,3
Zhanel Zhunusov,1
Zeynep Alpysbay,1
Zarina Serikbay,4
Nurlan Lebedev,2
Hasan Demir,5
Tolga Rakhimov,1
Elif Morozov,4
Igor Bekov,5
Hasan Demir,4
Kuanysh Nurgaliyev,4
Aliya Bolat,3
Daria Kurmanov,3
Aknur Zhaksylyk,2
Artem Aliyev,2
Asel Dogan,3
Ilyas Jumabek,3
Rauan Popov,5
Zhanel Lebedev,5
Saltanat Tleubek,1
Murat Sahin,3
Anel Sahin,1
Tolga Omarov,4
Oleg Zhunusov,4
Omar Sahin,4
Hasan Sokolov,2
Layla Yerzhanov,4
Zarina Musin,4
Zhandos Mikhailov,5
Zeynep Alpysbay,3
Ersultan Lebedev,1
Rauan Temirov,1
Olzhas Sadykov,5
Yerlan Sagyndyk,1
Asel Temirov,4
Amir Kuznetsov,4
Zhandos Yerzhanov,4
Amir Abdirov,1
Yernar Konysbay,3
Hasan Sokolov,3
Sergey Kurt,2
Zhuldyz Lebedev,5
Alibek Sadykov,4
Zhanar Mikhailov,3
Irina Aliyev,2
Sanzhar Morozov,3
Gaukhar Gabdullin,2
Meruyert Tleubek,5
Emre Yilmaz,4
Zhuldyz Ivanov,2
Rasul Dogan,3
Gaukhar Aliyev,3
Nazerke Cetin,1
Polina Omarov,3
Ece Ermek,1
Zhansaya Ozturk,2
Tatiana Baiseitov,1
Timur Petrov,3
Talgat Kurt,4
Ksenia Assanov,4
Dias Smirnov,1
Maria Omarov,1
Yerlan Petrov,3
Ruslan Suleimenov,1
Olzhas Yilmaz,2
Zhansaya Kaliyev,2
Derya Abenov,1
Ilyas Abdirov,2
Daria Celik,2
Zarina Zhaksylyk,2
Andrey Kurt,2
Yernar Fedorov,2
Olzhas Koc,3
Aruzhan Sagyndyk,4
Aliya Aslan,2
Sofia Kaliyev,4
Ece Musin,3
Zhansaya Smirnov,3
Oleg Musin,3
Tomiris Volkov,4
Gulnaz Konysbay,1
Aruzhan Arslan,3
Tolga Turgenev,2
Vlad Yerzhanov,5
Rauan Musin,5
Tolga Tashkenov,1
Alisa Petrov,1
Temirlan Yilmaz,3
Gulnaz Temirov,3
Tatiana Mukanov,2
Akbota Shakenov,3
Layla Kuznetsov,5
Gulnaz Turgenev,2
Zhanel Demir,3
Oleg Zhunusov,2
Nazerke Ermek,5
Meruyert Zhumabek,3
Hasan Mukanov,4
Maria Kudaibergen,3
Islam Konysbay,2
Sabina Abenov,2
Kamila Kassym,3
Ekaterina Ibrayev,5
Anton Daulet,1
Ainur Kara,2
Zhansaya Lebedev,3
Aigerim Dogan,4
Aisha Ibrayev,3
Selin Tleubek,1
Karina Smirnov,4
Omar Petrov,1
Nikita Sokolov,4
Aliya Kassym,2
Vadim Ermek,5
Kirill Shakenov,1
Asel Nurgaliyev,5
Zhanna Temirov,2
Vadim Serikbay,3
Tolga Abenov,1
Vlad Omarov,2
Kerem Bolat,5
Adil Iskakov,1
Baris Cetin,1
Hasan Daulet,3
Oleg Orazov,2
Dmitry Dauletov,3
Maria Musin,3
Kairat Temirov,5
Islam Sagyndyk,1
Gulnaz Temirov,3
Aigul Zhumabek,1
Askar Popov,5
Baris Kassym,5
Elena Lebedev,5
Adil Konysbay,5
Aigerim Shakenov,4
Artem Omarov,3
Nazym Omarov,2
Vadim Ivanov,2
Anel Popov,4
Elif Gabdullin,5
Madina Kassym,4
Laura Morozov,3
Anel Gabdullin,5
Serik Arslan,1
Pavel Dauletov,1
Zhanna Zhumabek,1
Nurlan Ualiyev,5
Zeynep Petrov,2
Yulia Arslan,5
Murat Aliyev,2
Sultan Abenov,1
Ilyas Kurt,3
Dias Lebedev,2
Sergey Baitursyn,3
Andrey Sahin,4
Adil Shakenov,5
Sofia Kurmanov,3
Yulia Musin,3
Damir Kurmanov,3
Ersultan Morozov,5
Akbota Bekov,3
Rasul Shakenov,2
Anton Akhmetov,1
Pavel Sadykov,1
Anna Gabdullin,3
Denis Kara,3
Karina Demir,1
Yerlan Fedorov,4
Emre Kassym,5
Marat Kurmanov,2
Rasul Volkov,4
Aigerim Makhmud,3
Meruyert Kurmanov,3
Zeynep Akhmetov,4
Olzhas Baitursyn,4
Kirill Mukanov,2
Temirlan Dauletov,3
Nikita Jumabek,5
Hasan Konysbay,1
Azamat Popov,2
Layla Yilmaz,3
Balzhan Bolat,2
Ksenia Tashkenov,2
Sabina Lebedev,3
Dinara Morozov,3
Nurlybek Novikov,3
Nazym Kuznetsov,3
Sabina Esenov,3
Gulnaz Tleubek,4
Symbat Sokolov,3
Meruyert Nurgaliyev,3
Hasan Volkov,1
Sanzhar Kaya,3
Azamat Volkov,2
Ilyas Kilic,3
Miras Karimov,1
Balzhan Tleubek,3
Meruyert Serikbay,5
Olga Kilic,1
Nurzhan Assanov,2
Kamila Zhaksylyk,2
Nurzhan Jumabek,2
Daniyar Ozturk,4
Aliya Arslan,1
Talgat Ibrayev,1
Oleg Iskakov,3
Roman Smirnov,1
Sultan Akhmetov,3
Irina Morozov,2
Elnur Esenov,3
Rauan Kuznetsov,4
Ekaterina Shakenov,4
Timur Lebedev,5
Symbat Ualiyev,5
Murat Konysbay,3
Talgat Petrov,4
Ilyas Aliyev,4
Askar Kuznetsov,4
Oleg Bekov,5
Aruzhan Konysbay,3
Yerbol Temirov,1
Aruzhan Bekov,5
Ece Shakenov,1
Zhanel Kilic,3
Anton Sadykov,5
Kerem Smirnov,3
Nurzhan Mikhailov,3
Emre Cetin,3
Dmitry Nurgaliyev,2
Amir Zhunusov,4
Ilyas Rakhimov,3
Zeynep Zhunusov,3
Kerem Kurt,2
Yerbol Celik,4
Rauan Akhmetov,2
Miras Cetin,3
Sultan Petrov,1
Ruslan Gabdullin,4
Talgat Nurgaliyev,3
Serik Baiseitov,2
Meruyert Lebedev,3
Aizhan Sadykov,4
Nikita Kassym,1
Sultan Ualiyev,5
Ece Makhmud,2
Serik Koc,1
Polina Kurt,3
Pavel Ivanov,3
Vlad Baitursyn,2
Nazym Daulet,1
Zarina Koc,4
Yerbol Zhaksylyk,1
Baris Baiseitov,1
Yerbol Yerzhanov,3
Elnur Sahin,2
Kamila Kassym,1
Gulnaz Cetin,2
Tomiris Mukanov,3
Rasul Musin,1
Kerem Zhumabek,5
Bekzat Volkov,3
Ksenia Bekov,4
Murat Cetin,2
Nurzhan Ozturk,2
Igor Tashkenov,2
Nur Petrov,5
Azamat Volkov,3
Bekzat Zhaksylyk,3
Talgat Serikbay,4
Anel Zhaksylyk,2
Polina Yerzhanov,5
Daria Jumabek,3
Dinara Kurt,1
Andrey Aslan,1
Rauan Kuznetsov,2
Islam Ualiyev,3
Pavel Kaya,3
Dinara Daulet,1
Denis Petrov,1
Symbat Yerzhanov,5
Akbota Ualiyev,1
Aigerim Bekov,2
Selin Sagyndyk,3
Maria Sahin,4
Sanzhar Musin,3
Nazym Turgenev,3
Miras Mukanov,3
Sergey Abdirov,2
Karina Kassym,1
Meruyert Popov,1
Tomiris Celik,2
Oleg Amangeldy,5
Temirlan Yerzhanov,4
Murat Kurt,1
Dmitry Jumabek,4
Serik Koc,1
Ece Popov,2
Selin Musin,5
Kirill Volkov,2
Olzhas Tleubek,1
Kuanysh Kurt,3
Asel Baitursyn,2
Kamila Aslan,1
Zarina Celik,2
Aisha Daulet,3
Serik Jumabek,3
Akbota Baitursyn,4
Ainur Koc,2
Aliya Zhaksylyk,1
Pavel Ivanov,1
Marat Jumabek,1
Nurzhan Tashkenov,1
Denis Assanov,2
Yerlan Daulet,1
Ekaterina Sokolov,3
Omar Ermek,3
Temirlan Kilic,2
Madina Sahin,5
Temirlan Popov,1
Kirill Popov,1
Gulnaz Rakhimov,1
Dinara Kilic,1
Dmitry Kurmanov,2
Sanzhar Assanov,1
Zarina Fedorov,1
Laura Rakhimov,4
Daniyar Morozov,4
Denis Tleubek,3
Ksenia Turgenev,1
Nurlan Amangeldy,4
Aruzhan Fedorov,4
Anna Akhmetov,3
Murat Baiseitov,1
Timur Dauletov,1
Vera Omarov,4
Aizhan Dogan,1
Kairat Sadykov,1
Madina Tleubek,5
Damir Bekov,3
Dmitry Abenov,1
Pavel Ibrayev,4
Vadim Temirov,3
Yulia Bolat,2
Anton Bolat,3
Anna Rakhimov,4
Zeynep Omarov,4
Tomiris Dogan,1
Anton Nurgaliyev,3
Elif Assanov,5
Gulnaz Sagyndyk,3
Denis Kaya,2
Aisha Dogan,5
Selin Ivanov,3
Alibek Esenov,3
Yulia Alpysbay,1
Sabina Iskakov,3
Zarina Karimov,4
Alina Makhmud,3
Kirill Aslan,3
Aizhan Iskakov,1
Marat Sagyndyk,3
Kirill Yerzhanov,2
Zhandos Lebedev,4
Kirill Aslan,3
Gulnaz Bekov,5
Zhanel Arslan,5
Kairat Sokolov,2
Maria Koc,3
Ekaterina Mukanov,5
Nurzhan Arslan,3
Sofia Shakenov,2
Adil Aslan,3
Maxim Petrov,3
Anel Zhaksylyk,2
Aigerim Ermek,1
Denis Ibrayev,3
Anton Popov,2
Aigul Omarov,1
Aigul Lebedev,3
Maria Iskakov,2
Meruyert Ivanov,4
Dmitry Shakenov,1
Oleg Orazov,2
Emre Volkov,3
Vera Cetin,3
Tomiris Bekov,1
Aigul Celik,2
Ilyas Assanov,2
Alina Volkov,3
Ersultan Ermek,2
Zhuldyz Kassym,3
Roman Serikbay,4
Selin Arslan,2
Ece Nurgaliyev,4
Daniyar Koc,5
Balzhan Arslan,2
Irina Gabdullin,3
Ece Demir,4
Ilyas Aslan,2
Nazerke Zhunusov,1
Anel Novikov,2
Nazerke Ibrayev,3
Karina Iskakov,3
Ersultan Ualiyev,1
Nikita Smirnov,4
Milana Ozturk,3
Adil Rakhimov,1
Sanzhar Musin,1
Bekzat Kaliyev,5
Azamat Celik,4
Timur Kuznetsov,2
Emre Makhmud,1
Igor Koc,3
Nurlan Kaya,1
Nurzhan Sagyndyk,2
Rauan Tashkenov,4
Sanzhar Zhaksylyk,3
Pavel Tashkenov,3
Alina Novikov,3
Ruslan Ermek,4
Zhandos Orazov,3
Milana Yerzhanov,1
Maxim Bolat,2
Igor Konysbay,2
Elnur Lebedev,1
Meruyert Petrov,5
Sultan Petrov,3
Ersultan Kaya,2
Tolga Makhmud,1
Andrey Sadykov,1
Aizhan Kurt,1
Kuanysh Sokolov,1
Alisa Ualiyev,1
Bauyrzhan Lebedev,3
Gaukhar Petrov,2
Igor Ozturk,2
Aizhan Serikbay,1
Islam Celik,4
Nikita Dogan,3
Karina Ualiyev,5
Ece Baiseitov,4
Daria Petrov,3
Olga Makhmud,3
Zhanna Aliyev,3
Temirlan Kilic,5
Aliya Zhumabek,2
Vadim Morozov,5
Aigerim Esenov,3
Akbota Ivanov,2
Amir Omarov,2
Talgat Smirnov,2
Meruyert Ibrayev,1
Nurlan Rakhimov,4
Ilyas Turgenev,2
Maxim Mikhailov,2
Azamat Mukanov,1
Aizhan Ivanov,5
Karina Cetin,4
Bauyrzhan Karimov,3
Serik Popov,1
Ece Volkov,4
Akbota Orazov,1
Arman Aslan,1
Milana Rakhimov,2
Talgat Mikhailov,1
Andrey Bolat,4
Anel Esenov,1
Baris Ermek,2
Nazym Turgenev,2
Kerem Zhumabek,1
Temirlan Ermek,3
Dinara Novikov,4
Nur Nurgaliyev,3
Aizhan Dogan,4
Zhanel Bolat,3
Selin Zhunusov,1
Kirill Zhaksylyk,2
Rasul Abenov,2
Islam Akhmetov,3
Tatiana Kuznetsov,4
Olzhas Temirov,3
Ksenia Novikov,4
Meruyert Temirov,4
Baris Alpysbay,5
Arman Abdirov,5
Bekzat Sahin,3
Hasan Daulet,1
Ersultan Morozov,3
Rasul Kudaibergen,3
Askar Ermek,1
Ruslan Bekov,5
Adil Iskakov,4
Alina Mikhailov,5
Aigerim Tleubek,1
Igor Aliyev,3
Islam Novikov,3
Polina Sokolov,2
Aigerim Jumabek,3
Pavel Arslan,5
Emre Orazov,3
Yulia Alpysbay,1
Yulia Konysbay,3
Sanzhar Makhmud,1
Kamila Iskakov,3
Miras Zhaksylyk,1
Emre Shakenov,2
Aigerim Abenov,5
Meruyert Jumabek,3
Derya Arslan,1
Nurlan Amangeldy,3
Nurlan Ivanov,5
Sergey Zhunusov,2
Elena Zhaksylyk,3
Igor Smirnov,5
Marat Karimov,3
Dmitry Morozov,3
Tatiana Koc,4
Islam Kudaibergen,2
Rasul Petrov,1
Baris Kara,4
Dana Aliyev,1
Daria Petrov,3
Aizhan Kassym,1
Aliya Akhmetov,1
Igor Bolat,2
Omar Rakhimov,5
Nikita Omarov,1
Bekzat Zhumabek,3
Dmitry Mikhailov,2
Roman Morozov,3
Sofia Mukanov,4
Daria Volkov,1
Igor Kudaibergen,3
Madina Suleimenov,3
Olga Volkov,2
Azamat Baitursyn,3
Olga Kudaibergen,3
Sultan Alpysbay,4
Kamila Morozov,1
Alisa Smirnov,3
Emre Koc,3
Temirlan Smirnov,3
Nazym Makhmud,4
Vera Volkov,4
Nazerke Nurgaliyev,3
Aisha Orazov,3
Zhandos Cetin,3
Sultan Serikbay,5
Marat Kilic,2
Bekzat Kuznetsov,2
Layla Ibrayev,2
Zeynep Smirnov,3
Olga Baitursyn,1
Laura Kudaibergen,2
Azamat Petrov,2
Dmitry Arslan,3
Miras Mikhailov,2
Adil Iskakov,3
Andrey Temirov,2
Olga Assanov,3
Zhanar Celik,5
Serik Konysbay,2
Derya Dauletov,2
Anna Makhmud,3
Karina Zhunusov,3
Sabina Abenov,1
Ekaterina Makhmud,3
Selin Abdirov,3
Bauyrzhan Demir,1
Nazym Morozov,2
Milana Shakenov,2
Maxim Mukanov,1
Daniyar Baitursyn,1
Sanzhar Konysbay,4
Irina Kassym,2
Rauan Mikhailov,3
Nurlybek Kaya,4
Tomiris Popov,2
Nurlan Dauletov,1
Emre Yilmaz,1
Elena Dauletov,4
Bekzat Abdirov,1
Yerlan Novikov,1
Zhanar Serikbay,1
Kamila Nurgaliyev,4
Zhansaya Smirnov,3
Yernar Kurmanov,1
Talgat Kudaibergen,2
Oleg Bekov,3
Daniyar Akhmetov,3
Maria Arslan,2
Nurzhan Ibrayev,2
Sanzhar Fedorov,4
Meruyert Dauletov,1
Akbota Kara,3
Gulnaz Jumabek,5
Nurzhan Ivanov,4
Ksenia Kurmanov,4
Rauan Volkov,1
Vadim Sahin,4
Meruyert Makhmud,3
Milana Ualiyev,1
Azamat Koc,4
Zhandos Petrov,1
Aliya Musin,3
Nazerke Mikhailov,3
Anton Aslan,3
Kamila Ivanov,2
Madina Serikbay,4
Miras Kuznetsov,1
Bauyrzhan Smirnov,1
Zhansaya Amangeldy,5
Dias Kurt,2
Alibek Karimov,3
Bauyrzhan Ozturk,2
Karina Orazov,5
Omar Celik,1
Nurlybek Tashkenov,3
Yernar Demir,5
Oleg Zhumabek,3
Kairat Iskakov,2
Emre Kudaibergen,1
Nur Serikbay,3
Aruzhan Rakhimov,4
Alisa Fedorov,1
Ece Tleubek,3
Elnur Volkov,3
Nikita Konysbay,3
Roman Ozturk,2
Aliya Iskakov,3
Temirlan Kassym,1
Nurlybek Assanov,4
Asel Shakenov,2
Rasul Esenov,4
Dmitry Abdirov,2
Elnur Karimov,2
Emre Musin,2
Omar Amangeldy,2
Ersultan Akhmetov,2
Milana Arslan,2
Zhanel Serikbay,3
Rauan Abenov,1
Gulnaz Aslan,2
Kirill Musin,1
Rauan Alpysbay,5
Zhandos Kaliyev,2
Roman Abenov,4
Aigerim Demir,3
Baris Gabdullin,1
Akbota Shakenov,4
Kamila Baiseitov,4
Nur Baitursyn,2
Omar Zhumabek,3
Alisa Fedorov,2
Sultan Aslan,2
Ekaterina Ozturk,3
Nurlan Tashkenov,2
Denis Morozov,5
Omar Morozov,3
Sabina Kuznetsov,1
Zhansaya Musin,4
Dias Aliyev,4
Temirlan Kassym,2
Derya Sahin,3
Dinara Sadykov,3
Aigul Sokolov,2
Madina Omarov,3
Islam Kilic,1
Tatiana Shakenov,1
Zhansaya Novikov,1
Zhanna Kara,2
Zhandos Rakhimov,3
Elena Kassym,3
Aruzhan Amangeldy,2
Bekzat Jumabek,2
Zarina Sagyndyk,3
Sergey Arslan,1
Anton Musin,5
Yernar Gabdullin,3
Layla Sahin,1
Aigul Suleimenov,5
Nazerke Daulet,4
Bekzat Aslan,2
Temirlan Tashkenov,4
Islam Orazov,1
Anna Esenov,3
Arman Omarov,1
Ekaterina Fedorov,1
Nikita Lebedev,3
Talgat Abenov,2
Serik Novikov,3
Vera Petrov,4
Roman Abenov,4
Serik Yerzhanov,2
Yerlan Petrov,4
Sabina Demir,1
Bauyrzhan Tashkenov,2
Aisha Aslan,3
Ainur Serikbay,5
Amir Musin,2
Daniyar Shakenov,2
Daria Amangeldy,3
Sabina Suleimenov,1
Ksenia Abenov,2
Murat Popov,2
Dana Esenov,3
Maria Kurt,3
Kamila Lebedev,3
Baris Dogan,4
Nurlybek Baiseitov,2
Kirill Volkov,4
Yulia Gabdullin,2
Sabina Amangeldy,3
Nurzhan Demir,1
Emre Sahin,3
Vlad Zhumabek,1
Meruyert Karimov,3
Elena Mikhailov,5
Aruzhan Omarov,1
Sultan Orazov,4
Selin Tashkenov,2
Roman Arslan,5
Akbota Serikbay,1
Irina Kaya,3
Aknur Rakhimov,3
Gaukhar Serikbay,2
Miras Celik,1
Zeynep Dauletov,1
Maxim Kassym,2
Aigerim Ivanov,1
Dias Jumabek,3
Timur Aslan,2
Gulnaz Orazov,2
Tomiris Omarov,3
Dmitry Jumabek,1
Aliya Yerzhanov,4
Talgat Arslan,2
Irina Daulet,3
Vlad Akhmetov,2
Anna Novikov,5
Aruzhan Sagyndyk,2
Ersultan Smirnov,2
Aigerim Bolat,4
Timur Sagyndyk,5
Derya Cetin,4
Aizhan Zhunusov,5
Kuanysh Dogan,1
Denis Ibrayev,3
Yerbol Baiseitov,1
Elnur Zhaksylyk,4
Yerlan Zhunusov,3
Hasan Morozov,5
Andrey Abenov,2
Tatiana Serikbay,1
Rauan Turgenev,2
Ksenia Abdirov,2
Rauan Kaya,2
Ainur Sahin,1
Sultan Yerzhanov,2
Tolga Dogan,1
Talgat Shakenov,3
Gulnaz Cetin,4
Symbat Gabdullin,1
Alisa Alpysbay,4
Ainur Ermek,1
Nurlan Kuznetsov,5
Tolga Arslan,2
Laura Karimov,2
Bauyrzhan Daulet,1
Meruyert Arslan,1
Alibek Kassym,2
Sanzhar Orazov,3
Ekaterina Sadykov,4
Vera Abenov,2
Saltanat Iskakov,2
Roman Tleubek,2
Tomiris Aslan,1
Zhanar Abdirov,1
Vera Turgenev,5
Karina Dogan,4
Ersultan Suleimenov,1
Daria Volkov,1
Anna Arslan,3
Timur Dauletov,1
Nazym Kara,3
Nazym Kuznetsov,1
Zhuldyz Bekov,2
Gulnaz Sahin,1
Sofia Nurgaliyev,4
Kamila Konysbay,4
Ece Dauletov,4
Olga Popov,2
Zhanna Abdirov,5
Kerem Fedorov,4
Irina Tashkenov,1
Olga Aliyev,1
Aizhan Novikov,4
Milana Yilmaz,5
Balzhan Volkov,3
Emre Jumabek,2
Sanzhar Morozov,2
Laura Makhmud,3
Rauan Kuznetsov,3
Temirlan Ualiyev,4
Sanzhar Karimov,5
Nikita Sadykov,4
Ksenia Novikov,4
Zhanar Volkov,2
Vlad Shakenov,1
Rauan Demir,5
Daria Amangeldy,1
Azamat Popov,5
Nurlybek Tleubek,3
Sultan Baitursyn,5
Kairat Sahin,2
Aigul Iskakov,1
Alisa Kurmanov,3
Irina Kara,1
Adil Arslan,2
Timur Novikov,3
Askar Arslan,1
Bekzat Iskakov,4
Gaukhar Omarov,2
Talgat Kilic,3
Nikita Iskakov,2
Aisha Kurt,2
Aliya Zhunusov,1
Ilyas Demir,3
Yernar Amangeldy,1
Zhanel Omarov,4
Nur Amangeldy,2
Murat Ibrayev,3
Sultan Morozov,3
Layla Rakhimov,3
Tatiana Smirnov,5
Nurlybek Bekov,3
Gaukhar Rakhimov,4
Tatiana Konysbay,3
Sofia Dauletov,2
Yerbol Sadykov,2
Ksenia Alpysbay,2
Askar Alpysbay,2
Kairat Mukanov,3
Marat Sokolov,3
Olzhas Jumabek,4
Nurzhan Popov,3
Denis Kilic,1
Kairat Aliyev,4
Sanzhar Mikhailov,2
Azamat Kuznetsov,2
Daniyar Musin,1
Temirlan Yerzhanov,3
Vadim Abenov,2
Vadim Sahin,1
Maria Ermek,1
Yernar Assanov,3
Zhanel Turgenev,2
Asel Abdirov,1
Derya Sahin,4
Zhuldyz Volkov,3
Nur Tleubek,2
Elif Aliyev,3
Ilyas Rakhimov,5
Saltanat Alpysbay,1
Dana Mukanov,1
Sabina Dauletov,1
Oleg Suleimenov,5
Baris Rakhimov,3
Arman Tleubek,5
Ilyas Sahin,1
Madina Baiseitov,2
Adil Jumabek,1
Andrey Abdirov,1
Ainur Koc,3
Sergey Assanov,3
Igor Zhunusov,2
Alisa Kaliyev,3
Alina Abdirov,2
Artem Arslan,3
Tatiana Cetin,1
Milana Kilic,2
Ainur Gabdullin,1
Elif Sagyndyk,3
Yernar Omarov,3
Olga Novikov,3
Elena Sahin,2
Daniyar Ozturk,3
Milana Petrov,3
Artem Jumabek,2
Zhansaya Kassym,5
Ilyas Kara,3
Elif Baitursyn,3
Dias Bekov,1
Sergey Kaya,1
Gulnaz Karimov,2
Balzhan Kara,3
Ekaterina Lebedev,3
Nikita Temirov,3
Tomiris Konysbay,1
Kerem Esenov,1
Layla Kuznetsov,1
Tatiana Shakenov,1
Tomiris Yerzhanov,2
Daria Smirnov,3
Aigul Serikbay,3
Aliya Kurmanov,1
Sultan Karimov,2
Nazym Cetin,4
Kamila Amangeldy,5
Gulnaz Orazov,3
Zarina Sahin,3
Meruyert Zhunusov,2
Dinara Kassym,2
Yulia Demir,2
Aisha Smirnov,2
Zhanar Petrov,5
Islam Ivanov,1
Vlad Lebedev,4
Zhuldyz Morozov,3
Sofia Fedorov,4
Nurlan Bolat,3
Polina Mikhailov,1
Ersultan Ivanov,3
Milana Amangeldy,2
Talgat Yilmaz,3
Nazym Turgenev,5
Yulia Kilic,3
Rasul Temirov,1
Kirill Daulet,1
Nurzhan Kaliyev,3
Daniyar Ozturk,1
Ainur Gabdullin,1
Zeynep Baitursyn,4
Selin Cetin,1
Aruzhan Bolat,1
Dias Sadykov,5
Balzhan Kara,5
Oleg Mukanov,4
Aknur Yerzhanov,1
Zhanel Yilmaz,1
Nur Shakenov,2
Zeynep Sadykov,4
Zeynep Mukanov,3
Elif Shakenov,1
Bauyrzhan Aliyev,4
Gulnaz Aliyev,1
Ekaterina Dogan,2
Baris Ozturk,5
Alina Abdirov,1
Islam Zhunusov,1
Zhuldyz Demir,5
Azamat Morozov,2
Andrey Serikbay,1
Saltanat Karimov,2
Dana Turgenev,1
Olga Kilic,3
Dmitry Temirov,1
Asel Konysbay,2
Islam Bekov,5
Dias Tashkenov,5
Sultan Assanov,1
Sofia Bekov,5
Kuanysh Orazov,2
Baris Suleimenov,2
Nurlan Demir,2
Adil Daulet,3
Kuanysh Yilmaz,2
Islam Gabdullin,1
Kuanysh Makhmud,2
Milana Ozturk,1
Denis Kassym,1
Islam Nurgaliyev,2
Miras Morozov,2
Ilyas Ermek,3
Olga Aslan,5
Rauan Aliyev,1
Meruyert Kuznetsov,3
Nurzhan Kuznetsov,2
Bekzat Orazov,5
Milana Kaliyev,1
Vlad Suleimenov,3
Kirill Ibrayev,2
Ece Temirov,3
Ainur Amangeldy,4
Emre Ermek,2
Baris Mukanov,4
Yernar Nurgaliyev,3
Vlad Tleubek,3
Arman Sadykov,2
Alibek Aslan,2
Kuanysh Kudaibergen,5
Nikita Temirov,1
Kairat Koc,1
Miras Dogan,4
Ece Kassym,2
Tolga Assanov,1
Hasan Baiseitov,4
Amir Kaliyev,3
Ruslan Serikbay,4
Nazym Karimov,1
Zhuldyz Aliyev,1
Laura Ivanov,2
Nazym Ibrayev,4
Zhuldyz Shakenov,4
Ilyas Nurgaliyev,1
Kerem Suleimenov,5
Aruzhan Dauletov,2
Irina Abdirov,4
Vera Zhunusov,4
Temirlan Sahin,1
Kamila Serikbay,1
Islam Baitursyn,2
Nazym Volkov,4
Polina Yerzhanov,4
Marat Mukanov,2
Zhanel Morozov,2
Irina Zhaksylyk,2
Zhandos Kaliyev,1
Arman Abenov,4
Asel Turgenev,1
Tomiris Sokolov,1
Balzhan Assanov,2
Ekaterina Kilic,3
Islam Kara,3
Islam Yilmaz,2
Dana Demir,3
Dana Demir,5
Symbat Aliyev,3
Temirlan Kara,2
Olzhas Musin,1
Alina Tashkenov,3
Alibek Mikhailov,2
Ece Iskakov,3
Aigul Akhmetov,2
Pavel Mukanov,3
Adil Musin,3
Marat Rakhimov,4
Amir Aliyev,1
Miras Koc,3
Miras Tashkenov,2
Saltanat Smirnov,2
Milana Petrov,3
Zhansaya Novikov,3
Kairat Ozturk,3
Olzhas Arslan,3
Kuanysh Mukanov,5
Nazym Yerzhanov,1
Hasan Baitursyn,2
Ksenia Ozturk,5
Vera Sahin,3
Nurzhan Akhmetov,4
Aisha Ualiyev,4
Dmitry Shakenov,1
Sanzhar Baiseitov,3
Bauyrzhan Cetin,1
Denis Ibrayev,1
Serik Akhmetov,4
Maxim Nurgaliyev,3
Olga Esenov,2
Oleg Orazov,2
Sultan Morozov,3
Nurlan Rakhimov,2
Andrey Demir,2
Ruslan Daulet,2
Emre Sahin,4
Anel Suleimenov,1
Kamila Abenov,3
Daria Assanov,3
Akbota Gabdullin,1
Sultan Akhmetov,1
Nurlybek Aslan,1
Aigerim Karimov,1
Islam Mukanov,1
Maxim Assanov,4
Gaukhar Yerzhanov,3
Aruzhan Assanov,2
Sanzhar Sokolov,1
Damir Kassym,2
Murat Kudaibergen,1
Maxim Kilic,1
Sanzhar Akhmetov,2
Anel Volkov,1
Gulnaz Akhmetov,3
Zarina Zhumabek,3
Milana Morozov,1
Aigul Lebedev,4
Sabina Arslan,1
Akbota Lebedev,3
Zhandos Gabdullin,3
Ersultan Jumabek,1
Daniyar Ozturk,2
Ekaterina Fedorov,4
Ainur Aliyev,1
Yerbol Rakhimov,3
Yerbol Assanov,2
Sanzhar Tashkenov,2
Derya Yilmaz,4
Igor Demir,3
Aknur Arslan,2
Anna Ualiyev,2
Kairat Sagyndyk,3
Adil Novikov,5
Saltanat Sagyndyk,1
Kirill Fedorov,2
Polina Ualiyev,1
Selin Aliyev,3
Amir Tashkenov,1
Dinara Aliyev,1
Emre Arslan,4
Askar Baiseitov,1
Baris Ualiyev,2
Pavel Suleimenov,4
Daniyar Yerzhanov,3
Igor Temirov,1
Olga Kilic,1
Bekzat Smirnov,5
Talgat Ibrayev,1
Aruzhan Kurmanov,1
Nazerke Akhmetov,5
Aknur Esenov,1
Gaukhar Musin,5
Maria Dauletov,5
Zhansaya Yerzhanov,3
Olzhas Sagyndyk,3
Oleg Serikbay,1
Nazym Tleubek,2
Zhandos Kaliyev,1
Olga Rakhimov,5
Tatiana Yilmaz,5
Temirlan Ibrayev,3
Damir Jumabek,1
Irina Assanov,1
Aliya Abdirov,1
Islam Omarov,1
Timur Kudaibergen,5
Karina Dogan,2
Ainur Konysbay,3
Islam Sagyndyk,5
Elnur Volkov,2
Polina Kuznetsov,2
Omar Aslan,5
Sultan Musin,3
Saltanat Abenov,2
Islam Shakenov,3
Omar Esenov,1
Kerem Amangeldy,3
Emre Zhaksylyk,4
Rasul Bolat,5
Milana Zhaksylyk,1
Balzhan Ozturk,4
Rauan Bolat,4
Sergey Kara,5
Nazym Suleimenov,3
Igor Makhmud,3
Yernar Yerzhanov,1
Zhuldyz Ivanov,3
Aliya Tleubek,2
Sanzhar Orazov,1
Sanzhar Shakenov,1
Bekzat Abdirov,4
Ksenia Abenov,2
Talgat Esenov,1
Polina Kara,1
Alibek Ermek,2
Tomiris Temirov,4
Zhandos Sahin,3
Nazerke Jumabek,2
Gaukhar Ibrayev,3
Ilyas Kudaibergen,1
Arman Kassym,1
Temirlan Kurt,3
Alibek Amangeldy,1
Artem Koc,2
Aisha Sahin,2
Andrey Zhaksylyk,2
Dinara Turgenev,1
Karina Turgenev,2
Alisa Smirnov,4
Talgat Ibrayev,4
Damir Karimov,3
Emre Volkov,1
Kairat Smirnov,5
Madina Kassym,1
Yerbol Morozov,2
Aizhan Popov,4
Zhansaya Aliyev,4
Meruyert Dauletov,1
Meruyert Makhmud,1
Anton Yilmaz,2
Damir Yerzhanov,2
Denis Kuznetsov,3
Marat Makhmud,4
Meruyert Iskakov,2
Nazerke Koc,3
Madina Ivanov,1
Aizhan Bekov,4
Damir Popov,2
Yerlan Musin,3
Polina Kilic,1
Tatiana Sagyndyk,3
Sanzhar Tleubek,4
Zhuldyz Zhaksylyk,1
Irina Orazov,4
Omar Kaya,4
Vadim Volkov,2
Igor Bekov,3
Tolga Ozturk,3
Alina Popov,5
Aisha Bekov,1
Ksenia Zhaksylyk,1
Ece Zhumabek,1
Miras Esenov,1
Ekaterina Baitursyn,2
Kerem Baitursyn,2
Pavel Daulet,4
Meruyert Gabdullin,2
Islam Temirov,3
Miras Aslan,3
Balzhan Aslan,1
Baris Assanov,4
Nazerke Tleubek,1
Layla Aslan,2
Elif Bekov,3
Ekaterina Morozov,2
Tolga Serikbay,2
Ruslan Ivanov,4
Aliya Arslan,1
Murat Baitursyn,2
Arman Mukanov,1
Baris Makhmud,1
Rasul Yerzhanov,2
Miras Jumabek,1
Denis Smirnov,1
Polina Sagyndyk,1
Ksenia Celik,3
Sanzhar Zhunusov,1
Adil Kudaibergen,3
Emre Akhmetov,1
Zhuldyz Kurt,1
Dmitry Demir,1
Bauyrzhan Mukanov,5
Kamila Iskakov,4
Alibek Ivanov,1
Olzhas Sahin,4
Emre Kara,5
Arman Amangeldy,1
Kerem Yilmaz,2
Aisha Yilmaz,3
Amir Demir,3
Talgat Kaya,1
Zhandos Sahin,2
Ekaterina Kaya,3
Dinara Gabdullin,2
Emre Turgenev,1
Derya Omarov,4
Roman Abenov,3
Meruyert Musin,1
Elena Celik,3
Zhanna Turgenev,3
Symbat Kassym,2
Madina Orazov,3
Talgat Novikov,3
Anton Makhmud,1
Aliya Kurt,2
Kuanysh Musin,5
Olga Lebedev,3
Pavel Yerzhanov,1
Igor Aslan,5
Temirlan Mukanov,4
Zhuldyz Amangeldy,3
Ksenia Serikbay,4
Zeynep Kaya,1
Zhanna Alpysbay,2
Aruzhan Kilic,3
Kerem Temirov,5
Aisha Abenov,1
Arman Shakenov,1
Kairat Mukanov,1
Yerlan Assanov,2
Yerbol Makhmud,3
Nur Nurgaliyev,2
Ruslan Assanov,4
Omar Popov,2
Tatiana Suleimenov,3
Vlad Zhunusov,1
Aigerim Lebedev,4
Zhanar Zhumabek,3
Ilyas Baiseitov,2
Ksenia Kurmanov,2
Artem Yilmaz,1
Yulia Kilic,1
Saltanat Tleubek,1
Dmitry Kurt,3
Amir Kara,5
Anel Turgenev,3
Aliya Kuznetsov,3
Nikita Yilmaz,2
Rasul Yilmaz,3
Temirlan Akhmetov,2
Nurlan Koc,1
Aigul Baiseitov,1
Ilyas Ozturk,1
Vlad Tleubek,3
Kamila Lebedev,2
Ece Suleimenov,2
Polina Esenov,1
Ece Alpysbay,5
Timur Mukanov,3
Zhansaya Temirov,5
Asel Karimov,4
Bauyrzhan Alpysbay,1
Gulnaz Tleubek,3
Asel Dogan,2
Akbota Arslan,3
Zeynep Sahin,4
Marat Yilmaz,1
Tolga Iskakov,1
Aruzhan Jumabek,3
Elnur Popov,3
Zhanna Aslan,2
Milana Musin,5
Asel Baiseitov,3
Daria Nurgaliyev,1
Aliya Karimov,3
Elena Abdirov,1
Ersultan Ualiyev,3
Sergey Ualiyev,4
Kairat Kaliyev,1
Yerlan Temirov,5
Irina Abdirov,2
Ekaterina Tashkenov,1
Azamat Iskakov,1
Sofia Baitursyn,4
Zhanna Baiseitov,1
Zhanna Orazov,2
Dias Suleimenov,3
Sofia Kuznetsov,3
Artem Temirov,3
Asel Fedorov,3
Emre Assanov,1
Tomiris Gabdullin,2
Timur Arslan,1
Dias Orazov,5
Vlad Bekov,2
Vadim Kaya,3
Bekzat Esenov,4
Karina Suleimenov,1
Aizhan Serikbay,2
Talgat Bolat,5
Sabina Lebedev,3
Bauyrzhan Sadykov,3
Aliya Kaliyev,1
Adil Zhumabek,2
Balzhan Ualiyev,1
Derya Zhaksylyk,3
Zhandos Bekov,3
Tolga Kurt,1
Elif Yilmaz,4
Nazym Koc,1
Dmitry Mikhailov,1
Zarina Kurt,2
Azamat Alpysbay,4
Tomiris Nurgaliyev,2
Kamila Demir,5
Yerbol Rakhimov,3
Igor Arslan,3
Madina Zhunusov,3
Gaukhar Sagyndyk,1
Baris Koc,1
Igor Kaya,2
Rauan Suleimenov,1
Talgat Orazov,5
Amir Fedorov,2
Tomiris Aslan,1
Sergey Bolat,3
Islam Karimov,2
Olzhas Gabdullin,2
Nurzhan Kudaibergen,4
Sultan Abenov,4
Vadim Baitursyn,5
Timur Karimov,5
Marat Mukanov,3
Emre Amangeldy,4
Gaukhar Musin,2
Rasul Kaya,2
Kamila Turgenev,3
Meruyert Tashkenov,2
Zhanar Koc,1
Askar Makhmud,2
Dmitry Yilmaz,1
Azamat Temirov,4
Sultan Kaya,2
Sultan Makhmud,2
Amir Gabdullin,2
Meruyert Dauletov,1
Sergey Ermek,1
Balzhan Kudaibergen,4
Asel Kassym,3
Selin Tashkenov,4
Alisa Smirnov,5
Adil Tashkenov,2
Omar Sokolov,5
Asel Musin,1
Zhanar Sahin,3
Nazym Tashkenov,4
Aruzhan Shakenov,4
Meruyert Temirov,1
Sergey Gabdullin,3
Kuanysh Fedorov,1
Maria Abdirov,2
Kuanysh Petrov,1
Aigul Celik,5
Bauyrzhan Konysbay,2
Akbota Kassym,1
Sanzhar Baiseitov,3
Ilyas Ivanov,3
Temirlan Aslan,1
Derya Yerzhanov,4
Dana Zhaksylyk,1
Vadim Morozov,3
Andrey Sagyndyk,1
Dias Kudaibergen,1
Yernar Aslan,4
Akbota Morozov,2
Zhuldyz Ualiyev,5
Alibek Sahin,2
Yernar Aliyev,4
Aizhan Omarov,2
Zarina Bekov,2
Tatiana Daulet,1
Olga Koc,2
Karina Koc,5
Zhandos Arslan,1
Ruslan Celik,1
Maxim Alpysbay,4
Askar Smirnov,4
Bauyrzhan Ualiyev,2
Emre Temirov,3
Akbota Suleimenov,4
Meruyert Celik,5
Tatiana Morozov,3
Nur Shakenov,3
Alibek Baiseitov,2
Vera Zhaksylyk,1
Nikita Zhaksylyk,1
Elnur Karimov,1
Hasan Abdirov,3
Saltanat Sokolov,4
Emre Fedorov,2
Dana Assanov,3
Zhanel Akhmetov,2
Zhanel Musin,2
Adil Novikov,3
Yerlan Demir,2
Karina Ivanov,3
Anna Serikbay,2
Milana Esenov,2
Nazerke Shakenov,2
Ksenia Zhumabek,3
Dinara Morozov,5
Marat Dauletov,2
Tolga Bolat,2
Nur Orazov,1
Aizhan Ualiyev,1
Selin Demir,2
Dias Mukanov,2
Ece Suleimenov,3
Alibek Koc,4
Aliya Ualiyev,5
Marat Volkov,3
Murat Ivanov,3
Derya Tleubek,1
Zhanna Tashkenov,2
Sergey Ozturk,4
Zeynep Daulet,2
Zhandos Kudaibergen,3
Daria Kuznetsov,4
Nur Yerzhanov,5
Elena Orazov,3
Elif Kilic,4
Aigul Morozov,3
Symbat Akhmetov,3
Nurlan Makhmud,2
Marat Sahin,4
Nurlybek Omarov,2
Elena Kurmanov,3
Tatiana Rakhimov,4
Olga Petrov,2
Arman Esenov,1
Asel Fedorov,2
Daniyar Zhumabek,2
Aigul Musin,1
Balzhan Karimov,3
Aknur Novikov,3
Ksenia Volkov,3
Rauan Bekov,3
Ksenia Baitursyn,3
Tolga Suleimenov,1
Yerlan Ualiyev,3
Damir Ermek,1
Sergey Turgenev,2
Kerem Cetin,1
Akbota Gabdullin,2
Saltanat Kaliyev,1
Askar Popov,4
Maxim Serikbay,1
Kirill Kurmanov,1
Maxim Ivanov,1
Aizhan Temirov,3
Aisha Kilic,2
Kerem Temirov,4
Alina Jumabek,3
Aruzhan Sokolov,1
Karina Abenov,3
Bekzat Omarov,2
Ruslan Novikov,4
Kairat Mukanov,2
Amir Arslan,3
Olga Arslan,2
Balzhan Omarov,1
Vadim Sokolov,1
Bekzat Esenov,3
Nikita Novikov,2
Sergey Mukanov,5
Damir Abenov,1
Karina Celik,1
Irina Kilic,2
Yernar Bekov,2
Nurzhan Assanov,1
Zhanar Alpysbay,4
Olzhas Karimov,3
Zhanna Aslan,1
Pavel Konysbay,1
Akbota Bolat,5
Aliya Volkov,2
Sultan Baitursyn,1
Tatiana Fedorov,2
Vadim Dogan,3
Ainur Tashkenov,1
Maria Shakenov,3
Bekzat Yerzhanov,2
Baris Mikhailov,3
Anton Baitursyn,1
Rauan Assanov,2
Symbat Celik,3
Zhanna Yerzhanov,1
Ruslan Esenov,1
Tatiana Yerzhanov,3
Elif Yilmaz,4
Sabina Serikbay,2
Sergey Omarov,2
Dinara Daulet,5
Sultan Gabdullin,3
Yulia Tashkenov,2
Alisa Suleimenov,2
Adil Sagyndyk,4
Zhanel Baitursyn,1
Roman Karimov,5
Marat Yilmaz,4
Marat Arslan,2
Ruslan Mikhailov,1
Yernar Arslan,1
Amir Ivanov,5
Arman Ibrayev,2
Gaukhar Zhunusov,1
Ekaterina Baitursyn,2
Olzhas Serikbay,4
Marat Nurgaliyev,2
Talgat Karimov,1
Denis Kuznetsov,2
Murat Alpysbay,5
Yernar Baitursyn,3
Irina Zhumabek,3
Serik Jumabek,2
Symbat Celik,1
Derya Musin,5
Gaukhar Popov,2
Daria Ivanov,1
Derya Nurgaliyev,3
Aigerim Demir,1
Amir Zhumabek,5
Artem Yilmaz,2
Askar Sadykov,2
Nurlan Yerzhanov,4
Zhanna Arslan,3
Layla Makhmud,4
Vera Serikbay,3
Omar Tashkenov,5
Layla Dauletov,5
Aliya Ermek,2
Selin Konysbay,1
Saltanat Makhmud,3
Daria Rakhimov,5
Murat Zhumabek,5
Olga Rakhimov,5
Aigerim Ermek,2
Anel Petrov,2
Adil Tashkenov,3
Damir Volkov,4
Daniyar Konysbay,2
Selin Aslan,3
Gaukhar Tashkenov,2
Vadim Tleubek,1
Aliya Kilic,1
Rauan Kassym,2
Vadim Mikhailov,1
Vadim Tleubek,3
Nazym Sokolov,1
Meruyert Omarov,1
Omar Musin,3
Aigul Temirov,3
Miras Celik,1
Damir Aslan,1
Ekaterina Kaliyev,1
Denis Kilic,3
Sergey Amangeldy,2
Maria Dauletov,3
Sabina Nurgaliyev,3
Gulnaz Serikbay,5
Emre Omarov,3
Pavel Jumabek,2
Alina Tashkenov,1
Ainur Esenov,1
Kamila Zhunusov,2
Ksenia Zhunusov,5
Laura Ozturk,5
Dmitry Zhaksylyk,2
Askar Volkov,3
Daniyar Alpysbay,3
Tatiana Musin,2
Igor Volkov,5
Dmitry Iskakov,4
Timur Baitursyn,1
Ksenia Bolat,2
Pavel Sadykov,2
Tatiana Dauletov,2
Daria Yerzhanov,3
Gaukhar Suleimenov,1
Karina Kilic,2
Gaukhar Bekov,3
Layla Celik,3
Timur Jumabek,1
Derya Smirnov,1
Polina Jumabek,4
Olzhas Konysbay,1
Kerem Mikhailov,2
Baris Demir,1
Aruzhan Arslan,5
Pavel Gabdullin,2
Nurzhan Ivanov,2
Gulnaz Mukanov,1
Derya Abdirov,3
Dinara Ibrayev,1
Alina Orazov,2
Omar Iskakov,1
Zhanna Orazov,3
Madina Sagyndyk,2
Gulnaz Alpysbay,3
Kuanysh Kara,2
Marat Bekov,3
Olga Sahin,3
Tomiris Akhmetov,2
Ainur Mukanov,3
Aigul Turgenev,5
Roman Novikov,3
Igor Kara,5
Serik Alpysbay,2
Zhuldyz Ibrayev,1
Kairat Abenov,3
Baris Ivanov,5
Daniyar Petrov,4
Dias Ozturk,2
Nurlybek Koc,4
Akbota Amangeldy,2
Laura Makhmud,2
Ainur Kaya,2
Dias Jumabek,1
Roman Lebedev,3
Pavel Temirov,1
Sabina Daulet,3
Daniyar Demir,3
Omar Aliyev,4
Dana Karimov,1
Sergey Kurt,3
Alisa Daulet,1
Olzhas Jumabek,2
Irina Demir,1
Aruzhan Sadykov,3
Zhansaya Kilic,2
Dana Volkov,3
Zeynep Abenov,2
Nazym Ualiyev,5
Aigul Baiseitov,5
Serik Kurt,4
Nurlybek Volkov,3
Daniyar Ualiyev,2
Zhuldyz Assanov,1
Aknur Kudaibergen,5
Zeynep Baitursyn,2
Aizhan Morozov,3
Nur Sagyndyk,5
Aizhan Abdirov,1
Rasul Arslan,1
Akbota Musin,2
Zhansaya Temirov,3
Daria Sokolov,2
Zhanar Sagyndyk,3
Sultan Serikbay,1
Derya Kara,4
Laura Daulet,2
Ersultan Ibrayev,1
Amir Akhmetov,1
Akbota Kurmanov,4
Kirill Yerzhanov,1
Baris Zhaksylyk,2
Elif Jumabek,3
Emre Tashkenov,1
Kamila Kilic,1
Serik Celik,2
Aigul Temirov,2
Layla Assanov,2
Miras Konysbay,4
Ilyas Petrov,1
Ruslan Daulet,4
Zhuldyz Kaya,4
Timur Ivanov,4
Ilyas Karimov,1
Anel Novikov,4
Yernar Abdirov,1
Zeynep Ivanov,3
Alisa Volkov,5
Kuanysh Konysbay,4
Oleg Suleimenov,2
Aigerim Yerzhanov,3
Aigul Suleimenov,4
Zhanel Fedorov,5
Tomiris Kaya,1
Ilyas Kilic,4
Denis Novikov,4
Damir Celik,3
Daria Assanov,3
Aruzhan Yerzhanov,3
Aruzhan Zhaksylyk,2
Gaukhar Koc,3
Amir Temirov,1
Dias Demir,3
Zhanna Makhmud,3
Kairat Iskakov,1
Ilyas Volkov,5
Askar Nurgaliyev,1
Elena Shakenov,4
Timur Omarov,3
Olzhas Omarov,4
Elif Demir,4
Sanzhar Orazov,1
Sabina Shakenov,1
Meruyert Shakenov,3
Damir Ermek,1
Tolga Shakenov,3
Olga Kara,1
Kamila Smirnov,4
Zhuldyz Serikbay,3
Damir Turgenev,4
Daria Yilmaz,3
Nikita Yerzhanov,1
Damir Makhmud,2
Serik Zhaksylyk,2
Meruyert Kassym,5
Gulnaz Kaya,5
Nurlybek Volkov,2
Akbota Cetin,5
Milana Petrov,2
Anna Karimov,3
Maria Kassym,3
Aigerim Volkov,5
Timur Bolat,4
Karina Dogan,4
Omar Rakhimov,4
Aliya Suleimenov,2
Daniyar Zhumabek,1
Omar Ibrayev,2
Bauyrzhan Volkov,3
Igor Sagyndyk,2
Asel Kara,3
Omar Akhmetov,2
Igor Baiseitov,2
Aliya Fedorov,3
Temirlan Tleubek,4
Symbat Dauletov,1
Artem Demir,1
Tatiana Bekov,4
Kirill Akhmetov,3
Derya Dauletov,4
Alisa Jumabek,3
Ruslan Smirnov,2
Ece Jumabek,3
Zhuldyz Dauletov,5
Ksenia Konysbay,1
Maxim Gabdullin,2
Dias Dogan,1
Alina Jumabek,1
Marat Shakenov,1
Zhanna Sagyndyk,4
Kerem Rakhimov,3
Nikita Alpysbay,2
Adil Cetin,1
Oleg Sagyndyk,1
Miras Akhmetov,1
Sabina Kurmanov,1
Nazerke Zhunusov,1
Baris Smirnov,3
Balzhan Zhaksylyk,1
Yernar Orazov,1
Aigul Ibrayev,4
Timur Baiseitov,2
Askar Tashkenov,1
Omar Alpysbay,3
Zhanel Kaliyev,1
Serik Amangeldy,3
Laura Temirov,2
Yulia Aliyev,2
Yerlan Rakhimov,2
Kamila Omarov,4
Madina Cetin,3
Ruslan Nurgaliyev,1
Ksenia Kilic,4
Azamat Aslan,4
Timur Shakenov,2
Daria Ermek,2
Yulia Jumabek,2
Islam Ibrayev,5
Aigul Temirov,1
Alibek Ermek,3
Sergey Assanov,2
Daniyar Aliyev,1
Polina Dauletov,3
Nurlan Shakenov,2
Dias Kaya,2
Gaukhar Zhaksylyk,3
Ece Rakhimov,5
Daniyar Serikbay,4
Dana Volkov,2
Nurlybek Koc,3
Dias Akhmetov,2
Tolga Novikov,1
Dias Lebedev,1
Polina Kurt,4
Derya Kassym,4
Dana Jumabek,2
Ersultan Amangeldy,1
Timur Tleubek,3
Ksenia Kurmanov,3
Daniyar Kilic,1
Aliya Akhmetov,1
Vera Esenov,4
Serik Kaliyev,3
Selin Sahin,1
Yerbol Aslan,1
Baris Ivanov,3
Zhandos Tleubek,1
Marat Morozov,1
Aknur Sahin,3
Aigerim Gabdullin,5
Yulia Turgenev,2
Madina Arslan,5
Zhanel Shakenov,1
Vera Kurmanov,1
Serik Aslan,1
Meruyert Tashkenov,2
Kirill Koc,3
Yulia Karimov,3
Yulia Arslan,1
Milana Kaliyev,2
Kerem Omarov,1
Anel Jumabek,1
Madina Temirov,5
Askar Aliyev,2
Yernar Karimov,5
Nurzhan Kurt,5
Denis Ivanov,5
Dmitry Daulet,1
Laura Amangeldy,4
Yerbol Sagyndyk,3
Meruyert Kassym,3
Yerbol Suleimenov,5
Sanzhar Dogan,2
Arman Sadykov,1
Nurlybek Suleimenov,3
Murat Zhumabek,3
Maria Gabdullin,4
Ilyas Akhmetov,3
Aigul Iskakov,1
Arman Kurmanov,2
Alibek Alpysbay,3
Igor Celik,3
Aliya Amangeldy,2
Dmitry Orazov,2
Sanzhar Ibrayev,1
Artem Konysbay,3
Akbota Kaya,5
Kuanysh Kassym,5
Daniyar Demir,1
Akbota Aslan,2
Temirlan Aslan,1
Ersultan Cetin,4
Maxim Baitursyn,1
Zhansaya Mukanov,1
Tolga Lebedev,3
Askar Dogan,4
Pavel Akhmetov,2
Ekaterina Yerzhanov,3
Islam Alpysbay,2
Miras Abenov,1
Alibek Ermek,2
Anel Lebedev,2
Daniyar Arslan,1
Ilyas Celik,4
Yerlan Kudaibergen,4
Maria Karimov,1
Aigerim Baiseitov,2
Zhanar Yilmaz,5
Elif Esenov,3
Vlad Cetin,1
Kirill Zhumabek,3
Nazerke Novikov,5
Baris Esenov,4
Rauan Daulet,2
Polina Kuznetsov,2
Derya Volkov,3
Baris Kaya,4
Yerbol Ibrayev,4
Meruyert Assanov,3
Denis Suleimenov,3
Murat Kilic,2
Roman Volkov,1
Oleg Bolat,2
Karina Tashkenov,3
Miras Tashkenov,2
Andrey Morozov,2
Yulia Sahin,1
Emre Ermek,3
Zhanna Bolat,1
Tomiris Aliyev,2
Aruzhan Kilic,2
Nazym Cetin,2
Elif Novikov,2
Sofia Yilmaz,3
Anel Abdirov,1
Dias Kaliyev,2
Selin Kuznetsov,3
Daniyar Bekov,2
Tolga Novikov,1
Asel Orazov,2
Nurzhan Popov,3
Emre Arslan,3
Yulia Ualiyev,3
Zhansaya Esenov,5
Maxim Ualiyev,5
Meruyert Yerzhanov,2
Igor Sadykov,5
Ersultan Shakenov,5
Nurlybek Alpysbay,1
Murat Gabdullin,3
Zhanar Kudaibergen,2
Adil Smirnov,3
Tatiana Mikhailov,2
Sanzhar Esenov,2
Aruzhan Kilic,3
Talgat Aslan,3
Azamat Sahin,1
Denis Kassym,4
Sabina Akhmetov,1
Ruslan Kassym,3
Sanzhar Baiseitov,4
Artem Baiseitov,1
Yernar Fedorov,1
Ksenia Sadykov,1
Yulia Dogan,2
Ksenia Mukanov,3
Yernar Shakenov,2
Tomiris Yilmaz,4
Igor Ivanov,1
Dinara Serikbay,4
Polina Kassym,5
Meruyert Smirnov,3
Maria Dauletov,2
Tomiris Arslan,1
Emre Mikhailov,1
Sabina Turgenev,2
Alisa Smirnov,2
Omar Kudaibergen,1
Kuanysh Kaliyev,2
Alisa Dogan,1
Irina Petrov,1
Kairat Mukanov,2
Nikita Zhunusov,4
Denis Karimov,4
Aizhan Aslan,2
Elif Novikov,5
Aruzhan Morozov,1
Aizhan Cetin,3
Maria Karimov,2
Vera Demir,2
Roman Ivanov,2
Nurlybek Kassym,1
Polina Aslan,4
Nurlybek Dogan,1
Symbat Celik,1
Anton Daulet,1
Miras Volkov,2
Zhanar Smirnov,5
Nikita Makhmud,1
Ece Ualiyev,5
Milana Kaliyev,1
Bekzat Kara,5
Balzhan Tashkenov,1
Rasul Kuznetsov,5
Layla Kara,1
Bekzat Kudaibergen,2
Nazym Assanov,1
Murat Petrov,3
Zhanel Baiseitov,2
Zeynep Kuznetsov,3
Alibek Tashkenov,4
Symbat Kudaibergen,3
Akbota Novikov,1
Kerem Baitursyn,1
Ilyas Cetin,4
Vlad Zhunusov,1
Nazerke Bekov,3
Bauyrzhan Arslan,1
Denis Sahin,4
Daniyar Daulet,1
Talgat Kara,4
Artem Yilmaz,3
Oleg Kassym,3
Pavel Zhumabek,3
Sergey Kassym,1
Rasul Baiseitov,4
Layla Bekov,1
Anel Amangeldy,5
Symbat Celik,1
Bauyrzhan Baiseitov,2
Meruyert Tleubek,1
Artem Zhunusov,3
Temirlan Ermek,4
Askar Kudaibergen,5
Madina Kassym,3
Dias Musin,4
Maria Serikbay,4
Kamila Arslan,1
Sergey Iskakov,4
Daria Novikov,4
Nurzhan Amangeldy,1
Dinara Kurmanov,3
Meruyert Novikov,3
Temirlan Abdirov,2
Zhanna Suleimenov,2
Serik Sadykov,3
Marat Kilic,3
Zhandos Mukanov,2
Dmitry Volkov,1
Kirill Orazov,3
Tomiris Esenov,1
Olga Zhaksylyk,5
Dana Ivanov,2
Olzhas Cetin,1
Kamila Kaliyev,3
Zhanna Zhunusov,1
Andrey Jumabek,3
Madina Amangeldy,1
Akbota Kilic,2
Ersultan Assanov,3
Bauyrzhan Tleubek,2
Baris Yilmaz,1
Sofia Demir,3
Amir Makhmud,2
Sabina Orazov,1
Yulia Ualiyev,3
Irina Yerzhanov,5
Denis Mukanov,2
Denis Baitursyn,5
Oleg Suleimenov,2
Ainur Tashkenov,1
Ainur Kaya,4
Rauan Kara,2
Nurlan Kurt,4
Selin Volkov,5
Meruyert Kara,3
Damir Esenov,4
Hasan Kurt,5
Anel Zhumabek,2
Ainur Zhaksylyk,3
Elnur Ermek,2
Anton Esenov,1
Karina Arslan,1
Ruslan Nurgaliyev,2
Vadim Mukanov,4
Murat Gabdullin,3
Vera Musin,3
Olga Sagyndyk,1
Rauan Mikhailov,4
Rasul Kara,1
Ekaterina Kurmanov,3
Aigerim Kurt,2
Nazerke Nurgaliyev,3
Daria Tleubek,3
Kairat Kara,1
Zeynep Ermek,2
Kirill Serikbay,5
Adil Celik,5
Islam Tleubek,4
Timur Kilic,3
Temirlan Arslan,1
Gaukhar Shakenov,2
Andrey Daulet,1
Elnur Tleubek,1
Serik Aliyev,3
Bauyrzhan Kaya,1
Marat Sahin,3
Elena Ualiyev,1
Maria Smirnov,3
Ekaterina Mukanov,5
Bauyrzhan Cetin,2
Talgat Akhmetov,2
Elena Koc,2
Aigul Konysbay,2
Balzhan Yilmaz,4
Askar Yerzhanov,2
Aknur Lebedev,4
Layla Zhaksylyk,3
Serik Morozov,2
Aknur Popov,1
Andrey Morozov,1
Nurzhan Assanov,4
Sabina Kaliyev,2
Ersultan Shakenov,4
Ece Ibrayev,3
Aigul Turgenev,3
Nurlybek Petrov,5
Nikita Dogan,3
Hasan Jumabek,3
Daria Kurmanov,2
Selin Iskakov,2
Polina Suleimenov,2
Nur Koc,2
Madina Omarov,1
Aigul Celik,1
Maria Makhmud,5
Sanzhar Morozov,3
Elena Kudaibergen,5
Amir Zhaksylyk,3
Hasan Tashkenov,1
Aknur Baiseitov,2
Maxim Alpysbay,4
Miras Volkov,2
Vlad Dogan,1
Ekaterina Yilmaz,2
Aigerim Celik,1
Aizhan Alpysbay,3
Marat Demir,3
Rasul Morozov,2
Arman Lebedev,3
Madina Akhmetov,1
Zhanna Demir,3
Gaukhar Morozov,4
Ruslan Kudaibergen,3
Roman Zhumabek,5
Alisa Temirov,1
Maxim Omarov,2
Pavel Ivanov,2
Omar Esenov,3
Sofia Gabdullin,3
Kerem Ibrayev,4
Maria Baitursyn,5
Yerlan Bolat,1
Azamat Sagyndyk,2
Zhanel Konysbay,2
Zhanel Bekov,2
Yulia Bolat,5
Yerlan Serikbay,1
Nur Sahin,4
Nurlybek Bekov,1
Kirill Zhunusov,1
Anel Kudaibergen,1
Tomiris Abdirov,1
Olzhas Kassym,3
Nur Sokolov,2
Kerem Zhunusov,4
Zhanna Rakhimov,1
Symbat Morozov,2
Irina Kurt,4
Kerem Shakenov,5
Murat Baiseitov,1
Dinara Kuznetsov,5
Zarina Bolat,1
Emre Kassym,1
Olga Temirov,1
Askar Turgenev,2
Ainur Baitursyn,4
Kerem Kurt,1
Nur Dogan,5
Sofia Sadykov,5
Ece Novikov,1
Zhansaya Amangeldy,3
Nazerke Konysbay,2
Yerlan Volkov,4
Dana Sokolov,1
Alisa Makhmud,2
Vera Mukanov,3
Yernar Kurmanov,4
Olga Yilmaz,4
Balzhan Temirov,3
Emre Jumabek,3
Anna Celik,2
Kairat Kaliyev,4
Tatiana Temirov,1
Dinara Aliyev,4
Gaukhar Sahin,4
Alina Cetin,2
Azamat Kudaibergen,3
Derya Kilic,2
Zhanna Baitursyn,3
Tatiana Temirov,3
Akbota Fedorov,3
Denis Temirov,1
Daria Ozturk,1
Miras Yerzhanov,1
Sabina Jumabek,1
Islam Kurmanov,2
Olzhas Sokolov,1
Temirlan Tleubek,5
Maxim Iskakov,2
Marat Makhmud,2
Yerbol Turgenev,1
Emre Bolat,3
Olzhas Alpysbay,5
Marat Cetin,4
Zhanar Fedorov,3
Ksenia Popov,3
Anton Iskakov,4
Denis Daulet,4
Oleg Serikbay,2
Aisha Baiseitov,2
Arman Baitursyn,4
Miras Koc,3
Karina Ibrayev,2
Akbota Abenov,4
Igor Temirov,1
Dinara Konysbay,1
Rasul Aslan,3
Alisa Turgenev,1
Ilyas Kurt,1
Yerbol Daulet,2
Pavel Esenov,4
Baris Kaliyev,3
Kamila Abenov,3
Bekzat Bekov,2
Yerbol Gabdullin,3
Nazym Gabdullin,2
Aigerim Sokolov,4
Daniyar Orazov,5
Derya Ozturk,1
Arman Zhumabek,2
Milana Turgenev,3
Dias Omarov,3
Kerem Sadykov,2
Yerbol Ualiyev,4
Ekaterina Baitursyn,1
Oleg Makhmud,5
Vadim Yerzhanov,3
Sofia Akhmetov,1
Timur Omarov,4
Miras Petrov,3
Tomiris Cetin,3
Serik Yilmaz,3
Dana Yilmaz,3
Igor Assanov,4
Ekaterina Karimov,2
Tatiana Koc,2
Zeynep Bekov,4
Yernar Ozturk,2
Milana Aliyev,1
Elif Mikhailov,2
Oleg Volkov,4
Dias Konysbay,4
Igor Temirov,2
Rauan Kassym,5
Anton Makhmud,4
Elnur Shakenov,2
Denis Shakenov,3
Zhuldyz Makhmud,3
Bekzat Daulet,1
Nazerke Ivanov,1
Maria Aliyev,3
Tatiana Sokolov,1
Kairat Demir,5
Elena Baitursyn,3
Zhanar Petrov,3
Aigerim Abdirov,4
Rauan Mukanov,3
Dias Sadykov,3
Zhanel Rakhimov,2
Arman Zhumabek,5
Aizhan Kudaibergen,5
Vlad Aliyev,3
Vlad Fedorov,5
Gulnaz Ivanov,1
Bekzat Baitursyn,4
Alisa Zhumabek,5
Dias Demir,4
Yernar Musin,2
Asel Ibrayev,1
Yulia Shakenov,2
Bekzat Esenov,5
Aliya Assanov,1
Kamila Zhaksylyk,2
Oleg Cetin,4
Yulia Morozov,4
Yerlan Omarov,1
Damir Dogan,5
Emre Ivanov,3
Elena Cetin,3
Madina Kassym,1
Andrey Tashkenov,1
Anna Musin,3
Kamila Kilic,4
Bekzat Lebedev,4
Baris Dauletov,3
Ekaterina Abdirov,2
Nazerke Alpysbay,2
Aizhan Suleimenov,3
Hasan Daulet,1
Dana Zhumabek,1
Miras Ermek,5
Dmitry Fedorov,1
Irina Musin,2
Meruyert Aliyev,3
Zhanar Volkov,4
Anel Sagyndyk,3
Temirlan Abenov,1
Ilyas Karimov,4
Nazym Esenov,2
Nur Baiseitov,5
Elif Sadykov,3
Alisa Volkov,2
Talgat Kudaibergen,5
Ruslan Zhumabek,4
Kirill Ivanov,5
Daria Abdirov,3
Oleg Zhunusov,3
Derya Esenov,5
Daniyar Orazov,3
Tatiana Rakhimov,1
Ilyas Konysbay,2
Gaukhar Volkov,4
Nazym Morozov,2
Karina Bolat,2
Zhansaya Cetin,1
Oleg Ivanov,4
Irina Alpysbay,2
Aigerim Amangeldy,2
Aliya Ualiyev,2
Alisa Zhumabek,2
Kirill Konysbay,5
Tatiana Aliyev,2
Murat Kurmanov,1
Sabina Volkov,1
Kerem Aliyev,4
Zhanar Tashkenov,1
Bauyrzhan Rakhimov,2
Vlad Smirnov,4
Alina Zhaksylyk,3
Amir Musin,3
Daniyar Zhaksylyk,3
Sergey Kaya,2
Andrey Amangeldy,5
Zhuldyz Alpysbay,4
Derya Daulet,2
Anton Sagyndyk,3
Dmitry Zhaksylyk,1
Adil Akhmetov,3
Elnur Rakhimov,2
Laura Ualiyev,1
Milana Ibrayev,4
Kamila Suleimenov,2
Anel Smirnov,1
Alina Cetin,3
Alibek Kudaibergen,1
Kirill Kassym,5
Nikita Shakenov,1
Roman Orazov,5
Tolga Petrov,2
Vlad Amangeldy,1
Saltanat Demir,3
Ksenia Lebedev,1
Zhansaya Serikbay,1
Symbat Bolat,4
Roman Orazov,1
Dana Smirnov,3
Ilyas Nurgaliyev,1
Zhandos Serikbay,3
Kairat Zhaksylyk,5
Zhuldyz Gabdullin,3
Alibek Iskakov,3
Yernar Baitursyn,3
Yulia Esenov,3
Timur Kurt,3
Sergey Baiseitov,3
Damir Abenov,5
Miras Baitursyn,4
Omar Ermek,1
Selin Fedorov,3
Vadim Tashkenov,1
Symbat Zhumabek,2
Yernar Kaya,3
Kuanysh Morozov,2
Miras Dauletov,2
Tatiana Ivanov,1
Askar Rakhimov,3
Sabina Sadykov,1
Ksenia Yilmaz,4
Kerem Omarov,5
Kirill Bekov,2
Anel Dauletov,2
Bauyrzhan Makhmud,3
Maxim Aslan,1
Adil Bekov,1
Oleg Celik,1
Arman Kurt,1
Daria Tleubek,1
Ilyas Alpysbay,1
Kirill Yerzhanov,4
Anna Mikhailov,3
Kairat Dauletov,2
Hasan Iskakov,3
Amir Assanov,3
Zhanna Cetin,3
Daria Musin,2
Akbota Rakhimov,1
Tomiris Kaliyev,3
Kairat Yerzhanov,2
Sanzhar Jumabek,2
Sabina Kaliyev,4
Daria Arslan,1
Anton Makhmud,4
Ksenia Celik,2
Hasan Assanov,1
Zeynep Zhumabek,2
Denis Alpysbay,3
Murat Zhaksylyk,2
Aruzhan Cetin,4
Azamat Sagyndyk,3
Sofia Novikov,4
Anel Fedorov,1
Aliya Arslan,1
Karina Yerzhanov,1
Ainur Konysbay,2
Sergey Novikov,5
Dias Volkov,3
Kamila Jumabek,1
Balzhan Mukanov,1
Madina Jumabek,1
Zhandos Dogan,3
Nurzhan Jumabek,3
Ksenia Tashkenov,5
Arman Akhmetov,4
Olzhas Omarov,3
Yernar Yerzhanov,5
Timur Zhunusov,3
Milana Nurgaliyev,3
Anton Dogan,2
Kairat Mikhailov,2
Baris Musin,2
Selin Iskakov,3
Islam Rakhimov,3
Askar Sokolov,5
Murat Kudaibergen,2
Aliya Zhumabek,2
Talgat Petrov,1
Olzhas Ibrayev,2
Sergey Kurmanov,2
Aisha Zhunusov,3
Akbota Ualiyev,3
Sabina Jumabek,3
Vera Jumabek,2
Dana Yilmaz,1
Zhandos Gabdullin,2
Ainur Omarov,3
Nazerke Sadykov,4
Aliya Morozov,2
Hasan Dauletov,2
Sultan Yilmaz,5
Dmitry Orazov,3
Akbota Karimov,3
Zhanna Morozov,3
Gaukhar Esenov,4
Nazerke Esenov,5
Asel Assanov,1
Saltanat Temirov,1
Zhansaya Ibrayev,2
Dana Yerzhanov,1
Kamila Kilic,1
Ruslan Arslan,5
Aruzhan Kurmanov,4
Ece Fedorov,2
Bekzat Mukanov,1
Balzhan Karimov,3
Vadim Bekov,2
Islam Turgenev,1
Aigerim Morozov,3
Aizhan Bekov,2
Aliya Kaliyev,1
Temirlan Kurmanov,3
Bekzat Abenov,5
Derya Bolat,3
Layla Bolat,4
Balzhan Assanov,2
Ainur Ermek,3
Aliya Kudaibergen,1
Anna Ivanov,3
Karina Morozov,3
Polina Demir,3
Rasul Zhunusov,5
Nikita Bolat,3
Baris Kassym,2
Miras Smirnov,3
Zhanna Musin,1
Sanzhar Sokolov,4
Maxim Orazov,2
Nazym Fedorov,3
Aigul Konysbay,2
Layla Bolat,1
Balzhan Shakenov,2
Emre Zhumabek,2
Derya Kassym,2
Asel Omarov,5
Vlad Karimov,1
Igor Rakhimov,1
Karina Fedorov,3
Kerem Sagyndyk,2
Anna Smirnov,1
Oleg Kaliyev,5
Vera Tashkenov,1
Ainur Jumabek,3
Vlad Zhunusov,4
Dana Ozturk,4
Meruyert Abdirov,3
Nurlybek Akhmetov,4
Murat Aslan,3
Marat Shakenov,2
Dana Makhmud,4
Alina Orazov,3
Nikita Koc,3
Zhanna Celik,1
Zarina Ivanov,2
Rauan Tashkenov,2
Rauan Ermek,2
Zarina Shakenov,2
Rauan Aslan,3
Ece Rakhimov,3
Tomiris Zhumabek,4
Anel Ozturk,1
Vadim Kudaibergen,3
Nazerke Tleubek,1
Tatiana Popov,1
Temirlan Daulet,2
Milana Esenov,1
Alisa Aliyev,1
Laura Yerzhanov,4
Layla Sokolov,2
Zeynep Omarov,3
Gulnaz Morozov,4
Murat Arslan,2
Ksenia Celik,3
Askar Ibrayev,2
Alisa Smirnov,4
Elena Baiseitov,1
Maria Fedorov,4
Elif Morozov,2
Rasul Morozov,5
Denis Jumabek,2
Gulnaz Kurmanov,3
Rasul Rakhimov,1
Igor Tleubek,4
Yerlan Aliyev,1
Gaukhar Shakenov,2
Alisa Kaliyev,2
Denis Zhaksylyk,1
Rasul Kara,2
Nurlybek Jumabek,5
Denis Kassym,3
Igor Kurmanov,2
Zeynep Sahin,4
Hasan Kurt,1
Bekzat Sadykov,5
Symbat Kara,2
Ece Assanov,2
Zarina Omarov,4
Maxim Gabdullin,1
Madina Makhmud,5
Anton Sagyndyk,1
Alibek Kassym,3
Ainur Mikhailov,1
Adil Kara,3
Amir Lebedev,3
Hasan Aslan,4
Aknur Mikhailov,3
Dinara Petrov,2
Dmitry Makhmud,1
Rauan Celik,5
Zhansaya Ivanov,3
Dias Ermek,3
Aknur Koc,1
Zhanna Lebedev,4
Islam Celik,2
Ersultan Aliyev,5
Irina Assanov,4
Kuanysh Baiseitov,4
Azamat Morozov,3
Zhanar Kaliyev,1
Kuanysh Volkov,1
Zhanel Kurmanov,5
Kerem Zhunusov,3
Oleg Kaya,1
Dinara Abenov,4
Islam Tleubek,1
Alisa Aslan,1
Sergey Tleubek,5
Elnur Makhmud,5
Ekaterina Sahin,3
Zhandos Sokolov,2
Baris Turgenev,3
Daniyar Petrov,3
Vlad Abdirov,2
Denis Kuznetsov,1
Daria Kilic,1
Rauan Tashkenov,1
Meruyert Tashkenov,3
Islam Sadykov,1
Hasan Musin,2
Tomiris Novikov,3
Dana Kara,3
Aruzhan Orazov,3
Nikita Aslan,1
Kuanysh Koc,4
Kerem Konysbay,5
Ersultan Sokolov,3
Temirlan Daulet,4
Elnur Sagyndyk,5
Vera Sahin,5
Meruyert Orazov,1
Nikita Lebedev,5
Zhuldyz Jumabek,1
Roman Abenov,3
Zhuldyz Daulet,2
Tatiana Baitursyn,1
Zhanar Aslan,3
Arman Tashkenov,3
Artem Omarov,3
Sultan Konysbay,3
Temirlan Dauletov,3
Kerem Baiseitov,3
Balzhan Musin,5
Yulia Ualiyev,1
Nikita Serikbay,4
Balzhan Zhaksylyk,3
Ekaterina Turgenev,4
Roman Baiseitov,5
Zhanna Novikov,3
Daria Zhunusov,1
Ruslan Assanov,4
Nurlan Ermek,4
Yulia Mikhailov,1
Zeynep Fedorov,4
Aisha Arslan,3
Kerem Arslan,3
Meruyert Kassym,2
Omar Kaya,2
Yerlan Ibrayev,2
Kamila Dauletov,4
Kamila Shakenov,2
Gulnaz Aslan,1
Balzhan Koc,2
Aizhan Rakhimov,4
Aigerim Dauletov,5
Derya Kurmanov,2
Sanzhar Volkov,2
Laura Kaliyev,3
Aruzhan Musin,4
Temirlan Gabdullin,2
Yulia Demir,4
Elnur Koc,1
Zhandos Sokolov,1
Gulnaz Gabdullin,1
Olzhas Kaya,3
Rasul Suleimenov,3
Zhuldyz Popov,3
Timur Koc,3
Nurzhan Musin,1
Aigerim Zhaksylyk,4
Azamat Sahin,3
Alisa Aliyev,2
Denis Makhmud,4
Yulia Suleimenov,2
Tatiana Musin,5
Sabina Lebedev,2
Sultan Smirnov,1
Tolga Demir,4
Amir Demir,4
Aigul Omarov,2
Daniyar Popov,3
Saltanat Sadykov,4
Zhanna Bekov,2
Aizhan Daulet,1
Nurzhan Smirnov,3
Zhandos Lebedev,2
Bekzat Morozov,1
Elif Sahin,1
Ersultan Koc,5
Kerem Kaliyev,1
Maria Musin,2
Tatiana Makhmud,3
Aigerim Suleimenov,5
Layla Ualiyev,5
Ruslan Sadykov,4
Hasan Zhaksylyk,2
Aizhan Dogan,3
Daniyar Ermek,4
Laura Kaliyev,4
Igor Ozturk,5
Dinara Aslan,2
Saltanat Lebedev,1
Saltanat Serikbay,3
Nurzhan Smirnov,1
Baris Esenov,1
Omar Tashkenov,3
Anton Arslan,5
Temirlan Kurt,1
Tatiana Baiseitov,1
Zhandos Sadykov,4
Ekaterina Aslan,3
Talgat Amangeldy,3
Nur Kudaibergen,3
Alina Kuznetsov,3
Murat Aslan,3
Oleg Celik,2
Bekzat Celik,1
Tolga Petrov,4
Amir Sagyndyk,4
Laura Jumabek,3
Kamila Aliyev,3
Yernar Sahin,1
Nikita Yilmaz,4
Elnur Musin,4
Ece Bolat,2
Nazerke Temirov,2
Ruslan Volkov,4
Dmitry Lebedev,3
Kuanysh Abenov,1
Ekaterina Kara,3
Kairat Amangeldy,5
Ekaterina Smirnov,4
Aigerim Esenov,2
Ece Gabdullin,1
Aknur Celik,2
Nikita Daulet,3
Elnur Bolat,1
Nurzhan Abdirov,5
Anton Tashkenov,3
Aliya Jumabek,4
Serik Fedorov,1
Polina Demir,2
Emre Iskakov,2
Arman Zhaksylyk,2
Polina Kaliyev,2
Bekzat Mikhailov,3
Laura Morozov,4
Kairat Ivanov,3
Zhansaya Gabdullin,1
Anton Kilic,2
Zhanna Makhmud,1
Gaukhar Mukanov,5
Dias Bolat,2
Milana Assanov,1
Maxim Assanov,1
Damir Iskakov,2
Olga Celik,1
Aisha Popov,3
Elnur Bekov,1
Emre Karimov,4
Timur Ozturk,4
Dinara Shakenov,3
Sabina Kara,5
Serik Ozturk,4
Oleg Cetin,5
Dinara Dauletov,4
Tolga Esenov,3
Kerem Mukanov,1
Nurzhan Kurmanov,2
Yerlan Orazov,2
Emre Karimov,3
Sofia Musin,3
Baris Amangeldy,1
Aruzhan Popov,1
Aigerim Petrov,3
Zeynep Omarov,2
Kirill Shakenov,1
Islam Mikhailov,3
Alibek Novikov,5
Balzhan Kaliyev,4
Murat Dogan,4
Adil Yilmaz,3
Vera Popov,4
Yerbol Orazov,3
Serik Akhmetov,2
Kamila Suleimenov,1
Polina Zhumabek,4
Arman Yilmaz,4
Damir Daulet,4
Dias Orazov,1
Sultan Bolat,1
Anel Abdirov,3
Asel Kudaibergen,2
Zhansaya Amangeldy,1
Kuanysh Gabdullin,1
Alisa Sagyndyk,3
Kairat Mukanov,5
Anel Demir,3
Artem Ivanov,2
Elif Serikbay,3
Gulnaz Popov,3
Sultan Abdirov,3
Bauyrzhan Mikhailov,4
Ersultan Makhmud,4
Zhuldyz Kilic,5
Milana Tashkenov,1
Sultan Smirnov,2
Oleg Volkov,3
Ekaterina Abdirov,1
Irina Omarov,1
Derya Koc,5
Ece Orazov,5
Yulia Dauletov,4
Sabina Novikov,5
Nazym Serikbay,4
Karina Fedorov,3
Yerbol Rakhimov,2
Ekaterina Esenov,3
Sergey Daulet,1
Serik Shakenov,5
Selin Cetin,2
Marat Esenov,2
Bekzat Celik,3
Aruzhan Koc,2
Kuanysh Ualiyev,2
Aigul Petrov,3
Nur Jumabek,2
Zarina Volkov,1
Emre Omarov,1
Zhanar Kaya,4
Vadim Celik,2
Nurlybek Tleubek,4
Dana Cetin,3
Vadim Ualiyev,4
Askar Turgenev,2
Kamila Kurt,2
Madina Kaya,2
Zarina Kilic,3
Elif Mikhailov,1
Arman Alpysbay,4
Zhandos Tashkenov,5
Vadim Volkov,4
Baris Mukanov,1
Bauyrzhan Kaliyev,3
Yulia Iskakov,4
Ainur Kassym,3
Nurzhan Abdirov,4
Talgat Zhunusov,4
Aisha Musin,5
Irina Kara,1
Ekaterina Nurgaliyev,5
Maxim Demir,2
Olga Bekov,2
Azamat Dauletov,4
Ksenia Amangeldy,3
Nikita Musin,2
Ainur Suleimenov,1
Omar Daulet,3
Yernar Kudaibergen,3
Nurlybek Turgenev,3
Kuanysh Sagyndyk,2
Laura Kara,4
Yulia Bekov,5
Saltanat Ivanov,2
Aisha Tashkenov,1
Dias Petrov,4
Zarina Orazov,3
Bekzat Gabdullin,1
Alisa Zhaksylyk,3
Sultan Ivanov,1
Sultan Zhumabek,4
Derya Jumabek,1
Symbat Suleimenov,3
Miras Smirnov,1
Sultan Makhmud,2
Laura Temirov,1
Kerem Dogan,1
Anton Nurgaliyev,1
Aliya Bekov,1
Dmitry Shakenov,2
Gulnaz Ualiyev,2
Milana Kurmanov,2
Zhansaya Tleubek,3
Igor Gabdullin,5
Nur Mikhailov,3
Damir Kudaibergen,2
Alibek Kaya,1
Ruslan Alpysbay,2
Talgat Dogan,3
Zhanar Gabdullin,3
Ece Novikov,2
Elena Akhmetov,4
Akbota Ozturk,4
Polina Abdirov,3
Vadim Temirov,1
Omar Iskakov,4
Kirill Sadykov,2
Zhuldyz Fedorov,3
Daria Dauletov,1
Bekzat Yilmaz,2
Vadim Temirov,2
Rauan Esenov,5
Marat Nurgaliyev,1
Balzhan Ibrayev,1
Zhandos Cetin,2
Damir Cetin,2
Nurzhan Novikov,4
Timur Turgenev,2
Ksenia Ermek,1
Askar Abenov,2
Kuanysh Gabdullin,4
Denis Fedorov,4
Sultan Kurt,2
Akbota Nurgaliyev,1
Tatiana Kurt,1
Olga Bolat,4
Sultan Akhmetov,2
Temirlan Sokolov,1
Olga Omarov,2
Ilyas Iskakov,1
Sergey Zhunusov,1
Kuanysh Zhaksylyk,3
Adil Tashkenov,5
Rasul Mikhailov,2
Nurlan Omarov,2
Dias Daulet,3
Arman Ermek,3
Madina Baitursyn,1
Zhanna Zhunusov,5
Gaukhar Karimov,1
Ersultan Kara,2
Elif Makhmud,2
Aliya Morozov,3
Daria Esenov,2
Sultan Fedorov,4
Gulnaz Arslan,1
Derya Sokolov,4
Yerbol Demir,2
Maxim Suleimenov,2
Zhansaya Tleubek,3
Aknur Orazov,4
Kerem Suleimenov,3
Arman Cetin,3
Marat Petrov,3
Aknur Dauletov,2
Nazym Bekov,1
Milana Nurgaliyev,3
Yerlan Morozov,3
Zhuldyz Sahin,3
Tolga Petrov,1
Nurlan Ibrayev,2
Nur Bekov,2
Talgat Arslan,3
Kirill Koc,5
Daniyar Yerzhanov,3
Yerbol Shakenov,3
Igor Morozov,3
Saltanat Cetin,1
Alibek Ivanov,3
Islam Zhumabek,2
Adil Lebedev,3
Gaukhar Tleubek,4
Elif Celik,3
Hasan Assanov,3
Sabina Yerzhanov,1
Arman Sagyndyk,4
Zhandos Lebedev,1
Gaukhar Novikov,4
Akbota Ibrayev,2
Derya Abenov,1
Vlad Koc,3
Hasan Fedorov,1
Ruslan Baitursyn,1
Gulnaz Baiseitov,5
Derya Celik,2
Kerem Suleimenov,3
Damir Tashkenov,4
Oleg Tashkenov,5
Layla Cetin,2
Zhuldyz Aliyev,4
Sergey Abenov,2
Dana Orazov,4
Miras Aliyev,5
Olzhas Petrov,4
Dias Yerzhanov,4
Denis Amangeldy,2
Elena Baiseitov,1
Talgat Omarov,3
Elif Kilic,2
Ilyas Smirnov,5
Bauyrzhan Petrov,4
Zhuldyz Zhunusov,5
Sanzhar Jumabek,3
Kairat Yerzhanov,5
Dinara Aslan,4
Aizhan Alpysbay,2
Aizhan Zhaksylyk,3
Serik Ermek,5
Laura Mukanov,4
Irina Akhmetov,3
Maxim Makhmud,2
Balzhan Celik,1
Derya Fedorov,5
Emre Aliyev,1
Andrey Sokolov,2
Karina Ibrayev,3
Islam Amangeldy,2
Nurlan Popov,3
Yerlan Amangeldy,2
Andrey Lebedev,4
Irina Ualiyev,5
Yernar Rakhimov,1
Artem Arslan,2
Alina Karimov,4
Saltanat Zhaksylyk,4
Sergey Dogan,5
Zhuldyz Turgenev,1
Aruzhan Tashkenov,1
Milana Smirnov,3
Zhanna Konysbay,3
Sultan Daulet,2
Polina Zhaksylyk,4
Anton Baiseitov,1
Zhanel Mukanov,2
Roman Karimov,2
Denis Serikbay,1
Emre Cetin,5
Nazym Kara,2
Ece Amangeldy,2
Symbat Tashkenov,2
Talgat Baitursyn,4
Gulnaz Abdirov,2
Karina Suleimenov,4
Nurzhan Ermek,1
Dias Sahin,2
Serik Serikbay,3
Ainur Alpysbay,3
Nikita Sagyndyk,2
Dinara Volkov,4
Zhanar Mikhailov,3
Aigerim Abenov,2
Anel Dauletov,1
Aigerim Kurt,1
Rasul Fedorov,1
Balzhan Bekov,3
Kamila Tleubek,2
Denis Shakenov,2
Kairat Sahin,3
Elif Yilmaz,4
Aisha Sagyndyk,3
Tolga Konysbay,2
Arman Mukanov,3
Laura Kaya,2
Timur Kuznetsov,3
Aruzhan Temirov,2
Nurlybek Musin,4
Zarina Daulet,2
Zhanna Kudaibergen,5
Ersultan Aliyev,3
Kuanysh Ivanov,2
Islam Suleimenov,2
Hasan Zhumabek,1
Ruslan Serikbay,1
Selin Ualiyev,1
Karina Suleimenov,1
Derya Baiseitov,3
Adil Dogan,3
Andrey Baitursyn,2
Tomiris Kara,1
Pavel Volkov,3
Milana Karimov,1
Zhanna Smirnov,4
Derya Alpysbay,4
Sanzhar Ualiyev,1
Gaukhar Zhumabek,1
Temirlan Baitursyn,2
Nurlan Kassym,4
Anel Tleubek,4
Roman Baiseitov,3
Nurzhan Popov,5
Ekaterina Sokolov,5
Alina Temirov,1
Vlad Ozturk,1
Igor Koc,2
Polina Tashkenov,1
Nazym Akhmetov,3
Sergey Omarov,4
Rasul Kurmanov,3
Aigul Sadykov,2
Kerem Kassym,3
Igor Akhmetov,2
Elena Kurmanov,3
Andrey Popov,3
Yulia Yilmaz,4
Zhanna Shakenov,2
Pavel Kurt,3
Akbota Novikov,3
Aruzhan Karimov,3
Irina Yerzhanov,3
Ruslan Ermek,1
Azamat Gabdullin,3
Gulnaz Kaya,1
Elena Gabdullin,4
Roman Novikov,2
Omar Cetin,1
Nur Omarov,3
Adil Ibrayev,5
Dias Iskakov,4
Anel Zhumabek,2
Ainur Sadykov,3
Asel Musin,2
Vera Kilic,2
Ksenia Kilic,4
Meruyert Karimov,2
Anton Morozov,3
Saltanat Turgenev,1
Tatiana Dogan,3
Dinara Akhmetov,3
Kerem Zhaksylyk,2
Layla Baiseitov,4
Hasan Fedorov,1
Dana Aliyev,1
Timur Morozov,3
Islam Dogan,5
Zarina Amangeldy,4
Sultan Bolat,2
Kamila Iskakov,1
Irina Assanov,3
Oleg Cetin,1
Amir Omarov,3
Ekaterina Turgenev,5
Elnur Ualiyev,3
Polina Ermek,2
Miras Kudaibergen,2
Aliya Baitursyn,2
Gaukhar Karimov,3
Temirlan Lebedev,1
Emre Orazov,4
Aizhan Volkov,3
Maria Tleubek,3
Meruyert Kurmanov,2
Sultan Akhmetov,5
Bekzat Iskakov,3
Anna Iskakov,4
Nurzhan Karimov,3
Askar Abenov,5
Irina Kara,5
Aigerim Kilic,1
Sabina Smirnov,2
Maxim Yerzhanov,3
Pavel Kaliyev,3
Yerlan Lebedev,1
Denis Makhmud,1
Nikita Yilmaz,2
Dmitry Volkov,4
Tomiris Arslan,1
Baris Petrov,3
Alina Kudaibergen,1
Ekaterina Bekov,3
Zeynep Kassym,2
Yerlan Baiseitov,4
Ekaterina Suleimenov,4
Aruzhan Popov,2
Tolga Zhaksylyk,3
Symbat Smirnov,3
Polina Yerzhanov,5
Pavel Zhaksylyk,1
Igor Nurgaliyev,1
Zeynep Lebedev,3
Irina Amangeldy,4
Damir Akhmetov,2
Zhanar Shakenov,5
Aizhan Mukanov,1
Meruyert Aliyev,1
Saltanat Bolat,1
Milana Demir,1
Asel Karimov,5
Azamat Abenov,3
Zhuldyz Rakhimov,1
Yerlan Kaya,1
Gaukhar Sokolov,1
Zhanna Kuznetsov,1
Oleg Temirov,2
Nur Zhumabek,3
Nurlybek Baiseitov,3
Daria Abdirov,2
Nazerke Alpysbay,2
Kuanysh Ermek,4
Hasan Ualiyev,3
Yerbol Kurmanov,2
Nurlybek Temirov,1
Yernar Cetin,4
Bekzat Suleimenov,4
Sanzhar Iskakov,1
Nurlan Koc,1
Emre Koc,2
Kamila Ozturk,1
Roman Yerzhanov,3
Ekaterina Kilic,2
Sabina Yilmaz,4
Elif Demir,2
Zhanna Ozturk,4
Pavel Petrov,2
Daria Karimov,5
Dinara Sokolov,3
Selin Arslan,1
Milana Sadykov,1
Gaukhar Ozturk,1
Anton Zhunusov,4
Amir Bekov,1
Anton Arslan,2
Islam Makhmud,2
Anton Daulet,5
Polina Yilmaz,1
Kuanysh Serikbay,2
Elif Iskakov,3
Nazerke Abenov,1
Nurzhan Demir,1
Yerbol Konysbay,3
Aizhan Lebedev,2
Marat Sahin,1
Milana Abenov,3
Yerlan Zhaksylyk,5
Alisa Mukanov,2
Arman Akhmetov,4
Rauan Serikbay,3
Bekzat Daulet,1
Olga Aslan,2
Olga Kurmanov,1
Zhuldyz Koc,3
Asel Nurgaliyev,5
Maxim Shakenov,2
Adil Mukanov,1
Dias Kaya,1
Layla Cetin,1
Elif Baitursyn,1
Sabina Konysbay,3
Pavel Kurt,3
Serik Temirov,2
Alina Akhmetov,1
Alisa Amangeldy,2
Ilyas Sadykov,2
Dias Dogan,3
Sofia Zhunusov,2
Alina Kurmanov,3
Nurlybek Esenov,1
Zhanar Lebedev,2
Aruzhan Kurt,2
Elena Kara,1
Dinara Dauletov,5
Aigerim Mikhailov,2
Bauyrzhan Omarov,2
Murat Aliyev,2
Askar Baiseitov,4
Dmitry Bekov,2
Anton Arslan,1
Vera Zhaksylyk,2
Ruslan Esenov,4
Gulnaz Serikbay,1
Roman Omarov,5
Timur Cetin,1
Daniyar Tleubek,4
Polina Amangeldy,4
Tomiris Mikhailov,4
Balzhan Nurgaliyev,1
Bauyrzhan Yilmaz,1
Miras Turgenev,4
Maria Zhaksylyk,1
Nazerke Alpysbay,2
Aliya Kurt,3
Maria Nurgaliyev,2
Baris Omarov,2
Kamila Celik,3
Nurzhan Volkov,1
Balzhan Zhunusov,2
Olga Kurmanov,5
Islam Sahin,2
Dana Koc,3
Kairat Morozov,1
Milana Cetin,3
Anna Omarov,5
Nazym Alpysbay,4
Elnur Tashkenov,2
Zhandos Lebedev,3
Kamila Daulet,2
Zarina Morozov,1
Nur Kilic,3
Milana Abdirov,3
Olga Tashkenov,3
Saltanat Arslan,3
Ksenia Aliyev,3
Nur Esenov,3
Murat Aslan,2
Rasul Demir,1
Aisha Shakenov,1
Alisa Demir,5
Roman Konysbay,2
Akbota Iskakov,5
Karina Sokolov,3
Kuanysh Esenov,1
Laura Ibrayev,5
Ainur Popov,2
Nurlybek Serikbay,3
Olga Omarov,1
Irina Baitursyn,3
Kerem Kurmanov,1
Artem Turgenev,4
Alibek Serikbay,2
Nazerke Assanov,2
Rasul Zhaksylyk,4
Kirill Kilic,3
Kuanysh Kilic,1
Omar Assanov,1
Anna Dauletov,3
Alibek Mikhailov,3
Nurlybek Akhmetov,2
Vera Bolat,4
Bauyrzhan Morozov,1
Zhanel Yilmaz,3
Vadim Zhaksylyk,4
Derya Petrov,1
Irina Arslan,2
Ruslan Kaliyev,2
Maxim Morozov,5
Rasul Fedorov,2
Ruslan Akhmetov,1
Elnur Kassym,5
Maria Konysbay,2
Arman Gabdullin,1
Oleg Alpysbay,1
Gulnaz Musin,2
Olzhas Zhumabek,2
Balzhan Sagyndyk,1
Kamila Popov,3
Aliya Zhunusov,1
Kamila Alpysbay,2
Rasul Petrov,3
Irina Omarov,4
Nurzhan Assanov,3
Gulnaz Esenov,3
Daria Baiseitov,3
Miras Orazov,3
Baris Kudaibergen,4
Zhanar Amangeldy,4
Dias Omarov,2
Islam Ivanov,1
Aliya Arslan,1
Omar Sagyndyk,3
Zarina Karimov,3
Yernar Makhmud,3
Nazerke Sokolov,4
Omar Rakhimov,4
Karina Nurgaliyev,1
Yulia Esenov,3
Kerem Volkov,1
Emre Nurgaliyev,3
Nikita Ibrayev,2
Nurlybek Baitursyn,2
Oleg Tashkenov,3
Tomiris Ermek,1
Ainur Kilic,2
Oleg Kaliyev,2
Daniyar Bolat,3
Timur Esenov,2
Rauan Sokolov,4
Azamat Abdirov,1
Sanzhar Kudaibergen,3
Daria Baitursyn,1
Derya Sagyndyk,4
Meruyert Aslan,2
Ksenia Bolat,5
Hasan Jumabek,3
Miras Abdirov,3
Yernar Yilmaz,2
Artem Zhumabek,5
Layla Volkov,5
Murat Nurgaliyev,5
Askar Baiseitov,3
Zhandos Karimov,3
Rauan Cetin,2
Roman Alpysbay,4
Nurlybek Abenov,1
Tatiana Demir,2
Andrey Kudaibergen,2
Sabina Cetin,2
Nurlybek Iskakov,3
Vadim Arslan,4
Ilyas Koc,2
Laura Kurt,3
Vlad Kurt,2
Milana Tleubek,2
Murat Musin,1
Daria Mikhailov,4
Zhuldyz Baiseitov,3
Hasan Kurmanov,3
Nurzhan Volkov,1
Akbota Zhumabek,4
Sultan Kurmanov,4
Irina Arslan,2
Daria Karimov,5
Nurlan Cetin,3
Karina Baiseitov,3
Emre Lebedev,1
Ekaterina Musin,5
Tatiana Ivanov,5
Polina Cetin,3
Denis Abenov,1
Bekzat Kaliyev,4
Andrey Aliyev,1
Maxim Koc,3
Miras Musin,1
Akbota Musin,5
Azamat Zhumabek,4
Alina Kurmanov,3
Vadim Omarov,2
Sultan Zhaksylyk,2
Nazym Zhunusov,1
Yerlan Abenov,4
Zarina Dauletov,3
Adil Nurgaliyev,2
Zeynep Daulet,3
Aigerim Lebedev,2
Rauan Iskakov,3
Kerem Smirnov,1
Balzhan Alpysbay,4
Madina Tleubek,1
Dias Assanov,5
Kuanysh Zhaksylyk,1
Kuanysh Ozturk,2
Olga Dauletov,2
Derya Baitursyn,4
Gaukhar Nurgaliyev,1
Tolga Arslan,2
Talgat Temirov,2
Baris Yilmaz,2
Askar Sokolov,3
Denis Aslan,4
Vera Yerzhanov,3
Sanzhar Sadykov,2
Karina Sadykov,1
Denis Zhumabek,5
Tolga Akhmetov,1
Elnur Ermek,3
Olzhas Esenov,2
Tatiana Turgenev,2
Dmitry Shakenov,3
Azamat Ivanov,5
Oleg Abenov,5
Omar Aliyev,4
Zhanna Shakenov,3
Vera Esenov,2
Temirlan Zhaksylyk,3
Yerlan Abenov,2
Sanzhar Zhaksylyk,3
Aruzhan Sadykov,2
Elif Musin,1
Zeynep Orazov,1
Kairat Gabdullin,5
Askar Karimov,5
Vlad Kaya,5
Nazerke Abdirov,5
Sergey Konysbay,2
Baris Konysbay,2
Yernar Iskakov,5
Elnur Sagyndyk,2
Hasan Kara,2
Arman Ivanov,4
Tomiris Kuznetsov,1
Ksenia Smirnov,2
Elena Fedorov,1
Anna Turgenev,2
Sofia Daulet,3
Murat Yilmaz,4
Zhanna Amangeldy,2
Derya Musin,1
Kirill Bolat,5
Gaukhar Dauletov,5
Rasul Celik,1
Olga Alpysbay,5
Layla Iskakov,3
Aisha Makhmud,3
Dias Kurmanov,5
Arman Zhunusov,2
Ece Volkov,3
Kirill Kudaibergen,2
Dana Popov,1
Serik Demir,2
Emre Musin,2
Maxim Demir,3
Sabina Suleimenov,2
Rasul Petrov,5
Irina Baiseitov,1
Tomiris Lebedev,4
Sanzhar Ivanov,2
Bauyrzhan Jumabek,1
Kairat Tashkenov,3
Tatiana Omarov,3
Aisha Celik,5
Dias Kaliyev,4
Elena Tleubek,2
Nikita Lebedev,3
Anel Popov,2
Ruslan Kaya,3
Kairat Shakenov,4
Emre Ualiyev,3
Aknur Ermek,1
Saltanat Amangeldy,3
Kuanysh Ivanov,3
Polina Sahin,5
Madina Bolat,5
Sanzhar Serikbay,2
Nurlan Daulet,4
Yernar Petrov,3
Aigul Kilic,1
Balzhan Gabdullin,3
Yerlan Petrov,4
Sofia Gabdullin,3
Nurlan Aslan,2
Hasan Arslan,4
Nazym Mukanov,3
Aisha Lebedev,5
Bekzat Suleimenov,1
Aizhan Ermek,2
Sultan Demir,2
Islam Sahin,1
Aknur Fedorov,1
Asel Arslan,3
Aizhan Makhmud,1
Pavel Zhunusov,2
Nurlybek Omarov,2
Talgat Turgenev,5
Aisha Karimov,2
Ece Abdirov,2
Yernar Koc,1
Dias Dauletov,3
Aknur Celik,2
Layla Ibrayev,1
Sofia Omarov,1
Sultan Ibrayev,2
Aknur Baiseitov,2
Zhanna Morozov,3
Damir Orazov,2
Zhuldyz Celik,4
Zhanar Aliyev,4
Arman Smirnov,4
Andrey Zhunusov,4
Omar Novikov,1
Aigerim Fedorov,4
Zhanel Musin,2
Akbota Yilmaz,4
Dana Dauletov,3
Serik Abdirov,3
Oleg Ermek,1
Vera Yilmaz,3
Olga Zhunusov,5
Zhansaya Novikov,2
Anna Turgenev,2
Selin Bolat,4
Nurlybek Mikhailov,2
Ilyas Sokolov,1
Aisha Temirov,2
Dana Temirov,1
Daria Suleimenov,1
Sabina Esenov,3
Kairat Arslan,1
Alibek Cetin,3
Nurlan Nurgaliyev,1
Ece Tashkenov,3
Kerem Tashkenov,3
Kamila Petrov,5
Olga Shakenov,4
Alisa Omarov,5
Selin Kaliyev,3
Oleg Yerzhanov,1
Madina Kara,5
Denis Kurt,3
Symbat Akhmetov,1
Amir Orazov,2
Yerbol Musin,4
Laura Zhaksylyk,3
Dinara Kaliyev,1
Olzhas Ivanov,3
Zhansaya Petrov,4
Alina Orazov,3
Anton Baitursyn,4
Kuanysh Kaya,1
Kairat Akhmetov,3
Aisha Kurt,5
Symbat Daulet,4
Ainur Turgenev,4
Meruyert Yerzhanov,1
Aigul Novikov,1
Milana Bekov,3
Yerbol Rakhimov,2
Kerem Konysbay,3
Andrey Ozturk,2
Artem Celik,3
Denis Popov,1
Serik Alpysbay,1
Laura Temirov,5
Emre Cetin,3
Timur Sadykov,5
Ilyas Temirov,1
Layla Musin,2
Dias Rakhimov,2
Sultan Kuznetsov,4
Alina Sokolov,3
Yerlan Karimov,1
Bekzat Iskakov,5
Murat Ualiyev,1
Vlad Kaya,1
Polina Ibrayev,2
Igor Tleubek,3
Aisha Iskakov,1
Maria Abenov,5
Kairat Sadykov,5
Pavel Yerzhanov,1
Yulia Daulet,3
Azamat Kilic,4
Kuanysh Kilic,2
Rauan Petrov,3
Vlad Dogan,1
Baris Bolat,2
Igor Ivanov,3
Dana Sokolov,4
Saltanat Popov,3
Ersultan Dauletov,5
Madina Konysbay,5
Kamila Kuznetsov,3
Anel Arslan,3
Ilyas Kara,1
Zhanar Popov,1
Damir Amangeldy,5
Oleg Bolat,1
Talgat Cetin,3
Elif Lebedev,5
Timur Gabdullin,2
Adil Suleimenov,2
Nurlan Aliyev,2
Marat Yerzhanov,1
Kairat Petrov,5
Ksenia Bekov,3
Gulnaz Akhmetov,1
Vadim Kara,1
Yerlan Musin,1
Pavel Aliyev,4
Yulia Musin,2
Layla Amangeldy,5
Madina Mukanov,4
Hasan Kaya,3
Anel Kudaibergen,3
Dinara Zhumabek,1
Tolga Fedorov,2
Ekaterina Ivanov,4
Ece Konysbay,2
Kairat Abdirov,1
Pavel Rakhimov,4
Nazerke Morozov,3
Aruzhan Mukanov,4
Elif Morozov,5
Zhanar Kuznetsov,3
Aisha Novikov,3
Sultan Turgenev,1
Dias Kudaibergen,5
Omar Sokolov,4
Tomiris Aslan,2
Nur Iskakov,1
Tomiris Kurt,3
Alisa Konysbay,2
Saltanat Mikhailov,1
Vadim Abenov,5
Omar Aliyev,3
Zarina Kara,3
Alibek Arslan,4
Damir Mukanov,2
Yulia Baiseitov,3
Nazerke Serikbay,1
Rauan Shakenov,3
Ersultan Zhunusov,1
Andrey Akhmetov,3
Zhuldyz Kurt,2
Karina Aliyev,4
Gaukhar Kara,5
Aliya Turgenev,1
Aigul Demir,2
Vlad Alpysbay,2
Ilyas Daulet,2
Yernar Cetin,4
Yerbol Suleimenov,1
Elnur Sahin,2
Layla Turgenev,1
Gulnaz Kaya,2
Oleg Omarov,5
Nurlybek Zhaksylyk,2
Vadim Ualiyev,1
Aruzhan Zhumabek,3
Alisa Shakenov,3
Murat Baiseitov,3
Nurlan Konysbay,2
Karina Musin,3
Ksenia Kurt,1
Aigerim Baiseitov,3
Maxim Zhunusov,3
Sofia Rakhimov,1
Nurzhan Tashkenov,5
Serik Petrov,2
Adil Aliyev,4
Aruzhan Kara,3
Irina Kudaibergen,1
Oleg Lebedev,4
Azamat Kaya,4
Baris Sadykov,1
Milana Rakhimov,1
Aliya Fedorov,2
Talgat Rakhimov,2
Gulnaz Yilmaz,3
Nur Daulet,2
Alibek Abenov,3
Denis Amangeldy,4
Akbota Cetin,1
Arman Musin,4
Vadim Smirnov,1
Olga Morozov,1
Asel Morozov,4
Asel Petrov,4
Vera Temirov,1
Anton Zhunusov,1
Artem Volkov,5
Rasul Mukanov,4
Alibek Tleubek,2
Ece Temirov,2
Dias Mikhailov,3
Gaukhar Suleimenov,1
Zhanar Mukanov,1
Tolga Yerzhanov,2
Dmitry Bolat,3
Elena Lebedev,4
Gaukhar Dauletov,3
Sofia Assanov,5
Denis Petrov,3
Azamat Demir,1
Olga Ivanov,2
Artem Mikhailov,3
Baris Baiseitov,1
Nazerke Arslan,4
Layla Sagyndyk,4
Yulia Ibrayev,4
Olga Mukanov,5
Zeynep Orazov,3
Asel Morozov,2
Pavel Ivanov,2
Olga Tleubek,2
Layla Karimov,1
Talgat Lebedev,1
Alisa Kurt,1
Yerlan Alpysbay,1
Ksenia Dauletov,1
Igor Dogan,1
Rasul Kurmanov,2
Kuanysh Arslan,4
Kamila Assanov,3
Vadim Lebedev,4
Daniyar Kaliyev,2
Oleg Makhmud,3
Olga Dogan,1
Azamat Dauletov,3
Madina Ibrayev,4
Laura Orazov,3
Bauyrzhan Kurmanov,3
Oleg Turgenev,1
Tomiris Iskakov,3
Kamila Kuznetsov,3
Anna Jumabek,3
Symbat Tleubek,2
Layla Daulet,2
Ainur Novikov,2
Zhanar Shakenov,1
Zhansaya Dogan,2
Artem Orazov,2
Nurlybek Fedorov,2
Olga Yerzhanov,4
Talgat Demir,2
Ekaterina Akhmetov,3
Alibek Kuznetsov,3
Ersultan Nurgaliyev,5
Ksenia Rakhimov,5
Sanzhar Daulet,5
Andrey Sokolov,5
Artem Kuznetsov,4
Ersultan Lebedev,4
Kairat Akhmetov,5
Ekaterina Kaya,3
Igor Serikbay,3
Kerem Fedorov,1
Zeynep Bekov,2
Zeynep Demir,1
Olga Ivanov,4
Aisha Celik,1
Alibek Shakenov,3
Zhandos Fedorov,5
Akbota Cetin,2
Tolga Yerzhanov,2
Anton Sahin,2
Zeynep Omarov,3
Yerlan Musin,4
Sultan Zhunusov,2
Rasul Dauletov,1
Kairat Baitursyn,2
Saltanat Lebedev,1
Daniyar Kilic,2
Nurlan Daulet,2
Aknur Alpysbay,1
Denis Karimov,4
Nazym Akhmetov,3
Madina Cetin,1
Baris Volkov,2
Zhuldyz Kurmanov,2
Anna Petrov,4
Damir Koc,1
Hasan Akhmetov,2
Meruyert Shakenov,2
Aigerim Zhumabek,1
Aigul Zhaksylyk,2
Asel Temirov,5
Ainur Kassym,3
Irina Ivanov,1
Polina Iskakov,2
Zhansaya Shakenov,4
Gulnaz Makhmud,5
Askar Iskakov,2
Ainur Daulet,2
Azamat Suleimenov,2
Meruyert Celik,3
Kuanysh Smirnov,2
Anna Karimov,2
Serik Morozov,5
Andrey Ermek,2
Andrey Morozov,2
Karina Ualiyev,1
Dmitry Abenov,2
Denis Jumabek,5
Ksenia Zhunusov,2
Aisha Fedorov,4
Emre Baiseitov,1
Ruslan Ermek,3
Hasan Abenov,3
Daria Kilic,2
Askar Arslan,5
Tatiana Rakhimov,3
Zhuldyz Mukanov,2
Dmitry Mikhailov,5
Yerlan Zhumabek,1
Derya Daulet,5
Alina Mukanov,1
Vlad Kurt,2
Vlad Sokolov,2
Zhanar Temirov,4
Adil Fedorov,5
Hasan Smirnov,3
Tatiana Yilmaz,5
Kerem Dogan,2
Alibek Alpysbay,5
Sofia Zhaksylyk,4
Vadim Jumabek,4
Maxim Kudaibergen,1
Nazym Ualiyev,5
Balzhan Assanov,1
Nurlan Kudaibergen,1
Aigul Kudaibergen,5
Daniyar Alpysbay,2
Selin Kaya,1
Yulia Ualiyev,1
Selin Tleubek,2
Yulia Bekov,3
Daria Tleubek,2
Yerlan Abdirov,3
Layla Temirov,1
Tolga Tashkenov,2
Olga Bolat,1
Aigerim Kuznetsov,4
Serik Sagyndyk,2
Zarina Demir,1
Ainur Ozturk,3
Marat Ermek,1
Maria Ivanov,3
Bekzat Volkov,1
Vera Bolat,2
Akbota Abdirov,3
Ece Morozov,1
Ece Cetin,3
Aigerim Assanov,2
Sofia Kurt,3
Anel Dogan,1
Maxim Esenov,3
Nikita Kassym,1
Tomiris Turgenev,2
Askar Zhumabek,3
Nurlan Sahin,1
Ksenia Celik,3
Bekzat Kassym,2
Daniyar Abdirov,3
Daria Tleubek,4
Zeynep Yerzhanov,3
Alina Assanov,2
Anna Zhunusov,5
Elena Kaya,2
Islam Kurt,4
Miras Bolat,4
Ekaterina Kudaibergen,5
Tolga Arslan,4
Sabina Assanov,3
Kirill Kudaibergen,3
Aliya Dauletov,5
Aknur Mikhailov,1
Nurlan Popov,1
Pavel Morozov,2
Gaukhar Sadykov,2
Olzhas Fedorov,3
Aizhan Assanov,2
Aigul Morozov,3
Omar Sagyndyk,4
Baris Serikbay,4
Olzhas Yerzhanov,1
Sultan Volkov,1
Alibek Kassym,4
Aigerim Rakhimov,4
Temirlan Turgenev,1
Zhuldyz Orazov,4
Zhanel Sadykov,3
Derya Esenov,1
Murat Assanov,2
Anel Tashkenov,4
Aisha Novikov,1
Tomiris Assanov,1
Vadim Daulet,3
Amir Omarov,2
Sofia Koc,5
Kamila Lebedev,3
Nazerke Esenov,1
Elnur Karimov,3
Nikita Popov,5
Damir Tleubek,2
Yulia Zhaksylyk,3
Nazym Sagyndyk,1
Laura Yilmaz,4
Sabina Makhmud,4
Nurlybek Kurt,4
Islam Fedorov,5
Aigerim Dogan,1
Kuanysh Demir,1
Rauan Sahin,1
Zhanar Temirov,1
Maxim Bekov,4
Kerem Bolat,3
Selin Baitursyn,4
Igor Rakhimov,1
Artem Dogan,3
Nurzhan Esenov,1
Timur Sahin,1
Kamila Esenov,2
Kairat Popov,1
Balzhan Petrov,3
Aisha Sokolov,1
Nikita Konysbay,4
Miras Karimov,3
Denis Ermek,1
Sabina Abdirov,1
Polina Bolat,2
Kairat Kaliyev,5
Maria Baiseitov,4
Islam Jumabek,4
Serik Esenov,3
Nurlybek Sokolov,1
Hasan Bekov,1
Sanzhar Iskakov,4
Serik Ivanov,4
Ainur Alpysbay,5
Meruyert Kaya,3
Meruyert Sokolov,4
Kerem Akhmetov,3
Ksenia Kassym,4
Ruslan Zhumabek,3
Kairat Popov,3
Igor Suleimenov,1
Aigul Konysbay,3
Andrey Daulet,1
Aknur Sagyndyk,4
Alina Kara,3
Dias Temirov,1
Adil Aliyev,3
Denis Ermek,5
Rauan Temirov,3
Amir Baitursyn,1
Roman Cetin,1
Dana Bolat,2
Ekaterina Aliyev,1
Hasan Esenov,4
Ruslan Kaliyev,2
Timur Ivanov,1
Aigul Amangeldy,1
Olzhas Konysbay,2
Aizhan Bekov,2
Aizhan Kurmanov,5
Amir Sokolov,1
Ainur Aslan,1
Oleg Iskakov,3
Yernar Jumabek,2
Alina Abenov,1
Kamila Alpysbay,1
Miras Petrov,3
Oleg Mikhailov,1
Ece Mukanov,2
Nazerke Kara,1
Aliya Ivanov,2
Nur Popov,5
Aigerim Karimov,1
Andrey Zhunusov,2
Artem Kudaibergen,1
Kairat Kara,2
Marat Smirnov,1
Alibek Aliyev,1
Zeynep Morozov,2
Vlad Ualiyev,2
Islam Dogan,3
Pavel Konysbay,3
Milana Kuznetsov,1
Dinara Volkov,3
Omar Cetin,2
Yerlan Kara,3
Symbat Zhumabek,3
Derya Kurt,1
Aliya Sagyndyk,5
Denis Assanov,3
Aknur Ermek,3
Sanzhar Kilic,1
Andrey Turgenev,2
Dinara Ibrayev,4
Meruyert Turgenev,2
Tomiris Turgenev,4
Aliya Musin,3
Timur Kassym,3
Kuanysh Baitursyn,5
Alina Kara,3
Olga Koc,3
Zhansaya Shakenov,3
Aruzhan Yilmaz,3
Ruslan Temirov,3
Ilyas Amangeldy,4
Aruzhan Petrov,3
Nazym Kudaibergen,1
Karina Sadykov,2
Vera Popov,5
Oleg Ivanov,2
Yernar Ualiyev,2
Andrey Demir,1
Selin Yerzhanov,3
Arman Cetin,2
Adil Kassym,1
Igor Aliyev,3
Selin Assanov,1
Sanzhar Ibrayev,1
Murat Ozturk,2
Laura Nurgaliyev,2
Symbat Tleubek,2
Zhansaya Daulet,1
Olga Celik,3
Anton Tleubek,1
Igor Cetin,4
Nur Dogan,3
Zeynep Bekov,3
Marat Smirnov,5
Aigul Zhunusov,1
Laura Koc,1
Zhanel Kaya,3
Derya Konysbay,1
Aigul Kurmanov,3
Akbota Petrov,3
Saltanat Fedorov,3
Yulia Esenov,2
Yerlan Abdirov,1
Murat Kurt,2
Miras Jumabek,3
Tolga Kaya,2
Yerlan Kaliyev,1
Derya Baiseitov,4
Oleg Kurt,5
Marat Yerzhanov,4
Baris Makhmud,1
Zarina Amangeldy,3
Damir Orazov,1
Dinara Dauletov,2
Maria Kudaibergen,3
Oleg Aliyev,2
Elena Kassym,2
Elena Ozturk,5
Kirill Shakenov,3
Adil Serikbay,1
Aknur Ozturk,2
Karina Omarov,4
Vlad Karimov,2
Andrey Kilic,3
Ruslan Kassym,1
Ersultan Karimov,4
Elif Suleimenov,3
Marat Demir,3
Nazym Konysbay,3
Vadim Aslan,4
Omar Rakhimov,4
Serik Konysbay,2
Milana Kuznetsov,3
Sultan Temirov,1
Aknur Lebedev,2
Anna Kaya,1
Ersultan Abdirov,3
Aigul Tashkenov,2
Aliya Bolat,1
Sergey Fedorov,2
Milana Ozturk,4
Zhandos Dogan,4
Zhanar Kudaibergen,2
Igor Kilic,4
Alisa Sahin,3
Aruzhan Ozturk,4
Olzhas Petrov,3
Tomiris Fedorov,5
Elif Cetin,2
Ilyas Kaya,4
Aigul Aliyev,2
Tolga Baitursyn,5
Zhandos Cetin,1
Marat Orazov,3
Nurlan Esenov,4
Aruzhan Baitursyn,3
Ece Karimov,2
Kirill Aliyev,4
Yulia Kurmanov,4
Ilyas Turgenev,1
Dana Baiseitov,2
Oleg Mikhailov,1
Meruyert Tleubek,1
Emre Tleubek,1
Dias Sahin,1
Serik Turgenev,3
Nur Abenov,5
Emre Kudaibergen,2
Olga Bekov,1
Anel Nurgaliyev,2
Askar Shakenov,2
Ksenia Demir,2
Balzhan Kilic,5
Symbat Tleubek,2
Alina Smirnov,3
Elnur Zhunusov,1
Anna Kurt,3
Sabina Akhmetov,1
Aknur Zhumabek,3
Ece Kaliyev,5
Laura Baiseitov,2
Aisha Bolat,1
Roman Popov,2
Alibek Sadykov,5
Tomiris Omarov,4
Kirill Alpysbay,1
Elnur Gabdullin,2
Olga Lebedev,4
Zhuldyz Zhunusov,2
Roman Kurt,3
Serik Esenov,2
Tatiana Serikbay,1
Selin Kaya,3
Sultan Bekov,1
Askar Fedorov,3
Derya Sadykov,1
Ece Alpysbay,1
Damir Lebedev,1
Laura Kaya,5
Gaukhar Novikov,2
Murat Ermek,1
Ekaterina Makhmud,4
Daniyar Mukanov,4
Dana Sadykov,2
Tolga Morozov,3
Daria Koc,3
Kuanysh Aslan,4
Layla Popov,2
Yulia Bolat,5
Artem Dogan,1
Murat Omarov,5
Asel Aslan,5
Ksenia Smirnov,2
Symbat Nurgaliyev,4
Ekaterina Omarov,2
Yernar Kurt,3
Islam Kassym,1
Tatiana Celik,3
Sultan Jumabek,4
Sergey Orazov,4
Nazerke Assanov,5
Sabina Fedorov,1
Zarina Esenov,2
Bauyrzhan Abdirov,4
Roman Kuznetsov,3
Yerlan Makhmud,2
Ainur Kaliyev,2
Serik Tashkenov,2
Elif Tleubek,2
Pavel Ozturk,5
Laura Zhaksylyk,5
Bauyrzhan Ermek,5
Timur Ualiyev,3
Layla Tashkenov,1
Baris Fedorov,2
Maria Akhmetov,3
Nurzhan Turgenev,5
Kirill Sagyndyk,3
Balzhan Turgenev,3
Temirlan Rakhimov,1
Sofia Tleubek,2
Tomiris Temirov,2
Nurlybek Dogan,1
Bekzat Kurt,4
Gulnaz Fedorov,3
Kuanysh Dogan,1
Gulnaz Fedorov,4
Askar Koc,1
Arman Bolat,2
Kuanysh Baiseitov,1
Vera Popov,2
Kirill Amangeldy,1
Anna Ualiyev,2
Emre Rakhimov,3
Polina Ozturk,4
Irina Ibrayev,4
Maxim Ibrayev,4
Nurlan Aslan,3
Sabina Nurgaliyev,2
Miras Orazov,3
Polina Ermek,1
Aisha Zhaksylyk,3
Sanzhar Smirnov,1
Ksenia Omarov,4
Dana Aslan,3
Anna Baiseitov,4
Oleg Musin,3
Tatiana Tashkenov,1
Kamila Dogan,4
Alisa Mikhailov,2
Tatiana Koc,2
Aknur Ozturk,4
Olzhas Musin,5
Andrey Akhmetov,5
Aliya Bolat,1
Anna Kaya,5
Aruzhan Abdirov,2
Elena Petrov,1
Nurlan Kurt,2
Arman Kaliyev,5
Tatiana Smirnov,4
Oleg Musin,2
Vera Musin,2
Arman Kudaibergen,4
Kamila Kurt,2
Aruzhan Petrov,1
Nurlybek Rakhimov,1
Igor Kaya,5
Andrey Ivanov,3
Igor Kara,4
Nur Volkov,5
Elnur Nurgaliyev,1
Baris Serikbay,2
Miras Konysbay,4
Ilyas Lebedev,1
Emre Rakhimov,2
Miras Baitursyn,2
Artem Musin,5
Nurlan Kaya,1
Yulia Kaliyev,3
Yerbol Kudaibergen,2
Yernar Baitursyn,4
Miras Orazov,2
Anna Aliyev,3
Adil Koc,1
Yerbol Tleubek,1
Bekzat Konysbay,2
Kerem Popov,3
Nazym Ozturk,4
Vlad Koc,3
Zarina Kuznetsov,1
Elif Daulet,4
Marat Gabdullin,1
Emre Omarov,5
Saltanat Nurgaliyev,1
Zhansaya Novikov,2
Marat Morozov,1
Yerlan Demir,1
Ksenia Ivanov,1
Yerbol Kaliyev,2
Milana Aliyev,3
Polina Zhaksylyk,4
Nurzhan Aliyev,2
Ersultan Yilmaz,1
Zarina Demir,5
Sergey Omarov,4
Aizhan Tashkenov,2
Daria Zhaksylyk,2
Dinara Makhmud,2
Kamila Sadykov,1
Madina Shakenov,2
Tolga Mikhailov,2
Miras Kudaibergen,1
Elnur Kudaibergen,5
Nazerke Abenov,4
Aisha Kaya,4
Askar Bolat,3
Maxim Sokolov,1
Elif Kaliyev,2
Aizhan Koc,3
Dinara Assanov,3
Baris Smirnov,2
Bauyrzhan Ualiyev,2
Meruyert Zhunusov,3
Nazerke Abdirov,2
Dana Demir,1
Arman Bolat,5
Arman Amangeldy,3
Daniyar Amangeldy,1
Tomiris Assanov,1
Milana Novikov,1
Nurlybek Assanov,2
Ersultan Gabdullin,5
Serik Novikov,2
Aknur Baiseitov,1
Gaukhar Novikov,4
Marat Suleimenov,2
Rauan Arslan,3
Anna Aslan,3
Meruyert Sagyndyk,1
Karina Dauletov,1
Ece Volkov,2
Zhanel Zhumabek,3
Ekaterina Yerzhanov,1
Tatiana Kaliyev,4
Temirlan Ualiyev,1
Zhansaya Musin,3
Serik Baiseitov,3
Nurlybek Novikov,4
Maxim Akhmetov,1
Polina Bolat,2
Zhanel Fedorov,4
Yerlan Sagyndyk,4
Oleg Orazov,1
Sofia Sadykov,2
Tatiana Kassym,2
Zhandos Zhumabek,5
Dmitry Smirnov,3
Aruzhan Gabdullin,4
Rauan Yilmaz,4
Nurlan Zhunusov,2
Elif Musin,2
Polina Sahin,4
Igor Musin,3
Hasan Jumabek,1
Ksenia Zhumabek,2
Azamat Kurt,4
Adil Mikhailov,2
Anton Volkov,4
Zhanel Kassym,5
Nurzhan Iskakov,1
Aizhan Zhunusov,3
Tolga Ualiyev,5
Tolga Demir,5
Nur Mikhailov,2
Dias Koc,1
Polina Volkov,2
Zhanel Novikov,4
Tolga Mukanov,3
Daniyar Zhumabek,3
Arman Petrov,3
Dinara Dauletov,1
Gulnaz Karimov,3
Omar Dogan,5
Murat Bolat,3
Sabina Yilmaz,1
Yernar Baiseitov,1
Zhuldyz Aliyev,4
Vlad Turgenev,3
Nur Baitursyn,3
Marat Makhmud,4
Vlad Kassym,2
Anel Karimov,2
Igor Ualiyev,3
Aisha Assanov,2
Pavel Tleubek,1
Talgat Zhumabek,4
Tomiris Kuznetsov,3
Madina Novikov,1
Yerbol Baitursyn,5
Artem Karimov,2
Aisha Aliyev,5
Sanzhar Dauletov,1
Nurlan Serikbay,3
Aknur Kassym,3
Zhanel Lebedev,1
Tomiris Baitursyn,1
Nazerke Popov,2
Vadim Gabdullin,3
Dmitry Bekov,3
Aknur Omarov,4
Andrey Alpysbay,1
Emre Ermek,1
Murat Abenov,3
Meruyert Sokolov,1
Ece Abdirov,1
Daniyar Akhmetov,1
Polina Petrov,3
Askar Bekov,2
Maxim Iskakov,3
Anna Aslan,2
Vera Omarov,4
Bauyrzhan Kilic,5
Zhanna Fedorov,1
Temirlan Celik,5
Oleg Sahin,3
Ersultan Ibrayev,4
Tomiris Petrov,2
Sofia Yerzhanov,1
Emre Jumabek,2
Andrey Amangeldy,2
Igor Ozturk,3
Aigul Lebedev,1
Tomiris Abdirov,2
Baris Shakenov,1
Nurlan Ozturk,1
Anton Dauletov,2
Irina Tleubek,1
Baris Petrov,3
Pavel Dogan,2
Elena Petrov,1
Aizhan Lebedev,2
Ksenia Temirov,4
Kerem Karimov,4
Dmitry Mukanov,1
Zhandos Yilmaz,4
Daria Kilic,2
Yerbol Ozturk,1
Layla Kudaibergen,1
Igor Zhaksylyk,3
Igor Dogan,3
Derya Ermek,4
Alisa Kilic,1
Ersultan Daulet,4
Elena Zhaksylyk,4
Omar Orazov,2
Sultan Esenov,2
Dinara Lebedev,5
Zhanar Kaliyev,3
Aigul Serikbay,1
Artem Baitursyn,4
Murat Abdirov,4
Kairat Popov,1
Zhuldyz Petrov,4
Rauan Abdirov,3
Gulnaz Bolat,2
Aruzhan Karimov,4
Laura Demir,5
Polina Kurt,3
Igor Gabdullin,2
Saltanat Popov,1
Kuanysh Aslan,2
Balzhan Lebedev,2
Kairat Iskakov,3
Yerbol Iskakov,3
Zhanna Kara,5
Daria Dogan,3
Oleg Popov,1
Rauan Amangeldy,2
Anel Demir,3
Daria Iskakov,1
Rasul Orazov,4
Temirlan Dauletov,5
Adil Ibrayev,1
Aknur Tashkenov,4
Gulnaz Yilmaz,1
Dinara Assanov,4
Daniyar Daulet,4
Baris Akhmetov,3
Karina Jumabek,4
Dinara Kudaibergen,3
Kuanysh Shakenov,3
Ruslan Alpysbay,3
Akbota Shakenov,3
Tolga Celik,4
Anel Nurgaliyev,1
Nurzhan Baitursyn,1
Ekaterina Temirov,2
Gulnaz Abenov,3
Ersultan Jumabek,1
Hasan Zhaksylyk,1
Tomiris Bolat,1
Yernar Popov,1
Polina Yerzhanov,1
Zhuldyz Celik,2
Askar Orazov,1
Aliya Sadykov,4
Gulnaz Baitursyn,3
Bekzat Sokolov,3
Temirlan Abdirov,3
Sultan Aslan,2
Zeynep Jumabek,2
Milana Kassym,2
Nurlan Dogan,1
Dana Kurt,3
Nazerke Sahin,2
Daria Turgenev,3
Zeynep Esenov,4
Tatiana Ualiyev,3
Saltanat Sadykov,1
Azamat Mukanov,1
Aknur Nurgaliyev,4
Sergey Ivanov,5
Ilyas Cetin,1
Bekzat Petrov,3
Temirlan Nurgaliyev,2
Zhuldyz Lebedev,1
Ilyas Alpysbay,3
Selin Ibrayev,3
Ersultan Assanov,4
Ersultan Mukanov,2
Islam Zhunusov,4
Kirill Ualiyev,4
Yulia Kilic,1
Ilyas Abenov,4
Akbota Baiseitov,4
Yernar Konysbay,5
Aizhan Ivanov,5
Dana Daulet,3
Hasan Abdirov,2
Elnur Tleubek,5
Yerbol Kaya,3
Yerbol Serikbay,3
Rauan Kassym,4
Aigul Rakhimov,3
Ilyas Tleubek,2
Derya Dogan,4
Nurzhan Popov,2
Symbat Temirov,4
Tomiris Fedorov,2
Ekaterina Zhaksylyk,2
Zhansaya Kurt,2
Pavel Kuznetsov,2
Selin Aliyev,3
Ersultan Baitursyn,4
Nikita Sokolov,4
Meruyert Zhumabek,3
Layla Smirnov,4
Aknur Fedorov,2
Bekzat Zhumabek,4
Aizhan Smirnov,3
Dias Kilic,2
Marat Turgenev,4
Islam Dogan,2
Murat Kassym,4
Ksenia Bekov,5
Tatiana Nurgaliyev,1
Kerem Zhunusov,2
Vadim Musin,5
Vera Cetin,4
Talgat Serikbay,4
Elnur Bekov,3
Arman Kurmanov,1
Sanzhar Celik,3
Talgat Bekov,5
Talgat Koc,1
Symbat Mukanov,3
Anna Daulet,2
Yerlan Mukanov,3
Aizhan Makhmud,2
Nurlybek Kara,2
Balzhan Mukanov,2
Andrey Kaya,3
Murat Sadykov,2
Ekaterina Mukanov,1
Maxim Kuznetsov,1
Damir Cetin,5
Nur Volkov,1
Timur Amangeldy,1
Kuanysh Jumabek,2
Ece Zhunusov,1
Zhansaya Demir,4
Gaukhar Shakenov,3
Nur Koc,1
Islam Turgenev,5
Elnur Serikbay,1
Alisa Bolat,1
Hasan Kaya,5
Ksenia Zhunusov,4
Murat Dogan,4
Yulia Jumabek,1
Rasul Daulet,3
Akbota Popov,3
Vlad Kaya,1
Aliya Abdirov,1
Derya Kilic,2
Alisa Demir,4
Vlad Sahin,1
Yerlan Petrov,2
Olga Turgenev,4
Alina Gabdullin,2
Polina Aliyev,1
Dinara Nurgaliyev,5
Zhandos Nurgaliyev,4
Timur Ermek,1
Daniyar Zhaksylyk,3
Miras Arslan,5
Denis Fedorov,3
Maxim Shakenov,3
Dana Omarov,1
Saltanat Morozov,5
Kairat Nurgaliyev,1
Anna Bolat,4
Saltanat Sahin,4
Rauan Rakhimov,3
Murat Sokolov,4
Karina Iskakov,1
Balzhan Celik,1
Ruslan Aslan,3
Aigul Tleubek,5
Denis Iskakov,3
Sergey Mikhailov,2
Alina Zhumabek,3
Marat Makhmud,4
Ece Ozturk,3
Omar Aliyev,2
Yerbol Sahin,1
Ruslan Abdirov,1
Aigerim Zhaksylyk,2
Yerlan Mikhailov,4
Dana Shakenov,4
Aigerim Abdirov,3
Irina Bolat,2
Yerbol Kara,3
Madina Lebedev,2
Aigerim Karimov,2
Damir Tleubek,5
Zhansaya Demir,3
Zhanel Assanov,5
Miras Makhmud,4
Gulnaz Kurmanov,5
Rauan Dogan,5
Kairat Rakhimov,2
Aisha Sahin,3
Marat Mukanov,2
Anna Suleimenov,4
Sofia Petrov,2
Kamila Zhaksylyk,4
Nur Sadykov,5
Yerlan Ualiyev,3
Roman Zhunusov,1
Saltanat Ozturk,5
Nurlybek Dogan,3
Yerlan Lebedev,5
Oleg Dogan,1
Dana Kaliyev,1
Olzhas Abdirov,3
Zhanna Zhunusov,4
Elnur Kassym,3
Omar Temirov,3
Dinara Smirnov,1
Aigul Amangeldy,3
Balzhan Zhumabek,2
Dmitry Iskakov,1
Sanzhar Sahin,4
Vera Ualiyev,1
Arman Baitursyn,3
Madina Dogan,3
Askar Bekov,3
Symbat Mukanov,3
Ece Serikbay,5
Gaukhar Nurgaliyev,4
Polina Abenov,2
Askar Tleubek,1
Zhanna Kilic,2
Pavel Iskakov,4
Nurzhan Sagyndyk,2
Amir Celik,3
Murat Yerzhanov,1
Asel Popov,1
Rauan Baitursyn,4
Igor Orazov,1
Zhuldyz Kaya,1
Karina Assanov,1
Irina Dauletov,5
Meruyert Kudaibergen,2
Aknur Popov,1
Igor Kaliyev,2
Irina Dogan,1
Omar Volkov,1
Igor Kuznetsov,3
Elnur Baitursyn,5
Derya Makhmud,4
Ekaterina Kaya,1
Polina Iskakov,5
Ruslan Assanov,1
Gaukhar Musin,3
Emre Daulet,3
Yernar Tashkenov,1
Yerbol Zhunusov,3
Nurlan Suleimenov,1
Layla Sadykov,1
Akbota Baitursyn,4
Daniyar Kurt,3
Aruzhan Makhmud,2
Bauyrzhan Serikbay,3
Vlad Zhaksylyk,1
Sanzhar Arslan,2
Damir Turgenev,3
Nurlybek Abenov,5
Elena Novikov,1
Arman Cetin,3
Zhuldyz Sadykov,3
Ekaterina Mukanov,2
Meruyert Zhaksylyk,1
Sergey Turgenev,5
Aliya Konysbay,5
Aruzhan Temirov,3
Saltanat Esenov,1
Nurlybek Sahin,3
Dmitry Yilmaz,5
Sanzhar Petrov,3
Aigerim Shakenov,1
Ekaterina Kurmanov,3
Aruzhan Shakenov,3
Kairat Morozov,2
Dmitry Sagyndyk,4
Vlad Sagyndyk,1
Maria Temirov,5
Kirill Daulet,2
Maria Aslan,3
Kerem Aliyev,4
Nurzhan Petrov,2
Dinara Morozov,3
Ilyas Tashkenov,1
Tatiana Jumabek,2
Denis Ermek,2
Ruslan Aslan,1
Layla Kara,3
Akbota Ualiyev,5
Madina Petrov,3
Igor Novikov,2
Sabina Amangeldy,3
Roman Abdirov,3
Zarina Sokolov,3
Bekzat Arslan,2
Omar Kara,2
Rauan Dauletov,5
Igor Karimov,1
Serik Aliyev,1
Serik Kara,4
Gulnaz Baitursyn,4
Sofia Sahin,3
Rauan Ibrayev,3
Aigerim Mikhailov,3
Yulia Kudaibergen,2
Kamila Shakenov,4
Timur Petrov,2
Dana Sagyndyk,3
Marat Alpysbay,2
Kairat Assanov,1
Nurlybek Temirov,4
Anna Dogan,3
Rasul Kara,2
Aliya Iskakov,3
Kairat Orazov,5
Murat Mikhailov,5
Dias Akhmetov,3
Nurlybek Turgenev,4
Sanzhar Petrov,2
Marat Fedorov,2
Maxim Mukanov,4
Gaukhar Aslan,2
Temirlan Aslan,1
Askar Daulet,1
Maxim Gabdullin,3
Zhandos Karimov,3
Kamila Orazov,3
Temirlan Petrov,2
Kirill Karimov,5
Sergey Bekov,3
Aizhan Sokolov,4
Maria Fedorov,1
Yulia Kilic,2
Meruyert Kaliyev,2
Alisa Temirov,1
Meruyert Musin,1
Igor Sagyndyk,1
Aknur Abdirov,2
Miras Lebedev,1
Maxim Musin,2
Maria Suleimenov,1
Karina Aslan,5
Elif Ozturk,5
Layla Makhmud,3
Bekzat Amangeldy,3
Temirlan Abenov,2
Meruyert Karimov,4
Kairat Omarov,3
Meruyert Iskakov,1
Talgat Alpysbay,3
Polina Orazov,3
Amir Kassym,1
Ruslan Kassym,2
Olzhas Assanov,1
Timur Tleubek,3
Akbota Tashkenov,1
Gaukhar Makhmud,4
Saltanat Omarov,2
Tomiris Ozturk,2
Aknur Volkov,5
Islam Sokolov,1
Balzhan Fedorov,1
Maxim Serikbay,1
Dana Ualiyev,5
Timur Amangeldy,1
Olga Celik,2
Miras Aliyev,2
Dinara Shakenov,1
Zeynep Petrov,3
Sabina Kurt,4
Yerlan Kurmanov,2
Arman Karimov,4
Artem Shakenov,3
Sultan Daulet,1
Rauan Kuznetsov,1
Kairat Yerzhanov,3
Saltanat Ivanov,3
Gaukhar Smirnov,4
Alisa Fedorov,1
Yerbol Kuznetsov,5
Elif Tashkenov,1
Vadim Serikbay,2
Symbat Aslan,2
Ece Rakhimov,4
Kuanysh Orazov,1
Derya Zhaksylyk,2
Laura Iskakov,1
Sabina Bekov,3
Ece Volkov,2
Nurlan Orazov,1
Olzhas Konysbay,1
Askar Abenov,4
Akbota Konysbay,5
Daniyar Celik,3
Kirill Turgenev,4
Selin Musin,2
Aliya Shakenov,1
Ruslan Aslan,2
Hasan Kudaibergen,3
Ilyas Celik,3
Balzhan Turgenev,4
Marat Lebedev,4
Anton Suleimenov,1
Ruslan Turgenev,2
Zhanar Lebedev,4
Talgat Koc,3
Olga Aliyev,4
Alisa Aliyev,2
Elnur Ermek,5
Ece Shakenov,2
Zhandos Cetin,3
Madina Volkov,4
Sultan Mikhailov,1
Rauan Dauletov,2
Anna Jumabek,2
Madina Kassym,4
Omar Demir,1
Sanzhar Lebedev,2
Zhansaya Zhumabek,2
Zhuldyz Suleimenov,4
Sanzhar Dogan,3
Kirill Esenov,1
Elena Orazov,5
Nur Sadykov,1
Aigerim Celik,1
Symbat Nurgaliyev,5
Zhanel Musin,1
Milana Ivanov,2
Nazerke Konysbay,3
Oleg Sahin,4
Ilyas Koc,3
Maxim Abenov,2
Rauan Kuznetsov,1
Daniyar Orazov,1
Tolga Kaliyev,2
Damir Aslan,3
Karina Petrov,3
Marat Abdirov,1
Dana Dauletov,4
Yerbol Novikov,2
Nurlan Kudaibergen,3
Daria Arslan,3
Ilyas Zhunusov,2
Alibek Temirov,1
Tatiana Makhmud,3
Aigul Dogan,1
Ilyas Musin,2
Askar Sahin,1
Sofia Tleubek,1
Zhandos Koc,3
Yerlan Daulet,3
Dias Ermek,2
Elnur Shakenov,2
Sultan Ibrayev,4
Zhuldyz Iskakov,3
Symbat Morozov,2
Aisha Volkov,1
Ruslan Smirnov,1
Yulia Abenov,2
Temirlan Abdirov,3
Zarina Celik,5
Anna Tashkenov,4
Rauan Kudaibergen,3
Rasul Smirnov,1
Arman Kuznetsov,2
Sultan Koc,1
Baris Aslan,1
Yerlan Baiseitov,1
Azamat Temirov,1
Kairat Akhmetov,2
Denis Yilmaz,3
Akbota Amangeldy,2
Nurlybek Makhmud,5
Aizhan Kara,3
Daria Amangeldy,3
Yernar Kara,1
Maria Dogan,4
Dana Ualiyev,1
Zhanna Kassym,1
Azamat Jumabek,1
Karina Daulet,2
Elena Zhaksylyk,3
Tatiana Popov,4
Nurlybek Volkov,1
Akbota Sagyndyk,3
Igor Assanov,5
Anton Kurt,3
Aizhan Novikov,2
Alina Iskakov,3
Dinara Kilic,2
Rasul Ozturk,5
Yulia Novikov,1
Aigerim Aslan,3
Oleg Akhmetov,2
Rauan Rakhimov,3
Zarina Aslan,1
Anton Jumabek,4
Elnur Assanov,3
Ekaterina Temirov,3
Selin Ivanov,1
Andrey Zhunusov,2
Islam Ibrayev,1
Sultan Ibrayev,1
Zhanar Kilic,5
Elena Ivanov,4
Tolga Suleimenov,5
Ersultan Morozov,4
Anna Aslan,2
Alisa Zhaksylyk,5
Vera Turgenev,3
Aisha Gabdullin,3
Olzhas Lebedev,2
Oleg Ivanov,3
Zhandos Makhmud,3
Yernar Assanov,3
Baris Abenov,1
Zhandos Abdirov,3
Rasul Mikhailov,5
Emre Ermek,1
Elena Abenov,2
Ilyas Ozturk,1
Oleg Ermek,4
Kirill Ivanov,1
Emre Kaya,4
Ece Novikov,3
Alisa Kudaibergen,4
Ksenia Ibrayev,3
Akbota Temirov,3
Nurlybek Makhmud,3
Aisha Nurgaliyev,4
Maxim Makhmud,1
Ainur Nurgaliyev,3
Alibek Kudaibergen,1
Ece Mikhailov,5
Alina Kaya,2
Elnur Ibrayev,3
Polina Iskakov,2
Gulnaz Ozturk,3
Gulnaz Musin,1
Sabina Kurmanov,2
Artem Konysbay,2
Ksenia Ibrayev,3
Ece Novikov,3
Selin Suleimenov,4
Kirill Amangeldy,3
Ainur Cetin,4
Ece Nurgaliyev,3
Layla Akhmetov,1
Murat Bolat,2
Vlad Koc,5
Denis Tashkenov,3
Symbat Suleimenov,3
Aisha Alpysbay,1
Zhanel Zhaksylyk,1
Olga Nurgaliyev,2
Madina Baitursyn,3
Yerbol Ozturk,2
Ilyas Makhmud,5
Yernar Nurgaliyev,3
Elnur Mikhailov,4
Nazym Jumabek,5
Gaukhar Yilmaz,3
Oleg Ozturk,2
Omar Amangeldy,2
Zhandos Aliyev,2
Dias Shakenov,3
Symbat Novikov,5
Daria Petrov,1
Pavel Akhmetov,3
Madina Amangeldy,3
Kairat Omarov,1
Denis Ualiyev,5
Aigul Sahin,3
Talgat Ualiyev,2
Tatiana Nurgaliyev,2
Pavel Sokolov,2
Zhanel Baitursyn,2
Ruslan Ermek,1
Sergey Alpysbay,3
Oleg Sagyndyk,5
Alina Konysbay,4
Yulia Gabdullin,1
Kairat Baiseitov,1
Elnur Kurt,5
Dmitry Sadykov,2
Pavel Kurt,1
Vadim Kilic,2
Balzhan Abdirov,3
Sergey Aslan,2
Kirill Iskakov,3
Baris Demir,3
Dmitry Novikov,3
Yernar Serikbay,2
Nurzhan Akhmetov,2
Irina Kurmanov,4
Vadim Fedorov,2
Gaukhar Volkov,1
Nurzhan Volkov,1
Balzhan Abenov,4
Symbat Abdirov,1
Aisha Cetin,1
Dmitry Demir,2
Askar Novikov,2
Selin Sadykov,3
Maria Musin,4
Dmitry Bekov,3
Temirlan Amangeldy,4
Vlad Cetin,3
Laura Nurgaliyev,1
Aigul Karimov,1
Sergey Alpysbay,4
Serik Jumabek,2
Amir Popov,1
Olzhas Daulet,3
Zhuldyz Volkov,1
Bekzat Abenov,2
Maria Sokolov,1
Denis Daulet,2
Nikita Dauletov,1
Zhansaya Yerzhanov,2
Nazerke Mikhailov,3
Adil Baitursyn,2
Elena Demir,2
Sergey Bolat,1
Pavel Demir,1
Maria Zhunusov,1
Vera Kurmanov,1
Tomiris Kassym,2
Maria Ibrayev,1
Nur Celik,4
Tolga Kuznetsov,4
Roman Orazov,3
Talgat Ivanov,2
Maxim Musin,4
Islam Akhmetov,3
Yulia Koc,2
Laura Makhmud,2
Sabina Kara,1
Nazerke Abenov,4
Aliya Suleimenov,2
Miras Suleimenov,3
Aruzhan Abenov,1
Dmitry Kaya,3
Dmitry Makhmud,2
Selin Volkov,3
Ersultan Zhaksylyk,1
Zhanna Dogan,1
Yerbol Gabdullin,3
Anton Tashkenov,3
Amir Baiseitov,3
Temirlan Abenov,3
Yerbol Ermek,1
Aigul Ualiyev,3
Layla Aliyev,3
Temirlan Lebedev,3
Elif Ualiyev,4
Yerbol Popov,3
Kirill Kaya,2
Askar Daulet,2
Omar Lebedev,2
Sultan Shakenov,3
Baris Tashkenov,3
Askar Petrov,2
Ece Gabdullin,5
Vera Orazov,2
Artem Yilmaz,2
Polina Alpysbay,1
Murat Kassym,3
Daniyar Abenov,2
Ruslan Omarov,4
Aizhan Akhmetov,2
Vadim Kilic,2
Aknur Zhaksylyk,2
Nurzhan Ermek,3
Polina Mukanov,5
Yerlan Kaliyev,2
Anton Nurgaliyev,1
Yerbol Kaya,3
Marat Aliyev,1
Nazym Ualiyev,5
Laura Amangeldy,1
Elif Sahin,3
Anel Bekov,5
Dias Bolat,1
Nurzhan Tleubek,5
Askar Mukanov,5
Azamat Ermek,2
Adil Zhaksylyk,3
Bekzat Fedorov,3
Asel Temirov,3
Yerlan Kurt,3
Vlad Lebedev,1
Zhanel Kudaibergen,3
Selin Ermek,5
Maxim Serikbay,3
Damir Mukanov,5
Alina Sadykov,5
Olzhas Sadykov,1
Zeynep Serikbay,1
Vadim Omarov,1
Nurlybek Shakenov,2
Kamila Kudaibergen,2
Sofia Dogan,1
Milana Daulet,1
Elif Baiseitov,3
Madina Serikbay,3
Vadim Nurgaliyev,5
Madina Kaliyev,4
Derya Kudaibergen,5
Maria Ualiyev,4
Ersultan Dauletov,2
Amir Temirov,2
Alina Esenov,2
Aigerim Iskakov,1
Miras Kilic,3
Ersultan Kuznetsov,3
Pavel Zhunusov,4
Maxim Arslan,3
Dinara Baiseitov,5
Nurlan Mikhailov,1
Andrey Orazov,4
Baris Aliyev,1
Sultan Kurt,5
Igor Shakenov,2
Nurlybek Shakenov,3
Aruzhan Orazov,4
Dias Cetin,2
Vlad Aliyev,2
Irina Assanov,3
Asel Jumabek,1
Ruslan Bekov,4
Aliya Alpysbay,2
Laura Omarov,4
Islam Zhaksylyk,5
Yernar Yilmaz,2
Irina Baitursyn,2
Nurzhan Rakhimov,3
Selin Nurgaliyev,2
Nurlan Kurmanov,3
Aizhan Kassym,1
Yerbol Baitursyn,2
Yerlan Fedorov,2
Zhansaya Assanov,5
Damir Yerzhanov,2
Milana Bolat,4
Maxim Makhmud,1
Vlad Sahin,3
Zarina Aliyev,5
Zhanna Karimov,1
Zhanel Serikbay,2
Zarina Kurt,1
Polina Smirnov,2
Nurlan Celik,3
Zhanel Iskakov,1
Bekzat Orazov,3
Denis Aslan,2
Sabina Dogan,2
Temirlan Kaya,2
Irina Ozturk,2
Kirill Novikov,2
Denis Amangeldy,4
Irina Kaya,5
Sanzhar Rakhimov,1
Zhansaya Gabdullin,1
Daniyar Ualiyev,3
Madina Gabdullin,4
Daniyar Shakenov,3
Ersultan Amangeldy,1
Emre Gabdullin,4
Hasan Fedorov,4
Ilyas Alpysbay,1
Polina Novikov,3
Olga Karimov,1
Marat Abenov,1
Daria Akhmetov,4
Elnur Kilic,5
Elena Morozov,5
Zeynep Koc,5
Elnur Arslan,2
Daria Dogan,2
Hasan Yilmaz,3
Zarina Sadykov,2
Aliya Sagyndyk,4
Aigerim Baitursyn,1
Miras Fedorov,5
Sergey Yerzhanov,4
Kuanysh Fedorov,5
Azamat Serikbay,1
Aigul Yilmaz,1
Emre Volkov,2
Sultan Ermek,3
Baris Sadykov,3
Adil Popov,1
Kairat Nurgaliyev,4
Kairat Fedorov,1
Zhanna Sahin,5
Denis Koc,3
Askar Koc,1
Bekzat Demir,2
Zhansaya Zhunusov,1
Aigul Makhmud,3
Aknur Kudaibergen,2
Ersultan Dauletov,4
Temirlan Musin,2
Talgat Bekov,3
Akbota Tleubek,1
Aigerim Kaya,4
Meruyert Ibrayev,2
Rauan Sagyndyk,2
Alibek Omarov,1
Layla Kurmanov,5
Anton Ozturk,3
Arman Sahin,3
Irina Celik,2
Selin Kaliyev,5
Vadim Rakhimov,2
Elif Mukanov,1
Rasul Orazov,1
Vadim Turgenev,1
Damir Iskakov,2
Adil Mukanov,2
Islam Bekov,3
Olga Iskakov,1
Nurzhan Sokolov,1
Amir Karimov,2
Gulnaz Zhumabek,3
Talgat Aliyev,1
Ersultan Ualiyev,1
Ersultan Zhumabek,3
Temirlan Aliyev,5
Dinara Lebedev,2
Aisha Cetin,3
Nazym Aliyev,4
Amir Aliyev,2
Zhandos Smirnov,1
Nurzhan Sagyndyk,2
Daniyar Smirnov,1
Oleg Jumabek,3
Gulnaz Shakenov,2
Ece Yerzhanov,1
Timur Novikov,2
Vera Smirnov,4
Zhandos Celik,1
Milana Kilic,1
Daniyar Esenov,2
Nurlan Nurgaliyev,1
Polina Iskakov,2
Nurzhan Dauletov,3
Vera Kaya,2
Damir Baitursyn,4
Zhuldyz Yilmaz,4
Bekzat Akhmetov,4
Marat Assanov,4
Igor Ivanov,1
Madina Kurmanov,5
Elif Kassym,1
Talgat Iskakov,2
Zhanna Turgenev,3
Yulia Smirnov,3
Layla Zhunusov,3
Alibek Bolat,3
Rasul Karimov,4
Ainur Cetin,3
Aigul Konysbay,5
Meruyert Morozov,5
Anel Tleubek,4
Maria Sadykov,3
Pavel Sahin,4
Olga Novikov,2
Emre Aslan,3
Anna Tleubek,2
Irina Sadykov,2
Vera Turgenev,5
Alibek Aslan,1
Tatiana Baitursyn,1
Denis Tleubek,5
Azamat Sahin,3
Anton Kara,4
Tolga Tashkenov,1
Selin Baiseitov,2
Hasan Aliyev,3
Hasan Sokolov,2
Elif Kurmanov,4
Anna Esenov,2
Rasul Kaya,3
Symbat Volkov,2
Askar Morozov,3
Anna Zhunusov,3
Polina Aslan,2
Ruslan Akhmetov,3
Kuanysh Iskakov,3
Andrey Kurt,1
Amir Abdirov,2
Denis Volkov,4
Asel Nurgaliyev,1
Aigerim Aslan,3
Azamat Ozturk,2
Nurlybek Sadykov,4
Gaukhar Yilmaz,4
Islam Temirov,4
Nurzhan Bolat,3
Yulia Yerzhanov,2
Alina Iskakov,3
Kuanysh Sadykov,2
Aliya Kara,3
Yerbol Zhumabek,1
Dias Jumabek,1
Aigul Iskakov,3
Aizhan Kaliyev,3
Aknur Amangeldy,5
Derya Aliyev,1
Dias Ivanov,2
Elif Yilmaz,1
Selin Iskakov,2
Bekzat Fedorov,2
Serik Sagyndyk,3
Tolga Baitursyn,3
Sultan Shakenov,2
Rauan Zhaksylyk,2
Aisha Alpysbay,5
Zarina Petrov,5
Ersultan Shakenov,4
Laura Popov,3
Zhansaya Zhunusov,2
Hasan Koc,3
Rasul Abenov,1
Gulnaz Mukanov,2
Daria Kudaibergen,2
Nazym Kurmanov,1
Oleg Esenov,2
Tolga Aslan,1
Selin Kaliyev,4
Zhanar Fedorov,1
Dana Yilmaz,5
Sergey Arslan,3
Sabina Dogan,1
Temirlan Kilic,3
Akbota Sagyndyk,1
Askar Ivanov,1
Anton Koc,1
Rasul Zhunusov,2
Adil Akhmetov,1
Zarina Abenov,3
Baris Baitursyn,2
Azamat Kassym,5
Miras Petrov,1
Anel Koc,1
Bekzat Shakenov,2
Anton Dogan,4
Omar Orazov,3
Nazerke Yerzhanov,5
Rasul Dogan,2
Aizhan Daulet,1
Dana Kaliyev,4
Yernar Sahin,2
Maria Makhmud,1
Kerem Ualiyev,2
Adil Yilmaz,5
Roman Ualiyev,3
Bekzat Zhunusov,3
Rauan Petrov,4
Tolga Yerzhanov,2
Ece Suleimenov,3
Talgat Baiseitov,4
Rasul Celik,2
Sofia Volkov,4
Elena Alpysbay,1
Ksenia Ualiyev,2
Maxim Turgenev,2
Dana Gabdullin,4
Nurlan Abenov,2
Meruyert Bolat,2
Tatiana Kilic,1
Arman Novikov,5
Sergey Morozov,5
Zhansaya Kuznetsov,4
Elena Sokolov,2
Karina Sagyndyk,2
Temirlan Daulet,2
Yerlan Abenov,5
Maxim Bekov,2
Omar Celik,3
Selin Dauletov,4
Aigul Ualiyev,1
Yerlan Assanov,3
Igor Konysbay,3
Bekzat Morozov,4
Aigerim Aliyev,3
Bekzat Konysbay,2
Sanzhar Celik,1
Dias Yerzhanov,2
Dmitry Baitursyn,4
Ainur Alpysbay,2
Aigerim Kaya,4
Igor Smirnov,3
Artem Aliyev,2
Nur Assanov,3
Rauan Esenov,3
Yulia Serikbay,5
Alibek Baiseitov,3
Gaukhar Omarov,4
Dana Nurgaliyev,1
Adil Amangeldy,2
Bauyrzhan Turgenev,4
Layla Temirov,3
Zhansaya Ozturk,5
Elena Makhmud,2
Madina Baiseitov,2
Oleg Sadykov,3
Roman Fedorov,1
Ece Iskakov,3
Yulia Kudaibergen,4
Anna Karimov,3
Derya Sokolov,5
Yerbol Yilmaz,3
Aizhan Abenov,1
Zarina Bolat,3
Ekaterina Temirov,2
Zhandos Abdirov,4
Dmitry Rakhimov,1
Emre Rakhimov,3
Tatiana Akhmetov,5
Yerlan Aliyev,5
Anel Amangeldy,4
Rauan Zhunusov,3
Irina Yilmaz,2
Vera Yerzhanov,3
Kamila Orazov,4
Sultan Arslan,2
Nurlybek Karimov,2
Zhuldyz Konysbay,1
Nazym Mikhailov,1
Nurzhan Jumabek,1
Bauyrzhan Yerzhanov,5
Anel Ivanov,1
Polina Temirov,3
Miras Dauletov,2
Saltanat Serikbay,4
Ilyas Ozturk,4
Aigerim Kaliyev,1
Tatiana Shakenov,3
Karina Aliyev,2
Laura Nurgaliyev,5
Elena Kurmanov,4
Daria Abenov,1
Meruyert Serikbay,3
Karina Volkov,5
Karina Kaliyev,3
Islam Kuznetsov,1
Layla Ibrayev,1
Kairat Dogan,5
Elena Morozov,3
Kerem Akhmetov,1
Nazym Kaya,4
Olzhas Ualiyev,1
Denis Yilmaz,2
Emre Jumabek,3
Aisha Iskakov,2
Tolga Kuznetsov,3
Kerem Abenov,4
Anel Fedorov,5
Maria Esenov,1
Maria Ualiyev,3
Azamat Cetin,3
Aizhan Musin,2
Kamila Shakenov,3
Arman Zhaksylyk,1
Amir Temirov,2
Ilyas Karimov,3
Laura Bolat,3
Nurzhan Orazov,2
Islam Temirov,1
Irina Kurmanov,1
Yulia Tleubek,3
Arman Musin,4
Islam Tashkenov,3
Zhandos Temirov,2
Saltanat Arslan,4
Tatiana Shakenov,2
Murat Ivanov,3
Olga Demir,2
Nazerke Ualiyev,2
Ainur Lebedev,4
Layla Aliyev,1
Gaukhar Mikhailov,5
Kerem Turgenev,3
Nurzhan Zhunusov,1
Zarina Petrov,1
Nazym Akhmetov,2
Adil Bekov,5
Artem Zhumabek,5
Adil Sokolov,4
Gulnaz Karimov,1
Nazerke Temirov,2
Ksenia Amangeldy,1
Polina Ualiyev,2
Alina Iskakov,1
Alina Turgenev,1
Maria Popov,2
Emre Volkov,3
Nur Yerzhanov,2
Arman Amangeldy,5
Derya Jumabek,1
Akbota Sadykov,3
Sabina Ozturk,3
Irina Yerzhanov,2
Andrey Mikhailov,2
Aizhan Kara,5
Ainur Tashkenov,1
Maxim Mikhailov,5
Vlad Rakhimov,1
Aknur Omarov,1
Nazerke Aliyev,1
Saltanat Kassym,4
Aruzhan Abdirov,3
Baris Koc,1
Bekzat Shakenov,3
Emre Kaya,3
Nurlan Zhunusov,2
Aisha Ibrayev,3
Maxim Ibrayev,2
Selin Demir,5
Askar Ozturk,2
Tomiris Popov,2
Alisa Sahin,2
Balzhan Zhumabek,5
Kirill Mukanov,2
Madina Fedorov,3
Ksenia Turgenev,3
Artem Tleubek,1
Ksenia Sagyndyk,1
Roman Sokolov,1
Talgat Tashkenov,1
Aisha Dauletov,3
Zhansaya Makhmud,5
Zhansaya Musin,5
Sergey Abenov,4
Sabina Kudaibergen,3
Akbota Arslan,3
Rasul Yerzhanov,1
Bekzat Shakenov,1
Alisa Kurmanov,1
Dias Kara,4
Nur Demir,1
Serik Petrov,4
Dana Sahin,5
Gulnaz Kaliyev,3
Zhandos Tashkenov,2
Aigerim Temirov,3
Elnur Yilmaz,1
Kirill Ualiyev,4
Timur Mikhailov,2
Tolga Yerzhanov,1
Aliya Kara,3
Ksenia Serikbay,4
Alibek Serikbay,1
Gaukhar Yerzhanov,4
Maxim Orazov,4
Dmitry Celik,2
Nur Ivanov,3
Maria Ualiyev,2
Bauyrzhan Turgenev,3
Ainur Ualiyev,1
Vadim Zhumabek,4
Karina Demir,4
Alisa Aliyev,4
Temirlan Esenov,5
Sofia Temirov,2
Roman Mukanov,1
Miras Makhmud,4
Yerlan Mukanov,5
Layla Yilmaz,4
Artem Morozov,4
Yernar Popov,4
Dinara Bekov,3
Nazym Smirnov,1
Nurlan Akhmetov,2
Anel Mukanov,2
Ilyas Kaliyev,4
Serik Alpysbay,4
Igor Turgenev,5
Ece Iskakov,1
Olga Aslan,1
Daniyar Morozov,1
Emre Mukanov,3
Aknur Dauletov,4
Anton Morozov,3
Kerem Nurgaliyev,2
Aigul Kaliyev,1
Bauyrzhan Abenov,3
Zhandos Fedorov,3
Karina Kassym,3
Nikita Morozov,1
Aigerim Zhunusov,3
Zeynep Ibrayev,2
Ainur Esenov,2
Saltanat Mikhailov,4
Igor Alpysbay,2
Zarina Kassym,5
Kirill Karimov,2
Milana Ivanov,5
Balzhan Volkov,3
Alibek Zhaksylyk,1
Temirlan Kaliyev,1
Kuanysh Kudaibergen,2
Yerlan Assanov,4
Nurlan Konysbay,3
Elnur Serikbay,4
Ersultan Kuznetsov,2
Rasul Tleubek,5
Artem Novikov,3
Roman Musin,1
Ilyas Akhmetov,2
Zhanar Ozturk,4
Aizhan Kaliyev,5
Askar Abdirov,2
Sanzhar Mukanov,3
Yulia Baitursyn,1
Zhanel Daulet,1
Ruslan Amangeldy,5
Ruslan Serikbay,2
Oleg Arslan,3
Alisa Kurt,4
Nurzhan Zhumabek,2
Bekzat Bolat,3
Denis Nurgaliyev,3
Dinara Akhmetov,3
Bekzat Alpysbay,3
Polina Jumabek,1
Nikita Ivanov,1
Aliya Kurmanov,1
Ksenia Lebedev,4
Ersultan Karimov,1
Islam Dauletov,2
Kerem Kilic,1
Baris Koc,1
Asel Zhunusov,1
Ruslan Makhmud,4
Sofia Volkov,2
Alina Abdirov,2
Aigerim Kurmanov,3
Nurlan Dauletov,2
Ilyas Novikov,1
Selin Kilic,2
Arman Ualiyev,2
Roman Esenov,2
Aruzhan Kurt,4
Layla Kudaibergen,1
Symbat Akhmetov,5
Aknur Akhmetov,4
Zarina Esenov,3
Ece Karimov,1
Elif Yilmaz,5
Dmitry Makhmud,1
Sabina Yerzhanov,3
Layla Gabdullin,1
Yerlan Smirnov,1
Zhansaya Sahin,1
Sofia Amangeldy,1
Bekzat Mikhailov,2
Karina Cetin,4
Yernar Makhmud,4
Olzhas Kaliyev,4
Serik Kilic,1
Bauyrzhan Gabdullin,3
Nurlybek Kurt,2
Serik Kurt,2
Karina Abenov,1
Rasul Mikhailov,1
Alina Yilmaz,5
Emre Dogan,1
Vera Esenov,3
Dinara Zhumabek,3
Meruyert Dauletov,3
Yernar Yerzhanov,1
Daniyar Amangeldy,5
Anel Zhaksylyk,3
Aisha Kudaibergen,4
Elif Suleimenov,2
Yulia Alpysbay,2
Irina Baiseitov,3
Vadim Iskakov,3
Anel Volkov,1
Dias Abenov,3
Anna Yilmaz,1
Vadim Celik,5
Bekzat Bolat,3
Aigerim Baiseitov,1
Dmitry Shakenov,5
Nurzhan Celik,3
Ilyas Omarov,4
Ece Musin,2
Olzhas Ualiyev,3
Kirill Bolat,4
Zeynep Ermek,2
Vera Konysbay,2
Marat Ivanov,1
Elnur Mikhailov,3
Dinara Ermek,3
Roman Temirov,2
Alina Alpysbay,1
Kairat Smirnov,1
Aigerim Sahin,3
Denis Shakenov,2
Roman Amangeldy,3
Adil Esenov,2
Sergey Sagyndyk,2
Derya Tleubek,2
Aigul Alpysbay,1
Vadim Morozov,1
Akbota Kaya,2
Sergey Novikov,1
Ruslan Yerzhanov,5
Elena Omarov,1
Zeynep Gabdullin,3
Gulnaz Shakenov,4
Nazym Dogan,3
Zarina Novikov,4
Zhanel Demir,3
Dana Zhunusov,1
Elena Ozturk,3
Daniyar Novikov,1
Polina Orazov,3
Nazym Lebedev,4
Olga Shakenov,5
Asel Bolat,3
Alina Ozturk,1
Murat Alpysbay,1
Alisa Assanov,5
Aigul Kaliyev,2
Zhansaya Kaya,3
Kerem Konysbay,2
Bauyrzhan Tashkenov,4
Elif Dogan,2
Vlad Demir,2
Nurzhan Popov,3
Serik Alpysbay,1
Hasan Bolat,2
Balzhan Fedorov,2
Igor Tleubek,3
Roman Turgenev,3
Yernar Serikbay,2
Tatiana Karimov,5
Nurlybek Yerzhanov,2
Vlad Celik,3
Tatiana Yerzhanov,2
Dana Kurt,3
Rasul Popov,5
Anna Makhmud,3
Yerlan Orazov,2
Dmitry Sagyndyk,4
Rauan Lebedev,1
Dias Ibrayev,1
Oleg Orazov,1
Daria Baitursyn,3
Ersultan Esenov,1
Derya Dogan,3
Nazym Sadykov,3
Anel Makhmud,1
Nikita Aliyev,3
Dmitry Koc,2
Kamila Ermek,3
Yerbol Kuznetsov,3
Saltanat Aliyev,3
Aisha Tleubek,3
Denis Iskakov,4
Adil Tleubek,5
Pavel Kuznetsov,2
Sanzhar Tleubek,4
Aruzhan Kuznetsov,2
Damir Zhaksylyk,2
Yulia Musin,2
Bekzat Assanov,2
Ekaterina Kaya,5
Sergey Iskakov,1
Laura Kudaibergen,5
Nurlybek Akhmetov,1
Dmitry Kilic,2
Tomiris Ermek,4
Timur Smirnov,3
Zhuldyz Kudaibergen,4
Nazym Sahin,2
Zeynep Shakenov,3
Anton Baitursyn,3
Yulia Daulet,1
Artem Tleubek,3
Zeynep Fedorov,4
Daria Kassym,4
Rasul Kurmanov,4
Meruyert Celik,2
Derya Kurt,1
Vadim Abdirov,1
Maxim Dogan,4
Adil Aliyev,1
Anna Omarov,1
Zhanel Ozturk,1
Ece Ermek,2
Arman Omarov,3
Alibek Shakenov,4
Adil Yilmaz,3
Denis Yerzhanov,1
Ece Yilmaz,2
Sofia Alpysbay,5
Nurlan Zhumabek,5
Akbota Mikhailov,2
Nikita Alpysbay,5
Laura Arslan,1
Zarina Baiseitov,4
Madina Kurt,2
Yernar Rakhimov,1
Ece Bekov,2
Sofia Zhumabek,3
Emre Demir,2
Rasul Kurt,5
Zeynep Smirnov,4
Islam Bolat,3
Gaukhar Lebedev,1
Olga Bolat,1
Derya Gabdullin,5
Omar Mikhailov,2
Vadim Celik,1
Elif Konysbay,4
Aigerim Kurmanov,2
Yernar Zhunusov,3
Daniyar Assanov,1
Nazerke Iskakov,1
Polina Smirnov,2
Oleg Sahin,3
Aknur Makhmud,2
Ilyas Kara,4
Alibek Ualiyev,3
Sultan Sagyndyk,4
Ekaterina Kurmanov,1
Aliya Lebedev,3
Olga Sahin,5
Daniyar Zhunusov,4
Vera Petrov,2
Tomiris Fedorov,4
Aizhan Tashkenov,3
Gaukhar Dauletov,3
Balzhan Musin,2
Dmitry Kurt,1
Aigul Novikov,3
Nazerke Sokolov,1
Selin Aslan,5
Irina Abdirov,2
Madina Abenov,4
Rasul Mikhailov,4
Sabina Gabdullin,2
Daria Kurt,5
Nurzhan Zhaksylyk,5
Oleg Kilic,3
Kirill Petrov,3
Aizhan Kuznetsov,3
Saltanat Temirov,3
Aliya Akhmetov,2
Oleg Sahin,1
Yulia Ibrayev,2
Yerbol Kurt,4
Gaukhar Makhmud,2
Kairat Esenov,1
Irina Kara,1
Gaukhar Sahin,1
Sergey Ermek,2
Baris Yilmaz,2
Alisa Sagyndyk,5
Murat Sagyndyk,1
Nurlybek Kara,2
Andrey Sadykov,2
Ece Nurgaliyev,1
Gaukhar Abdirov,2
Tolga Sokolov,2
Nurzhan Gabdullin,4
Nurlybek Omarov,1
Gaukhar Baiseitov,3
Anna Daulet,2
Zhanar Ualiyev,5
Derya Alpysbay,1
Oleg Orazov,2
Ekaterina Abdirov,3
Amir Shakenov,4
Dana Karimov,2
Polina Bekov,3
Anna Turgenev,4
Yernar Omarov,5
Olga Sahin,3
Olga Musin,3
Anel Zhunusov,1
Madina Fedorov,2
Roman Kassym,2
Zhanna Petrov,2
Saltanat Novikov,3
Andrey Nurgaliyev,1
Daniyar Assanov,5
Denis Dogan,1
Anel Suleimenov,2
Askar Temirov,3
Vadim Serikbay,1
Talgat Aslan,1
Serik Omarov,2
Dmitry Aslan,3
Vera Demir,3
Tomiris Lebedev,1
Aliya Kaya,5
Roman Turgenev,1
Nur Yerzhanov,1
Ainur Ivanov,2
Yulia Kilic,2
Islam Fedorov,3
Olzhas Konysbay,1
Zeynep Baitursyn,3
Zhanel Yerzhanov,2
Polina Kudaibergen,4
Aknur Ermek,3
Meruyert Zhumabek,2
Elif Konysbay,1
Yernar Alpysbay,1
Symbat Cetin,2
Timur Demir,2
Rasul Suleimenov,5
Nurlan Sahin,1
Bauyrzhan Konysbay,3
Aruzhan Ualiyev,2
Zeynep Konysbay,2
Tatiana Fedorov,3
Rasul Mukanov,2
Ekaterina Akhmetov,1
Dinara Kaya,2
Timur Turgenev,3
Aigerim Iskakov,3
Damir Popov,2
Zeynep Mikhailov,2
Balzhan Popov,3
Aliya Musin,5
Ruslan Arslan,2
Anton Zhunusov,1
Azamat Orazov,2
Zhanna Smirnov,5
Karina Sadykov,3
Nurlybek Alpysbay,1
Ilyas Zhumabek,2
Zhanel Musin,1
Nur Petrov,1
Elnur Abenov,1
Serik Kaya,2
Yernar Iskakov,5
Balzhan Ualiyev,4
Yerbol Rakhimov,3
Olzhas Orazov,1
Murat Suleimenov,2
Damir Sokolov,3
Tomiris Bekov,4
Zhuldyz Dauletov,2
Laura Zhaksylyk,5
Tomiris Petrov,1
Sultan Zhaksylyk,5
Kamila Aliyev,2
Milana Alpysbay,1
Anna Temirov,4
Alisa Ibrayev,3
Vera Zhumabek,3
Anton Gabdullin,1
Zhuldyz Ibrayev,2
Maria Sadykov,3
Talgat Esenov,3
Ruslan Tashkenov,3
Olzhas Abdirov,5
Sofia Sokolov,2
Sultan Shakenov,3
Dmitry Demir,2
Nurlybek Alpysbay,2
Aknur Arslan,4
Dana Orazov,5
Alisa Lebedev,5
Hasan Bekov,2
Nazerke Sagyndyk,3
Olga Mukanov,1
Anel Akhmetov,5
Elena Kaliyev,3
Nazym Kurt,2
Saltanat Kurmanov,3
Tomiris Baitursyn,2
Miras Alpysbay,1
Askar Esenov,1
Ainur Demir,3
Tolga Aliyev,5
Askar Tashkenov,2
Aruzhan Popov,5
Baris Sahin,4
Bauyrzhan Mukanov,1
Marat Nurgaliyev,2
Ersultan Yerzhanov,4
Ece Kilic,1
Zhanna Orazov,3
Zeynep Kassym,3
Alibek Kilic,5
Ruslan Amangeldy,1
Alisa Abdirov,3
Zhanar Aslan,3
Yerlan Amangeldy,3
Bauyrzhan Zhunusov,1
Irina Omarov,4
Sergey Gabdullin,2
Aizhan Sahin,5
Yerlan Temirov,5
Irina Amangeldy,4
Elnur Zhumabek,5
Temirlan Sahin,2
Aisha Abdirov,1
Zhanar Turgenev,3
Vlad Bekov,3
Elena Kaliyev,1
Aigerim Ozturk,1
Kerem Omarov,3
Kairat Ermek,2
Irina Volkov,2
Zhansaya Nurgaliyev,2
Timur Ozturk,3
Zhandos Tleubek,3
Igor Popov,4
Anna Aliyev,2
Alibek Kassym,1
Ilyas Ibrayev,2
Tomiris Yerzhanov,3
Ekaterina Ibrayev,3
Pavel Kurt,1
Aknur Mukanov,2
Emre Baiseitov,4
Kirill Zhaksylyk,3
Madina Makhmud,1
Tomiris Aliyev,5
Andrey Abenov,2
Madina Celik,4
Aigul Dauletov,5
Emre Volkov,2
Akbota Mukanov,1
Omar Cetin,2
Elena Zhaksylyk,3
Olzhas Kara,2
Anton Mukanov,5
Sultan Zhumabek,4
Bekzat Kilic,2
Nurlan Cetin,1
Kerem Kuznetsov,2
Ruslan Ozturk,2
Kuanysh Akhmetov,2
Azamat Petrov,4
Vera Ibrayev,3
Omar Abdirov,3
Anna Esenov,3
Akbota Tashkenov,1
Irina Jumabek,3
Zhanel Assanov,1
Islam Fedorov,2
Dias Abdirov,3
Tatiana Baitursyn,5
Derya Karimov,3
Roman Kuznetsov,4
Nurlybek Dauletov,3
Ilyas Dogan,3
Gaukhar Temirov,2
Madina Zhaksylyk,3
Yulia Kaya,3
Andrey Esenov,2
Zhandos Shakenov,3
Yerlan Cetin,1
Nurlan Aliyev,4
Igor Akhmetov,4
Gulnaz Yilmaz,1
Yerbol Kaliyev,2
Derya Tleubek,1
Kuanysh Gabdullin,1
Zarina Kaya,5
Bekzat Assanov,4
Daniyar Morozov,2
Vadim Abdirov,5
Rauan Kurt,1
Amir Baitursyn,1
Gulnaz Assanov,5
Nazerke Suleimenov,4
Layla Tashkenov,2
Derya Aslan,4
Kerem Shakenov,3
Marat Novikov,3
Daniyar Serikbay,2
Andrey Mukanov,1
Milana Sahin,4
Aruzhan Arslan,2
Nurlan Alpysbay,1
Rauan Novikov,3
Elif Ozturk,3
Artem Kilic,2
Selin Makhmud,2
Madina Tleubek,3
Anton Ibrayev,4
Emre Sagyndyk,5
Zhanar Mukanov,2
Nurlybek Gabdullin,1
Zhuldyz Kilic,4
Madina Kurt,4
Denis Turgenev,2
Dinara Yerzhanov,3
Elnur Temirov,4
Anna Cetin,1
Tomiris Tashkenov,1
Aigerim Morozov,4
Ekaterina Dogan,2
Polina Ermek,1
Meruyert Makhmud,1
Murat Shakenov,3
Nazerke Abdirov,5
Asel Mikhailov,5
Meruyert Bolat,2
Islam Turgenev,3
Selin Temirov,1
Ruslan Akhmetov,3
Aliya Ermek,3
Zhandos Bekov,1
Alisa Akhmetov,4
Artem Makhmud,3
Alina Orazov,2
Artem Sagyndyk,2
Askar Karimov,1
Zhanna Amangeldy,5
Karina Akhmetov,2
Vlad Demir,3
Aknur Jumabek,5
Adil Petrov,3
Selin Popov,4
Miras Shakenov,2
Kuanysh Ivanov,1
Karina Aliyev,1
Aruzhan Serikbay,5
Sabina Sahin,1
Dana Baitursyn,1
Rauan Lebedev,3
Tomiris Iskakov,2
Rauan Kaliyev,1
Kairat Tleubek,2
Vlad Iskakov,1
Tatiana Kilic,3
Asel Rakhimov,1
Yernar Celik,4
Baris Sokolov,2
Dana Konysbay,3
Aigerim Demir,4
Kamila Aslan,2
Gaukhar Zhumabek,5
Kuanysh Zhunusov,5
Kamila Kaliyev,3
Kuanysh Kilic,3
Ece Bekov,3
Zhanel Mukanov,3
Zhanna Koc,2
Yerlan Gabdullin,2
Gaukhar Koc,2
Temirlan Temirov,1
Irina Serikbay,5
Bekzat Gabdullin,1
Miras Ozturk,2
Murat Omarov,2
Emre Daulet,1
Amir Kuznetsov,1
Amir Zhunusov,1
Zhanna Volkov,1
Sergey Sagyndyk,2
Anton Daulet,3
Aigul Popov,2
Amir Ozturk,3
Tatiana Petrov,1
Balzhan Yerzhanov,5
Kairat Turgenev,1
Yerbol Daulet,4
Nazym Ermek,2
Aliya Popov,3
Bauyrzhan Tleubek,2
Roman Akhmetov,1
Bauyrzhan Kurmanov,1
Marat Smirnov,3
Pavel Novikov,5
Miras Rakhimov,3
Hasan Zhaksylyk,2
Nurlybek Serikbay,2
Kairat Fedorov,3
Zhanel Suleimenov,2
Ece Celik,2
Serik Arslan,2
Yernar Sadykov,2
Murat Popov,1
Aisha Rakhimov,2
Nur Ivanov,2
Timur Lebedev,2
Dias Shakenov,1
Tolga Aslan,1
Vera Dogan,3
Anton Tashkenov,4
Yulia Musin,2
Dias Akhmetov,4
Kamila Kilic,1
Daria Volkov,5
Askar Kudaibergen,5
Islam Alpysbay,2
Arman Morozov,2
Zhandos Kara,1
Karina Kaliyev,2
Kerem Fedorov,2
Islam Petrov,2
Marat Mukanov,3
Nazerke Kurt,3
Alina Ualiyev,2
Nurlybek Kassym,4
Nurzhan Sokolov,3
Bauyrzhan Mikhailov,1
Aigul Alpysbay,1
Dana Assanov,2
Nurlybek Abenov,3
Ekaterina Kilic,2
Yerbol Abenov,2
Kuanysh Suleimenov,4
Symbat Kurmanov,3
Talgat Zhaksylyk,3
Dinara Temirov,4
Nurlan Sahin,2
Milana Ermek,1
Talgat Kurt,2
Dias Fedorov,1
Yulia Ualiyev,5
Karina Sahin,3
Aisha Tashkenov,1
Temirlan Omarov,4
Serik Arslan,1
Aknur Konysbay,3
Ilyas Iskakov,2
Tomiris Kuznetsov,2
Sultan Akhmetov,2
Omar Ivanov,3
Saltanat Karimov,3
Zhandos Dauletov,2
Karina Sagyndyk,3
Serik Amangeldy,3
Vlad Rakhimov,3
Roman Karimov,3
Zhanel Morozov,2
Saltanat Akhmetov,3
Timur Orazov,5
Omar Dogan,3
Aigerim Turgenev,1
Bauyrzhan Gabdullin,4
Amir Musin,2
Ekaterina Kurmanov,5
Arman Dauletov,3
Oleg Serikbay,4
Zhansaya Aliyev,2
Madina Volkov,4
Aigul Yerzhanov,5
Selin Serikbay,2
Adil Baiseitov,5
Askar Turgenev,1
Aliya Turgenev,1
Ece Bekov,1
Artem Cetin,5
Dana Akhmetov,3
Nazym Mukanov,2
Nurlybek Yerzhanov,2
Zhandos Ivanov,3
Zhanel Ibrayev,2
Kairat Dogan,1
Madina Nurgaliyev,2
Serik Zhunusov,4
Ersultan Kaliyev,4
Zhanar Volkov,3
Nikita Ibrayev,2
Elif Nurgaliyev,1
Arman Smirnov,3
Talgat Dauletov,4
Oleg Iskakov,2
Ksenia Baitursyn,1
Zarina Karimov,2
Elif Karimov,1
Nurzhan Kassym,1
Dias Omarov,2
Kerem Zhaksylyk,2
Islam Bekov,3
Adil Kara,1
Olga Turgenev,2
Alibek Kaya,1
Anton Daulet,2
Akbota Baitursyn,2
Zhuldyz Orazov,2
Nurzhan Cetin,2
Gulnaz Sagyndyk,3
Tolga Mukanov,3
Aliya Sadykov,4
Nurlybek Yilmaz,1
Maria Konysbay,5
Saltanat Gabdullin,3
Tatiana Alpysbay,4
Daniyar Demir,2
Zhuldyz Musin,1
Tatiana Sokolov,2
Anton Mukanov,2
Dinara Kaya,1
Aruzhan Fedorov,1
Dmitry Smirnov,3
Bekzat Arslan,2
Zhanar Ivanov,3
Maria Konysbay,3
Tatiana Temirov,2
Dana Celik,1
Polina Cetin,2
Saltanat Mikhailov,5
Balzhan Bekov,2
Irina Dogan,1
Anna Zhumabek,3
Layla Bekov,4
Kirill Sahin,1
Aigul Kaliyev,3
Sabina Kurt,3
Yerbol Amangeldy,2
Aisha Demir,1
Marat Sahin,1
Bekzat Ibrayev,1
Aliya Kassym,2
Roman Petrov,1
Alina Sahin,2
Zhansaya Akhmetov,1
Rauan Tleubek,3
Ekaterina Temirov,4
Pavel Karimov,1
Asel Tleubek,2
Hasan Popov,2
Meruyert Celik,1
Nurlybek Mukanov,5
Andrey Popov,2
Kairat Mukanov,2
Saltanat Ibrayev,2
Ilyas Sahin,5
Serik Temirov,1
Irina Nurgaliyev,2
Yerlan Kara,2
Tolga Kudaibergen,4
Aizhan Iskakov,3
Damir Temirov,4
Pavel Rakhimov,3
Sultan Orazov,3
Timur Abdirov,5
Aigul Abdirov,2
Roman Lebedev,1
Bekzat Ivanov,1
Azamat Volkov,4
Polina Aliyev,3
Balzhan Ibrayev,4
Zhandos Ozturk,1
Kamila Bolat,2
Polina Morozov,1
Tomiris Abdirov,1
Vlad Celik,4
Kuanysh Ivanov,5
Maria Omarov,1
Anna Kassym,1
Tatiana Zhunusov,2
Hasan Alpysbay,3
Yulia Tleubek,2
Pavel Kaya,2
Rauan Suleimenov,4
Ksenia Kaliyev,5
Aigul Demir,4
Anna Zhunusov,2
Serik Alpysbay,3
Meruyert Morozov,4
Ilyas Baiseitov,1
Kuanysh Tashkenov,3
Aigul Popov,4
Islam Kilic,2
Dmitry Volkov,1
Zhanar Baiseitov,1
Elena Bekov,3
Amir Morozov,3
Ece Kudaibergen,1
Balzhan Volkov,3
Sergey Zhaksylyk,2
Azamat Gabdullin,2
Olzhas Smirnov,1
Symbat Aliyev,3
Murat Yilmaz,2
Zhandos Sokolov,3
Adil Tleubek,1
Aizhan Amangeldy,2
Saltanat Cetin,1
Elnur Petrov,5
Tatiana Orazov,2
Symbat Baitursyn,2
Aliya Temirov,3
Kuanysh Yerzhanov,4
Derya Suleimenov,5
Bauyrzhan Zhaksylyk,2
Asel Bekov,2
Rasul Tashkenov,3
Ekaterina Bekov,4
Adil Popov,1
Zarina Ermek,4
Igor Volkov,3
Rasul Tleubek,5
Aknur Koc,2
Tatiana Mikhailov,2
Aruzhan Sokolov,5
Nur Baitursyn,2
Denis Kaya,1
Karina Ibrayev,1
Elena Sadykov,3
Dias Abdirov,4
Alibek Smirnov,4
Saltanat Kaliyev,2
Nurlybek Esenov,1
Hasan Nurgaliyev,1
Vlad Kassym,3
Emre Kuznetsov,1
Maxim Makhmud,4
Sofia Konysbay,1
Zeynep Rakhimov,3
Saltanat Mukanov,4
Miras Novikov,1
Yernar Makhmud,1
Ersultan Ermek,4
Olzhas Aslan,3
Balzhan Aslan,5
Baris Sadykov,1
Anton Esenov,2
Yerlan Mukanov,2
Yernar Tleubek,1
Emre Aslan,1
Tatiana Kassym,3
Meruyert Lebedev,2
Meruyert Volkov,5
Nurlybek Baiseitov,2
Nazym Iskakov,1
Yerlan Amangeldy,3
Yerlan Ibrayev,5
Kuanysh Mukanov,5
Bekzat Abenov,5
Andrey Makhmud,3
Marat Mukanov,2
Elif Koc,2
Polina Omarov,3
Murat Omarov,1
Aigerim Shakenov,5
Yernar Koc,3
Miras Daulet,1
Denis Koc,1
Elnur Mikhailov,2
Dinara Musin,5
Maria Ozturk,3
Zhanar Kaliyev,2
Temirlan Tashkenov,3
Elif Tashkenov,1
Aigerim Abenov,2
Balzhan Smirnov,4
Saltanat Fedorov,1
Zarina Dauletov,3
Aigerim Gabdullin,5
Dias Baitursyn,5
Olzhas Petrov,1
Miras Tashkenov,1
Symbat Tleubek,4
Nurzhan Dauletov,1
Rauan Daulet,4
Igor Popov,5
Gulnaz Ivanov,5
Nurlybek Suleimenov,2
Ainur Suleimenov,2
Sergey Omarov,4
Gulnaz Turgenev,2
Polina Volkov,3
Olga Kaya,1
Gulnaz Omarov,4
Balzhan Lebedev,3
Daniyar Konysbay,5
Ksenia Amangeldy,4
Layla Akhmetov,1
Ksenia Rakhimov,5
Ruslan Petrov,1
Anel Kassym,3
Adil Omarov,4
Rasul Kurt,4
Islam Zhaksylyk,1
Asel Gabdullin,3
Anel Cetin,1
Vlad Lebedev,4
Anna Bekov,1
Temirlan Tashkenov,4
Vlad Shakenov,3
Denis Tleubek,2
Tomiris Volkov,3
Serik Zhunusov,1
Nurlan Baitursyn,1
Dinara Popov,1
Emre Celik,1
Yulia Kaliyev,1
Bauyrzhan Ualiyev,5
Karina Gabdullin,3
Zhansaya Temirov,3
Nazerke Karimov,4
Symbat Aslan,5
Bauyrzhan Gabdullin,3
Askar Temirov,2
Askar Turgenev,2
Temirlan Alpysbay,3
Emre Baiseitov,3
Nurlan Karimov,1
Murat Bolat,5
Ekaterina Orazov,3
Tomiris Iskakov,4
Alina Shakenov,4
Sanzhar Abdirov,3
Yulia Baiseitov,4
Aizhan Lebedev,2
Daria Aliyev,5
Elnur Daulet,4
Irina Celik,1
Olzhas Tleubek,1
Layla Yerzhanov,2
Elif Nurgaliyev,5
Aigerim Cetin,3
Tatiana Ermek,4
Yulia Lebedev,3
Nurzhan Kilic,4
Tomiris Mikhailov,3
Oleg Ivanov,3
Olga Arslan,2
Rauan Kudaibergen,3
Ksenia Daulet,4
Kamila Ualiyev,1
Gaukhar Zhumabek,1
Ainur Kassym,5
Elena Tleubek,4
Marat Novikov,2
Elena Sagyndyk,3
Aliya Daulet,3
Roman Mukanov,1
Marat Kudaibergen,3
Dias Makhmud,1
Saltanat Karimov,2
Nazym Zhunusov,2
Milana Tleubek,1
Yernar Petrov,1
Tolga Kurmanov,1
Yerbol Esenov,1
Dinara Petrov,1
Layla Tleubek,4
Zhuldyz Abenov,4
Nur Popov,2
Meruyert Ualiyev,2
Ruslan Shakenov,2
Roman Bolat,5
Nur Petrov,1
Zhandos Zhunusov,1
Dana Rakhimov,4
Saltanat Bolat,4
Gaukhar Ivanov,3
Maria Shakenov,1
Aisha Sagyndyk,4
Aizhan Ivanov,3
Daniyar Zhumabek,3
Saltanat Sagyndyk,3
Alibek Baiseitov,2
Sofia Kurt,3
Anton Smirnov,4
Tolga Zhumabek,2
Maria Ibrayev,2
Aisha Cetin,1
Saltanat Bolat,3
Anel Kurmanov,1
Sergey Kara,4
Baris Ualiyev,2
Sanzhar Mikhailov,2
Aknur Ozturk,1
Bekzat Koc,4
Askar Cetin,5
Nikita Kilic,3
Aigul Cetin,2
Azamat Alpysbay,2
Anel Shakenov,3
Gulnaz Suleimenov,1
Igor Baitursyn,5
Gaukhar Tashkenov,2
Aisha Sagyndyk,3
Zhanna Fedorov,4
Elena Kaya,1
Sultan Abenov,1
Dana Cetin,1
Adil Ibrayev,3
Nurzhan Ozturk,2
Nurlybek Bolat,3
Murat Dogan,1
Igor Nurgaliyev,3
Alina Cetin,3
Anton Kuznetsov,2
Sanzhar Gabdullin,1
Kamila Bolat,3
Ece Novikov,5
Sultan Aliyev,2
Aisha Turgenev,3
Ersultan Daulet,3
Adil Mikhailov,1
Daniyar Kilic,2
Emre Temirov,1
Hasan Zhaksylyk,4
Nur Aliyev,3
Ersultan Tleubek,2
Maria Yerzhanov,1
Anel Baiseitov,4
Dmitry Demir,1
Kirill Nurgaliyev,2
Derya Amangeldy,1
Ksenia Abenov,1
Arman Nurgaliyev,2
Nurlan Mikhailov,5
Aliya Zhaksylyk,3
Bauyrzhan Ibrayev,1
Bauyrzhan Bolat,1
Aliya Makhmud,1
Daniyar Konysbay,1
Elif Yerzhanov,3
Oleg Mikhailov,2
Omar Ermek,5
Olzhas Bolat,1
Arman Tleubek,2
Dinara Smirnov,2
Islam Bolat,4
Timur Baiseitov,1
Amir Kurmanov,1
Aruzhan Sahin,3
Zhuldyz Aslan,1
Sabina Ermek,1
Zhuldyz Alpysbay,2
Kerem Konysbay,2
Zhanar Tleubek,5
Vera Amangeldy,1
Denis Fedorov,2
Tatiana Sokolov,2
Baris Ivanov,3
Anel Orazov,1
Zhandos Abenov,2
Zhanel Popov,2
Dias Zhaksylyk,4
Baris Iskakov,2
Rauan Alpysbay,1
Polina Abenov,1
Kerem Turgenev,1
Aizhan Nurgaliyev,1
Ece Akhmetov,1
Azamat Alpysbay,3
Vlad Daulet,2
Serik Daulet,1
Maxim Aslan,1
Emre Ozturk,1
Marat Kuznetsov,5
Bauyrzhan Yilmaz,4
Daria Fedorov,2
Symbat Baitursyn,1
Arman Kudaibergen,3
Kerem Kaliyev,2
Amir Makhmud,2
Milana Musin,2
Nazerke Sokolov,5
Symbat Ualiyev,2
Artem Sagyndyk,2
Tolga Popov,2
Roman Tashkenov,3
Aliya Jumabek,3
Vera Ozturk,3
Arman Kurt,2
Oleg Kudaibergen,2
Aizhan Morozov,3
Damir Gabdullin,3
Layla Smirnov,3
Tomiris Makhmud,5
Marat Zhaksylyk,2
Ainur Yerzhanov,4
Nurzhan Sokolov,3
Derya Baitursyn,2
Elif Dogan,4
Maxim Dogan,4
Anel Ivanov,3
Aizhan Celik,4
Tatiana Kurmanov,2
Timur Popov,1
Sofia Akhmetov,4
Dias Abenov,2
Azamat Rakhimov,2
Karina Baitursyn,3
Sabina Orazov,2
Asel Kara,3
Layla Shakenov,2
Nikita Petrov,2
Maria Sadykov,3
Dana Kilic,3
Sofia Bolat,2
Kerem Bekov,1
Nurlybek Baiseitov,1
Symbat Ibrayev,3
Meruyert Abdirov,5
Damir Shakenov,2
Murat Volkov,3
Hasan Dogan,5
Ekaterina Tleubek,3
Madina Alpysbay,5
Ekaterina Zhaksylyk,2
Igor Konysbay,3
Nurzhan Iskakov,4
Aliya Iskakov,1
Andrey Temirov,2
Ainur Novikov,1
Milana Bekov,5
Milana Musin,1
Kamila Rakhimov,3
Hasan Turgenev,3
Nur Makhmud,3
Nazym Orazov,4
Kairat Aslan,5
Nurlan Ivanov,3
Zhansaya Cetin,2
Layla Koc,5
Sofia Dogan,4
Asel Rakhimov,1
Vlad Omarov,3
Rasul Esenov,4
Vera Kurt,1
Nikita Zhunusov,5
Saltanat Kurt,2
Anton Alpysbay,3
Nazym Karimov,4
Nurlan Suleimenov,1
Asel Ivanov,1
Kamila Makhmud,3
Vlad Sadykov,3
Anna Musin,3
Akbota Yilmaz,1
Laura Cetin,5
Madina Kaliyev,2
Madina Turgenev,1
Dinara Turgenev,2
Sofia Akhmetov,3
Ruslan Demir,1
Nur Bekov,1
Askar Akhmetov,2
Selin Ozturk,3
Zeynep Shakenov,1
Anel Yerzhanov,2
Dinara Rakhimov,3
Dias Arslan,4
Vadim Alpysbay,3
Talgat Turgenev,1
Maria Morozov,4
Arman Bekov,1
Daria Kuznetsov,2
Sergey Bekov,2
Emre Smirnov,1
Askar Tleubek,4
Nazerke Karimov,1
Murat Zhaksylyk,2
Aigul Jumabek,2
Akbota Serikbay,2
Kirill Kilic,1
Zeynep Akhmetov,4
Arman Ualiyev,4
Yernar Suleimenov,3
Marat Karimov,2
Azamat Temirov,2
Roman Gabdullin,1
Nazerke Nurgaliyev,1
Kirill Lebedev,3
Alibek Popov,1
Dinara Jumabek,1
Kerem Alpysbay,1
Akbota Alpysbay,3
Aigul Baiseitov,1
Nurlan Musin,3
Aizhan Yilmaz,2
Gaukhar Iskakov,3
Adil Dauletov,4
Gulnaz Novikov,3
Ksenia Ibrayev,2
Ekaterina Smirnov,1
Elnur Mikhailov,1
Murat Amangeldy,4
Aisha Dauletov,1
Rasul Zhumabek,3
Zhuldyz Dogan,1
Murat Bolat,4
Nazym Dauletov,1
Temirlan Lebedev,2
Ainur Iskakov,5
Gulnaz Ibrayev,4
Maria Bolat,4
Oleg Esenov,3
Igor Kara,2
Rauan Nurgaliyev,1
Igor Ibrayev,3
Adil Lebedev,3
Dias Bolat,3
Omar Zhumabek,2
Ilyas Kaliyev,2
Anton Popov,3
Vera Zhumabek,4
Omar Shakenov,1
Amir Konysbay,2
Kuanysh Tashkenov,1
Nikita Kaliyev,1
Sabina Kaliyev,3
Asel Musin,2
Symbat Mikhailov,4
Nurlan Abdirov,1
Maria Iskakov,5
Gaukhar Zhunusov,5
Zeynep Nurgaliyev,1
Zhandos Demir,3
Bekzat Popov,1
Aigerim Koc,2
Anton Mikhailov,4
Yerbol Gabdullin,3
Gaukhar Kuznetsov,3
Nurlybek Sadykov,1
Selin Ozturk,5
Askar Abdirov,2
Sergey Zhumabek,3
Asel Turgenev,4
Alibek Baiseitov,3
Vadim Smirnov,3
Alina Alpysbay,4
Dinara Gabdullin,2
Olzhas Fedorov,2
Yernar Ualiyev,3
Alibek Demir,3
Talgat Arslan,3
Ksenia Assanov,3
Sanzhar Ermek,2
Nazym Shakenov,3
Zhanar Ualiyev,4
Madina Demir,1
Dinara Ozturk,5
Laura Petrov,1
Arman Temirov,3
Arman Abenov,2
Islam Cetin,3
Zhanel Kudaibergen,5
Zeynep Sagyndyk,5
Gulnaz Cetin,3
Alibek Aslan,1
Miras Kaliyev,3
Dana Baitursyn,2
Elif Kaliyev,3
Elif Jumabek,4
Marat Konysbay,1
Rasul Cetin,1
Hasan Kuznetsov,2
Ksenia Kuznetsov,2
Zarina Abenov,1
Rauan Zhaksylyk,4
Ilyas Sadykov,3
Ersultan Volkov,3
Zhanar Ermek,2
Elena Ivanov,2
Aknur Musin,1
Ilyas Suleimenov,4
Timur Petrov,2
Hasan Morozov,2
Anna Ibrayev,2
Tomiris Kurt,3
Temirlan Mikhailov,2
Oleg Temirov,2
Artem Bekov,3
Omar Lebedev,4
Zeynep Serikbay,4
Ilyas Novikov,1
Zhanar Sadykov,5
Kuanysh Jumabek,5
Damir Turgenev,4
Aknur Koc,3
Kuanysh Rakhimov,5
Saltanat Aslan,2
Layla Daulet,2
Vera Ermek,3
Ilyas Dauletov,3
Nazerke Makhmud,2
Alisa Sokolov,5
Kerem Yerzhanov,5
Maxim Iskakov,1
Kamila Makhmud,1
Anna Ermek,2
Bekzat Turgenev,1
Marat Dogan,2
Rauan Nurgaliyev,2
Akbota Aslan,1
Sabina Makhmud,1
Denis Yilmaz,1
Nur Bekov,2
Alibek Alpysbay,3
Temirlan Kuznetsov,1
Yernar Celik,1
Selin Sadykov,2
Symbat Gabdullin,2
Irina Rakhimov,1
Vera Musin,1
Layla Volkov,3
Layla Aliyev,2
Tomiris Yerzhanov,3
Akbota Tashkenov,3
Milana Dauletov,5
Gulnaz Sagyndyk,4
Marat Dauletov,3
Sergey Tleubek,2
Marat Arslan,3
Rasul Aslan,3
Tatiana Temirov,2
Maxim Konysbay,3
Emre Kudaibergen,2
Sanzhar Petrov,2
Rasul Serikbay,1
Ainur Ermek,4
Sanzhar Daulet,3
Sultan Akhmetov,2
Alisa Kuznetsov,2
Anna Zhaksylyk,2
Alibek Konysbay,1
Azamat Temirov,2
Layla Sahin,1
Yulia Zhunusov,3
Ilyas Alpysbay,5
Marat Celik,4
Ruslan Zhaksylyk,2
Ainur Fedorov,4
Rauan Abdirov,4
Karina Smirnov,5
Alibek Kaya,3
Yernar Omarov,3
Yerlan Kuznetsov,1
Kerem Sokolov,3
Derya Abenov,5
Nazerke Suleimenov,1
Nazym Fedorov,5
Igor Gabdullin,2
Milana Kaliyev,3
Zeynep Demir,2
Zeynep Tashkenov,3
Derya Iskakov,3
Zarina Morozov,2
Ilyas Turgenev,1
Laura Sadykov,4
Ilyas Shakenov,3
Aigul Daulet,4
Alisa Kuznetsov,1
Maria Turgenev,2
Temirlan Yerzhanov,1
Aisha Esenov,3
Olga Ermek,3
Elena Abenov,5
Zhanna Baitursyn,1
Serik Bolat,3
Dias Dauletov,2
Sultan Petrov,2
Anna Kurmanov,2
Vadim Ibrayev,2
Marat Mukanov,3
Askar Sokolov,5
Zeynep Karimov,2
Ainur Zhunusov,3
Ersultan Morozov,3
Ksenia Celik,3
Hasan Sokolov,4
Zhandos Kurmanov,3
Dias Temirov,2
Selin Orazov,5
Arman Tleubek,4
Derya Makhmud,2
Denis Aliyev,5
Dinara Abdirov,5
Dana Karimov,2
Maria Kaliyev,2
Nazerke Kilic,3
Polina Ualiyev,1
Sanzhar Zhumabek,5
Dias Suleimenov,3
Bekzat Tashkenov,2
Anna Orazov,4
Sanzhar Yerzhanov,5
Nikita Kassym,4
Meruyert Kudaibergen,3
Karina Abdirov,4
Oleg Mikhailov,3
Aliya Sagyndyk,3
Aigul Kudaibergen,4
Alisa Sagyndyk,4
Akbota Esenov,2
Dana Ivanov,2
Yulia Kassym,4
Nazerke Esenov,3
Madina Ualiyev,1
Elif Yilmaz,2
Zarina Temirov,4
Meruyert Konysbay,2
Vadim Bekov,1
Zhuldyz Aliyev,3
Andrey Rakhimov,2
Akbota Celik,4
Nikita Sahin,2
Sabina Amangeldy,2
Maxim Makhmud,2
Asel Smirnov,3
Polina Ivanov,3
Aigerim Aslan,5
Ksenia Sadykov,1
Meruyert Morozov,1
Elnur Kaya,3
Bauyrzhan Orazov,1
Baris Assanov,1
Zhanar Morozov,3
Bekzat Aliyev,5
Daniyar Zhumabek,2
Ece Kara,3
Zhanar Kudaibergen,3
Bekzat Ivanov,1
Sabina Abenov,4
Nur Celik,1
Sultan Sokolov,2
Bekzat Morozov,1
Elnur Popov,1
Nurlan Fedorov,3
Dinara Kudaibergen,1
Amir Ozturk,2
Aliya Sokolov,2
Elnur Konysbay,3
Talgat Mikhailov,1
Artem Rakhimov,1
Talgat Aliyev,2
Vadim Fedorov,5
Elena Yilmaz,1
Polina Kilic,3
Aigul Rakhimov,2
Nazym Demir,3
Amir Morozov,4
Nurlybek Akhmetov,2
Aizhan Mukanov,1
Bauyrzhan Abdirov,3
Maria Bekov,2
Kerem Celik,5
Baris Nurgaliyev,2
Meruyert Suleimenov,1
Ece Smirnov,3
Ekaterina Nurgaliyev,3
Nurlybek Yerzhanov,2
Ilyas Sadykov,3
Zarina Yilmaz,5
Elnur Novikov,3
Alibek Yilmaz,4
Zhandos Nurgaliyev,3
Adil Cetin,2
Arman Daulet,1
Vera Petrov,4
Omar Tleubek,2
Nikita Dauletov,4
Kirill Yilmaz,1
Aknur Cetin,4
Saltanat Ozturk,2
Gaukhar Kaliyev,1
Saltanat Sokolov,3
Kamila Dogan,1
Temirlan Jumabek,4
Aigul Celik,2
Polina Ivanov,2
Kairat Yerzhanov,3
Tolga Kudaibergen,3
Aigul Ivanov,5
Kamila Morozov,3
Zarina Novikov,1
Vadim Fedorov,2
Ersultan Novikov,2
Maria Volkov,2
Zeynep Tleubek,5
Derya Arslan,1
Sofia Kaliyev,2
Igor Jumabek,2
Rasul Rakhimov,4
Ksenia Kurt,2
Azamat Ermek,1
Madina Dauletov,4
Zhuldyz Zhunusov,3
Yerlan Kilic,4
Ekaterina Zhunusov,2
Andrey Turgenev,4
Baris Alpysbay,1
Zhanar Sagyndyk,4
Vadim Kurt,5
Laura Dogan,1
Olga Smirnov,2
Zhansaya Gabdullin,1
Kirill Koc,3
Selin Tashkenov,4
Kirill Ivanov,3
Daria Zhumabek,2
Askar Tleubek,5
Pavel Suleimenov,2
Ekaterina Akhmetov,2
Balzhan Kara,1
Serik Popov,5
Damir Celik,3
Omar Assanov,1
Bekzat Kaliyev,3
Pavel Bolat,2
Ksenia Turgenev,4
Omar Ualiyev,2
Yulia Mikhailov,3
Rauan Daulet,4
Ainur Nurgaliyev,2
Sabina Suleimenov,4
Kairat Morozov,2
Emre Kuznetsov,1
Yulia Celik,1
Nur Baiseitov,4
Murat Musin,4
Ksenia Morozov,2
Sanzhar Ozturk,3
Irina Koc,1
Vlad Demir,4
Nurzhan Tleubek,3
Zhandos Celik,1
Ekaterina Baitursyn,1
Dias Makhmud,2
Islam Zhaksylyk,2
Zhandos Amangeldy,2
Laura Suleimenov,1
Kairat Cetin,4
Bekzat Ozturk,4
Dana Makhmud,2
Zarina Cetin,3
Ainur Serikbay,3
Bauyrzhan Popov,1
Arman Dogan,4
Denis Bekov,2
Ekaterina Cetin,2
Timur Fedorov,1
Pavel Rakhimov,5
Vlad Kara,5
Dmitry Arslan,2
Ece Iskakov,2
Maxim Mikhailov,1
Yulia Bolat,3
Aigerim Abdirov,4
Laura Zhumabek,1
Islam Zhaksylyk,1
Elif Popov,5
Alibek Abdirov,1
Kirill Musin,4
Ilyas Gabdullin,2
Vlad Smirnov,3
Islam Morozov,5
Dias Kurmanov,5
Karina Yilmaz,1
Bauyrzhan Yerzhanov,2
Maxim Novikov,3
Zarina Yilmaz,1
Rasul Novikov,3
Anel Sadykov,5
Daniyar Lebedev,3
Yulia Alpysbay,2
Rasul Orazov,2
Maxim Kuznetsov,3
Symbat Assanov,5
Symbat Assanov,3
Yernar Mukanov,4
Serik Yerzhanov,4
Saltanat Zhumabek,3
Zhanel Ibrayev,1
Dias Ualiyev,3
Aizhan Bekov,5
Adil Jumabek,3
Zhanar Mikhailov,3
Aizhan Kaya,2
Maria Kilic,4
Nazym Ozturk,4
Islam Serikbay,5
Rasul Yerzhanov,1
Sabina Alpysbay,1
Meruyert Zhaksylyk,3
Anel Aliyev,3
Aruzhan Shakenov,1
Nurzhan Kuznetsov,1
Maria Aslan,5
Aliya Kurt,3
Elnur Bekov,1
Ksenia Assanov,1
Andrey Volkov,4
Bekzat Zhaksylyk,3
Islam Sadykov,5
Saltanat Ermek,3
Amir Demir,1
Vera Serikbay,3
Marat Cetin,4
Elena Sahin,2
Ksenia Alpysbay,2
Temirlan Arslan,3
Daniyar Omarov,4
Nazerke Shakenov,1
Zhanna Zhaksylyk,1
Miras Baitursyn,3
Arman Sahin,1
Kirill Yilmaz,1
Kuanysh Sokolov,4
Denis Smirnov,3
Irina Popov,4
Askar Yilmaz,1
Aigerim Dogan,2
Temirlan Celik,4
Alisa Demir,4
Ekaterina Aliyev,1
Sanzhar Zhunusov,2
Alibek Baitursyn,2
Aknur Kilic,2
Maria Celik,3
Islam Alpysbay,2
Saltanat Alpysbay,2
Tolga Demir,4
Anton Makhmud,2
Denis Lebedev,3
Sabina Sokolov,1
Nur Suleimenov,4
Meruyert Musin,2
Zhanna Serikbay,4
Igor Sahin,3
Aisha Tashkenov,5
Rauan Demir,4
Aigerim Popov,1
Kamila Yilmaz,1
Oleg Sagyndyk,2
Madina Amangeldy,5
Dana Smirnov,3
Rasul Omarov,4
Dinara Koc,3
Baris Amangeldy,2
Gulnaz Novikov,1
Nazerke Koc,5
Sofia Dauletov,1
Nazerke Karimov,2
Nazerke Karimov,2
Islam Fedorov,2
Adil Kurt,1
Kamila Zhunusov,1
Zarina Sagyndyk,2
Laura Musin,2
Polina Baiseitov,4
Nurlybek Petrov,4
Asel Kudaibergen,2
Yernar Ualiyev,4
Laura Assanov,5
Elnur Koc,4
Artem Baiseitov,2
Maxim Zhaksylyk,3
Emre Kuznetsov,3
Yerlan Kilic,4
Karina Mukanov,3
Nikita Kuznetsov,5
Madina Omarov,2
Yerlan Sokolov,1
Vadim Smirnov,3
Sofia Bolat,2
Murat Ibrayev,2
Madina Zhunusov,4
Artem Daulet,5
Sabina Alpysbay,5
Milana Jumabek,3
Denis Cetin,2
Elif Ibrayev,3
Zarina Bekov,5
Anel Aliyev,1
Aizhan Turgenev,4
Milana Petrov,4
Murat Kaya,3
Yerlan Karimov,2
Ece Sahin,1
Ilyas Smirnov,4
Emre Mikhailov,4
Layla Abdirov,2
Aliya Yilmaz,2
Adil Iskakov,4
Zarina Dauletov,2
Sultan Cetin,3
Dmitry Daulet,1
Dias Bolat,5
Nikita Zhaksylyk,3
Kamila Kuznetsov,3
Serik Fedorov,2
Zarina Popov,2
Milana Daulet,3
Daria Fedorov,3
Nazerke Demir,1
Alibek Tleubek,5
Tomiris Aliyev,3
Maxim Yilmaz,2
Nurlan Petrov,3
Daniyar Bekov,3
Aruzhan Cetin,3
Bauyrzhan Celik,2
Kuanysh Mikhailov,2
Asel Tashkenov,5
Zhanna Ibrayev,2
Alisa Karimov,1
Zarina Yerzhanov,2
Elena Mikhailov,2
Amir Bekov,4
Hasan Omarov,1
Aruzhan Kaliyev,2
Kirill Zhaksylyk,5
Tatiana Kurmanov,4
Daniyar Arslan,4
Zhandos Suleimenov,1
Bauyrzhan Tashkenov,1
Kirill Zhumabek,4
Aisha Cetin,3
Dmitry Demir,1
Sofia Aliyev,3
Ekaterina Morozov,5
Ece Sahin,5
Arman Temirov,3
Zhanel Zhumabek,3
Baris Tleubek,3
Tatiana Jumabek,1
Ekaterina Kaliyev,4
Meruyert Omarov,3
Pavel Suleimenov,1
Nurlan Kudaibergen,1
Milana Abdirov,2
Selin Suleimenov,2
Zhanar Karimov,1
Yernar Kilic,3
Elena Bolat,2
Zhandos Lebedev,4
Damir Omarov,2
Milana Yerzhanov,1
Alina Yerzhanov,3
Meruyert Ozturk,4
Alisa Iskakov,3
Alisa Mikhailov,3
Tatiana Esenov,5
Gaukhar Konysbay,1
Denis Shakenov,5
Vadim Ermek,1
Daniyar Smirnov,3
Dana Kudaibergen,3
Vadim Smirnov,3
Ilyas Aliyev,4
Denis Arslan,2
Azamat Shakenov,2
Adil Kaya,2
Hasan Assanov,5
Zhanna Kaya,3
Aigerim Musin,4
Aruzhan Omarov,2
Nazym Volkov,1
Sergey Konysbay,1
Akbota Musin,1
Kerem Ualiyev,3
Nurlan Ibrayev,5
Yulia Aslan,5
Nazym Ivanov,5
Timur Kaya,1
Symbat Amangeldy,2
Ece Assanov,3
Aknur Kaya,3
Denis Kara,2
Andrey Sokolov,3
Zhansaya Abdirov,1
Aizhan Jumabek,1
Yerlan Baiseitov,3
Igor Kaliyev,3
Bauyrzhan Amangeldy,3
Vlad Kara,5
Artem Smirnov,1
Yerlan Gabdullin,4
Kamila Kurt,2
Elnur Rakhimov,4
Elif Kaya,3
Zhanar Ermek,3
Roman Kaliyev,1
Nurzhan Makhmud,4
Ksenia Sadykov,3
Dana Dauletov,3
Akbota Kuznetsov,5
Balzhan Zhunusov,1
Nikita Suleimenov,3
Irina Petrov,1
Gaukhar Kurt,1
Omar Zhunusov,1
Sultan Alpysbay,1
Tatiana Abenov,2
Pavel Sahin,3
Sultan Baiseitov,1
Temirlan Daulet,1
Kirill Rakhimov,5
Asel Konysbay,4
Elena Nurgaliyev,1
Talgat Abenov,4
Polina Kuznetsov,3
Maria Temirov,1
Temirlan Akhmetov,2
Tolga Sagyndyk,4
Ilyas Baiseitov,3
Ruslan Kurmanov,4
Selin Kara,2
Emre Baiseitov,5
Gulnaz Esenov,5
Nazym Makhmud,3
Adil Assanov,2
Irina Kara,1
Damir Rakhimov,3
Ece Kuznetsov,2
Ekaterina Ualiyev,2
Laura Volkov,1
Sofia Sahin,3
Zhandos Popov,3
Aigerim Demir,5
Akbota Smirnov,3
Alibek Novikov,1
Kamila Fedorov,3
Nikita Zhaksylyk,3
Anna Turgenev,3
Anel Mikhailov,2
Rauan Mikhailov,2
Nur Volkov,2
Yulia Mikhailov,5
Karina Omarov,1
Balzhan Amangeldy,3
Islam Mikhailov,2
Asel Dauletov,4
Zhuldyz Petrov,1
Kamila Ibrayev,1
Milana Daulet,4
Ersultan Yilmaz,3
Roman Ibrayev,3
Dmitry Rakhimov,4
Asel Aliyev,1
Milana Ivanov,2
Daria Arslan,1
Ruslan Ozturk,3
Denis Tleubek,4
Dana Turgenev,3
Denis Yilmaz,5
Anton Nurgaliyev,4
Kerem Fedorov,3
Elena Rakhimov,2
Oleg Mukanov,1
Asel Smirnov,1
Karina Makhmud,4
Vadim Alpysbay,2
Nurlan Petrov,2
Alina Celik,1
Elnur Yerzhanov,1
Miras Bekov,2
Maxim Morozov,5
Aizhan Amangeldy,2
Timur Alpysbay,3
Ilyas Karimov,1
Dias Kuznetsov,1
Artem Karimov,3
Elnur Kassym,1
Aknur Demir,4
Olga Mukanov,2
Murat Aslan,3
Tatiana Yilmaz,3
Maxim Novikov,2
Ekaterina Morozov,3
Alibek Cetin,1
Bauyrzhan Dauletov,3
Ersultan Ualiyev,1
Zhuldyz Popov,4
Hasan Petrov,2
Kirill Mikhailov,3
Nurzhan Popov,3
Yerlan Smirnov,3
Ersultan Akhmetov,5
Arman Konysbay,3
Nurzhan Baitursyn,4
Zarina Aliyev,3
Polina Nurgaliyev,3
Pavel Smirnov,2
Aizhan Yilmaz,1
Pavel Novikov,2
Nurzhan Musin,2
Vadim Aslan,1
Rasul Zhumabek,3
Roman Yilmaz,3
Balzhan Gabdullin,2
Yulia Makhmud,2
Dana Cetin,2
Nikita Volkov,1
Olga Daulet,3
Derya Mikhailov,4
Dinara Popov,2
Rauan Kilic,1
Oleg Koc,1
Aisha Kaya,2
Irina Yilmaz,3
Zhanel Kurt,1
Dias Makhmud,3
Yerlan Omarov,3
Yulia Ozturk,5
Rauan Smirnov,3
Daria Tleubek,2
Ksenia Musin,1
Rauan Kudaibergen,1
Igor Zhaksylyk,3
Anton Aslan,3
Zhanna Temirov,1
Anel Ivanov,4
Ece Orazov,1
Elnur Turgenev,3
Artem Temirov,4
Baris Shakenov,2
Rasul Dauletov,2
Madina Bekov,1
Ksenia Kaliyev,1
Olga Ozturk,3
Vlad Tashkenov,1
Aigul Yilmaz,3
Kamila Demir,3
Aknur Bekov,3
Nur Aslan,2
Tatiana Karimov,4
Oleg Zhaksylyk,3
Rasul Assanov,2
Vlad Sahin,5
Zeynep Ualiyev,2
Selin Dauletov,4
Baris Kilic,1
Sergey Kuznetsov,1
Zhansaya Nurgaliyev,5
Omar Orazov,5
Emre Celik,3
Igor Yerzhanov,1
Akbota Lebedev,1
Sergey Petrov,1
Maria Bekov,5
Andrey Kara,4
Anna Volkov,1
Askar Abdirov,4
Azamat Kuznetsov,1
Daria Cetin,5
Aisha Ualiyev,4
Symbat Abenov,3
Irina Esenov,2
Yerlan Zhaksylyk,3
Sabina Sahin,1
Aknur Cetin,3
Maria Turgenev,2
Yerlan Baitursyn,1
Artem Fedorov,5
Kerem Ibrayev,2
Vadim Serikbay,2
Tolga Mukanov,2
Daria Kaliyev,4
Meruyert Zhumabek,4
Yerlan Kara,5
Marat Kurt,2
Marat Abdirov,3
Nurlybek Tleubek,2
Maria Alpysbay,1
Dmitry Arslan,2
Nikita Sokolov,3
Temirlan Kaliyev,1
Daniyar Makhmud,3
Meruyert Volkov,2
Elena Suleimenov,5
Sergey Kurt,2
Nikita Aslan,5
Zhansaya Baitursyn,3
Anna Ibrayev,4
Ilyas Konysbay,1
Aisha Jumabek,2
Sofia Temirov,2
Derya Arslan,4
Elif Yerzhanov,2
Zhanel Baitursyn,3
Laura Aslan,2
Daniyar Mukanov,4
Sanzhar Kassym,3
Murat Musin,1
Laura Esenov,2
Alisa Tashkenov,3
Baris Kassym,3
Ersultan Rakhimov,1
Elnur Baiseitov,5
Amir Daulet,5
Zhuldyz Zhumabek,5
Azamat Daulet,2
Temirlan Demir,1
Ruslan Bolat,4
Roman Zhumabek,2
Elnur Mukanov,5
Olzhas Omarov,1
Gulnaz Zhumabek,2
Zhanar Volkov,3
Yerbol Kilic,2
Polina Shakenov,4
Aisha Serikbay,1
Zhanar Kilic,4
Zhuldyz Cetin,3
Ainur Iskakov,3
Tomiris Arslan,5
Ersultan Aliyev,2
Denis Ualiyev,1
Talgat Yilmaz,1
Nazym Karimov,5
Olga Zhumabek,2
Talgat Tleubek,5
Emre Omarov,5
Temirlan Serikbay,2
Irina Jumabek,2
Meruyert Abdirov,1
Ece Daulet,3
Layla Daulet,3
Baris Orazov,2
Sofia Nurgaliyev,3
Meruyert Tleubek,2
Aigul Karimov,3
Gulnaz Yilmaz,1
Sergey Kara,3
Aliya Ozturk,5
Dmitry Smirnov,3
Anel Celik,1
Yerlan Kaliyev,1
Sultan Tashkenov,2
Sergey Lebedev,2
Yerlan Abdirov,2
Olga Sokolov,2
Yerlan Baitursyn,1
Vlad Petrov,4
Rasul Karimov,1
Igor Dauletov,3
Alisa Yerzhanov,2
Tatiana Yerzhanov,5
Aizhan Abdirov,2
Askar Koc,3
Roman Musin,2
Zhansaya Suleimenov,3
Murat Kuznetsov,3
Zhuldyz Temirov,2
Ece Serikbay,3
Arman Ualiyev,2
Murat Kassym,3
Dana Yilmaz,2
Talgat Ualiyev,2
Ainur Bekov,3
Zhanar Dauletov,3
Arman Aslan,2
Anel Kurmanov,1
Elif Bekov,4
Talgat Rakhimov,3
Ainur Baitursyn,4
Temirlan Zhumabek,4
Sabina Amangeldy,1
Olga Morozov,3
Hasan Ibrayev,5
Polina Orazov,1
Temirlan Tashkenov,2
Elena Turgenev,4
Aisha Novikov,2
Zhandos Musin,4
Elif Kudaibergen,4
Nazym Koc,1
Artem Celik,4
Anel Cetin,3
Amir Kuznetsov,2
Vadim Tleubek,3
Sergey Arslan,4
Ilyas Temirov,4
Serik Yerzhanov,3
Oleg Ualiyev,3
Daria Kaliyev,1
Elena Abenov,3
Olga Alpysbay,2
Islam Musin,3
Askar Tashkenov,2
Ersultan Esenov,1
Omar Alpysbay,3
Hasan Tashkenov,1
Tomiris Kurmanov,5
Laura Baiseitov,4
Madina Kassym,3
Bauyrzhan Alpysbay,5
Gulnaz Sokolov,5
Hasan Konysbay,4
Andrey Kaya,4
Sabina Arslan,4
Zhandos Abenov,2
Asel Kurt,4
Islam Konysbay,1
Oleg Abdirov,4
Gaukhar Kudaibergen,3
Murat Ualiyev,3
Olzhas Dogan,2
Ilyas Mikhailov,3
Zhansaya Iskakov,2
Selin Nurgaliyev,1
Saltanat Zhumabek,2
Aliya Karimov,1
Layla Karimov,3
Marat Suleimenov,4
Elena Zhunusov,3
Dinara Demir,1
Bekzat Zhumabek,4
Bauyrzhan Petrov,2
Symbat Bekov,1
Igor Rakhimov,3
Daniyar Dauletov,2
Derya Gabdullin,1
Yernar Mikhailov,5
Vlad Ualiyev,4
Irina Volkov,2
Vadim Gabdullin,5
Daniyar Popov,2
Kuanysh Lebedev,2
Dinara Ivanov,4
Ersultan Sagyndyk,4
Kamila Abenov,2
Aliya Amangeldy,5
Timur Amangeldy,5
Oleg Esenov,2
Sanzhar Rakhimov,2
Alibek Abdirov,1
Ruslan Celik,5
Marat Akhmetov,2
Temirlan Rakhimov,2
Vlad Rakhimov,1
Aigerim Suleimenov,1
Ekaterina Kudaibergen,4
Sanzhar Omarov,3
Laura Nurgaliyev,1
Zhuldyz Baitursyn,2
Zhanar Kara,3
Aigul Abdirov,3
Olga Gabdullin,5
Zhanna Mukanov,4
Kirill Serikbay,2
Sanzhar Tleubek,4
Aigerim Yilmaz,3
Anton Tleubek,2
Kuanysh Morozov,2
Hasan Abdirov,2
Anel Assanov,3
Olga Amangeldy,2
Nur Kurt,4
Emre Esenov,2
Alina Musin,2
Miras Lebedev,1
Ilyas Karimov,2
Ersultan Petrov,4
Zhanna Mukanov,4
Akbota Petrov,4
Zhuldyz Arslan,4
Ruslan Koc,4
Damir Demir,4
Kirill Bekov,3
Sergey Popov,2
Nur Kurt,1
Zhanna Baitursyn,2
Alibek Gabdullin,2
Adil Ibrayev,1
Yulia Zhumabek,2
Aliya Cetin,4
Ruslan Zhaksylyk,4
Aigerim Kilic,1
Laura Zhaksylyk,3
Rasul Abenov,3
Talgat Kaliyev,4
Rauan Abdirov,3
Emre Suleimenov,5
Nazym Novikov,3
Zeynep Aslan,2
Sabina Zhunusov,4
Symbat Smirnov,5
Daniyar Omarov,1
Zhuldyz Mikhailov,4
Anton Konysbay,1
Temirlan Daulet,3
Irina Celik,1
Emre Turgenev,4
Dinara Kuznetsov,2
Aknur Ibrayev,4
Olzhas Sokolov,5
Milana Bolat,1
Anel Mukanov,2
Anna Kilic,2
Daniyar Gabdullin,1
Kuanysh Smirnov,2
Zhanar Petrov,2
Omar Bolat,1
Islam Yerzhanov,4
Vadim Bolat,3
Andrey Abdirov,4
Nurlan Suleimenov,2
Vera Kassym,2
Alisa Cetin,1
Bekzat Koc,1
Symbat Ualiyev,5
Asel Tleubek,4
Elif Gabdullin,4
Irina Assanov,1
Ilyas Omarov,1
Baris Makhmud,1
Maria Yilmaz,1
Baris Ozturk,1
Zhanar Serikbay,1
Sanzhar Sadykov,3
Olga Ermek,2
Nurzhan Aliyev,1
Olzhas Abenov,2
Ersultan Omarov,3
Kirill Kuznetsov,4
Azamat Celik,2
Sultan Dauletov,2
Nur Tashkenov,3
Alibek Celik,1
Zarina Lebedev,5
Kerem Temirov,3
Islam Bekov,3
Zeynep Assanov,2
Sultan Amangeldy,2
Azamat Aslan,2
Olzhas Tleubek,4
Igor Abenov,2
Andrey Dogan,1
Sultan Aliyev,1
Maxim Konysbay,3
Polina Aslan,4
Anna Gabdullin,5
Rauan Ermek,5
Artem Serikbay,1
Maria Abenov,4
Nurzhan Sadykov,3
Symbat Cetin,4
Saltanat Novikov,2
Milana Kudaibergen,3
Dinara Yerzhanov,2
Ksenia Nurgaliyev,4
Elnur Kudaibergen,1
Yernar Bekov,2
Dinara Baiseitov,3
Emre Kaya,2
Bekzat Celik,4
Polina Arslan,3
Aknur Omarov,1
Sultan Baitursyn,1
Nurzhan Lebedev,3
Symbat Konysbay,2
Andrey Gabdullin,4
Nazym Assanov,4
Arman Rakhimov,1
Balzhan Popov,5
Bauyrzhan Kara,4
Vera Koc,2
Nurlan Serikbay,4
Oleg Ivanov,3
Igor Kuznetsov,1
Amir Kara,5
Ersultan Sokolov,1
Saltanat Petrov,4
Amir Esenov,3
Bauyrzhan Ozturk,2
Aruzhan Musin,2
Islam Mikhailov,4
Daria Iskakov,1
Maria Daulet,4
Elif Tashkenov,1
Sultan Kilic,1
Denis Temirov,1
Aknur Jumabek,4
Vera Kudaibergen,1
Bauyrzhan Tashkenov,3
Islam Aslan,2
Maxim Musin,5
Sergey Mukanov,3
Irina Turgenev,2
Damir Morozov,2
Roman Amangeldy,1
Daniyar Ibrayev,3
Hasan Sahin,2
Sultan Fedorov,4
Balzhan Shakenov,2
Ruslan Cetin,4
Bekzat Baiseitov,3
Elnur Kara,3
Anel Fedorov,1
Nazym Novikov,2
Anton Assanov,1
Ece Akhmetov,5
Hasan Celik,4
Maria Abdirov,2
Rauan Amangeldy,4
Kirill Cetin,4
Yernar Zhunusov,1
Zhansaya Volkov,2
Ersultan Smirnov,1
Bekzat Arslan,1
Nurlybek Suleimenov,4
Alisa Temirov,1
Gulnaz Ualiyev,4
Ekaterina Lebedev,1
Zhanel Sadykov,3
Kirill Daulet,2
Arman Sadykov,4
Anna Koc,3
Islam Dogan,3
Pavel Kara,4
Dias Cetin,4
Sultan Dogan,1
Dmitry Nurgaliyev,3
Kairat Kara,5
Hasan Morozov,5
Aizhan Karimov,1
Alibek Iskakov,5
Aknur Assanov,2
Symbat Yerzhanov,3
Karina Kurmanov,1
Zhandos Zhunusov,3
Islam Sokolov,4
Vlad Temirov,4
Aknur Temirov,5
Rauan Zhumabek,2
Kuanysh Yilmaz,1
Nazerke Tashkenov,2
Gaukhar Bekov,4
Kerem Alpysbay,2
Irina Tashkenov,1
Bekzat Konysbay,1
Dias Kudaibergen,5
Maxim Kurt,3
Pavel Amangeldy,1
Anna Dogan,2
Sultan Assanov,2
Vlad Volkov,2
Aliya Kassym,1
Meruyert Tashkenov,3
Oleg Suleimenov,1
Selin Popov,4
Maxim Yilmaz,3
Igor Musin,1
Islam Koc,1
Temirlan Abdirov,5
Akbota Baiseitov,2
Nazym Shakenov,2
Anna Esenov,3
Nurzhan Fedorov,3
Dinara Kaya,1
Saltanat Morozov,1
Ekaterina Kurt,4
Olga Kurt,3
Roman Abdirov,1
Emre Dogan,1
Yulia Kurmanov,4
Vlad Gabdullin,3
Rauan Kurmanov,4
Kamila Baitursyn,1
Elnur Karimov,1
Aigerim Alpysbay,2
Yerbol Kuznetsov,5
Anel Kaliyev,4
Arman Ermek,1
Nazym Yilmaz,3
Askar Smirnov,2
Anel Tleubek,4
Sultan Cetin,5
Islam Popov,2
Bauyrzhan Konysbay,3
Sultan Sadykov,5
Roman Sadykov,1
Anel Omarov,1
Igor Tleubek,3
Aknur Sokolov,2
Damir Assanov,2
Nikita Mukanov,1
Elena Akhmetov,1
Selin Yilmaz,3
Aizhan Omarov,2
Nurzhan Bekov,4
Milana Temirov,2
Saltanat Kurt,4
Alina Nurgaliyev,1
Pavel Kara,1
Dmitry Baiseitov,3
Marat Akhmetov,3
Roman Abenov,5
Gaukhar Popov,2
Arman Smirnov,3
Artem Celik,2
Nurlybek Akhmetov,1
Damir Daulet,4
Alibek Jumabek,3
Adil Esenov,3
Zhandos Bolat,1
Andrey Sadykov,3
Denis Baiseitov,2
Daria Sokolov,4
Gaukhar Kurmanov,2
Zhanel Makhmud,3
Nurzhan Kaya,2
Sergey Petrov,3
Askar Abenov,2
Azamat Yilmaz,4
Alisa Dogan,2
Zarina Zhumabek,3
Askar Zhunusov,1
Zhandos Omarov,4
Selin Smirnov,2
Olzhas Baiseitov,5
Tatiana Alpysbay,2
Elena Kurt,5
Aisha Kudaibergen,1
Nikita Yerzhanov,2
Marat Gabdullin,2
Tomiris Jumabek,1
Omar Gabdullin,4
Elena Abenov,4
Anna Yilmaz,1
Zhanel Kudaibergen,1
Aigerim Serikbay,3
Dias Aslan,3
Sabina Yerzhanov,3
Kerem Celik,2
Kamila Gabdullin,4
Kuanysh Esenov,5
Aliya Lebedev,4
Kairat Sokolov,3
Milana Gabdullin,5
Elnur Kuznetsov,2
Murat Volkov,3
Zhanel Kurt,4
Nurlan Iskakov,1
Ekaterina Zhumabek,2
Vadim Morozov,2
Zarina Tashkenov,3
Anton Novikov,1
Igor Novikov,1
Rasul Lebedev,3
Daniyar Ualiyev,5
Gaukhar Kara,3
Yernar Orazov,2
Symbat Suleimenov,2
Zhansaya Suleimenov,3
Vlad Popov,5
Sultan Sadykov,1
Rasul Gabdullin,2
Denis Tleubek,4
Selin Dogan,1
Sultan Sahin,1
Akbota Kara,2
Vadim Alpysbay,2
Vera Sokolov,3
Nurlybek Kaya,5
Irina Temirov,2
Derya Ermek,4
Hasan Iskakov,2
Alisa Sokolov,2
Anton Rakhimov,1
Nazerke Tashkenov,4
Yerlan Koc,1
Yulia Kaya,2
Artem Bekov,3
Vera Rakhimov,2
Saltanat Assanov,2
Sanzhar Orazov,1
Zhanar Ermek,1
Ksenia Yilmaz,1
Dana Serikbay,5
Ilyas Nurgaliyev,5
Aigul Tleubek,4
Yernar Tleubek,2
Aisha Baitursyn,4
Vera Serikbay,2
Tomiris Bekov,1
Yernar Mukanov,3
Miras Abdirov,4
Dana Amangeldy,4
Aigerim Abdirov,3
Asel Baiseitov,3
Dias Abenov,5
Tolga Yilmaz,1
Sofia Zhumabek,4
Bauyrzhan Shakenov,1
Maxim Rakhimov,1
Sultan Koc,3
Yulia Iskakov,1
Artem Temirov,3
Nazym Morozov,4
Yerlan Novikov,3
Akbota Sahin,2
Yernar Kurt,4
Balzhan Konysbay,2
Tolga Sokolov,2
Sultan Temirov,3
Aigerim Cetin,2
Aliya Dauletov,1
Tomiris Abdirov,2
Zhansaya Turgenev,4
Zhansaya Akhmetov,1
Sofia Aslan,1
Nurzhan Dauletov,3
Kuanysh Aliyev,3
Timur Smirnov,5
Aigerim Serikbay,1
Anna Morozov,4
Vadim Volkov,4
Nurlybek Arslan,3
Aruzhan Esenov,2
Sergey Zhunusov,2
Kirill Aslan,2
Baris Volkov,1
Symbat Celik,5
Serik Omarov,3
Aisha Ermek,3
Andrey Zhunusov,4
Zhansaya Tleubek,5
Nurlybek Turgenev,1
Temirlan Sadykov,3
Nazerke Tashkenov,3
Dinara Makhmud,1
Sofia Zhumabek,2
Vera Sadykov,3
Adil Zhunusov,5
Anton Dogan,3
Saltanat Yilmaz,4
Balzhan Orazov,3
Milana Serikbay,2
Alina Karimov,5
Elif Bolat,3
Zarina Alpysbay,4
Islam Sokolov,3
Aliya Konysbay,2
Akbota Cetin,5
Amir Konysbay,1
Symbat Zhumabek,1
Roman Assanov,3
Zhandos Makhmud,2
Anel Volkov,1
Aizhan Abdirov,3
Islam Volkov,2
Azamat Serikbay,2
Ilyas Abdirov,4
Bauyrzhan Lebedev,2
Rauan Alpysbay,4
Omar Kilic,3
Nurzhan Kaliyev,1
Sofia Karimov,4
Yulia Sokolov,3
Azamat Suleimenov,2
Layla Karimov,5
Aizhan Kurmanov,4
Oleg Rakhimov,5
Marat Sokolov,3
Derya Cetin,1
Maxim Tashkenov,2
Ksenia Tleubek,2
Alibek Shakenov,2
Nazerke Zhunusov,2
Ilyas Amangeldy,5
Ersultan Temirov,2
Irina Zhumabek,2
Rasul Rakhimov,2
Olzhas Musin,2
Bekzat Rakhimov,1
Yerbol Tashkenov,2
Murat Aslan,1
Bauyrzhan Arslan,2
Asel Aslan,1
Zhanel Makhmud,1
Andrey Volkov,3
Talgat Mukanov,1
Damir Assanov,5
Arman Cetin,2
Aizhan Kaliyev,1
Ece Sagyndyk,2
Kairat Suleimenov,1
Zhanna Orazov,1
Denis Tashkenov,1
Kerem Iskakov,2
Bauyrzhan Turgenev,2
Kuanysh Musin,3
Yulia Ozturk,3
Zhanar Tleubek,3
Karina Jumabek,4
Murat Jumabek,3
Maria Alpysbay,5
Balzhan Daulet,1
Sabina Daulet,3
Karina Turgenev,1
Kamila Petrov,2
Maxim Nurgaliyev,4
Layla Kurt,2
Nazerke Tleubek,3
Aizhan Yilmaz,1
Damir Morozov,4
Nurzhan Aliyev,3
Zhanar Mikhailov,3
Aigul Aslan,2
Sultan Baitursyn,1
Kairat Bolat,4
Aliya Zhunusov,3
Aigul Kaliyev,1
Yulia Omarov,2
Gulnaz Aliyev,1
Layla Assanov,2
Maxim Musin,4
Sergey Suleimenov,1
Azamat Ualiyev,3
Miras Shakenov,3
Oleg Abenov,5
Aigerim Gabdullin,2
Zhuldyz Baiseitov,2
Azamat Rakhimov,3
Sanzhar Lebedev,1
Nurlybek Daulet,2
Milana Kassym,3
Kerem Demir,2
Artem Sadykov,3
Zhanna Makhmud,3
Milana Sagyndyk,1
Hasan Aliyev,2
Vlad Tleubek,5
Bekzat Kaliyev,1
Anna Serikbay,5
Marat Mukanov,1
Baris Abdirov,2
Selin Aliyev,5
Kirill Volkov,2
Zeynep Ozturk,3
Maxim Kurt,5
Derya Kurmanov,2
Pavel Konysbay,3
Talgat Mikhailov,1
Emre Ivanov,3
Bauyrzhan Iskakov,1
Anna Ermek,4
Elnur Ozturk,5
Azamat Dogan,4
Balzhan Abdirov,3
Vadim Mikhailov,4
Milana Suleimenov,1
Yerbol Kudaibergen,2
Bekzat Jumabek,3
Bekzat Serikbay,4
Sergey Aslan,2
Marat Ivanov,1
Arman Sahin,3
Aliya Ermek,5
Temirlan Ualiyev,4
Derya Kaya,4
Saltanat Ozturk,2
Denis Kurmanov,1
Laura Amangeldy,1
Polina Gabdullin,4
Dmitry Yerzhanov,2
Aigul Kara,1
Aizhan Lebedev,1
Damir Ozturk,3
Sergey Serikbay,5
Asel Petrov,1
Karina Amangeldy,1
Pavel Kara,1
Ilyas Popov,2
Zarina Ivanov,2
Sultan Aliyev,3
Yernar Amangeldy,1
Ainur Dogan,1
Hasan Sadykov,1
Andrey Mikhailov,3
Maria Popov,2
Balzhan Yilmaz,3
Andrey Nurgaliyev,1
Nurzhan Arslan,1
Timur Abdirov,5
Polina Suleimenov,2
Ilyas Sagyndyk,1
Yulia Jumabek,2
Rauan Omarov,1
Alibek Kilic,2
Karina Serikbay,1
Damir Koc,2
Ekaterina Nurgaliyev,2
Polina Lebedev,5
Nikita Konysbay,2
Zhuldyz Kassym,2
Nur Yilmaz,5
Pavel Sagyndyk,1
Kamila Mukanov,1
Hasan Ualiyev,5
Anna Dogan,1
Andrey Mukanov,3
Elnur Fedorov,2
Asel Ibrayev,4
Nikita Ozturk,5
Zhandos Mukanov,3
Ksenia Kurmanov,5
Nikita Sahin,5
Ruslan Tleubek,1
Aigerim Konysbay,3
Nur Tleubek,1
Hasan Aslan,2
Emre Kilic,4
Milana Kassym,4
Ainur Abdirov,1
Amir Abenov,4
Serik Sagyndyk,3
Emre Bolat,2
Anel Dogan,1
Tolga Bolat,4
Vera Tashkenov,1
Elif Smirnov,4
Denis Ermek,1
Dias Iskakov,5
Ekaterina Smirnov,1
Sultan Koc,3
Murat Abdirov,2
Gulnaz Nurgaliyev,1
Yerbol Baitursyn,3
Ksenia Novikov,4
Ksenia Abenov,1
Selin Gabdullin,1
Andrey Abenov,1
Yerbol Yilmaz,3
Aliya Zhumabek,3
Maria Fedorov,3
Dias Assanov,3
Symbat Zhaksylyk,1
Daniyar Orazov,1
Anel Suleimenov,3
Yerbol Suleimenov,2
Zhanar Orazov,2
Kamila Temirov,1
Laura Ozturk,2
Polina Yilmaz,2
Tomiris Celik,1
Kerem Serikbay,4
Gulnaz Tashkenov,2
Adil Sokolov,1
Hasan Omarov,1
Elif Suleimenov,5
Daniyar Konysbay,2
Marat Omarov,2
Kairat Yilmaz,1
Ersultan Mikhailov,1
Madina Yilmaz,1
Dinara Nurgaliyev,1
Nazerke Kaya,1
Aigul Abenov,1
Ainur Aliyev,2
Sergey Suleimenov,3
Tomiris Sagyndyk,2
Alibek Kaliyev,4
Aigul Assanov,1
Tolga Kaliyev,2
Yerbol Akhmetov,2
Ece Koc,4
Adil Morozov,1
Islam Kurt,3
Olga Kurt,3
Murat Kurt,4
Amir Lebedev,5
Andrey Akhmetov,3
Zhanar Kilic,1
Derya Morozov,3
Rasul Kurmanov,2
Zhanna Amangeldy,1
Damir Musin,5
Yerlan Dogan,1
Dmitry Ozturk,2
Islam Volkov,4
Kairat Mikhailov,2
Zhanar Zhaksylyk,3
Dmitry Sagyndyk,5
Dmitry Demir,3
Zhandos Makhmud,3
Tomiris Yilmaz,3
Balzhan Aslan,1
Emre Ozturk,2
Amir Assanov,4
Selin Turgenev,2
Sultan Sokolov,1
Irina Zhaksylyk,2
Ksenia Yilmaz,4
Rasul Assanov,3
Miras Zhunusov,2
Olga Omarov,3
Serik Turgenev,3
Polina Kassym,3
Selin Makhmud,1
Maria Rakhimov,2
Bauyrzhan Daulet,5
Miras Esenov,1
Tomiris Dauletov,1
Kirill Orazov,5
Kairat Gabdullin,3
Adil Kaya,2
Hasan Bekov,2
Zhandos Esenov,4
Rauan Ibrayev,1
Artem Bekov,3
Anton Turgenev,3
Alisa Yerzhanov,2
Murat Tashkenov,2
Selin Omarov,1
Ksenia Kudaibergen,3
Olga Koc,3
Aknur Dogan,2
Karina Kassym,2
Yerbol Temirov,5
Kuanysh Shakenov,5
Askar Baitursyn,3
Zhanna Novikov,1
Nurlan Kaliyev,3
Nazerke Aslan,3
Rauan Amangeldy,3
Kairat Kilic,5
Sanzhar Ibrayev,2
Azamat Esenov,2
Symbat Morozov,3
Elena Karimov,2
Timur Petrov,3
Olzhas Shakenov,2
Nurlan Omarov,2
Layla Karimov,5
Akbota Sagyndyk,3
Karina Yilmaz,2
Ilyas Koc,5
Madina Kurt,2
Ruslan Jumabek,1
Aisha Kilic,4
Tatiana Sokolov,1
Timur Sahin,1
Damir Daulet,3
Maxim Rakhimov,5
Laura Zhunusov,1
Dmitry Morozov,5
Miras Arslan,4
Tatiana Petrov,1
Milana Ivanov,3
Saltanat Bekov,1
Elnur Yerzhanov,2
Derya Akhmetov,4
Igor Sahin,2
Tatiana Lebedev,2
Zhuldyz Zhaksylyk,3
Ruslan Volkov,2
Zhanel Sahin,2
Vera Lebedev,4
Zhansaya Konysbay,4
Marat Yerzhanov,1
Azamat Cetin,3
Derya Akhmetov,1
Talgat Aslan,3
Selin Suleimenov,3
Alisa Kurmanov,3
Elena Aliyev,4
Bauyrzhan Mikhailov,1
Andrey Aslan,3
Andrey Rakhimov,4
Ece Kilic,1
Zeynep Lebedev,3
Nurlan Kilic,3
Pavel Cetin,3
Sultan Ivanov,1
Sergey Kara,1
Yulia Sagyndyk,1
Miras Demir,2
Omar Bolat,3
Olga Zhaksylyk,1
Zhandos Baiseitov,3
Temirlan Bolat,3
Vadim Gabdullin,3
Yerbol Morozov,2
Karina Suleimenov,5
Aigerim Fedorov,4
Vlad Ualiyev,1
Talgat Kuznetsov,3
Aknur Baiseitov,4
Sergey Omarov,2
Aliya Kurmanov,5
Balzhan Arslan,1
Milana Orazov,3
Alisa Zhaksylyk,2
Igor Mikhailov,4
Talgat Rakhimov,3
Serik Kara,5
Elena Zhumabek,5
Gulnaz Gabdullin,2
Vera Sagyndyk,3
Nazym Aliyev,2
Gulnaz Gabdullin,2
Pavel Rakhimov,1
Kamila Nurgaliyev,4
Aknur Serikbay,5
Nur Lebedev,3
Gulnaz Smirnov,1
Marat Baiseitov,2
Elnur Novikov,3
Selin Kara,5
Alibek Zhumabek,4
Daria Nurgaliyev,1
Azamat Cetin,2
Karina Aslan,3
Zhanel Bolat,1
Omar Kudaibergen,3
Laura Kurmanov,3
Alibek Sagyndyk,3
Nurzhan Kaliyev,3
Ilyas Novikov,3
Ksenia Mikhailov,4
Roman Esenov,5
Zeynep Arslan,4
Alina Makhmud,2
Islam Akhmetov,3
Olga Kuznetsov,2
Meruyert Kurmanov,2
Zeynep Mikhailov,1
Anton Smirnov,5
Omar Volkov,5
Aliya Shakenov,5
Ilyas Rakhimov,4
Saltanat Kurmanov,3
Tomiris Konysbay,1
Nur Arslan,5
Zhansaya Omarov,1
Amir Jumabek,3
Aigul Dogan,5
Nazym Yilmaz,3
Alina Rakhimov,2
Zhuldyz Suleimenov,5
Sergey Baitursyn,1
Nazym Demir,3
Ersultan Shakenov,2
Murat Ualiyev,1
Zhuldyz Koc,1
Daniyar Ibrayev,2
Rauan Demir,4
Milana Zhumabek,5
Tatiana Fedorov,2
Yulia Yerzhanov,2
Zeynep Baiseitov,5
Kerem Akhmetov,5
Dias Konysbay,5
Murat Zhumabek,2
Damir Mikhailov,5
Nikita Zhunusov,2
Sanzhar Morozov,4
Alisa Kassym,2
Daria Serikbay,2
Zarina Makhmud,1
Olga Koc,2
Irina Demir,2
Sofia Makhmud,3
Emre Nurgaliyev,4
Miras Orazov,1
Nurlan Lebedev,2
Madina Fedorov,3
Sergey Makhmud,4
Alina Konysbay,2
Aknur Nurgaliyev,4
Kirill Makhmud,4
Maxim Jumabek,2
Zhuldyz Gabdullin,3
Murat Yilmaz,4
Ksenia Rakhimov,2
Aizhan Ozturk,2
Bekzat Dauletov,4
Dana Fedorov,4
Dias Konysbay,3
Zhandos Tashkenov,3
Irina Arslan,2
Ece Koc,1
Selin Aliyev,3
Ksenia Novikov,2
Maria Sagyndyk,1
Maxim Kurmanov,2
Yerlan Morozov,3
Aknur Popov,3
Vlad Konysbay,1
Daria Daulet,2
Laura Abenov,3
Olga Rakhimov,3
Amir Yerzhanov,3
Sultan Baiseitov,3
Gaukhar Sahin,2
Zarina Ermek,1
Maria Fedorov,2
Ruslan Yerzhanov,2
Sabina Iskakov,5
Zhuldyz Jumabek,4
Dmitry Ermek,2
Tatiana Tashkenov,1
Sanzhar Kuznetsov,2
Amir Yerzhanov,3
Timur Morozov,1
Alibek Konysbay,3
Yulia Esenov,4
Timur Ermek,2
Hasan Turgenev,3
Selin Abenov,3
Pavel Aslan,2
Gulnaz Abdirov,5
Zhuldyz Esenov,1
Alina Karimov,2
Oleg Koc,3
Timur Kudaibergen,3
Tomiris Bekov,1
Dmitry Baiseitov,4
Aliya Turgenev,3
Sanzhar Yerzhanov,1
Kerem Shakenov,1
Yerbol Serikbay,1
Temirlan Kilic,4
Nikita Popov,2
Laura Petrov,3
Asel Ibrayev,4
Rauan Esenov,1
Ainur Popov,3
Talgat Celik,1
Zhanel Smirnov,2
Igor Yilmaz,4
Derya Baitursyn,2
Damir Yerzhanov,3
Gaukhar Mukanov,1
Serik Dogan,2
Ksenia Zhunusov,3
Elif Dogan,3
Elif Zhumabek,4
Roman Akhmetov,2
Alisa Mikhailov,1
Andrey Baitursyn,2
Sergey Jumabek,1
Emre Serikbay,3
Ersultan Alpysbay,2
Akbota Iskakov,4
Ainur Kara,1
Ece Sahin,4
Nazerke Bekov,3
Damir Zhunusov,1
Alisa Dauletov,3
Temirlan Suleimenov,3
Dinara Kurt,2
Gulnaz Serikbay,3
Anel Sagyndyk,2
Layla Orazov,4
Dias Kudaibergen,2
Timur Koc,2
Sofia Kurt,5
Tolga Daulet,5
Omar Alpysbay,1
Nurzhan Tleubek,2
Aisha Tashkenov,2
Tolga Volkov,2
Olzhas Smirnov,5
Olga Bolat,2
Aizhan Aliyev,5
Daria Volkov,3
Tomiris Temirov,5
Dmitry Bekov,3
Aliya Konysbay,4
Omar Dogan,1
Ruslan Demir,1
Balzhan Akhmetov,3
Nurzhan Temirov,3
Kirill Esenov,3
Yerlan Suleimenov,1
Zhuldyz Tashkenov,1
Aigul Konysbay,4
Alibek Turgenev,3
Ilyas Demir,2
Sofia Kassym,3
Irina Omarov,1
Sofia Daulet,1
Sergey Mukanov,4
Murat Abdirov,4
Kuanysh Tashkenov,5
Saltanat Akhmetov,4
Yulia Kurmanov,3
Sofia Popov,3
Milana Zhaksylyk,3
Rauan Ualiyev,4
Tolga Volkov,4
Alibek Yilmaz,4
Miras Baitursyn,4
Temirlan Abenov,3
Irina Tashkenov,3
Saltanat Aslan,1
Irina Sadykov,2
Madina Ualiyev,3
Dinara Smirnov,1
Omar Mukanov,2
Andrey Amangeldy,3
Amir Kudaibergen,1
Talgat Nurgaliyev,2
Aruzhan Sagyndyk,1
Daria Tleubek,1
Yerlan Dauletov,2
Nurzhan Yilmaz,4
Zhanar Kudaibergen,3
Elena Baitursyn,4
Amir Assanov,2
Elena Temirov,2
Nurzhan Aliyev,4
Marat Serikbay,5
Olzhas Kurt,3
Gulnaz Kara,2
Ksenia Kaya,2
Arman Zhumabek,5
Oleg Volkov,4
Zhanel Zhumabek,4
Asel Yilmaz,3
Vadim Tleubek,2
Yerlan Volkov,3
Omar Kilic,1
Roman Kaya,3
Artem Zhunusov,1
Nurlybek Temirov,1
Zhanel Assanov,2
Saltanat Aliyev,4
Tatiana Iskakov,1
Ekaterina Nurgaliyev,2
Pavel Aliyev,3
Anel Zhunusov,2
Zhanel Temirov,2
Dias Amangeldy,4
Bauyrzhan Mukanov,5
Meruyert Kudaibergen,2
Olzhas Kilic,3
Sergey Kurt,3
Tomiris Kurmanov,4
Selin Zhunusov,5
Madina Kaya,5
Dmitry Tashkenov,5
Gaukhar Esenov,3
Dmitry Zhumabek,1
Aizhan Popov,1
Bekzat Daulet,2
Alibek Temirov,3
Vera Kaya,2
Elif Baitursyn,1
Ersultan Kilic,5
Zhanna Kuznetsov,5
Nurzhan Tashkenov,1
Ksenia Musin,4
Timur Aliyev,4
Yerbol Bekov,3
Madina Cetin,2
Aigul Tleubek,1
Layla Novikov,4
Kamila Konysbay,1
Aigul Kuznetsov,3
Ilyas Abdirov,4
Sabina Shakenov,3
Kerem Jumabek,4
Vlad Suleimenov,2
Pavel Bekov,4
Balzhan Baiseitov,3
Rasul Zhaksylyk,2
Meruyert Ibrayev,1
Laura Karimov,1
Laura Baiseitov,2
Dinara Alpysbay,1
Bauyrzhan Musin,1
Marat Koc,1
Selin Kudaibergen,3
Bekzat Konysbay,1
Meruyert Celik,1
Kamila Daulet,1
Rasul Kuznetsov,5
Emre Konysbay,3
Tatiana Bolat,3
Ksenia Assanov,4
Aruzhan Konysbay,3
Kuanysh Tashkenov,1
Ksenia Ermek,2
Omar Ibrayev,3
Temirlan Bekov,4
Vlad Kilic,1
Temirlan Lebedev,3
Hasan Popov,3
Rasul Bekov,2
Ainur Mikhailov,3
Nikita Kilic,3
Milana Makhmud,2
Yulia Celik,4
Tomiris Cetin,1
Aknur Kudaibergen,5
Marat Dauletov,1
Daria Omarov,3
Layla Kassym,1
Vlad Kilic,5
Amir Iskakov,5
Denis Popov,1
Rasul Shakenov,4
Akbota Ivanov,4
Marat Abenov,1
Gaukhar Esenov,2
Vlad Akhmetov,2
Bauyrzhan Ualiyev,2
Artem Zhumabek,2
Temirlan Volkov,3
Elnur Konysbay,2
Aknur Jumabek,4
Madina Sokolov,2
Alibek Alpysbay,5
Vadim Koc,2
Murat Novikov,2
Elif Abenov,3
Sabina Assanov,2
Sultan Kudaibergen,2
Ruslan Yerzhanov,3
Sultan Iskakov,3
Aigul Tashkenov,4
Zeynep Dogan,3
Zhansaya Kudaibergen,3
Aizhan Bekov,2
Amir Serikbay,1
Laura Makhmud,4
Elnur Novikov,3
Dinara Esenov,3
Oleg Ibrayev,2
Bekzat Ualiyev,4
Tolga Sahin,2
Anna Demir,5
Elnur Orazov,1
Olga Amangeldy,3
Aizhan Mikhailov,2
Selin Dauletov,2
Aknur Konysbay,2
Olzhas Petrov,1
Zarina Kilic,2
Ekaterina Shakenov,1
Rauan Novikov,3
Azamat Morozov,3
Artem Morozov,1
Balzhan Popov,5
Irina Kara,2
Meruyert Turgenev,2
Zhanel Abdirov,2
Daniyar Sadykov,3
Zeynep Abdirov,3
Sultan Kurmanov,2
Artem Dogan,1
Tatiana Turgenev,2
Symbat Rakhimov,3
Olzhas Abdirov,3
Kairat Omarov,3
Nurlybek Lebedev,1
Ekaterina Demir,5
Alisa Kilic,3
Zhanna Mikhailov,3
Elena Volkov,5
Akbota Baiseitov,5
Rauan Mukanov,3
Arman Popov,1
Roman Demir,3
Anna Sagyndyk,4
Aliya Aslan,4
Symbat Ozturk,1
Anton Ualiyev,2
Sofia Makhmud,4
Nurzhan Abdirov,4
Ainur Amangeldy,2
Oleg Kurmanov,2
Dmitry Temirov,1
Elena Tleubek,1
Aizhan Jumabek,3
Olzhas Sagyndyk,5
Nazerke Sadykov,5
Nikita Dogan,1
Damir Kaya,2
Zeynep Koc,3
Daria Mikhailov,3
Miras Konysbay,1
Zhuldyz Baiseitov,3
Zhuldyz Tleubek,4
Timur Baitursyn,4
Maria Ozturk,2
Nikita Kilic,4
Ainur Makhmud,1
Kerem Ivanov,2
Oleg Baitursyn,3
Zhansaya Fedorov,1
Ainur Petrov,3
Nazym Aliyev,2
Saltanat Bolat,3
Temirlan Ibrayev,1
Derya Celik,2
Miras Morozov,2
Aigul Aliyev,3
Alisa Kurmanov,3
Omar Jumabek,1
Dmitry Abdirov,4
Tatiana Shakenov,2
Yerbol Smirnov,4
Bauyrzhan Kassym,1
Ekaterina Ivanov,4
Roman Kurmanov,1
Daniyar Kilic,3
Yerbol Kurt,3
Azamat Serikbay,2
Nurlan Baitursyn,3
Ekaterina Aslan,5
Maria Amangeldy,2
Vera Daulet,2
Ruslan Nurgaliyev,2
Artem Baiseitov,3
Marat Kassym,3
Arman Alpysbay,3
Omar Ualiyev,1
Temirlan Gabdullin,1
Damir Ermek,2
Selin Baitursyn,1
Miras Zhunusov,2
Ksenia Fedorov,2
Tomiris Konysbay,1
Kairat Jumabek,1
Oleg Kaya,1
Nur Kilic,3
Askar Aliyev,2
Islam Abdirov,4
Olga Esenov,4
Amir Demir,2
Zhansaya Tashkenov,4
Yernar Kurmanov,4
Meruyert Ivanov,5
Sultan Koc,1
Nurlybek Mikhailov,1
Adil Ibrayev,3
Aigul Abenov,4
Ersultan Makhmud,1
Ksenia Iskakov,1
Aizhan Volkov,1
Tatiana Demir,4
Zeynep Tashkenov,4
Emre Iskakov,1
Rauan Alpysbay,2
Ksenia Jumabek,1
Talgat Alpysbay,3
Zeynep Ibrayev,5
Ersultan Cetin,5
Temirlan Kurt,5
Maxim Petrov,1
Murat Novikov,4
Karina Ibrayev,2
Anel Ermek,2
Dinara Amangeldy,4
Nazerke Turgenev,3
Daniyar Dogan,2
Oleg Gabdullin,1
Nazerke Kaya,1
Timur Zhumabek,4
Symbat Mukanov,1
Andrey Volkov,3
Marat Ermek,2
Selin Morozov,1
Oleg Amangeldy,3
Aknur Mikhailov,3
Yulia Kilic,1
Yerbol Sadykov,4
Ksenia Kaliyev,1
Maria Kassym,2
Nurlan Morozov,4
Zhanar Sadykov,2
Bekzat Alpysbay,1
Bauyrzhan Aslan,4
Ilyas Orazov,3
Dana Kurt,1
Anna Volkov,1
Igor Kuznetsov,2
Asel Yilmaz,1
Ersultan Abdirov,3
Zeynep Smirnov,1
Nurzhan Novikov,1
Aigerim Tashkenov,4
Yerlan Dogan,2
Balzhan Konysbay,3
Rauan Temirov,3
Hasan Morozov,3
Tolga Ermek,4
Andrey Alpysbay,1
Zarina Assanov,1
Zhuldyz Abdirov,4
Symbat Kurmanov,3
Amir Ibrayev,3
Murat Sagyndyk,3
Saltanat Fedorov,1
Amir Musin,1
Ksenia Akhmetov,3
Sultan Smirnov,1
Artem Koc,1
Yerlan Kudaibergen,3
Ilyas Kurmanov,1
Olga Kaya,5
Kirill Daulet,1
Murat Novikov,3
Azamat Kilic,2
Pavel Jumabek,3
Roman Kurmanov,3
Dias Celik,5
Layla Kurt,1
Aisha Arslan,2
Aisha Cetin,1
Elif Nurgaliyev,3
Asel Musin,3
Kerem Ozturk,2
Miras Temirov,3
Zhuldyz Kudaibergen,1
Irina Kuznetsov,1
Nurlan Kara,1
Karina Cetin,3
Sanzhar Aslan,1
Kairat Temirov,1
Temirlan Cetin,3
Maxim Mukanov,1
Ainur Petrov,2
Rasul Makhmud,1
Serik Esenov,5
Zhanar Kuznetsov,2
Maxim Aslan,3
Meruyert Ermek,3
Alibek Lebedev,1
Yerbol Kaliyev,3
Omar Iskakov,2
Damir Amangeldy,1
Rauan Novikov,3
Ainur Baiseitov,3
Sultan Petrov,1
Sabina Serikbay,4
Zeynep Kurt,2
Olga Dauletov,4
Nur Ualiyev,1
Miras Sagyndyk,2
Yernar Sahin,3
Damir Mukanov,4
Dias Konysbay,1
Balzhan Ozturk,2
Milana Shakenov,5
Layla Demir,3
Nazerke Aslan,2
Sanzhar Aliyev,3
Dmitry Petrov,2
Elena Cetin,1
Aliya Zhaksylyk,3
Asel Shakenov,2
Igor Kaya,1
Zarina Akhmetov,2
Timur Ivanov,3
Bekzat Sokolov,3
Balzhan Esenov,2
Kairat Kilic,5
Tatiana Amangeldy,3
Milana Abenov,3
Andrey Omarov,3
Timur Sokolov,3
Dinara Zhumabek,3
Zarina Daulet,2
Andrey Kaya,2
Nurlan Dauletov,3
Selin Yilmaz,1
Kuanysh Volkov,5
Marat Bolat,5
Kamila Morozov,3
Yulia Celik,1
Elif Sokolov,3
Anna Esenov,2
Aruzhan Morozov,2
Daniyar Lebedev,4
Yulia Ermek,2
Sergey Tashkenov,4
Vera Arslan,3
Sofia Daulet,1
Kirill Omarov,3
Damir Musin,1
Alibek Esenov,3
Ekaterina Kaya,4
Aknur Kurmanov,3
Alisa Volkov,5
Baris Yerzhanov,1
Bekzat Zhumabek,3
Elif Kaliyev,2
Maria Turgenev,3
Selin Daulet,1
Andrey Jumabek,2
Zarina Temirov,3
Layla Kudaibergen,3
Yernar Nurgaliyev,1
Rauan Sadykov,3
Anton Kuznetsov,1
Denis Morozov,1
Karina Bolat,4
Ersultan Jumabek,1
Emre Petrov,2
Irina Yerzhanov,3
Sergey Dauletov,1
Anel Popov,2
Alisa Demir,4
Zhandos Dogan,3
Gaukhar Jumabek,4
Dinara Novikov,2
Bauyrzhan Kudaibergen,3
Symbat Morozov,4
Sergey Petrov,2
Sabina Alpysbay,3
Polina Yerzhanov,1
Askar Amangeldy,3
Gaukhar Fedorov,3
Saltanat Kaya,3
Azamat Ibrayev,1
Nurzhan Baitursyn,5
Meruyert Petrov,2
Alibek Kaya,2
Andrey Serikbay,1
Anna Abdirov,1
Maxim Popov,2
Polina Jumabek,3
Kairat Assanov,3
Nikita Ozturk,5
Tatiana Amangeldy,4
Ersultan Morozov,4
Gulnaz Kaya,5
Zhansaya Smirnov,4
Aruzhan Turgenev,4
Arman Baiseitov,3
Olzhas Makhmud,3
Asel Konysbay,2
Anna Lebedev,1
Zhuldyz Zhunusov,3
Tolga Ibrayev,4
Gulnaz Makhmud,4
Derya Kassym,3
Dmitry Sagyndyk,4
Sofia Kassym,2
Baris Arslan,1
Karina Bolat,4
Sergey Gabdullin,2
Islam Zhumabek,4
Denis Iskakov,3
Aknur Kudaibergen,2
Omar Makhmud,3
Laura Kurmanov,2
Selin Mikhailov,1
Anton Bekov,1
Nurzhan Ermek,5
Murat Fedorov,5
Laura Arslan,1
Kirill Serikbay,5
Zhanar Musin,1
Ksenia Daulet,3
Yerlan Zhumabek,2
Derya Abdirov,4
Damir Sahin,1
Aigerim Bekov,2
Kamila Omarov,2
Tomiris Ozturk,2
Yulia Kudaibergen,1
Kerem Nurgaliyev,2
Omar Zhaksylyk,5
Zhanar Bekov,3
Sanzhar Petrov,1
Amir Mukanov,1
Sofia Celik,2
Olga Ozturk,2
Anton Turgenev,5
Daniyar Sagyndyk,3
Nazerke Abdirov,1
Tatiana Cetin,1
Kamila Aslan,2
Pavel Esenov,2
Bekzat Ermek,2
Nurzhan Sahin,5
Derya Lebedev,4
Damir Karimov,3
Sanzhar Ibrayev,1
Irina Cetin,2
Zhansaya Amangeldy,4
Nazym Novikov,3
Igor Jumabek,3
Maria Abenov,2
Roman Amangeldy,3
Roman Omarov,5
Zeynep Zhunusov,3
Dinara Abenov,3
Laura Novikov,1
Irina Bekov,3
Elena Cetin,3
Oleg Serikbay,4
Gaukhar Iskakov,3
Alibek Nurgaliyev,1
Zeynep Dauletov,3
Sergey Ualiyev,1
Zeynep Kassym,2
Emre Bolat,1
Denis Assanov,2
Yerlan Kassym,5
Nurzhan Orazov,3
Selin Akhmetov,3
Nurlan Sahin,5
Ekaterina Kassym,5
Oleg Bolat,4
Nikita Aliyev,4
Yulia Omarov,2
Denis Iskakov,2
Damir Kara,4
Vlad Sagyndyk,4
Arman Musin,2
Olzhas Zhunusov,2
Pavel Sahin,3
Askar Smirnov,1
Maria Konysbay,2
Alisa Lebedev,1
Kirill Celik,1
Nurlybek Gabdullin,5
Sabina Aslan,3
Madina Zhumabek,1
Igor Novikov,2
Maxim Popov,1
Zhanar Iskakov,1
Alina Zhunusov,1
Kamila Popov,4
Arman Iskakov,2
Daniyar Arslan,3
Zhuldyz Celik,1
Vadim Ivanov,1
Aliya Abenov,1
Islam Abdirov,1
Omar Dogan,5
Anel Zhunusov,4
Karina Dauletov,3
Miras Sagyndyk,3
Tolga Novikov,1
Sabina Demir,3
Artem Fedorov,2
Karina Mukanov,1
Bekzat Celik,1
Kerem Novikov,4
Nurlybek Zhumabek,3
Anton Lebedev,3
Aisha Shakenov,3
Alina Alpysbay,3
Elnur Novikov,2
Miras Iskakov,2
Kirill Amangeldy,1
Bauyrzhan Kudaibergen,5
Bauyrzhan Esenov,1
Alibek Makhmud,3
Polina Musin,2
Ainur Dauletov,2
Kirill Zhunusov,4
Asel Lebedev,2
Ekaterina Baiseitov,3
Polina Cetin,5
Milana Kurmanov,2
Asel Omarov,5
Kuanysh Baitursyn,3
Karina Popov,1
Polina Turgenev,4
Aizhan Arslan,5
Nikita Kudaibergen,3
Aliya Arslan,2
Alisa Celik,1
Daniyar Makhmud,2
Olzhas Novikov,3
Tomiris Kuznetsov,1
Bekzat Ualiyev,1
Azamat Zhumabek,2
Yerlan Rakhimov,2
Marat Zhunusov,2
Aknur Popov,4
Murat Dogan,1
Dana Novikov,3
Ainur Suleimenov,3
Marat Abenov,5
Symbat Fedorov,3
Zhanel Aliyev,3
Zhuldyz Dauletov,3
Maria Petrov,4
Nurlan Kuznetsov,3
Omar Zhumabek,2
Talgat Tashkenov,4
Tolga Aliyev,4
Nurlan Shakenov,5
Zhanna Yilmaz,1
Adil Ermek,3
Arman Shakenov,1
Nur Sadykov,1
Kairat Volkov,1
Azamat Aslan,2
Ksenia Zhumabek,1
Damir Fedorov,3
Derya Rakhimov,5
Damir Zhaksylyk,2
Yulia Temirov,1
Hasan Kilic,1
Alina Fedorov,5
Gaukhar Tleubek,3
Tatiana Baitursyn,5
Rasul Shakenov,1
Kuanysh Amangeldy,5
Aliya Zhunusov,3
Nurlan Popov,2
Ilyas Jumabek,2
Symbat Petrov,4
Timur Bekov,1
Alisa Ibrayev,3
Ainur Akhmetov,2
Zhanna Ozturk,1
Serik Kara,1
Sofia Celik,3
Alibek Popov,3
Timur Dauletov,4
Saltanat Kilic,1
Yerbol Zhunusov,2
Elena Shakenov,1
Kairat Ivanov,1
Serik Kara,4
Islam Musin,1
Yernar Makhmud,2
Yerlan Fedorov,3
Daria Popov,3
Rauan Ermek,4
Azamat Bolat,5
Alibek Zhumabek,4
Yerlan Baiseitov,4
Zhuldyz Kuznetsov,2
Nur Lebedev,1
Islam Iskakov,4
Alisa Kuznetsov,1
Yerlan Kaya,1
Kirill Ozturk,4
Tomiris Makhmud,2
Aruzhan Yerzhanov,1
Balzhan Volkov,1
Zhanar Lebedev,5
Ilyas Suleimenov,1
Adil Zhumabek,4
Meruyert Kuznetsov,4
Kirill Kaya,1
Kamila Tashkenov,2
Zhansaya Esenov,2
Madina Amangeldy,1
Azamat Makhmud,2
Laura Serikbay,3
Dmitry Akhmetov,3
Roman Turgenev,1
Zhansaya Mukanov,3
Aknur Ermek,2
Bauyrzhan Akhmetov,2
Ainur Celik,2
Amir Amangeldy,4
Ilyas Petrov,1
Elena Zhumabek,5
Nazerke Cetin,5
Daria Sokolov,5
Alibek Dogan,1
Roman Ermek,1
Yerlan Esenov,4
Hasan Ivanov,4
Dias Yerzhanov,5
Oleg Tashkenov,4
Irina Kaya,2
Askar Arslan,2
Milana Sahin,2
Yulia Akhmetov,2
Yulia Smirnov,1
Pavel Shakenov,3
Dinara Kudaibergen,1
Alina Sagyndyk,1
Zhuldyz Ibrayev,2
Daria Abenov,2
Aknur Bolat,4
Tomiris Omarov,1
Kamila Jumabek,1
Kerem Zhunusov,2
Amir Kurmanov,5
Derya Celik,5
Akbota Zhaksylyk,3
Olzhas Nurgaliyev,4
Yulia Shakenov,2
Zhuldyz Shakenov,3
Denis Sadykov,2
Anel Rakhimov,2
Denis Volkov,1
Rauan Ivanov,2
Dinara Koc,1
Akbota Popov,2
Olga Kuznetsov,1
Aknur Konysbay,2
Layla Alpysbay,2
Pavel Yilmaz,1
Dana Karimov,3
Askar Fedorov,5
Alina Demir,3
Selin Turgenev,1
Daniyar Popov,2
Gaukhar Celik,2
Gulnaz Jumabek,4
Temirlan Morozov,2
Symbat Dogan,2
Temirlan Demir,5
Adil Serikbay,1
Kamila Kaliyev,2
Daria Yilmaz,1
Ainur Kaliyev,2
Sultan Alpysbay,5
Tolga Ibrayev,1
Ainur Cetin,3
Laura Shakenov,1
Ainur Nurgaliyev,3
Derya Baiseitov,5
Ainur Kurmanov,2
Elena Popov,2
Olzhas Arslan,3
Nazym Baitursyn,2
Vera Arslan,4
Alina Bekov,3
Amir Cetin,3
Elena Zhumabek,2
Rauan Demir,4
Vlad Ozturk,2
Anna Morozov,4
Gaukhar Makhmud,5
Karina Abdirov,3
Kairat Konysbay,5
Zhuldyz Abdirov,5
Irina Kurmanov,2
Olzhas Akhmetov,2
Bauyrzhan Abdirov,2
Sabina Musin,3
Kamila Dogan,5
Gaukhar Bolat,4
Kairat Gabdullin,1
Yerlan Shakenov,5
Zhanar Serikbay,2
Kirill Kuznetsov,1
Vadim Aslan,2
Irina Novikov,2
Ersultan Assanov,3
Sanzhar Morozov,2
Anton Ualiyev,4
Dias Kurt,1
Alisa Fedorov,2
Gulnaz Esenov,5
Hasan Kara,1
Kirill Popov,4
Aliya Karimov,1
Bauyrzhan Dauletov,5
Pavel Serikbay,3
Derya Makhmud,5
Ersultan Zhumabek,3
Rauan Abenov,1
Pavel Yilmaz,3
Asel Temirov,3
Dinara Iskakov,2
Sofia Serikbay,2
Anna Alpysbay,3
Tolga Orazov,2
Gaukhar Zhumabek,4
Dana Morozov,4
Meruyert Ozturk,3
Dinara Zhaksylyk,2
Zhanar Mikhailov,3
Balzhan Alpysbay,1
Sofia Cetin,2
Ruslan Ibrayev,1
Aigul Fedorov,2
Rasul Gabdullin,1
Ersultan Zhaksylyk,4
Asel Sadykov,2
Nurzhan Tleubek,2
Temirlan Amangeldy,1
Dias Sahin,2
Aruzhan Zhaksylyk,4
Aigul Cetin,2
Zeynep Aliyev,4
Ruslan Nurgaliyev,2
Nur Karimov,2
Sanzhar Abenov,1
Ekaterina Kaya,1
Dmitry Serikbay,3
Sultan Kaliyev,2
Artem Dauletov,5
Zhanna Temirov,2
Murat Musin,3
Ruslan Iskakov,4
Baris Kudaibergen,2
Derya Ualiyev,1
Karina Kuznetsov,5
Sanzhar Omarov,1
Kamila Baiseitov,2
Selin Kudaibergen,2
Balzhan Dauletov,3
Artem Zhunusov,1
Ainur Baitursyn,3
Sabina Kilic,5
Serik Serikbay,1
Zhanel Akhmetov,3
Zhanna Makhmud,2
Dinara Tashkenov,1
Temirlan Gabdullin,3
Askar Baiseitov,3
Yulia Dauletov,3
Tatiana Kassym,5
Daniyar Ualiyev,4
Elnur Popov,2
Ksenia Makhmud,5
Elif Lebedev,3
Aisha Alpysbay,4
Baris Novikov,3
Asel Petrov,2
Tolga Petrov,1
Anel Kuznetsov,1
Gaukhar Dogan,1
Sofia Demir,4
Zhuldyz Ermek,1
Ersultan Dauletov,1
Ainur Baiseitov,3
Bekzat Mukanov,3
Meruyert Nurgaliyev,3
Kuanysh Esenov,5
Maria Dauletov,5
Asel Sadykov,4
Anton Kurt,3
Temirlan Celik,3
Alibek Kara,1
Kirill Temirov,3
Maxim Morozov,3
Askar Musin,3
Sultan Alpysbay,1
Tolga Fedorov,5
Anton Sadykov,1
Dmitry Zhunusov,4
Igor Abenov,5
Ksenia Yilmaz,3
Anna Lebedev,4
Aigul Volkov,2
Karina Demir,2
Kuanysh Tleubek,2
Talgat Jumabek,2
Daria Popov,1
Ilyas Zhumabek,1
Milana Tleubek,3
Serik Alpysbay,1
Tatiana Shakenov,5
Askar Alpysbay,3
Yerlan Sokolov,4
Nikita Sagyndyk,1
Irina Smirnov,2
Aknur Yilmaz,3
Maria Zhunusov,2
Aisha Akhmetov,1
Akbota Demir,1
Tatiana Ermek,3
Asel Serikbay,5
Akbota Sadykov,2
Igor Kurt,1
Ersultan Ermek,5
Daria Petrov,2
Omar Kara,4
Nur Makhmud,2
Alina Nurgaliyev,5
Olga Iskakov,1
Baris Omarov,4
Yerbol Rakhimov,3
Azamat Arslan,2
Ruslan Abenov,4
Dmitry Dauletov,2
Azamat Zhaksylyk,3
Zhuldyz Bekov,2
Zhanna Karimov,1
Daria Makhmud,3
Ersultan Morozov,2
Yerbol Musin,4
Vera Alpysbay,1
Anton Konysbay,1
Nikita Lebedev,2
Derya Sahin,3
Maxim Demir,4
Tomiris Ivanov,1
Laura Sokolov,2
Ersultan Petrov,2
Nurzhan Rakhimov,2
Dmitry Dogan,3
Daniyar Kurmanov,2
Dmitry Kurt,1
Daria Makhmud,2
Maxim Volkov,3
Gulnaz Ermek,3
Vlad Koc,3
Ainur Kassym,2
Irina Daulet,1
Daria Assanov,1
Alibek Koc,3
Nurlybek Karimov,3
Ainur Tashkenov,4
Ekaterina Cetin,1
Aigerim Serikbay,5
Vlad Karimov,3
Kamila Smirnov,4
Olga Baiseitov,1
Laura Turgenev,2
Vera Arslan,2
Ruslan Kara,3
Kairat Musin,3
Bauyrzhan Sokolov,3
Layla Aliyev,4
Adil Novikov,2
Oleg Ibrayev,3
Marat Ermek,1
Nazerke Cetin,3
Milana Dauletov,3
Zarina Suleimenov,1
Polina Dauletov,1
Ksenia Kara,3
Rauan Esenov,2
Ksenia Zhumabek,1
Nikita Konysbay,1
Kamila Lebedev,2
Tolga Arslan,2
Layla Orazov,2
Tomiris Baitursyn,2
Amir Kassym,5
Igor Rakhimov,2
Aizhan Celik,3
Milana Kaliyev,2
Aisha Sadykov,2
Balzhan Mukanov,2
Kerem Sokolov,4
Azamat Daulet,4
Akbota Petrov,1
Sergey Kuznetsov,3
Sabina Zhumabek,3
Nikita Alpysbay,2
Ilyas Esenov,3
Dana Tleubek,1
Alisa Sokolov,1
Rauan Daulet,4
Maria Jumabek,3
Elnur Morozov,2
Zhanar Nurgaliyev,4
Nurzhan Bekov,3
Azamat Gabdullin,2
Yulia Alpysbay,3
Selin Orazov,1
Yulia Rakhimov,2
Sofia Demir,3
Askar Nurgaliyev,2
Irina Turgenev,3
Saltanat Zhumabek,1
Yernar Alpysbay,2
Asel Ozturk,2
Ersultan Sokolov,3
Ainur Gabdullin,3
Karina Popov,3
Aizhan Volkov,1
Dmitry Baitursyn,5
Tolga Ibrayev,4
Talgat Fedorov,2
Baris Kurt,4
Tomiris Turgenev,1
Aruzhan Mikhailov,4
Yerbol Temirov,1
Vera Aslan,3
Aizhan Turgenev,2
Laura Abenov,3
Nurzhan Zhunusov,3
Rasul Alpysbay,4
Zeynep Yilmaz,1
Ainur Kurt,3
Derya Baiseitov,3
Yerlan Akhmetov,5
Dmitry Karimov,1
Nurzhan Arslan,1
Maria Kilic,2
Kairat Ibrayev,1
Ekaterina Esenov,4
Denis Aliyev,3
Alibek Kuznetsov,1
Kairat Musin,5
Oleg Jumabek,5
Murat Alpysbay,2
Polina Rakhimov,1
Igor Ermek,3
Vlad Karimov,4
Kirill Bolat,3
Ainur Ermek,3
Serik Cetin,2
Yerbol Konysbay,5
Zhuldyz Sahin,3
Aigul Amangeldy,1
Akbota Abdirov,5
Sanzhar Nurgaliyev,3
Vlad Sokolov,1
Zhandos Alpysbay,1
Tolga Temirov,2
Tolga Amangeldy,1
Daniyar Karimov,3
Nurlan Akhmetov,2
Bauyrzhan Sahin,4
Kairat Ermek,1
Layla Kaya,4
Meruyert Ualiyev,3
Anel Kaliyev,3
Nurlan Esenov,1
Timur Esenov,3
Dias Koc,1
Yernar Alpysbay,5
Omar Kuznetsov,2
Marat Sagyndyk,5
Laura Amangeldy,1
Ilyas Petrov,4
Baris Ivanov,2
Anna Arslan,4
Tolga Kudaibergen,3
Aknur Volkov,3
Gulnaz Sokolov,3
Omar Fedorov,1
Nikita Mikhailov,4
Zhuldyz Mikhailov,4
Polina Ibrayev,4
Ece Yerzhanov,5
Dana Suleimenov,4
Arman Aslan,1
Daria Mikhailov,5
Aliya Yerzhanov,1
Selin Mukanov,1
Alina Sagyndyk,3
Zeynep Sahin,1
Asel Kassym,2
Nikita Esenov,4
Elnur Mukanov,1
Zeynep Rakhimov,3
Dana Abdirov,3
Kamila Kara,5
Marat Kaliyev,3
Kerem Kudaibergen,1
Arman Akhmetov,3
Yerlan Nurgaliyev,3
Zhuldyz Zhumabek,4
Azamat Konysbay,2
Vlad Konysbay,1
Olzhas Ualiyev,2
Zarina Temirov,1
Balzhan Abenov,3
Nikita Sagyndyk,4
Ilyas Petrov,4
Rauan Petrov,1
Vera Rakhimov,4
Serik Sagyndyk,4
Ece Esenov,4
Gulnaz Mukanov,4
Zhanel Baiseitov,5
Yerbol Abdirov,1
Maria Karimov,3
Amir Bolat,3
Zhandos Mikhailov,4
Aknur Shakenov,2
Olzhas Temirov,1
Derya Ozturk,2
Damir Tleubek,4
Kerem Makhmud,2
Pavel Kara,2
Aigul Popov,3
Ilyas Tashkenov,2
Roman Sokolov,1
Derya Ivanov,5
Marat Petrov,4
Kuanysh Ozturk,1
Damir Smirnov,2
Asel Koc,3
Ece Zhumabek,3
Olga Sagyndyk,3
Zhansaya Alpysbay,4
Murat Demir,2
Askar Konysbay,3
Yerbol Yilmaz,3
Elnur Celik,1
Symbat Petrov,1
Oleg Tashkenov,3
Igor Bolat,3
Karina Assanov,3
Sergey Sahin,3
Saltanat Kaya,1
Karina Temirov,4
Nazym Yerzhanov,3
Selin Kilic,3
Asel Dogan,3
Baris Rakhimov,3
Kirill Esenov,5
Vlad Mikhailov,3
Emre Musin,3
Dinara Tleubek,5
Olga Aliyev,2
Amir Volkov,3
Talgat Kuznetsov,1
Nurzhan Sadykov,1
Selin Musin,4
Omar Makhmud,3
Elif Kaya,5
Symbat Sahin,1
Tolga Mukanov,4
Yernar Dogan,5
Daniyar Jumabek,4
Aknur Nurgaliyev,2
Yerlan Kassym,3
Aknur Fedorov,5
Olga Kara,3
Elena Iskakov,3
Omar Baitursyn,1
Zarina Serikbay,2
Nur Dauletov,1
Zhanel Amangeldy,3
Aisha Kuznetsov,2
Ekaterina Kuznetsov,3
Baris Kuznetsov,3
Kerem Jumabek,2
Talgat Novikov,3
Irina Dauletov,2
Igor Ozturk,1
Nazerke Jumabek,2
Selin Dauletov,3
Zhandos Kuznetsov,1
Yulia Omarov,1
Anton Fedorov,1
Temirlan Aliyev,3
Dmitry Tashkenov,2
Gulnaz Petrov,4
Asel Ermek,3
Askar Omarov,2
Symbat Demir,3
Nazym Amangeldy,1
Vlad Assanov,3
Serik Arslan,2
Zarina Kaya,3
Islam Esenov,3
Timur Karimov,2
Zhanar Petrov,1
Symbat Abdirov,3
Anel Zhumabek,1
Bauyrzhan Bekov,3
Aliya Fedorov,2
Ruslan Ozturk,3
Ekaterina Arslan,3
Ece Gabdullin,1
Zhandos Ibrayev,4
Denis Kilic,2
Kamila Bolat,2
Bekzat Shakenov,4
Tomiris Bekov,5
Ksenia Kudaibergen,2
Selin Ozturk,3
Islam Ermek,1
Nazerke Musin,2
Rauan Tashkenov,2
Kirill Akhmetov,4
Aisha Sahin,3
Akbota Abdirov,3
Olga Baiseitov,3
Sultan Aslan,5
Ekaterina Ermek,1
Daria Dauletov,3
Karina Ozturk,3
Saltanat Baitursyn,3
Gulnaz Petrov,2
Yernar Shakenov,4
Kirill Ermek,4
Maxim Kara,2
Nurzhan Aliyev,2
Ksenia Gabdullin,1
Olzhas Tashkenov,1
Arman Alpysbay,1
Symbat Celik,5
Sabina Yilmaz,3
Elif Iskakov,1
Askar Kaya,3
Dias Kurmanov,3
Zhandos Gabdullin,1
Nurzhan Kurmanov,1
Miras Sagyndyk,4
Dana Kurmanov,3
Sanzhar Orazov,3
Aknur Kuznetsov,2
Gulnaz Akhmetov,3
Aizhan Demir,3
Nazym Daulet,1
Arman Karimov,4
Kairat Ozturk,3
Daniyar Jumabek,1
Ilyas Lebedev,4
Alibek Kara,1
Rasul Tleubek,2
Anton Kurmanov,1
Tatiana Ivanov,3
Ruslan Musin,2
Talgat Ualiyev,2
Asel Bolat,3
Olga Jumabek,1
Oleg Temirov,2
Sergey Mukanov,3
Andrey Aliyev,5
Elif Yilmaz,3
Maria Kaliyev,4
Elnur Kuznetsov,5
Dana Bolat,4
Gulnaz Baitursyn,1
Sultan Kilic,1
Polina Kaliyev,2
Elena Kilic,3
Anel Cetin,2
Nur Kara,3
Alibek Gabdullin,3
Sofia Ualiyev,3
Miras Ivanov,3
Milana Baitursyn,2
Zhuldyz Smirnov,1
Derya Zhunusov,2
Talgat Musin,4
Islam Popov,1
Serik Sadykov,2
Nurlybek Esenov,5
Emre Ualiyev,1
Anton Shakenov,3
Zeynep Zhumabek,2
Tolga Konysbay,5
Elnur Sagyndyk,1
Derya Dogan,4
Amir Kilic,2
Vadim Novikov,5
Ruslan Ermek,1
Derya Jumabek,5
Damir Nurgaliyev,4
Arman Popov,2
Gulnaz Karimov,1
Zhuldyz Bolat,3
Roman Esenov,4
Vadim Ivanov,2
Dias Dauletov,1
Yulia Konysbay,1
Olzhas Kilic,2
Elif Aslan,4
Maxim Zhumabek,3
Alibek Kaya,1
Bekzat Alpysbay,1
Aigul Turgenev,2
Islam Rakhimov,2
Kirill Kassym,1
Murat Esenov,3
Sergey Akhmetov,1
Ainur Kurmanov,5
Zeynep Kilic,1
Kairat Temirov,2
Ersultan Omarov,3
Tolga Novikov,2
Daria Yerzhanov,3
Zhanna Sadykov,2
Saltanat Cetin,2
Aigul Ermek,2
Polina Bekov,4
Nikita Cetin,2
Serik Rakhimov,1
Balzhan Shakenov,3
Asel Volkov,4
Roman Alpysbay,3
Oleg Shakenov,2
Daria Orazov,1
Daria Makhmud,2
Vadim Demir,1
Kairat Ermek,3
Sanzhar Omarov,3
Denis Kaya,5
Laura Celik,3
Zhanel Tashkenov,2
Baris Celik,4
Sofia Bolat,4
Sergey Cetin,1
Sergey Ibrayev,1
Ksenia Turgenev,2
Zhanna Daulet,3
Anton Esenov,1
Aruzhan Kassym,1
Ece Celik,2
Adil Yilmaz,1
Zhanna Jumabek,4
Aliya Petrov,1
Temirlan Assanov,3
Aruzhan Abenov,3
Kamila Kaya,2
Vera Akhmetov,4
Talgat Gabdullin,3
Ainur Temirov,3
Rauan Sahin,3
Anel Daulet,1
Zhandos Dauletov,3
Saltanat Ermek,2
Artem Kaliyev,1
Nazerke Kurt,5
Gulnaz Kaya,2
Nazerke Yerzhanov,3
Dias Omarov,3
Serik Tashkenov,4
Layla Tleubek,1
Zhanar Tleubek,1
Elif Dogan,3
Nazerke Tashkenov,3
Akbota Kurmanov,2
Olzhas Kaya,3
Zhansaya Mukanov,1
Temirlan Rakhimov,3
Anna Kaya,1
Polina Zhunusov,3
Ilyas Temirov,2
Aizhan Yilmaz,4
Damir Karimov,3
Derya Kassym,5
Ainur Zhaksylyk,1
Zhuldyz Ozturk,2
Derya Ozturk,5
Laura Iskakov,3
Alibek Karimov,2
Yerlan Temirov,1
Sanzhar Zhunusov,1
Elif Kilic,1
Adil Ermek,1
Miras Kurt,1
Emre Abenov,1
Sofia Esenov,3
Aigerim Iskakov,4
Tolga Petrov,2
Zhansaya Iskakov,1
Timur Serikbay,5
Asel Cetin,4
Sultan Shakenov,1
Karina Aliyev,2
Symbat Akhmetov,4
Sultan Kassym,4
Balzhan Dogan,5
Vadim Kassym,4
Vadim Novikov,4
Omar Ermek,4
Ece Fedorov,4
Rauan Morozov,3
Nurlybek Ozturk,5
Ekaterina Jumabek,2
Adil Mikhailov,2
Maria Orazov,2
Yernar Karimov,1
Aizhan Kaliyev,2
Marat Mikhailov,3
Ece Ibrayev,1
Miras Konysbay,2
Nurzhan Lebedev,3
Elena Demir,2
Vlad Zhunusov,2
Oleg Ermek,2
Sergey Turgenev,5
Kerem Sahin,1
Vlad Musin,1
Vlad Volkov,2
Sultan Dogan,3
Tomiris Zhunusov,2
Ksenia Kaya,3
Temirlan Popov,1
Temirlan Shakenov,3
Kuanysh Morozov,1
Elena Rakhimov,1
Balzhan Cetin,1
Dana Aslan,3
Vlad Mikhailov,3
Rauan Aslan,3
Serik Mukanov,4
Polina Sahin,1
Gulnaz Karimov,1
Arman Kaliyev,2
Elif Volkov,3
Ekaterina Cetin,3
Zarina Yerzhanov,3
Ekaterina Zhumabek,3
Ainur Dauletov,3
Zeynep Iskakov,3
Artem Baitursyn,3
Aigerim Kuznetsov,5
Kamila Lebedev,2
Balzhan Kara,1
Kamila Sagyndyk,2
Alisa Kuznetsov,4
Nurlan Musin,1
Ece Cetin,4
Sabina Ozturk,2
Balzhan Daulet,1
Bekzat Yerzhanov,4
Artem Tashkenov,1
Kairat Koc,4
Vera Alpysbay,2
Azamat Sadykov,4
Selin Cetin,5
Kairat Kassym,1
Igor Akhmetov,4
Zeynep Cetin,4
Zhansaya Ibrayev,4
Nazerke Orazov,2
Yerbol Gabdullin,5
Azamat Akhmetov,3
Marat Ozturk,4
Zhandos Nurgaliyev,1
Symbat Alpysbay,1
Askar Bolat,2
Asel Assanov,4
Hasan Sadykov,3
Timur Makhmud,1
Sergey Arslan,3
Tolga Dauletov,3
Aruzhan Zhumabek,4
Kerem Assanov,4
Milana Ozturk,2
Dana Yilmaz,1
Irina Aliyev,2
Vlad Kuznetsov,2
Serik Jumabek,3
Sanzhar Daulet,3
Roman Sadykov,5
Yerlan Tleubek,1
Aknur Koc,4
Kirill Assanov,2
Amir Konysbay,3
Gaukhar Omarov,2
Sabina Ivanov,1
Layla Arslan,2
Daniyar Baiseitov,2
Alibek Smirnov,3
Aisha Fedorov,3
Zhansaya Morozov,4
Aliya Aliyev,1
Anna Iskakov,5
Milana Tashkenov,1
Elnur Kaya,3
Ainur Iskakov,3
Alibek Tashkenov,2
Nikita Akhmetov,3
Yulia Serikbay,1
Layla Kilic,4
Anna Orazov,3
Ilyas Kara,1
Murat Baiseitov,2
Marat Kaya,3
Miras Konysbay,3
Saltanat Ualiyev,4
Alisa Abenov,4
Maria Turgenev,2
Dmitry Aslan,1
Roman Ozturk,5
Yerlan Yilmaz,1
Temirlan Konysbay,1
Vlad Mikhailov,4
Aizhan Abenov,2
Daniyar Smirnov,5
Yerlan Ibrayev,2
Tolga Sagyndyk,1
Dias Sahin,2
Anel Aliyev,2
Anna Abenov,3
Elnur Sokolov,3
Dana Karimov,2
Irina Petrov,2
Ilyas Jumabek,5
Rasul Sahin,3
Talgat Zhunusov,1
Nur Sagyndyk,2
Nurzhan Zhunusov,3
Zhanna Baiseitov,2
Ilyas Lebedev,2
Temirlan Rakhimov,1
Ilyas Shakenov,4
Asel Volkov,1
Ilyas Zhunusov,5
Ece Kaliyev,3
Elif Zhaksylyk,1
Zhuldyz Alpysbay,2
Daria Tleubek,1
Selin Temirov,1
Yerlan Musin,1
Zarina Turgenev,1
Maria Ibrayev,2
Ksenia Kuznetsov,5
Maria Tashkenov,1
Sanzhar Petrov,3
Aisha Sagyndyk,1
Layla Ermek,4
Nurzhan Daulet,4
Akbota Ibrayev,1
Karina Mukanov,2
Marat Yerzhanov,1
Timur Morozov,3
Nurzhan Baiseitov,4
Miras Alpysbay,2
Anton Shakenov,3
Kairat Novikov,4
Yernar Alpysbay,1
Azamat Kaliyev,4
Karina Sokolov,3
Vadim Akhmetov,5
Artem Lebedev,5
Dias Akhmetov,3
Aigul Celik,2
Artem Abdirov,2
Emre Zhunusov,2
Arman Konysbay,5
Kirill Gabdullin,2
Daniyar Ivanov,2
Zhuldyz Tleubek,2
Yerlan Ivanov,4
Irina Amangeldy,2
Zeynep Karimov,3
Zhansaya Tleubek,2
Ilyas Demir,4
Zeynep Jumabek,2
Irina Bekov,2
Zhanar Yerzhanov,1
Nazerke Orazov,3
Talgat Kara,1
Elena Akhmetov,1
Madina Kilic,2
Miras Lebedev,2
Baris Smirnov,3
Elena Iskakov,4
Polina Petrov,2
Tatiana Demir,4
Laura Kassym,1
Milana Temirov,3
